"candidate_id","person_concept_id","person_feature","scene_domain_id","scene_domain","stage_id","stage","trigger_id","trigger","need_id","need_content","need_shape_hint","mechanism_hint","topic_question_stub","generation_method","review_status"
"CC-00001","PF-A01","外在吸引","SC-S2-08","社交/朋友/个人空间","SC-S1-01","认识/相亲","SC-S3-09","社交/边界事件","NF-N1-01","吸引/欲望","Gate / person-specific","N3-06/N3-10","当「外在吸引」进入「认识/相亲」的「社交/朋友/个人空间」，遇到「社交/边界事件」时，对重视「吸引/欲望」的人意味着什么？","generated_by_constrained_mapping","unreviewed"
"CC-00002","PF-A01","外在吸引","SC-S2-08","社交/朋友/个人空间","SC-S1-01","认识/相亲","SC-S3-09","社交/边界事件","NF-N1-02","陪伴/连接/归属","Ideal range / conditional","N3-01/N3-05","当「外在吸引」进入「认识/相亲」的「社交/朋友/个人空间」，遇到「社交/边界事件」时，对重视「陪伴/连接/归属」的人意味着什么？","generated_by_constrained_mapping","unreviewed"
"CC-00003","PF-A01","外在吸引","SC-S2-08","社交/朋友/个人空间","SC-S1-01","认识/相亲","SC-S3-09","社交/边界事件","NF-N1-10","性/身体亲密","Gate / fit","N3-10","当「外在吸引」进入「认识/相亲」的「社交/朋友/个人空间」，遇到「社交/边界事件」时，对重视「性/身体亲密」的人意味着什么？","generated_by_constrained_mapping","unreviewed"
"CC-00004","PF-A01","外在吸引","SC-S2-08","社交/朋友/个人空间","SC-S1-01","认识/相亲","SC-S3-10","反复小问题累积","NF-N1-01","吸引/欲望","Gate / person-specific","N3-06/N3-10","当「外在吸引」进入「认识/相亲」的「社交/朋友/个人空间」，遇到「反复小问题累积」时，对重视「吸引/欲望」的人意味着什么？","generated_by_constrained_mapping","unreviewed"
"CC-00005","PF-A01","外在吸引","SC-S2-08","社交/朋友/个人空间","SC-S1-01","认识/相亲","SC-S3-10","反复小问题累积","NF-N1-02","陪伴/连接/归属","Ideal range / conditional","N3-01/N3-05","当「外在吸引」进入「认识/相亲」的「社交/朋友/个人空间」，遇到「反复小问题累积」时，对重视「陪伴/连接/归属」的人意味着什么？","generated_by_constrained_mapping","unreviewed"
"CC-00006","PF-A01","外在吸引","SC-S2-08","社交/朋友/个人空间","SC-S1-01","认识/相亲","SC-S3-10","反复小问题累积","NF-N1-10","性/身体亲密","Gate / fit","N3-10","当「外在吸引」进入「认识/相亲」的「社交/朋友/个人空间」，遇到「反复小问题累积」时，对重视「性/身体亲密」的人意味着什么？","generated_by_constrained_mapping","unreviewed"
"CC-00007","PF-A01","外在吸引","SC-S2-08","社交/朋友/个人空间","SC-S1-03","稳定交往","SC-S3-09","社交/边界事件","NF-N1-01","吸引/欲望","Gate / person-specific","N3-06/N3-10","当「外在吸引」进入「稳定交往」的「社交/朋友/个人空间」，遇到「社交/边界事件」时，对重视「吸引/欲望」的人意味着什么？","generated_by_constrained_mapping","unreviewed"
"CC-00008","PF-A01","外在吸引","SC-S2-08","社交/朋友/个人空间","SC-S1-03","稳定交往","SC-S3-09","社交/边界事件","NF-N1-02","陪伴/连接/归属","Ideal range / conditional","N3-01/N3-05","当「外在吸引」进入「稳定交往」的「社交/朋友/个人空间」，遇到「社交/边界事件」时，对重视「陪伴/连接/归属」的人意味着什么？","generated_by_constrained_mapping","unreviewed"
"CC-00009","PF-A01","外在吸引","SC-S2-08","社交/朋友/个人空间","SC-S1-03","稳定交往","SC-S3-09","社交/边界事件","NF-N1-10","性/身体亲密","Gate / fit","N3-10","当「外在吸引」进入「稳定交往」的「社交/朋友/个人空间」，遇到「社交/边界事件」时，对重视「性/身体亲密」的人意味着什么？","generated_by_constrained_mapping","unreviewed"
"CC-00010","PF-A01","外在吸引","SC-S2-08","社交/朋友/个人空间","SC-S1-03","稳定交往","SC-S3-10","反复小问题累积","NF-N1-01","吸引/欲望","Gate / person-specific","N3-06/N3-10","当「外在吸引」进入「稳定交往」的「社交/朋友/个人空间」，遇到「反复小问题累积」时，对重视「吸引/欲望」的人意味着什么？","generated_by_constrained_mapping","unreviewed"
"CC-00011","PF-A01","外在吸引","SC-S2-08","社交/朋友/个人空间","SC-S1-03","稳定交往","SC-S3-10","反复小问题累积","NF-N1-02","陪伴/连接/归属","Ideal range / conditional","N3-01/N3-05","当「外在吸引」进入「稳定交往」的「社交/朋友/个人空间」，遇到「反复小问题累积」时，对重视「陪伴/连接/归属」的人意味着什么？","generated_by_constrained_mapping","unreviewed"
"CC-00012","PF-A01","外在吸引","SC-S2-08","社交/朋友/个人空间","SC-S1-03","稳定交往","SC-S3-10","反复小问题累积","NF-N1-10","性/身体亲密","Gate / fit","N3-10","当「外在吸引」进入「稳定交往」的「社交/朋友/个人空间」，遇到「反复小问题累积」时，对重视「性/身体亲密」的人意味着什么？","generated_by_constrained_mapping","unreviewed"
"CC-00013","PF-A01","外在吸引","SC-S2-08","社交/朋友/个人空间","SC-S1-05","结婚/建立家庭","SC-S3-09","社交/边界事件","NF-N1-01","吸引/欲望","Gate / person-specific","N3-06/N3-10","当「外在吸引」进入「结婚/建立家庭」的「社交/朋友/个人空间」，遇到「社交/边界事件」时，对重视「吸引/欲望」的人意味着什么？","generated_by_constrained_mapping","unreviewed"
"CC-00014","PF-A01","外在吸引","SC-S2-08","社交/朋友/个人空间","SC-S1-05","结婚/建立家庭","SC-S3-09","社交/边界事件","NF-N1-02","陪伴/连接/归属","Ideal range / conditional","N3-01/N3-05","当「外在吸引」进入「结婚/建立家庭」的「社交/朋友/个人空间」，遇到「社交/边界事件」时，对重视「陪伴/连接/归属」的人意味着什么？","generated_by_constrained_mapping","unreviewed"
"CC-00015","PF-A01","外在吸引","SC-S2-08","社交/朋友/个人空间","SC-S1-05","结婚/建立家庭","SC-S3-09","社交/边界事件","NF-N1-10","性/身体亲密","Gate / fit","N3-10","当「外在吸引」进入「结婚/建立家庭」的「社交/朋友/个人空间」，遇到「社交/边界事件」时，对重视「性/身体亲密」的人意味着什么？","generated_by_constrained_mapping","unreviewed"
"CC-00016","PF-A01","外在吸引","SC-S2-08","社交/朋友/个人空间","SC-S1-05","结婚/建立家庭","SC-S3-10","反复小问题累积","NF-N1-01","吸引/欲望","Gate / person-specific","N3-06/N3-10","当「外在吸引」进入「结婚/建立家庭」的「社交/朋友/个人空间」，遇到「反复小问题累积」时，对重视「吸引/欲望」的人意味着什么？","generated_by_constrained_mapping","unreviewed"
"CC-00017","PF-A01","外在吸引","SC-S2-08","社交/朋友/个人空间","SC-S1-05","结婚/建立家庭","SC-S3-10","反复小问题累积","NF-N1-02","陪伴/连接/归属","Ideal range / conditional","N3-01/N3-05","当「外在吸引」进入「结婚/建立家庭」的「社交/朋友/个人空间」，遇到「反复小问题累积」时，对重视「陪伴/连接/归属」的人意味着什么？","generated_by_constrained_mapping","unreviewed"
"CC-00018","PF-A01","外在吸引","SC-S2-08","社交/朋友/个人空间","SC-S1-05","结婚/建立家庭","SC-S3-10","反复小问题累积","NF-N1-10","性/身体亲密","Gate / fit","N3-10","当「外在吸引」进入「结婚/建立家庭」的「社交/朋友/个人空间」，遇到「反复小问题累积」时，对重视「性/身体亲密」的人意味着什么？","generated_by_constrained_mapping","unreviewed"
"CC-00019","PF-A01","外在吸引","SC-S2-09","兴趣/休闲/旅行","SC-S1-01","认识/相亲","SC-S3-01","工作时间突变","NF-N1-01","吸引/欲望","Gate / person-specific","N3-06/N3-10","当「外在吸引」进入「认识/相亲」的「兴趣/休闲/旅行」，遇到「工作时间突变」时，对重视「吸引/欲望」的人意味着什么？","generated_by_constrained_mapping","unreviewed"
"CC-00020","PF-A01","外在吸引","SC-S2-09","兴趣/休闲/旅行","SC-S1-01","认识/相亲","SC-S3-01","工作时间突变","NF-N1-02","陪伴/连接/归属","Ideal range / conditional","N3-01/N3-05","当「外在吸引」进入「认识/相亲」的「兴趣/休闲/旅行」，遇到「工作时间突变」时，对重视「陪伴/连接/归属」的人意味着什么？","generated_by_constrained_mapping","unreviewed"
"CC-00021","PF-A01","外在吸引","SC-S2-09","兴趣/休闲/旅行","SC-S1-01","认识/相亲","SC-S3-01","工作时间突变","NF-N1-10","性/身体亲密","Gate / fit","N3-10","当「外在吸引」进入「认识/相亲」的「兴趣/休闲/旅行」，遇到「工作时间突变」时，对重视「性/身体亲密」的人意味着什么？","generated_by_constrained_mapping","unreviewed"
"CC-00022","PF-A01","外在吸引","SC-S2-09","兴趣/休闲/旅行","SC-S1-01","认识/相亲","SC-S3-10","反复小问题累积","NF-N1-01","吸引/欲望","Gate / person-specific","N3-06/N3-10","当「外在吸引」进入「认识/相亲」的「兴趣/休闲/旅行」，遇到「反复小问题累积」时，对重视「吸引/欲望」的人意味着什么？","generated_by_constrained_mapping","unreviewed"
"CC-00023","PF-A01","外在吸引","SC-S2-09","兴趣/休闲/旅行","SC-S1-01","认识/相亲","SC-S3-10","反复小问题累积","NF-N1-02","陪伴/连接/归属","Ideal range / conditional","N3-01/N3-05","当「外在吸引」进入「认识/相亲」的「兴趣/休闲/旅行」，遇到「反复小问题累积」时，对重视「陪伴/连接/归属」的人意味着什么？","generated_by_constrained_mapping","unreviewed"
"CC-00024","PF-A01","外在吸引","SC-S2-09","兴趣/休闲/旅行","SC-S1-01","认识/相亲","SC-S3-10","反复小问题累积","NF-N1-10","性/身体亲密","Gate / fit","N3-10","当「外在吸引」进入「认识/相亲」的「兴趣/休闲/旅行」，遇到「反复小问题累积」时，对重视「性/身体亲密」的人意味着什么？","generated_by_constrained_mapping","unreviewed"
"CC-00025","PF-A01","外在吸引","SC-S2-09","兴趣/休闲/旅行","SC-S1-03","稳定交往","SC-S3-01","工作时间突变","NF-N1-01","吸引/欲望","Gate / person-specific","N3-06/N3-10","当「外在吸引」进入「稳定交往」的「兴趣/休闲/旅行」，遇到「工作时间突变」时，对重视「吸引/欲望」的人意味着什么？","generated_by_constrained_mapping","unreviewed"
"CC-00026","PF-A01","外在吸引","SC-S2-09","兴趣/休闲/旅行","SC-S1-03","稳定交往","SC-S3-01","工作时间突变","NF-N1-02","陪伴/连接/归属","Ideal range / conditional","N3-01/N3-05","当「外在吸引」进入「稳定交往」的「兴趣/休闲/旅行」，遇到「工作时间突变」时，对重视「陪伴/连接/归属」的人意味着什么？","generated_by_constrained_mapping","unreviewed"
"CC-00027","PF-A01","外在吸引","SC-S2-09","兴趣/休闲/旅行","SC-S1-03","稳定交往","SC-S3-01","工作时间突变","NF-N1-10","性/身体亲密","Gate / fit","N3-10","当「外在吸引」进入「稳定交往」的「兴趣/休闲/旅行」，遇到「工作时间突变」时，对重视「性/身体亲密」的人意味着什么？","generated_by_constrained_mapping","unreviewed"
"CC-00028","PF-A01","外在吸引","SC-S2-09","兴趣/休闲/旅行","SC-S1-03","稳定交往","SC-S3-10","反复小问题累积","NF-N1-01","吸引/欲望","Gate / person-specific","N3-06/N3-10","当「外在吸引」进入「稳定交往」的「兴趣/休闲/旅行」，遇到「反复小问题累积」时，对重视「吸引/欲望」的人意味着什么？","generated_by_constrained_mapping","unreviewed"
"CC-00029","PF-A01","外在吸引","SC-S2-09","兴趣/休闲/旅行","SC-S1-03","稳定交往","SC-S3-10","反复小问题累积","NF-N1-02","陪伴/连接/归属","Ideal range / conditional","N3-01/N3-05","当「外在吸引」进入「稳定交往」的「兴趣/休闲/旅行」，遇到「反复小问题累积」时，对重视「陪伴/连接/归属」的人意味着什么？","generated_by_constrained_mapping","unreviewed"
"CC-00030","PF-A01","外在吸引","SC-S2-09","兴趣/休闲/旅行","SC-S1-03","稳定交往","SC-S3-10","反复小问题累积","NF-N1-10","性/身体亲密","Gate / fit","N3-10","当「外在吸引」进入「稳定交往」的「兴趣/休闲/旅行」，遇到「反复小问题累积」时，对重视「性/身体亲密」的人意味着什么？","generated_by_constrained_mapping","unreviewed"
"CC-00031","PF-A01","外在吸引","SC-S2-09","兴趣/休闲/旅行","SC-S1-07","婴幼儿照护","SC-S3-01","工作时间突变","NF-N1-01","吸引/欲望","Gate / person-specific","N3-06/N3-10","当「外在吸引」进入「婴幼儿照护」的「兴趣/休闲/旅行」，遇到「工作时间突变」时，对重视「吸引/欲望」的人意味着什么？","generated_by_constrained_mapping","unreviewed"
"CC-00032","PF-A01","外在吸引","SC-S2-09","兴趣/休闲/旅行","SC-S1-07","婴幼儿照护","SC-S3-01","工作时间突变","NF-N1-02","陪伴/连接/归属","Ideal range / conditional","N3-01/N3-05","当「外在吸引」进入「婴幼儿照护」的「兴趣/休闲/旅行」，遇到「工作时间突变」时，对重视「陪伴/连接/归属」的人意味着什么？","generated_by_constrained_mapping","unreviewed"
"CC-00033","PF-A01","外在吸引","SC-S2-09","兴趣/休闲/旅行","SC-S1-07","婴幼儿照护","SC-S3-01","工作时间突变","NF-N1-10","性/身体亲密","Gate / fit","N3-10","当「外在吸引」进入「婴幼儿照护」的「兴趣/休闲/旅行」，遇到「工作时间突变」时，对重视「性/身体亲密」的人意味着什么？","generated_by_constrained_mapping","unreviewed"
"CC-00034","PF-A01","外在吸引","SC-S2-09","兴趣/休闲/旅行","SC-S1-07","婴幼儿照护","SC-S3-10","反复小问题累积","NF-N1-01","吸引/欲望","Gate / person-specific","N3-06/N3-10","当「外在吸引」进入「婴幼儿照护」的「兴趣/休闲/旅行」，遇到「反复小问题累积」时，对重视「吸引/欲望」的人意味着什么？","generated_by_constrained_mapping","unreviewed"
"CC-00035","PF-A01","外在吸引","SC-S2-09","兴趣/休闲/旅行","SC-S1-07","婴幼儿照护","SC-S3-10","反复小问题累积","NF-N1-02","陪伴/连接/归属","Ideal range / conditional","N3-01/N3-05","当「外在吸引」进入「婴幼儿照护」的「兴趣/休闲/旅行」，遇到「反复小问题累积」时，对重视「陪伴/连接/归属」的人意味着什么？","generated_by_constrained_mapping","unreviewed"
"CC-00036","PF-A01","外在吸引","SC-S2-09","兴趣/休闲/旅行","SC-S1-07","婴幼儿照护","SC-S3-10","反复小问题累积","NF-N1-10","性/身体亲密","Gate / fit","N3-10","当「外在吸引」进入「婴幼儿照护」的「兴趣/休闲/旅行」，遇到「反复小问题累积」时，对重视「性/身体亲密」的人意味着什么？","generated_by_constrained_mapping","unreviewed"
"CC-00037","PF-A01","外在吸引","SC-S2-10","性/身体亲密","SC-S1-02","恋爱/磨合","SC-S3-08","本人健康变化","NF-N1-01","吸引/欲望","Gate / person-specific","N3-06/N3-10","当「外在吸引」进入「恋爱/磨合」的「性/身体亲密」，遇到「本人健康变化」时，对重视「吸引/欲望」的人意味着什么？","generated_by_constrained_mapping","unreviewed"
"CC-00038","PF-A01","外在吸引","SC-S2-10","性/身体亲密","SC-S1-02","恋爱/磨合","SC-S3-08","本人健康变化","NF-N1-02","陪伴/连接/归属","Ideal range / conditional","N3-01/N3-05","当「外在吸引」进入「恋爱/磨合」的「性/身体亲密」，遇到「本人健康变化」时，对重视「陪伴/连接/归属」的人意味着什么？","generated_by_constrained_mapping","unreviewed"
"CC-00039","PF-A01","外在吸引","SC-S2-10","性/身体亲密","SC-S1-02","恋爱/磨合","SC-S3-08","本人健康变化","NF-N1-10","性/身体亲密","Gate / fit","N3-10","当「外在吸引」进入「恋爱/磨合」的「性/身体亲密」，遇到「本人健康变化」时，对重视「性/身体亲密」的人意味着什么？","generated_by_constrained_mapping","unreviewed"
"CC-00040","PF-A01","外在吸引","SC-S2-10","性/身体亲密","SC-S1-02","恋爱/磨合","SC-S3-10","反复小问题累积","NF-N1-01","吸引/欲望","Gate / person-specific","N3-06/N3-10","当「外在吸引」进入「恋爱/磨合」的「性/身体亲密」，遇到「反复小问题累积」时，对重视「吸引/欲望」的人意味着什么？","generated_by_constrained_mapping","unreviewed"
"CC-00041","PF-A01","外在吸引","SC-S2-10","性/身体亲密","SC-S1-02","恋爱/磨合","SC-S3-10","反复小问题累积","NF-N1-02","陪伴/连接/归属","Ideal range / conditional","N3-01/N3-05","当「外在吸引」进入「恋爱/磨合」的「性/身体亲密」，遇到「反复小问题累积」时，对重视「陪伴/连接/归属」的人意味着什么？","generated_by_constrained_mapping","unreviewed"
"CC-00042","PF-A01","外在吸引","SC-S2-10","性/身体亲密","SC-S1-02","恋爱/磨合","SC-S3-10","反复小问题累积","NF-N1-10","性/身体亲密","Gate / fit","N3-10","当「外在吸引」进入「恋爱/磨合」的「性/身体亲密」，遇到「反复小问题累积」时，对重视「性/身体亲密」的人意味着什么？","generated_by_constrained_mapping","unreviewed"
"CC-00043","PF-A01","外在吸引","SC-S2-10","性/身体亲密","SC-S1-05","结婚/建立家庭","SC-S3-08","本人健康变化","NF-N1-01","吸引/欲望","Gate / person-specific","N3-06/N3-10","当「外在吸引」进入「结婚/建立家庭」的「性/身体亲密」，遇到「本人健康变化」时，对重视「吸引/欲望」的人意味着什么？","generated_by_constrained_mapping","unreviewed"
"CC-00044","PF-A01","外在吸引","SC-S2-10","性/身体亲密","SC-S1-05","结婚/建立家庭","SC-S3-08","本人健康变化","NF-N1-02","陪伴/连接/归属","Ideal range / conditional","N3-01/N3-05","当「外在吸引」进入「结婚/建立家庭」的「性/身体亲密」，遇到「本人健康变化」时，对重视「陪伴/连接/归属」的人意味着什么？","generated_by_constrained_mapping","unreviewed"
"CC-00045","PF-A01","外在吸引","SC-S2-10","性/身体亲密","SC-S1-05","结婚/建立家庭","SC-S3-08","本人健康变化","NF-N1-10","性/身体亲密","Gate / fit","N3-10","当「外在吸引」进入「结婚/建立家庭」的「性/身体亲密」，遇到「本人健康变化」时，对重视「性/身体亲密」的人意味着什么？","generated_by_constrained_mapping","unreviewed"
"CC-00046","PF-A01","外在吸引","SC-S2-10","性/身体亲密","SC-S1-05","结婚/建立家庭","SC-S3-10","反复小问题累积","NF-N1-01","吸引/欲望","Gate / person-specific","N3-06/N3-10","当「外在吸引」进入「结婚/建立家庭」的「性/身体亲密」，遇到「反复小问题累积」时，对重视「吸引/欲望」的人意味着什么？","generated_by_constrained_mapping","unreviewed"
"CC-00047","PF-A01","外在吸引","SC-S2-10","性/身体亲密","SC-S1-05","结婚/建立家庭","SC-S3-10","反复小问题累积","NF-N1-02","陪伴/连接/归属","Ideal range / conditional","N3-01/N3-05","当「外在吸引」进入「结婚/建立家庭」的「性/身体亲密」，遇到「反复小问题累积」时，对重视「陪伴/连接/归属」的人意味着什么？","generated_by_constrained_mapping","unreviewed"
"CC-00048","PF-A01","外在吸引","SC-S2-10","性/身体亲密","SC-S1-05","结婚/建立家庭","SC-S3-10","反复小问题累积","NF-N1-10","性/身体亲密","Gate / fit","N3-10","当「外在吸引」进入「结婚/建立家庭」的「性/身体亲密」，遇到「反复小问题累积」时，对重视「性/身体亲密」的人意味着什么？","generated_by_constrained_mapping","unreviewed"
"CC-00049","PF-A01","外在吸引","SC-S2-10","性/身体亲密","SC-S1-07","婴幼儿照护","SC-S3-08","本人健康变化","NF-N1-01","吸引/欲望","Gate / person-specific","N3-06/N3-10","当「外在吸引」进入「婴幼儿照护」的「性/身体亲密」，遇到「本人健康变化」时，对重视「吸引/欲望」的人意味着什么？","generated_by_constrained_mapping","unreviewed"
"CC-00050","PF-A01","外在吸引","SC-S2-10","性/身体亲密","SC-S1-07","婴幼儿照护","SC-S3-08","本人健康变化","NF-N1-02","陪伴/连接/归属","Ideal range / conditional","N3-01/N3-05","当「外在吸引」进入「婴幼儿照护」的「性/身体亲密」，遇到「本人健康变化」时，对重视「陪伴/连接/归属」的人意味着什么？","generated_by_constrained_mapping","unreviewed"
"CC-00051","PF-A01","外在吸引","SC-S2-10","性/身体亲密","SC-S1-07","婴幼儿照护","SC-S3-08","本人健康变化","NF-N1-10","性/身体亲密","Gate / fit","N3-10","当「外在吸引」进入「婴幼儿照护」的「性/身体亲密」，遇到「本人健康变化」时，对重视「性/身体亲密」的人意味着什么？","generated_by_constrained_mapping","unreviewed"
"CC-00052","PF-A01","外在吸引","SC-S2-10","性/身体亲密","SC-S1-07","婴幼儿照护","SC-S3-10","反复小问题累积","NF-N1-01","吸引/欲望","Gate / person-specific","N3-06/N3-10","当「外在吸引」进入「婴幼儿照护」的「性/身体亲密」，遇到「反复小问题累积」时，对重视「吸引/欲望」的人意味着什么？","generated_by_constrained_mapping","unreviewed"
"CC-00053","PF-A01","外在吸引","SC-S2-10","性/身体亲密","SC-S1-07","婴幼儿照护","SC-S3-10","反复小问题累积","NF-N1-02","陪伴/连接/归属","Ideal range / conditional","N3-01/N3-05","当「外在吸引」进入「婴幼儿照护」的「性/身体亲密」，遇到「反复小问题累积」时，对重视「陪伴/连接/归属」的人意味着什么？","generated_by_constrained_mapping","unreviewed"
"CC-00054","PF-A01","外在吸引","SC-S2-10","性/身体亲密","SC-S1-07","婴幼儿照护","SC-S3-10","反复小问题累积","NF-N1-10","性/身体亲密","Gate / fit","N3-10","当「外在吸引」进入「婴幼儿照护」的「性/身体亲密」，遇到「反复小问题累积」时，对重视「性/身体亲密」的人意味着什么？","generated_by_constrained_mapping","unreviewed"
"CC-00055","PF-A04","教育与文化资本","SC-S2-02","工作/事业/学习","SC-S1-02","恋爱/磨合","SC-S3-01","工作时间突变","NF-N1-08","成长/能力/目标支持","Fit / trade-off","N3-09","当「教育与文化资本」进入「恋爱/磨合」的「工作/事业/学习」，遇到「工作时间突变」时，对重视「成长/能力/目标支持」的人意味着什么？","generated_by_constrained_mapping","unreviewed"
"CC-00056","PF-A04","教育与文化资本","SC-S2-02","工作/事业/学习","SC-S1-02","恋爱/磨合","SC-S3-01","工作时间突变","NF-N1-12","价值/人生方向/未来一致性","Gate / fit","N3-06/N3-07","当「教育与文化资本」进入「恋爱/磨合」的「工作/事业/学习」，遇到「工作时间突变」时，对重视「价值/人生方向/未来一致性」的人意味着什么？","generated_by_constrained_mapping","unreviewed"
"CC-00057","PF-A04","教育与文化资本","SC-S2-02","工作/事业/学习","SC-S1-02","恋爱/磨合","SC-S3-01","工作时间突变","NF-N1-09","活力/新鲜感/有趣/共同体验","Ideal range","N3-05/N3-06","当「教育与文化资本」进入「恋爱/磨合」的「工作/事业/学习」，遇到「工作时间突变」时，对重视「活力/新鲜感/有趣/共同体验」的人意味着什么？","generated_by_constrained_mapping","unreviewed"
"CC-00058","PF-A04","教育与文化资本","SC-S2-02","工作/事业/学习","SC-S1-02","恋爱/磨合","SC-S3-02","事业机会/职业转折","NF-N1-08","成长/能力/目标支持","Fit / trade-off","N3-09","当「教育与文化资本」进入「恋爱/磨合」的「工作/事业/学习」，遇到「事业机会/职业转折」时，对重视「成长/能力/目标支持」的人意味着什么？","generated_by_constrained_mapping","unreviewed"
"CC-00059","PF-A04","教育与文化资本","SC-S2-02","工作/事业/学习","SC-S1-02","恋爱/磨合","SC-S3-02","事业机会/职业转折","NF-N1-12","价值/人生方向/未来一致性","Gate / fit","N3-06/N3-07","当「教育与文化资本」进入「恋爱/磨合」的「工作/事业/学习」，遇到「事业机会/职业转折」时，对重视「价值/人生方向/未来一致性」的人意味着什么？","generated_by_constrained_mapping","unreviewed"
"CC-00060","PF-A04","教育与文化资本","SC-S2-02","工作/事业/学习","SC-S1-02","恋爱/磨合","SC-S3-02","事业机会/职业转折","NF-N1-09","活力/新鲜感/有趣/共同体验","Ideal range","N3-05/N3-06","当「教育与文化资本」进入「恋爱/磨合」的「工作/事业/学习」，遇到「事业机会/职业转折」时，对重视「活力/新鲜感/有趣/共同体验」的人意味着什么？","generated_by_constrained_mapping","unreviewed"
"CC-00061","PF-A04","教育与文化资本","SC-S2-02","工作/事业/学习","SC-S1-05","结婚/建立家庭","SC-S3-01","工作时间突变","NF-N1-08","成长/能力/目标支持","Fit / trade-off","N3-09","当「教育与文化资本」进入「结婚/建立家庭」的「工作/事业/学习」，遇到「工作时间突变」时，对重视「成长/能力/目标支持」的人意味着什么？","generated_by_constrained_mapping","unreviewed"
"CC-00062","PF-A04","教育与文化资本","SC-S2-02","工作/事业/学习","SC-S1-05","结婚/建立家庭","SC-S3-01","工作时间突变","NF-N1-12","价值/人生方向/未来一致性","Gate / fit","N3-06/N3-07","当「教育与文化资本」进入「结婚/建立家庭」的「工作/事业/学习」，遇到「工作时间突变」时，对重视「价值/人生方向/未来一致性」的人意味着什么？","generated_by_constrained_mapping","unreviewed"
"CC-00063","PF-A04","教育与文化资本","SC-S2-02","工作/事业/学习","SC-S1-05","结婚/建立家庭","SC-S3-01","工作时间突变","NF-N1-09","活力/新鲜感/有趣/共同体验","Ideal range","N3-05/N3-06","当「教育与文化资本」进入「结婚/建立家庭」的「工作/事业/学习」，遇到「工作时间突变」时，对重视「活力/新鲜感/有趣/共同体验」的人意味着什么？","generated_by_constrained_mapping","unreviewed"
"CC-00064","PF-A04","教育与文化资本","SC-S2-02","工作/事业/学习","SC-S1-05","结婚/建立家庭","SC-S3-02","事业机会/职业转折","NF-N1-08","成长/能力/目标支持","Fit / trade-off","N3-09","当「教育与文化资本」进入「结婚/建立家庭」的「工作/事业/学习」，遇到「事业机会/职业转折」时，对重视「成长/能力/目标支持」的人意味着什么？","generated_by_constrained_mapping","unreviewed"
"CC-00065","PF-A04","教育与文化资本","SC-S2-02","工作/事业/学习","SC-S1-05","结婚/建立家庭","SC-S3-02","事业机会/职业转折","NF-N1-12","价值/人生方向/未来一致性","Gate / fit","N3-06/N3-07","当「教育与文化资本」进入「结婚/建立家庭」的「工作/事业/学习」，遇到「事业机会/职业转折」时，对重视「价值/人生方向/未来一致性」的人意味着什么？","generated_by_constrained_mapping","unreviewed"
"CC-00066","PF-A04","教育与文化资本","SC-S2-02","工作/事业/学习","SC-S1-05","结婚/建立家庭","SC-S3-02","事业机会/职业转折","NF-N1-09","活力/新鲜感/有趣/共同体验","Ideal range","N3-05/N3-06","当「教育与文化资本」进入「结婚/建立家庭」的「工作/事业/学习」，遇到「事业机会/职业转折」时，对重视「活力/新鲜感/有趣/共同体验」的人意味着什么？","generated_by_constrained_mapping","unreviewed"
"CC-00067","PF-A04","教育与文化资本","SC-S2-02","工作/事业/学习","SC-S1-09","中年多重责任","SC-S3-01","工作时间突变","NF-N1-08","成长/能力/目标支持","Fit / trade-off","N3-09","当「教育与文化资本」进入「中年多重责任」的「工作/事业/学习」，遇到「工作时间突变」时，对重视「成长/能力/目标支持」的人意味着什么？","generated_by_constrained_mapping","unreviewed"
"CC-00068","PF-A04","教育与文化资本","SC-S2-02","工作/事业/学习","SC-S1-09","中年多重责任","SC-S3-01","工作时间突变","NF-N1-12","价值/人生方向/未来一致性","Gate / fit","N3-06/N3-07","当「教育与文化资本」进入「中年多重责任」的「工作/事业/学习」，遇到「工作时间突变」时，对重视「价值/人生方向/未来一致性」的人意味着什么？","generated_by_constrained_mapping","unreviewed"
"CC-00069","PF-A04","教育与文化资本","SC-S2-02","工作/事业/学习","SC-S1-09","中年多重责任","SC-S3-01","工作时间突变","NF-N1-09","活力/新鲜感/有趣/共同体验","Ideal range","N3-05/N3-06","当「教育与文化资本」进入「中年多重责任」的「工作/事业/学习」，遇到「工作时间突变」时，对重视「活力/新鲜感/有趣/共同体验」的人意味着什么？","generated_by_constrained_mapping","unreviewed"
"CC-00070","PF-A04","教育与文化资本","SC-S2-02","工作/事业/学习","SC-S1-09","中年多重责任","SC-S3-02","事业机会/职业转折","NF-N1-08","成长/能力/目标支持","Fit / trade-off","N3-09","当「教育与文化资本」进入「中年多重责任」的「工作/事业/学习」，遇到「事业机会/职业转折」时，对重视「成长/能力/目标支持」的人意味着什么？","generated_by_constrained_mapping","unreviewed"
"CC-00071","PF-A04","教育与文化资本","SC-S2-02","工作/事业/学习","SC-S1-09","中年多重责任","SC-S3-02","事业机会/职业转折","NF-N1-12","价值/人生方向/未来一致性","Gate / fit","N3-06/N3-07","当「教育与文化资本」进入「中年多重责任」的「工作/事业/学习」，遇到「事业机会/职业转折」时，对重视「价值/人生方向/未来一致性」的人意味着什么？","generated_by_constrained_mapping","unreviewed"
"CC-00072","PF-A04","教育与文化资本","SC-S2-02","工作/事业/学习","SC-S1-09","中年多重责任","SC-S3-02","事业机会/职业转折","NF-N1-09","活力/新鲜感/有趣/共同体验","Ideal range","N3-05/N3-06","当「教育与文化资本」进入「中年多重责任」的「工作/事业/学习」，遇到「事业机会/职业转折」时，对重视「活力/新鲜感/有趣/共同体验」的人意味着什么？","generated_by_constrained_mapping","unreviewed"
"CC-00073","PF-A04","教育与文化资本","SC-S2-12","价值/人生方向","SC-S1-01","认识/相亲","SC-S3-02","事业机会/职业转折","NF-N1-08","成长/能力/目标支持","Fit / trade-off","N3-09","当「教育与文化资本」进入「认识/相亲」的「价值/人生方向」，遇到「事业机会/职业转折」时，对重视「成长/能力/目标支持」的人意味着什么？","generated_by_constrained_mapping","unreviewed"
"CC-00074","PF-A04","教育与文化资本","SC-S2-12","价值/人生方向","SC-S1-01","认识/相亲","SC-S3-02","事业机会/职业转折","NF-N1-12","价值/人生方向/未来一致性","Gate / fit","N3-06/N3-07","当「教育与文化资本」进入「认识/相亲」的「价值/人生方向」，遇到「事业机会/职业转折」时，对重视「价值/人生方向/未来一致性」的人意味着什么？","generated_by_constrained_mapping","unreviewed"
"CC-00075","PF-A04","教育与文化资本","SC-S2-12","价值/人生方向","SC-S1-01","认识/相亲","SC-S3-02","事业机会/职业转折","NF-N1-09","活力/新鲜感/有趣/共同体验","Ideal range","N3-05/N3-06","当「教育与文化资本」进入「认识/相亲」的「价值/人生方向」，遇到「事业机会/职业转折」时，对重视「活力/新鲜感/有趣/共同体验」的人意味着什么？","generated_by_constrained_mapping","unreviewed"
"CC-00076","PF-A04","教育与文化资本","SC-S2-12","价值/人生方向","SC-S1-01","认识/相亲","SC-S3-06","生育/育儿转折","NF-N1-08","成长/能力/目标支持","Fit / trade-off","N3-09","当「教育与文化资本」进入「认识/相亲」的「价值/人生方向」，遇到「生育/育儿转折」时，对重视「成长/能力/目标支持」的人意味着什么？","generated_by_constrained_mapping","unreviewed"
"CC-00077","PF-A04","教育与文化资本","SC-S2-12","价值/人生方向","SC-S1-01","认识/相亲","SC-S3-06","生育/育儿转折","NF-N1-12","价值/人生方向/未来一致性","Gate / fit","N3-06/N3-07","当「教育与文化资本」进入「认识/相亲」的「价值/人生方向」，遇到「生育/育儿转折」时，对重视「价值/人生方向/未来一致性」的人意味着什么？","generated_by_constrained_mapping","unreviewed"
"CC-00078","PF-A04","教育与文化资本","SC-S2-12","价值/人生方向","SC-S1-01","认识/相亲","SC-S3-06","生育/育儿转折","NF-N1-09","活力/新鲜感/有趣/共同体验","Ideal range","N3-05/N3-06","当「教育与文化资本」进入「认识/相亲」的「价值/人生方向」，遇到「生育/育儿转折」时，对重视「活力/新鲜感/有趣/共同体验」的人意味着什么？","generated_by_constrained_mapping","unreviewed"
"CC-00079","PF-A04","教育与文化资本","SC-S2-12","价值/人生方向","SC-S1-05","结婚/建立家庭","SC-S3-02","事业机会/职业转折","NF-N1-08","成长/能力/目标支持","Fit / trade-off","N3-09","当「教育与文化资本」进入「结婚/建立家庭」的「价值/人生方向」，遇到「事业机会/职业转折」时，对重视「成长/能力/目标支持」的人意味着什么？","generated_by_constrained_mapping","unreviewed"
"CC-00080","PF-A04","教育与文化资本","SC-S2-12","价值/人生方向","SC-S1-05","结婚/建立家庭","SC-S3-02","事业机会/职业转折","NF-N1-12","价值/人生方向/未来一致性","Gate / fit","N3-06/N3-07","当「教育与文化资本」进入「结婚/建立家庭」的「价值/人生方向」，遇到「事业机会/职业转折」时，对重视「价值/人生方向/未来一致性」的人意味着什么？","generated_by_constrained_mapping","unreviewed"
"CC-00081","PF-A04","教育与文化资本","SC-S2-12","价值/人生方向","SC-S1-05","结婚/建立家庭","SC-S3-02","事业机会/职业转折","NF-N1-09","活力/新鲜感/有趣/共同体验","Ideal range","N3-05/N3-06","当「教育与文化资本」进入「结婚/建立家庭」的「价值/人生方向」，遇到「事业机会/职业转折」时，对重视「活力/新鲜感/有趣/共同体验」的人意味着什么？","generated_by_constrained_mapping","unreviewed"
"CC-00082","PF-A04","教育与文化资本","SC-S2-12","价值/人生方向","SC-S1-05","结婚/建立家庭","SC-S3-06","生育/育儿转折","NF-N1-08","成长/能力/目标支持","Fit / trade-off","N3-09","当「教育与文化资本」进入「结婚/建立家庭」的「价值/人生方向」，遇到「生育/育儿转折」时，对重视「成长/能力/目标支持」的人意味着什么？","generated_by_constrained_mapping","unreviewed"
"CC-00083","PF-A04","教育与文化资本","SC-S2-12","价值/人生方向","SC-S1-05","结婚/建立家庭","SC-S3-06","生育/育儿转折","NF-N1-12","价值/人生方向/未来一致性","Gate / fit","N3-06/N3-07","当「教育与文化资本」进入「结婚/建立家庭」的「价值/人生方向」，遇到「生育/育儿转折」时，对重视「价值/人生方向/未来一致性」的人意味着什么？","generated_by_constrained_mapping","unreviewed"
"CC-00084","PF-A04","教育与文化资本","SC-S2-12","价值/人生方向","SC-S1-05","结婚/建立家庭","SC-S3-06","生育/育儿转折","NF-N1-09","活力/新鲜感/有趣/共同体验","Ideal range","N3-05/N3-06","当「教育与文化资本」进入「结婚/建立家庭」的「价值/人生方向」，遇到「生育/育儿转折」时，对重视「活力/新鲜感/有趣/共同体验」的人意味着什么？","generated_by_constrained_mapping","unreviewed"
"CC-00085","PF-A04","教育与文化资本","SC-S2-12","价值/人生方向","SC-S1-09","中年多重责任","SC-S3-02","事业机会/职业转折","NF-N1-08","成长/能力/目标支持","Fit / trade-off","N3-09","当「教育与文化资本」进入「中年多重责任」的「价值/人生方向」，遇到「事业机会/职业转折」时，对重视「成长/能力/目标支持」的人意味着什么？","generated_by_constrained_mapping","unreviewed"
"CC-00086","PF-A04","教育与文化资本","SC-S2-12","价值/人生方向","SC-S1-09","中年多重责任","SC-S3-02","事业机会/职业转折","NF-N1-12","价值/人生方向/未来一致性","Gate / fit","N3-06/N3-07","当「教育与文化资本」进入「中年多重责任」的「价值/人生方向」，遇到「事业机会/职业转折」时，对重视「价值/人生方向/未来一致性」的人意味着什么？","generated_by_constrained_mapping","unreviewed"
"CC-00087","PF-A04","教育与文化资本","SC-S2-12","价值/人生方向","SC-S1-09","中年多重责任","SC-S3-02","事业机会/职业转折","NF-N1-09","活力/新鲜感/有趣/共同体验","Ideal range","N3-05/N3-06","当「教育与文化资本」进入「中年多重责任」的「价值/人生方向」，遇到「事业机会/职业转折」时，对重视「活力/新鲜感/有趣/共同体验」的人意味着什么？","generated_by_constrained_mapping","unreviewed"
"CC-00088","PF-A04","教育与文化资本","SC-S2-12","价值/人生方向","SC-S1-09","中年多重责任","SC-S3-06","生育/育儿转折","NF-N1-08","成长/能力/目标支持","Fit / trade-off","N3-09","当「教育与文化资本」进入「中年多重责任」的「价值/人生方向」，遇到「生育/育儿转折」时，对重视「成长/能力/目标支持」的人意味着什么？","generated_by_constrained_mapping","unreviewed"
"CC-00089","PF-A04","教育与文化资本","SC-S2-12","价值/人生方向","SC-S1-09","中年多重责任","SC-S3-06","生育/育儿转折","NF-N1-12","价值/人生方向/未来一致性","Gate / fit","N3-06/N3-07","当「教育与文化资本」进入「中年多重责任」的「价值/人生方向」，遇到「生育/育儿转折」时，对重视「价值/人生方向/未来一致性」的人意味着什么？","generated_by_constrained_mapping","unreviewed"
"CC-00090","PF-A04","教育与文化资本","SC-S2-12","价值/人生方向","SC-S1-09","中年多重责任","SC-S3-06","生育/育儿转折","NF-N1-09","活力/新鲜感/有趣/共同体验","Ideal range","N3-05/N3-06","当「教育与文化资本」进入「中年多重责任」的「价值/人生方向」，遇到「生育/育儿转折」时，对重视「活力/新鲜感/有趣/共同体验」的人意味着什么？","generated_by_constrained_mapping","unreviewed"
"CC-00091","PF-A04","教育与文化资本","SC-S2-07","双方父母/原生家庭","SC-S1-05","结婚/建立家庭","SC-S3-07","父母责任变化","NF-N1-08","成长/能力/目标支持","Fit / trade-off","N3-09","当「教育与文化资本」进入「结婚/建立家庭」的「双方父母/原生家庭」，遇到「父母责任变化」时，对重视「成长/能力/目标支持」的人意味着什么？","generated_by_constrained_mapping","unreviewed"
"CC-00092","PF-A04","教育与文化资本","SC-S2-07","双方父母/原生家庭","SC-S1-05","结婚/建立家庭","SC-S3-07","父母责任变化","NF-N1-12","价值/人生方向/未来一致性","Gate / fit","N3-06/N3-07","当「教育与文化资本」进入「结婚/建立家庭」的「双方父母/原生家庭」，遇到「父母责任变化」时，对重视「价值/人生方向/未来一致性」的人意味着什么？","generated_by_constrained_mapping","unreviewed"
"CC-00093","PF-A04","教育与文化资本","SC-S2-07","双方父母/原生家庭","SC-S1-05","结婚/建立家庭","SC-S3-07","父母责任变化","NF-N1-09","活力/新鲜感/有趣/共同体验","Ideal range","N3-05/N3-06","当「教育与文化资本」进入「结婚/建立家庭」的「双方父母/原生家庭」，遇到「父母责任变化」时，对重视「活力/新鲜感/有趣/共同体验」的人意味着什么？","generated_by_constrained_mapping","unreviewed"
"CC-00094","PF-A04","教育与文化资本","SC-S2-07","双方父母/原生家庭","SC-S1-05","结婚/建立家庭","SC-S3-05","居住/迁移变化","NF-N1-08","成长/能力/目标支持","Fit / trade-off","N3-09","当「教育与文化资本」进入「结婚/建立家庭」的「双方父母/原生家庭」，遇到「居住/迁移变化」时，对重视「成长/能力/目标支持」的人意味着什么？","generated_by_constrained_mapping","unreviewed"
"CC-00095","PF-A04","教育与文化资本","SC-S2-07","双方父母/原生家庭","SC-S1-05","结婚/建立家庭","SC-S3-05","居住/迁移变化","NF-N1-12","价值/人生方向/未来一致性","Gate / fit","N3-06/N3-07","当「教育与文化资本」进入「结婚/建立家庭」的「双方父母/原生家庭」，遇到「居住/迁移变化」时，对重视「价值/人生方向/未来一致性」的人意味着什么？","generated_by_constrained_mapping","unreviewed"
"CC-00096","PF-A04","教育与文化资本","SC-S2-07","双方父母/原生家庭","SC-S1-05","结婚/建立家庭","SC-S3-05","居住/迁移变化","NF-N1-09","活力/新鲜感/有趣/共同体验","Ideal range","N3-05/N3-06","当「教育与文化资本」进入「结婚/建立家庭」的「双方父母/原生家庭」，遇到「居住/迁移变化」时，对重视「活力/新鲜感/有趣/共同体验」的人意味着什么？","generated_by_constrained_mapping","unreviewed"
"CC-00097","PF-A04","教育与文化资本","SC-S2-07","双方父母/原生家庭","SC-S1-07","婴幼儿照护","SC-S3-07","父母责任变化","NF-N1-08","成长/能力/目标支持","Fit / trade-off","N3-09","当「教育与文化资本」进入「婴幼儿照护」的「双方父母/原生家庭」，遇到「父母责任变化」时，对重视「成长/能力/目标支持」的人意味着什么？","generated_by_constrained_mapping","unreviewed"
"CC-00098","PF-A04","教育与文化资本","SC-S2-07","双方父母/原生家庭","SC-S1-07","婴幼儿照护","SC-S3-07","父母责任变化","NF-N1-12","价值/人生方向/未来一致性","Gate / fit","N3-06/N3-07","当「教育与文化资本」进入「婴幼儿照护」的「双方父母/原生家庭」，遇到「父母责任变化」时，对重视「价值/人生方向/未来一致性」的人意味着什么？","generated_by_constrained_mapping","unreviewed"
"CC-00099","PF-A04","教育与文化资本","SC-S2-07","双方父母/原生家庭","SC-S1-07","婴幼儿照护","SC-S3-07","父母责任变化","NF-N1-09","活力/新鲜感/有趣/共同体验","Ideal range","N3-05/N3-06","当「教育与文化资本」进入「婴幼儿照护」的「双方父母/原生家庭」，遇到「父母责任变化」时，对重视「活力/新鲜感/有趣/共同体验」的人意味着什么？","generated_by_constrained_mapping","unreviewed"
"CC-00100","PF-A04","教育与文化资本","SC-S2-07","双方父母/原生家庭","SC-S1-07","婴幼儿照护","SC-S3-05","居住/迁移变化","NF-N1-08","成长/能力/目标支持","Fit / trade-off","N3-09","当「教育与文化资本」进入「婴幼儿照护」的「双方父母/原生家庭」，遇到「居住/迁移变化」时，对重视「成长/能力/目标支持」的人意味着什么？","generated_by_constrained_mapping","unreviewed"
"CC-00101","PF-A04","教育与文化资本","SC-S2-07","双方父母/原生家庭","SC-S1-07","婴幼儿照护","SC-S3-05","居住/迁移变化","NF-N1-12","价值/人生方向/未来一致性","Gate / fit","N3-06/N3-07","当「教育与文化资本」进入「婴幼儿照护」的「双方父母/原生家庭」，遇到「居住/迁移变化」时，对重视「价值/人生方向/未来一致性」的人意味着什么？","generated_by_constrained_mapping","unreviewed"
"CC-00102","PF-A04","教育与文化资本","SC-S2-07","双方父母/原生家庭","SC-S1-07","婴幼儿照护","SC-S3-05","居住/迁移变化","NF-N1-09","活力/新鲜感/有趣/共同体验","Ideal range","N3-05/N3-06","当「教育与文化资本」进入「婴幼儿照护」的「双方父母/原生家庭」，遇到「居住/迁移变化」时，对重视「活力/新鲜感/有趣/共同体验」的人意味着什么？","generated_by_constrained_mapping","unreviewed"
"CC-00103","PF-A04","教育与文化资本","SC-S2-07","双方父母/原生家庭","SC-S1-09","中年多重责任","SC-S3-07","父母责任变化","NF-N1-08","成长/能力/目标支持","Fit / trade-off","N3-09","当「教育与文化资本」进入「中年多重责任」的「双方父母/原生家庭」，遇到「父母责任变化」时，对重视「成长/能力/目标支持」的人意味着什么？","generated_by_constrained_mapping","unreviewed"
"CC-00104","PF-A04","教育与文化资本","SC-S2-07","双方父母/原生家庭","SC-S1-09","中年多重责任","SC-S3-07","父母责任变化","NF-N1-12","价值/人生方向/未来一致性","Gate / fit","N3-06/N3-07","当「教育与文化资本」进入「中年多重责任」的「双方父母/原生家庭」，遇到「父母责任变化」时，对重视「价值/人生方向/未来一致性」的人意味着什么？","generated_by_constrained_mapping","unreviewed"
"CC-00105","PF-A04","教育与文化资本","SC-S2-07","双方父母/原生家庭","SC-S1-09","中年多重责任","SC-S3-07","父母责任变化","NF-N1-09","活力/新鲜感/有趣/共同体验","Ideal range","N3-05/N3-06","当「教育与文化资本」进入「中年多重责任」的「双方父母/原生家庭」，遇到「父母责任变化」时，对重视「活力/新鲜感/有趣/共同体验」的人意味着什么？","generated_by_constrained_mapping","unreviewed"
"CC-00106","PF-A04","教育与文化资本","SC-S2-07","双方父母/原生家庭","SC-S1-09","中年多重责任","SC-S3-05","居住/迁移变化","NF-N1-08","成长/能力/目标支持","Fit / trade-off","N3-09","当「教育与文化资本」进入「中年多重责任」的「双方父母/原生家庭」，遇到「居住/迁移变化」时，对重视「成长/能力/目标支持」的人意味着什么？","generated_by_constrained_mapping","unreviewed"
"CC-00107","PF-A04","教育与文化资本","SC-S2-07","双方父母/原生家庭","SC-S1-09","中年多重责任","SC-S3-05","居住/迁移变化","NF-N1-12","价值/人生方向/未来一致性","Gate / fit","N3-06/N3-07","当「教育与文化资本」进入「中年多重责任」的「双方父母/原生家庭」，遇到「居住/迁移变化」时，对重视「价值/人生方向/未来一致性」的人意味着什么？","generated_by_constrained_mapping","unreviewed"
"CC-00108","PF-A04","教育与文化资本","SC-S2-07","双方父母/原生家庭","SC-S1-09","中年多重责任","SC-S3-05","居住/迁移变化","NF-N1-09","活力/新鲜感/有趣/共同体验","Ideal range","N3-05/N3-06","当「教育与文化资本」进入「中年多重责任」的「双方父母/原生家庭」，遇到「居住/迁移变化」时，对重视「活力/新鲜感/有趣/共同体验」的人意味着什么？","generated_by_constrained_mapping","unreviewed"
"CC-00109","PF-A05","职业与组织类型","SC-S2-02","工作/事业/学习","SC-S1-02","恋爱/磨合","SC-S3-01","工作时间突变","NF-N1-06","经济/物质安全","Threshold + diminishing return","N3-03/N3-06","当「职业与组织类型」进入「恋爱/磨合」的「工作/事业/学习」，遇到「工作时间突变」时，对重视「经济/物质安全」的人意味着什么？","generated_by_constrained_mapping","unreviewed"
"CC-00110","PF-A05","职业与组织类型","SC-S2-02","工作/事业/学习","SC-S1-02","恋爱/磨合","SC-S3-01","工作时间突变","NF-N1-02","陪伴/连接/归属","Ideal range / conditional","N3-01/N3-05","当「职业与组织类型」进入「恋爱/磨合」的「工作/事业/学习」，遇到「工作时间突变」时，对重视「陪伴/连接/归属」的人意味着什么？","generated_by_constrained_mapping","unreviewed"
"CC-00111","PF-A05","职业与组织类型","SC-S2-02","工作/事业/学习","SC-S1-02","恋爱/磨合","SC-S3-01","工作时间突变","NF-N1-08","成长/能力/目标支持","Fit / trade-off","N3-09","当「职业与组织类型」进入「恋爱/磨合」的「工作/事业/学习」，遇到「工作时间突变」时，对重视「成长/能力/目标支持」的人意味着什么？","generated_by_constrained_mapping","unreviewed"
"CC-00112","PF-A05","职业与组织类型","SC-S2-02","工作/事业/学习","SC-S1-02","恋爱/磨合","SC-S3-02","事业机会/职业转折","NF-N1-06","经济/物质安全","Threshold + diminishing return","N3-03/N3-06","当「职业与组织类型」进入「恋爱/磨合」的「工作/事业/学习」，遇到「事业机会/职业转折」时，对重视「经济/物质安全」的人意味着什么？","generated_by_constrained_mapping","unreviewed"
"CC-00113","PF-A05","职业与组织类型","SC-S2-02","工作/事业/学习","SC-S1-02","恋爱/磨合","SC-S3-02","事业机会/职业转折","NF-N1-02","陪伴/连接/归属","Ideal range / conditional","N3-01/N3-05","当「职业与组织类型」进入「恋爱/磨合」的「工作/事业/学习」，遇到「事业机会/职业转折」时，对重视「陪伴/连接/归属」的人意味着什么？","generated_by_constrained_mapping","unreviewed"
"CC-00114","PF-A05","职业与组织类型","SC-S2-02","工作/事业/学习","SC-S1-02","恋爱/磨合","SC-S3-02","事业机会/职业转折","NF-N1-08","成长/能力/目标支持","Fit / trade-off","N3-09","当「职业与组织类型」进入「恋爱/磨合」的「工作/事业/学习」，遇到「事业机会/职业转折」时，对重视「成长/能力/目标支持」的人意味着什么？","generated_by_constrained_mapping","unreviewed"
"CC-00115","PF-A05","职业与组织类型","SC-S2-02","工作/事业/学习","SC-S1-05","结婚/建立家庭","SC-S3-01","工作时间突变","NF-N1-06","经济/物质安全","Threshold + diminishing return","N3-03/N3-06","当「职业与组织类型」进入「结婚/建立家庭」的「工作/事业/学习」，遇到「工作时间突变」时，对重视「经济/物质安全」的人意味着什么？","generated_by_constrained_mapping","unreviewed"
"CC-00116","PF-A05","职业与组织类型","SC-S2-02","工作/事业/学习","SC-S1-05","结婚/建立家庭","SC-S3-01","工作时间突变","NF-N1-02","陪伴/连接/归属","Ideal range / conditional","N3-01/N3-05","当「职业与组织类型」进入「结婚/建立家庭」的「工作/事业/学习」，遇到「工作时间突变」时，对重视「陪伴/连接/归属」的人意味着什么？","generated_by_constrained_mapping","unreviewed"
"CC-00117","PF-A05","职业与组织类型","SC-S2-02","工作/事业/学习","SC-S1-05","结婚/建立家庭","SC-S3-01","工作时间突变","NF-N1-08","成长/能力/目标支持","Fit / trade-off","N3-09","当「职业与组织类型」进入「结婚/建立家庭」的「工作/事业/学习」，遇到「工作时间突变」时，对重视「成长/能力/目标支持」的人意味着什么？","generated_by_constrained_mapping","unreviewed"
"CC-00118","PF-A05","职业与组织类型","SC-S2-02","工作/事业/学习","SC-S1-05","结婚/建立家庭","SC-S3-02","事业机会/职业转折","NF-N1-06","经济/物质安全","Threshold + diminishing return","N3-03/N3-06","当「职业与组织类型」进入「结婚/建立家庭」的「工作/事业/学习」，遇到「事业机会/职业转折」时，对重视「经济/物质安全」的人意味着什么？","generated_by_constrained_mapping","unreviewed"
"CC-00119","PF-A05","职业与组织类型","SC-S2-02","工作/事业/学习","SC-S1-05","结婚/建立家庭","SC-S3-02","事业机会/职业转折","NF-N1-02","陪伴/连接/归属","Ideal range / conditional","N3-01/N3-05","当「职业与组织类型」进入「结婚/建立家庭」的「工作/事业/学习」，遇到「事业机会/职业转折」时，对重视「陪伴/连接/归属」的人意味着什么？","generated_by_constrained_mapping","unreviewed"
"CC-00120","PF-A05","职业与组织类型","SC-S2-02","工作/事业/学习","SC-S1-05","结婚/建立家庭","SC-S3-02","事业机会/职业转折","NF-N1-08","成长/能力/目标支持","Fit / trade-off","N3-09","当「职业与组织类型」进入「结婚/建立家庭」的「工作/事业/学习」，遇到「事业机会/职业转折」时，对重视「成长/能力/目标支持」的人意味着什么？","generated_by_constrained_mapping","unreviewed"
"CC-00121","PF-A05","职业与组织类型","SC-S2-02","工作/事业/学习","SC-S1-09","中年多重责任","SC-S3-01","工作时间突变","NF-N1-06","经济/物质安全","Threshold + diminishing return","N3-03/N3-06","当「职业与组织类型」进入「中年多重责任」的「工作/事业/学习」，遇到「工作时间突变」时，对重视「经济/物质安全」的人意味着什么？","generated_by_constrained_mapping","unreviewed"
"CC-00122","PF-A05","职业与组织类型","SC-S2-02","工作/事业/学习","SC-S1-09","中年多重责任","SC-S3-01","工作时间突变","NF-N1-02","陪伴/连接/归属","Ideal range / conditional","N3-01/N3-05","当「职业与组织类型」进入「中年多重责任」的「工作/事业/学习」，遇到「工作时间突变」时，对重视「陪伴/连接/归属」的人意味着什么？","generated_by_constrained_mapping","unreviewed"
"CC-00123","PF-A05","职业与组织类型","SC-S2-02","工作/事业/学习","SC-S1-09","中年多重责任","SC-S3-01","工作时间突变","NF-N1-08","成长/能力/目标支持","Fit / trade-off","N3-09","当「职业与组织类型」进入「中年多重责任」的「工作/事业/学习」，遇到「工作时间突变」时，对重视「成长/能力/目标支持」的人意味着什么？","generated_by_constrained_mapping","unreviewed"
"CC-00124","PF-A05","职业与组织类型","SC-S2-02","工作/事业/学习","SC-S1-09","中年多重责任","SC-S3-02","事业机会/职业转折","NF-N1-06","经济/物质安全","Threshold + diminishing return","N3-03/N3-06","当「职业与组织类型」进入「中年多重责任」的「工作/事业/学习」，遇到「事业机会/职业转折」时，对重视「经济/物质安全」的人意味着什么？","generated_by_constrained_mapping","unreviewed"
"CC-00125","PF-A05","职业与组织类型","SC-S2-02","工作/事业/学习","SC-S1-09","中年多重责任","SC-S3-02","事业机会/职业转折","NF-N1-02","陪伴/连接/归属","Ideal range / conditional","N3-01/N3-05","当「职业与组织类型」进入「中年多重责任」的「工作/事业/学习」，遇到「事业机会/职业转折」时，对重视「陪伴/连接/归属」的人意味着什么？","generated_by_constrained_mapping","unreviewed"
"CC-00126","PF-A05","职业与组织类型","SC-S2-02","工作/事业/学习","SC-S1-09","中年多重责任","SC-S3-02","事业机会/职业转折","NF-N1-08","成长/能力/目标支持","Fit / trade-off","N3-09","当「职业与组织类型」进入「中年多重责任」的「工作/事业/学习」，遇到「事业机会/职业转折」时，对重视「成长/能力/目标支持」的人意味着什么？","generated_by_constrained_mapping","unreviewed"
"CC-00127","PF-A05","职业与组织类型","SC-S2-01","日常作息与生活管理","SC-S1-02","恋爱/磨合","SC-S3-01","工作时间突变","NF-N1-06","经济/物质安全","Threshold + diminishing return","N3-03/N3-06","当「职业与组织类型」进入「恋爱/磨合」的「日常作息与生活管理」，遇到「工作时间突变」时，对重视「经济/物质安全」的人意味着什么？","generated_by_constrained_mapping","unreviewed"
"CC-00128","PF-A05","职业与组织类型","SC-S2-01","日常作息与生活管理","SC-S1-02","恋爱/磨合","SC-S3-01","工作时间突变","NF-N1-02","陪伴/连接/归属","Ideal range / conditional","N3-01/N3-05","当「职业与组织类型」进入「恋爱/磨合」的「日常作息与生活管理」，遇到「工作时间突变」时，对重视「陪伴/连接/归属」的人意味着什么？","generated_by_constrained_mapping","unreviewed"
"CC-00129","PF-A05","职业与组织类型","SC-S2-01","日常作息与生活管理","SC-S1-02","恋爱/磨合","SC-S3-01","工作时间突变","NF-N1-08","成长/能力/目标支持","Fit / trade-off","N3-09","当「职业与组织类型」进入「恋爱/磨合」的「日常作息与生活管理」，遇到「工作时间突变」时，对重视「成长/能力/目标支持」的人意味着什么？","generated_by_constrained_mapping","unreviewed"
"CC-00130","PF-A05","职业与组织类型","SC-S2-01","日常作息与生活管理","SC-S1-02","恋爱/磨合","SC-S3-10","反复小问题累积","NF-N1-06","经济/物质安全","Threshold + diminishing return","N3-03/N3-06","当「职业与组织类型」进入「恋爱/磨合」的「日常作息与生活管理」，遇到「反复小问题累积」时，对重视「经济/物质安全」的人意味着什么？","generated_by_constrained_mapping","unreviewed"
"CC-00131","PF-A05","职业与组织类型","SC-S2-01","日常作息与生活管理","SC-S1-02","恋爱/磨合","SC-S3-10","反复小问题累积","NF-N1-02","陪伴/连接/归属","Ideal range / conditional","N3-01/N3-05","当「职业与组织类型」进入「恋爱/磨合」的「日常作息与生活管理」，遇到「反复小问题累积」时，对重视「陪伴/连接/归属」的人意味着什么？","generated_by_constrained_mapping","unreviewed"
"CC-00132","PF-A05","职业与组织类型","SC-S2-01","日常作息与生活管理","SC-S1-02","恋爱/磨合","SC-S3-10","反复小问题累积","NF-N1-08","成长/能力/目标支持","Fit / trade-off","N3-09","当「职业与组织类型」进入「恋爱/磨合」的「日常作息与生活管理」，遇到「反复小问题累积」时，对重视「成长/能力/目标支持」的人意味着什么？","generated_by_constrained_mapping","unreviewed"
"CC-00133","PF-A05","职业与组织类型","SC-S2-01","日常作息与生活管理","SC-S1-04","同居/婚前","SC-S3-01","工作时间突变","NF-N1-06","经济/物质安全","Threshold + diminishing return","N3-03/N3-06","当「职业与组织类型」进入「同居/婚前」的「日常作息与生活管理」，遇到「工作时间突变」时，对重视「经济/物质安全」的人意味着什么？","generated_by_constrained_mapping","unreviewed"
"CC-00134","PF-A05","职业与组织类型","SC-S2-01","日常作息与生活管理","SC-S1-04","同居/婚前","SC-S3-01","工作时间突变","NF-N1-02","陪伴/连接/归属","Ideal range / conditional","N3-01/N3-05","当「职业与组织类型」进入「同居/婚前」的「日常作息与生活管理」，遇到「工作时间突变」时，对重视「陪伴/连接/归属」的人意味着什么？","generated_by_constrained_mapping","unreviewed"
"CC-00135","PF-A05","职业与组织类型","SC-S2-01","日常作息与生活管理","SC-S1-04","同居/婚前","SC-S3-01","工作时间突变","NF-N1-08","成长/能力/目标支持","Fit / trade-off","N3-09","当「职业与组织类型」进入「同居/婚前」的「日常作息与生活管理」，遇到「工作时间突变」时，对重视「成长/能力/目标支持」的人意味着什么？","generated_by_constrained_mapping","unreviewed"
"CC-00136","PF-A05","职业与组织类型","SC-S2-01","日常作息与生活管理","SC-S1-04","同居/婚前","SC-S3-10","反复小问题累积","NF-N1-06","经济/物质安全","Threshold + diminishing return","N3-03/N3-06","当「职业与组织类型」进入「同居/婚前」的「日常作息与生活管理」，遇到「反复小问题累积」时，对重视「经济/物质安全」的人意味着什么？","generated_by_constrained_mapping","unreviewed"
"CC-00137","PF-A05","职业与组织类型","SC-S2-01","日常作息与生活管理","SC-S1-04","同居/婚前","SC-S3-10","反复小问题累积","NF-N1-02","陪伴/连接/归属","Ideal range / conditional","N3-01/N3-05","当「职业与组织类型」进入「同居/婚前」的「日常作息与生活管理」，遇到「反复小问题累积」时，对重视「陪伴/连接/归属」的人意味着什么？","generated_by_constrained_mapping","unreviewed"
"CC-00138","PF-A05","职业与组织类型","SC-S2-01","日常作息与生活管理","SC-S1-04","同居/婚前","SC-S3-10","反复小问题累积","NF-N1-08","成长/能力/目标支持","Fit / trade-off","N3-09","当「职业与组织类型」进入「同居/婚前」的「日常作息与生活管理」，遇到「反复小问题累积」时，对重视「成长/能力/目标支持」的人意味着什么？","generated_by_constrained_mapping","unreviewed"
"CC-00139","PF-A05","职业与组织类型","SC-S2-01","日常作息与生活管理","SC-S1-07","婴幼儿照护","SC-S3-01","工作时间突变","NF-N1-06","经济/物质安全","Threshold + diminishing return","N3-03/N3-06","当「职业与组织类型」进入「婴幼儿照护」的「日常作息与生活管理」，遇到「工作时间突变」时，对重视「经济/物质安全」的人意味着什么？","generated_by_constrained_mapping","unreviewed"
"CC-00140","PF-A05","职业与组织类型","SC-S2-01","日常作息与生活管理","SC-S1-07","婴幼儿照护","SC-S3-01","工作时间突变","NF-N1-02","陪伴/连接/归属","Ideal range / conditional","N3-01/N3-05","当「职业与组织类型」进入「婴幼儿照护」的「日常作息与生活管理」，遇到「工作时间突变」时，对重视「陪伴/连接/归属」的人意味着什么？","generated_by_constrained_mapping","unreviewed"
"CC-00141","PF-A05","职业与组织类型","SC-S2-01","日常作息与生活管理","SC-S1-07","婴幼儿照护","SC-S3-01","工作时间突变","NF-N1-08","成长/能力/目标支持","Fit / trade-off","N3-09","当「职业与组织类型」进入「婴幼儿照护」的「日常作息与生活管理」，遇到「工作时间突变」时，对重视「成长/能力/目标支持」的人意味着什么？","generated_by_constrained_mapping","unreviewed"
"CC-00142","PF-A05","职业与组织类型","SC-S2-01","日常作息与生活管理","SC-S1-07","婴幼儿照护","SC-S3-10","反复小问题累积","NF-N1-06","经济/物质安全","Threshold + diminishing return","N3-03/N3-06","当「职业与组织类型」进入「婴幼儿照护」的「日常作息与生活管理」，遇到「反复小问题累积」时，对重视「经济/物质安全」的人意味着什么？","generated_by_constrained_mapping","unreviewed"
"CC-00143","PF-A05","职业与组织类型","SC-S2-01","日常作息与生活管理","SC-S1-07","婴幼儿照护","SC-S3-10","反复小问题累积","NF-N1-02","陪伴/连接/归属","Ideal range / conditional","N3-01/N3-05","当「职业与组织类型」进入「婴幼儿照护」的「日常作息与生活管理」，遇到「反复小问题累积」时，对重视「陪伴/连接/归属」的人意味着什么？","generated_by_constrained_mapping","unreviewed"
"CC-00144","PF-A05","职业与组织类型","SC-S2-01","日常作息与生活管理","SC-S1-07","婴幼儿照护","SC-S3-10","反复小问题累积","NF-N1-08","成长/能力/目标支持","Fit / trade-off","N3-09","当「职业与组织类型」进入「婴幼儿照护」的「日常作息与生活管理」，遇到「反复小问题累积」时，对重视「成长/能力/目标支持」的人意味着什么？","generated_by_constrained_mapping","unreviewed"
"CC-00145","PF-A05","职业与组织类型","SC-S2-04","房/居住/地点","SC-S1-03","稳定交往","SC-S3-04","大额财务事件","NF-N1-06","经济/物质安全","Threshold + diminishing return","N3-03/N3-06","当「职业与组织类型」进入「稳定交往」的「房/居住/地点」，遇到「大额财务事件」时，对重视「经济/物质安全」的人意味着什么？","generated_by_constrained_mapping","unreviewed"
"CC-00146","PF-A05","职业与组织类型","SC-S2-04","房/居住/地点","SC-S1-03","稳定交往","SC-S3-04","大额财务事件","NF-N1-02","陪伴/连接/归属","Ideal range / conditional","N3-01/N3-05","当「职业与组织类型」进入「稳定交往」的「房/居住/地点」，遇到「大额财务事件」时，对重视「陪伴/连接/归属」的人意味着什么？","generated_by_constrained_mapping","unreviewed"
"CC-00147","PF-A05","职业与组织类型","SC-S2-04","房/居住/地点","SC-S1-03","稳定交往","SC-S3-04","大额财务事件","NF-N1-08","成长/能力/目标支持","Fit / trade-off","N3-09","当「职业与组织类型」进入「稳定交往」的「房/居住/地点」，遇到「大额财务事件」时，对重视「成长/能力/目标支持」的人意味着什么？","generated_by_constrained_mapping","unreviewed"
"CC-00148","PF-A05","职业与组织类型","SC-S2-04","房/居住/地点","SC-S1-03","稳定交往","SC-S3-05","居住/迁移变化","NF-N1-06","经济/物质安全","Threshold + diminishing return","N3-03/N3-06","当「职业与组织类型」进入「稳定交往」的「房/居住/地点」，遇到「居住/迁移变化」时，对重视「经济/物质安全」的人意味着什么？","generated_by_constrained_mapping","unreviewed"
"CC-00149","PF-A05","职业与组织类型","SC-S2-04","房/居住/地点","SC-S1-03","稳定交往","SC-S3-05","居住/迁移变化","NF-N1-02","陪伴/连接/归属","Ideal range / conditional","N3-01/N3-05","当「职业与组织类型」进入「稳定交往」的「房/居住/地点」，遇到「居住/迁移变化」时，对重视「陪伴/连接/归属」的人意味着什么？","generated_by_constrained_mapping","unreviewed"
"CC-00150","PF-A05","职业与组织类型","SC-S2-04","房/居住/地点","SC-S1-03","稳定交往","SC-S3-05","居住/迁移变化","NF-N1-08","成长/能力/目标支持","Fit / trade-off","N3-09","当「职业与组织类型」进入「稳定交往」的「房/居住/地点」，遇到「居住/迁移变化」时，对重视「成长/能力/目标支持」的人意味着什么？","generated_by_constrained_mapping","unreviewed"
"CC-00151","PF-A05","职业与组织类型","SC-S2-04","房/居住/地点","SC-S1-05","结婚/建立家庭","SC-S3-04","大额财务事件","NF-N1-06","经济/物质安全","Threshold + diminishing return","N3-03/N3-06","当「职业与组织类型」进入「结婚/建立家庭」的「房/居住/地点」，遇到「大额财务事件」时，对重视「经济/物质安全」的人意味着什么？","generated_by_constrained_mapping","unreviewed"
"CC-00152","PF-A05","职业与组织类型","SC-S2-04","房/居住/地点","SC-S1-05","结婚/建立家庭","SC-S3-04","大额财务事件","NF-N1-02","陪伴/连接/归属","Ideal range / conditional","N3-01/N3-05","当「职业与组织类型」进入「结婚/建立家庭」的「房/居住/地点」，遇到「大额财务事件」时，对重视「陪伴/连接/归属」的人意味着什么？","generated_by_constrained_mapping","unreviewed"
"CC-00153","PF-A05","职业与组织类型","SC-S2-04","房/居住/地点","SC-S1-05","结婚/建立家庭","SC-S3-04","大额财务事件","NF-N1-08","成长/能力/目标支持","Fit / trade-off","N3-09","当「职业与组织类型」进入「结婚/建立家庭」的「房/居住/地点」，遇到「大额财务事件」时，对重视「成长/能力/目标支持」的人意味着什么？","generated_by_constrained_mapping","unreviewed"
"CC-00154","PF-A05","职业与组织类型","SC-S2-04","房/居住/地点","SC-S1-05","结婚/建立家庭","SC-S3-05","居住/迁移变化","NF-N1-06","经济/物质安全","Threshold + diminishing return","N3-03/N3-06","当「职业与组织类型」进入「结婚/建立家庭」的「房/居住/地点」，遇到「居住/迁移变化」时，对重视「经济/物质安全」的人意味着什么？","generated_by_constrained_mapping","unreviewed"
"CC-00155","PF-A05","职业与组织类型","SC-S2-04","房/居住/地点","SC-S1-05","结婚/建立家庭","SC-S3-05","居住/迁移变化","NF-N1-02","陪伴/连接/归属","Ideal range / conditional","N3-01/N3-05","当「职业与组织类型」进入「结婚/建立家庭」的「房/居住/地点」，遇到「居住/迁移变化」时，对重视「陪伴/连接/归属」的人意味着什么？","generated_by_constrained_mapping","unreviewed"
"CC-00156","PF-A05","职业与组织类型","SC-S2-04","房/居住/地点","SC-S1-05","结婚/建立家庭","SC-S3-05","居住/迁移变化","NF-N1-08","成长/能力/目标支持","Fit / trade-off","N3-09","当「职业与组织类型」进入「结婚/建立家庭」的「房/居住/地点」，遇到「居住/迁移变化」时，对重视「成长/能力/目标支持」的人意味着什么？","generated_by_constrained_mapping","unreviewed"
"CC-00157","PF-A05","职业与组织类型","SC-S2-04","房/居住/地点","SC-S1-09","中年多重责任","SC-S3-04","大额财务事件","NF-N1-06","经济/物质安全","Threshold + diminishing return","N3-03/N3-06","当「职业与组织类型」进入「中年多重责任」的「房/居住/地点」，遇到「大额财务事件」时，对重视「经济/物质安全」的人意味着什么？","generated_by_constrained_mapping","unreviewed"
"CC-00158","PF-A05","职业与组织类型","SC-S2-04","房/居住/地点","SC-S1-09","中年多重责任","SC-S3-04","大额财务事件","NF-N1-02","陪伴/连接/归属","Ideal range / conditional","N3-01/N3-05","当「职业与组织类型」进入「中年多重责任」的「房/居住/地点」，遇到「大额财务事件」时，对重视「陪伴/连接/归属」的人意味着什么？","generated_by_constrained_mapping","unreviewed"
"CC-00159","PF-A05","职业与组织类型","SC-S2-04","房/居住/地点","SC-S1-09","中年多重责任","SC-S3-04","大额财务事件","NF-N1-08","成长/能力/目标支持","Fit / trade-off","N3-09","当「职业与组织类型」进入「中年多重责任」的「房/居住/地点」，遇到「大额财务事件」时，对重视「成长/能力/目标支持」的人意味着什么？","generated_by_constrained_mapping","unreviewed"
"CC-00160","PF-A05","职业与组织类型","SC-S2-04","房/居住/地点","SC-S1-09","中年多重责任","SC-S3-05","居住/迁移变化","NF-N1-06","经济/物质安全","Threshold + diminishing return","N3-03/N3-06","当「职业与组织类型」进入「中年多重责任」的「房/居住/地点」，遇到「居住/迁移变化」时，对重视「经济/物质安全」的人意味着什么？","generated_by_constrained_mapping","unreviewed"
"CC-00161","PF-A05","职业与组织类型","SC-S2-04","房/居住/地点","SC-S1-09","中年多重责任","SC-S3-05","居住/迁移变化","NF-N1-02","陪伴/连接/归属","Ideal range / conditional","N3-01/N3-05","当「职业与组织类型」进入「中年多重责任」的「房/居住/地点」，遇到「居住/迁移变化」时，对重视「陪伴/连接/归属」的人意味着什么？","generated_by_constrained_mapping","unreviewed"
"CC-00162","PF-A05","职业与组织类型","SC-S2-04","房/居住/地点","SC-S1-09","中年多重责任","SC-S3-05","居住/迁移变化","NF-N1-08","成长/能力/目标支持","Fit / trade-off","N3-09","当「职业与组织类型」进入「中年多重责任」的「房/居住/地点」，遇到「居住/迁移变化」时，对重视「成长/能力/目标支持」的人意味着什么？","generated_by_constrained_mapping","unreviewed"
"CC-00163","PF-A06","当前收入与经济稳定","SC-S2-03","钱/财务","SC-S1-03","稳定交往","SC-S3-03","失业/收入下降","NF-N1-06","经济/物质安全","Threshold + diminishing return","N3-03/N3-06","当「当前收入与经济稳定」进入「稳定交往」的「钱/财务」，遇到「失业/收入下降」时，对重视「经济/物质安全」的人意味着什么？","generated_by_constrained_mapping","unreviewed"
"CC-00164","PF-A06","当前收入与经济稳定","SC-S2-03","钱/财务","SC-S1-03","稳定交往","SC-S3-03","失业/收入下降","NF-N1-05","安全/信任/可预测","Gate / conditional","N3-02/N3-06","当「当前收入与经济稳定」进入「稳定交往」的「钱/财务」，遇到「失业/收入下降」时，对重视「安全/信任/可预测」的人意味着什么？","generated_by_constrained_mapping","unreviewed"
"CC-00165","PF-A06","当前收入与经济稳定","SC-S2-03","钱/财务","SC-S1-03","稳定交往","SC-S3-03","失业/收入下降","NF-N1-07","公平/可靠/合作","Conditional / gate","N3-02/N3-03","当「当前收入与经济稳定」进入「稳定交往」的「钱/财务」，遇到「失业/收入下降」时，对重视「公平/可靠/合作」的人意味着什么？","generated_by_constrained_mapping","unreviewed"
"CC-00166","PF-A06","当前收入与经济稳定","SC-S2-03","钱/财务","SC-S1-03","稳定交往","SC-S3-04","大额财务事件","NF-N1-06","经济/物质安全","Threshold + diminishing return","N3-03/N3-06","当「当前收入与经济稳定」进入「稳定交往」的「钱/财务」，遇到「大额财务事件」时，对重视「经济/物质安全」的人意味着什么？","generated_by_constrained_mapping","unreviewed"
"CC-00167","PF-A06","当前收入与经济稳定","SC-S2-03","钱/财务","SC-S1-03","稳定交往","SC-S3-04","大额财务事件","NF-N1-05","安全/信任/可预测","Gate / conditional","N3-02/N3-06","当「当前收入与经济稳定」进入「稳定交往」的「钱/财务」，遇到「大额财务事件」时，对重视「安全/信任/可预测」的人意味着什么？","generated_by_constrained_mapping","unreviewed"
"CC-00168","PF-A06","当前收入与经济稳定","SC-S2-03","钱/财务","SC-S1-03","稳定交往","SC-S3-04","大额财务事件","NF-N1-07","公平/可靠/合作","Conditional / gate","N3-02/N3-03","当「当前收入与经济稳定」进入「稳定交往」的「钱/财务」，遇到「大额财务事件」时，对重视「公平/可靠/合作」的人意味着什么？","generated_by_constrained_mapping","unreviewed"
"CC-00169","PF-A06","当前收入与经济稳定","SC-S2-03","钱/财务","SC-S1-05","结婚/建立家庭","SC-S3-03","失业/收入下降","NF-N1-06","经济/物质安全","Threshold + diminishing return","N3-03/N3-06","当「当前收入与经济稳定」进入「结婚/建立家庭」的「钱/财务」，遇到「失业/收入下降」时，对重视「经济/物质安全」的人意味着什么？","generated_by_constrained_mapping","unreviewed"
"CC-00170","PF-A06","当前收入与经济稳定","SC-S2-03","钱/财务","SC-S1-05","结婚/建立家庭","SC-S3-03","失业/收入下降","NF-N1-05","安全/信任/可预测","Gate / conditional","N3-02/N3-06","当「当前收入与经济稳定」进入「结婚/建立家庭」的「钱/财务」，遇到「失业/收入下降」时，对重视「安全/信任/可预测」的人意味着什么？","generated_by_constrained_mapping","unreviewed"
"CC-00171","PF-A06","当前收入与经济稳定","SC-S2-03","钱/财务","SC-S1-05","结婚/建立家庭","SC-S3-03","失业/收入下降","NF-N1-07","公平/可靠/合作","Conditional / gate","N3-02/N3-03","当「当前收入与经济稳定」进入「结婚/建立家庭」的「钱/财务」，遇到「失业/收入下降」时，对重视「公平/可靠/合作」的人意味着什么？","generated_by_constrained_mapping","unreviewed"
"CC-00172","PF-A06","当前收入与经济稳定","SC-S2-03","钱/财务","SC-S1-05","结婚/建立家庭","SC-S3-04","大额财务事件","NF-N1-06","经济/物质安全","Threshold + diminishing return","N3-03/N3-06","当「当前收入与经济稳定」进入「结婚/建立家庭」的「钱/财务」，遇到「大额财务事件」时，对重视「经济/物质安全」的人意味着什么？","generated_by_constrained_mapping","unreviewed"
"CC-00173","PF-A06","当前收入与经济稳定","SC-S2-03","钱/财务","SC-S1-05","结婚/建立家庭","SC-S3-04","大额财务事件","NF-N1-05","安全/信任/可预测","Gate / conditional","N3-02/N3-06","当「当前收入与经济稳定」进入「结婚/建立家庭」的「钱/财务」，遇到「大额财务事件」时，对重视「安全/信任/可预测」的人意味着什么？","generated_by_constrained_mapping","unreviewed"
"CC-00174","PF-A06","当前收入与经济稳定","SC-S2-03","钱/财务","SC-S1-05","结婚/建立家庭","SC-S3-04","大额财务事件","NF-N1-07","公平/可靠/合作","Conditional / gate","N3-02/N3-03","当「当前收入与经济稳定」进入「结婚/建立家庭」的「钱/财务」，遇到「大额财务事件」时，对重视「公平/可靠/合作」的人意味着什么？","generated_by_constrained_mapping","unreviewed"
"CC-00175","PF-A06","当前收入与经济稳定","SC-S2-03","钱/财务","SC-S1-07","婴幼儿照护","SC-S3-03","失业/收入下降","NF-N1-06","经济/物质安全","Threshold + diminishing return","N3-03/N3-06","当「当前收入与经济稳定」进入「婴幼儿照护」的「钱/财务」，遇到「失业/收入下降」时，对重视「经济/物质安全」的人意味着什么？","generated_by_constrained_mapping","unreviewed"
"CC-00176","PF-A06","当前收入与经济稳定","SC-S2-03","钱/财务","SC-S1-07","婴幼儿照护","SC-S3-03","失业/收入下降","NF-N1-05","安全/信任/可预测","Gate / conditional","N3-02/N3-06","当「当前收入与经济稳定」进入「婴幼儿照护」的「钱/财务」，遇到「失业/收入下降」时，对重视「安全/信任/可预测」的人意味着什么？","generated_by_constrained_mapping","unreviewed"
"CC-00177","PF-A06","当前收入与经济稳定","SC-S2-03","钱/财务","SC-S1-07","婴幼儿照护","SC-S3-03","失业/收入下降","NF-N1-07","公平/可靠/合作","Conditional / gate","N3-02/N3-03","当「当前收入与经济稳定」进入「婴幼儿照护」的「钱/财务」，遇到「失业/收入下降」时，对重视「公平/可靠/合作」的人意味着什么？","generated_by_constrained_mapping","unreviewed"
"CC-00178","PF-A06","当前收入与经济稳定","SC-S2-03","钱/财务","SC-S1-07","婴幼儿照护","SC-S3-04","大额财务事件","NF-N1-06","经济/物质安全","Threshold + diminishing return","N3-03/N3-06","当「当前收入与经济稳定」进入「婴幼儿照护」的「钱/财务」，遇到「大额财务事件」时，对重视「经济/物质安全」的人意味着什么？","generated_by_constrained_mapping","unreviewed"
"CC-00179","PF-A06","当前收入与经济稳定","SC-S2-03","钱/财务","SC-S1-07","婴幼儿照护","SC-S3-04","大额财务事件","NF-N1-05","安全/信任/可预测","Gate / conditional","N3-02/N3-06","当「当前收入与经济稳定」进入「婴幼儿照护」的「钱/财务」，遇到「大额财务事件」时，对重视「安全/信任/可预测」的人意味着什么？","generated_by_constrained_mapping","unreviewed"
"CC-00180","PF-A06","当前收入与经济稳定","SC-S2-03","钱/财务","SC-S1-07","婴幼儿照护","SC-S3-04","大额财务事件","NF-N1-07","公平/可靠/合作","Conditional / gate","N3-02/N3-03","当「当前收入与经济稳定」进入「婴幼儿照护」的「钱/财务」，遇到「大额财务事件」时，对重视「公平/可靠/合作」的人意味着什么？","generated_by_constrained_mapping","unreviewed"
"CC-00181","PF-A06","当前收入与经济稳定","SC-S2-04","房/居住/地点","SC-S1-03","稳定交往","SC-S3-04","大额财务事件","NF-N1-06","经济/物质安全","Threshold + diminishing return","N3-03/N3-06","当「当前收入与经济稳定」进入「稳定交往」的「房/居住/地点」，遇到「大额财务事件」时，对重视「经济/物质安全」的人意味着什么？","generated_by_constrained_mapping","unreviewed"
"CC-00182","PF-A06","当前收入与经济稳定","SC-S2-04","房/居住/地点","SC-S1-03","稳定交往","SC-S3-04","大额财务事件","NF-N1-05","安全/信任/可预测","Gate / conditional","N3-02/N3-06","当「当前收入与经济稳定」进入「稳定交往」的「房/居住/地点」，遇到「大额财务事件」时，对重视「安全/信任/可预测」的人意味着什么？","generated_by_constrained_mapping","unreviewed"
"CC-00183","PF-A06","当前收入与经济稳定","SC-S2-04","房/居住/地点","SC-S1-03","稳定交往","SC-S3-04","大额财务事件","NF-N1-07","公平/可靠/合作","Conditional / gate","N3-02/N3-03","当「当前收入与经济稳定」进入「稳定交往」的「房/居住/地点」，遇到「大额财务事件」时，对重视「公平/可靠/合作」的人意味着什么？","generated_by_constrained_mapping","unreviewed"
"CC-00184","PF-A06","当前收入与经济稳定","SC-S2-04","房/居住/地点","SC-S1-03","稳定交往","SC-S3-05","居住/迁移变化","NF-N1-06","经济/物质安全","Threshold + diminishing return","N3-03/N3-06","当「当前收入与经济稳定」进入「稳定交往」的「房/居住/地点」，遇到「居住/迁移变化」时，对重视「经济/物质安全」的人意味着什么？","generated_by_constrained_mapping","unreviewed"
"CC-00185","PF-A06","当前收入与经济稳定","SC-S2-04","房/居住/地点","SC-S1-03","稳定交往","SC-S3-05","居住/迁移变化","NF-N1-05","安全/信任/可预测","Gate / conditional","N3-02/N3-06","当「当前收入与经济稳定」进入「稳定交往」的「房/居住/地点」，遇到「居住/迁移变化」时，对重视「安全/信任/可预测」的人意味着什么？","generated_by_constrained_mapping","unreviewed"
"CC-00186","PF-A06","当前收入与经济稳定","SC-S2-04","房/居住/地点","SC-S1-03","稳定交往","SC-S3-05","居住/迁移变化","NF-N1-07","公平/可靠/合作","Conditional / gate","N3-02/N3-03","当「当前收入与经济稳定」进入「稳定交往」的「房/居住/地点」，遇到「居住/迁移变化」时，对重视「公平/可靠/合作」的人意味着什么？","generated_by_constrained_mapping","unreviewed"
"CC-00187","PF-A06","当前收入与经济稳定","SC-S2-04","房/居住/地点","SC-S1-05","结婚/建立家庭","SC-S3-04","大额财务事件","NF-N1-06","经济/物质安全","Threshold + diminishing return","N3-03/N3-06","当「当前收入与经济稳定」进入「结婚/建立家庭」的「房/居住/地点」，遇到「大额财务事件」时，对重视「经济/物质安全」的人意味着什么？","generated_by_constrained_mapping","unreviewed"
"CC-00188","PF-A06","当前收入与经济稳定","SC-S2-04","房/居住/地点","SC-S1-05","结婚/建立家庭","SC-S3-04","大额财务事件","NF-N1-05","安全/信任/可预测","Gate / conditional","N3-02/N3-06","当「当前收入与经济稳定」进入「结婚/建立家庭」的「房/居住/地点」，遇到「大额财务事件」时，对重视「安全/信任/可预测」的人意味着什么？","generated_by_constrained_mapping","unreviewed"
"CC-00189","PF-A06","当前收入与经济稳定","SC-S2-04","房/居住/地点","SC-S1-05","结婚/建立家庭","SC-S3-04","大额财务事件","NF-N1-07","公平/可靠/合作","Conditional / gate","N3-02/N3-03","当「当前收入与经济稳定」进入「结婚/建立家庭」的「房/居住/地点」，遇到「大额财务事件」时，对重视「公平/可靠/合作」的人意味着什么？","generated_by_constrained_mapping","unreviewed"
"CC-00190","PF-A06","当前收入与经济稳定","SC-S2-04","房/居住/地点","SC-S1-05","结婚/建立家庭","SC-S3-05","居住/迁移变化","NF-N1-06","经济/物质安全","Threshold + diminishing return","N3-03/N3-06","当「当前收入与经济稳定」进入「结婚/建立家庭」的「房/居住/地点」，遇到「居住/迁移变化」时，对重视「经济/物质安全」的人意味着什么？","generated_by_constrained_mapping","unreviewed"
"CC-00191","PF-A06","当前收入与经济稳定","SC-S2-04","房/居住/地点","SC-S1-05","结婚/建立家庭","SC-S3-05","居住/迁移变化","NF-N1-05","安全/信任/可预测","Gate / conditional","N3-02/N3-06","当「当前收入与经济稳定」进入「结婚/建立家庭」的「房/居住/地点」，遇到「居住/迁移变化」时，对重视「安全/信任/可预测」的人意味着什么？","generated_by_constrained_mapping","unreviewed"
"CC-00192","PF-A06","当前收入与经济稳定","SC-S2-04","房/居住/地点","SC-S1-05","结婚/建立家庭","SC-S3-05","居住/迁移变化","NF-N1-07","公平/可靠/合作","Conditional / gate","N3-02/N3-03","当「当前收入与经济稳定」进入「结婚/建立家庭」的「房/居住/地点」，遇到「居住/迁移变化」时，对重视「公平/可靠/合作」的人意味着什么？","generated_by_constrained_mapping","unreviewed"
"CC-00193","PF-A06","当前收入与经济稳定","SC-S2-04","房/居住/地点","SC-S1-09","中年多重责任","SC-S3-04","大额财务事件","NF-N1-06","经济/物质安全","Threshold + diminishing return","N3-03/N3-06","当「当前收入与经济稳定」进入「中年多重责任」的「房/居住/地点」，遇到「大额财务事件」时，对重视「经济/物质安全」的人意味着什么？","generated_by_constrained_mapping","unreviewed"
"CC-00194","PF-A06","当前收入与经济稳定","SC-S2-04","房/居住/地点","SC-S1-09","中年多重责任","SC-S3-04","大额财务事件","NF-N1-05","安全/信任/可预测","Gate / conditional","N3-02/N3-06","当「当前收入与经济稳定」进入「中年多重责任」的「房/居住/地点」，遇到「大额财务事件」时，对重视「安全/信任/可预测」的人意味着什么？","generated_by_constrained_mapping","unreviewed"
"CC-00195","PF-A06","当前收入与经济稳定","SC-S2-04","房/居住/地点","SC-S1-09","中年多重责任","SC-S3-04","大额财务事件","NF-N1-07","公平/可靠/合作","Conditional / gate","N3-02/N3-03","当「当前收入与经济稳定」进入「中年多重责任」的「房/居住/地点」，遇到「大额财务事件」时，对重视「公平/可靠/合作」的人意味着什么？","generated_by_constrained_mapping","unreviewed"
"CC-00196","PF-A06","当前收入与经济稳定","SC-S2-04","房/居住/地点","SC-S1-09","中年多重责任","SC-S3-05","居住/迁移变化","NF-N1-06","经济/物质安全","Threshold + diminishing return","N3-03/N3-06","当「当前收入与经济稳定」进入「中年多重责任」的「房/居住/地点」，遇到「居住/迁移变化」时，对重视「经济/物质安全」的人意味着什么？","generated_by_constrained_mapping","unreviewed"
"CC-00197","PF-A06","当前收入与经济稳定","SC-S2-04","房/居住/地点","SC-S1-09","中年多重责任","SC-S3-05","居住/迁移变化","NF-N1-05","安全/信任/可预测","Gate / conditional","N3-02/N3-06","当「当前收入与经济稳定」进入「中年多重责任」的「房/居住/地点」，遇到「居住/迁移变化」时，对重视「安全/信任/可预测」的人意味着什么？","generated_by_constrained_mapping","unreviewed"
"CC-00198","PF-A06","当前收入与经济稳定","SC-S2-04","房/居住/地点","SC-S1-09","中年多重责任","SC-S3-05","居住/迁移变化","NF-N1-07","公平/可靠/合作","Conditional / gate","N3-02/N3-03","当「当前收入与经济稳定」进入「中年多重责任」的「房/居住/地点」，遇到「居住/迁移变化」时，对重视「公平/可靠/合作」的人意味着什么？","generated_by_constrained_mapping","unreviewed"
"CC-00199","PF-A06","当前收入与经济稳定","SC-S2-06","孩子/生育/教育","SC-S1-05","结婚/建立家庭","SC-S3-06","生育/育儿转折","NF-N1-06","经济/物质安全","Threshold + diminishing return","N3-03/N3-06","当「当前收入与经济稳定」进入「结婚/建立家庭」的「孩子/生育/教育」，遇到「生育/育儿转折」时，对重视「经济/物质安全」的人意味着什么？","generated_by_constrained_mapping","unreviewed"
"CC-00200","PF-A06","当前收入与经济稳定","SC-S2-06","孩子/生育/教育","SC-S1-05","结婚/建立家庭","SC-S3-06","生育/育儿转折","NF-N1-05","安全/信任/可预测","Gate / conditional","N3-02/N3-06","当「当前收入与经济稳定」进入「结婚/建立家庭」的「孩子/生育/教育」，遇到「生育/育儿转折」时，对重视「安全/信任/可预测」的人意味着什么？","generated_by_constrained_mapping","unreviewed"
"CC-00201","PF-A06","当前收入与经济稳定","SC-S2-06","孩子/生育/教育","SC-S1-05","结婚/建立家庭","SC-S3-06","生育/育儿转折","NF-N1-07","公平/可靠/合作","Conditional / gate","N3-02/N3-03","当「当前收入与经济稳定」进入「结婚/建立家庭」的「孩子/生育/教育」，遇到「生育/育儿转折」时，对重视「公平/可靠/合作」的人意味着什么？","generated_by_constrained_mapping","unreviewed"
"CC-00202","PF-A06","当前收入与经济稳定","SC-S2-06","孩子/生育/教育","SC-S1-05","结婚/建立家庭","SC-S3-01","工作时间突变","NF-N1-06","经济/物质安全","Threshold + diminishing return","N3-03/N3-06","当「当前收入与经济稳定」进入「结婚/建立家庭」的「孩子/生育/教育」，遇到「工作时间突变」时，对重视「经济/物质安全」的人意味着什么？","generated_by_constrained_mapping","unreviewed"
"CC-00203","PF-A06","当前收入与经济稳定","SC-S2-06","孩子/生育/教育","SC-S1-05","结婚/建立家庭","SC-S3-01","工作时间突变","NF-N1-05","安全/信任/可预测","Gate / conditional","N3-02/N3-06","当「当前收入与经济稳定」进入「结婚/建立家庭」的「孩子/生育/教育」，遇到「工作时间突变」时，对重视「安全/信任/可预测」的人意味着什么？","generated_by_constrained_mapping","unreviewed"
"CC-00204","PF-A06","当前收入与经济稳定","SC-S2-06","孩子/生育/教育","SC-S1-05","结婚/建立家庭","SC-S3-01","工作时间突变","NF-N1-07","公平/可靠/合作","Conditional / gate","N3-02/N3-03","当「当前收入与经济稳定」进入「结婚/建立家庭」的「孩子/生育/教育」，遇到「工作时间突变」时，对重视「公平/可靠/合作」的人意味着什么？","generated_by_constrained_mapping","unreviewed"
"CC-00205","PF-A06","当前收入与经济稳定","SC-S2-06","孩子/生育/教育","SC-S1-07","婴幼儿照护","SC-S3-06","生育/育儿转折","NF-N1-06","经济/物质安全","Threshold + diminishing return","N3-03/N3-06","当「当前收入与经济稳定」进入「婴幼儿照护」的「孩子/生育/教育」，遇到「生育/育儿转折」时，对重视「经济/物质安全」的人意味着什么？","generated_by_constrained_mapping","unreviewed"
"CC-00206","PF-A06","当前收入与经济稳定","SC-S2-06","孩子/生育/教育","SC-S1-07","婴幼儿照护","SC-S3-06","生育/育儿转折","NF-N1-05","安全/信任/可预测","Gate / conditional","N3-02/N3-06","当「当前收入与经济稳定」进入「婴幼儿照护」的「孩子/生育/教育」，遇到「生育/育儿转折」时，对重视「安全/信任/可预测」的人意味着什么？","generated_by_constrained_mapping","unreviewed"
"CC-00207","PF-A06","当前收入与经济稳定","SC-S2-06","孩子/生育/教育","SC-S1-07","婴幼儿照护","SC-S3-06","生育/育儿转折","NF-N1-07","公平/可靠/合作","Conditional / gate","N3-02/N3-03","当「当前收入与经济稳定」进入「婴幼儿照护」的「孩子/生育/教育」，遇到「生育/育儿转折」时，对重视「公平/可靠/合作」的人意味着什么？","generated_by_constrained_mapping","unreviewed"
"CC-00208","PF-A06","当前收入与经济稳定","SC-S2-06","孩子/生育/教育","SC-S1-07","婴幼儿照护","SC-S3-01","工作时间突变","NF-N1-06","经济/物质安全","Threshold + diminishing return","N3-03/N3-06","当「当前收入与经济稳定」进入「婴幼儿照护」的「孩子/生育/教育」，遇到「工作时间突变」时，对重视「经济/物质安全」的人意味着什么？","generated_by_constrained_mapping","unreviewed"
"CC-00209","PF-A06","当前收入与经济稳定","SC-S2-06","孩子/生育/教育","SC-S1-07","婴幼儿照护","SC-S3-01","工作时间突变","NF-N1-05","安全/信任/可预测","Gate / conditional","N3-02/N3-06","当「当前收入与经济稳定」进入「婴幼儿照护」的「孩子/生育/教育」，遇到「工作时间突变」时，对重视「安全/信任/可预测」的人意味着什么？","generated_by_constrained_mapping","unreviewed"
"CC-00210","PF-A06","当前收入与经济稳定","SC-S2-06","孩子/生育/教育","SC-S1-07","婴幼儿照护","SC-S3-01","工作时间突变","NF-N1-07","公平/可靠/合作","Conditional / gate","N3-02/N3-03","当「当前收入与经济稳定」进入「婴幼儿照护」的「孩子/生育/教育」，遇到「工作时间突变」时，对重视「公平/可靠/合作」的人意味着什么？","generated_by_constrained_mapping","unreviewed"
"CC-00211","PF-A06","当前收入与经济稳定","SC-S2-06","孩子/生育/教育","SC-S1-08","孩子成长/教育","SC-S3-06","生育/育儿转折","NF-N1-06","经济/物质安全","Threshold + diminishing return","N3-03/N3-06","当「当前收入与经济稳定」进入「孩子成长/教育」的「孩子/生育/教育」，遇到「生育/育儿转折」时，对重视「经济/物质安全」的人意味着什么？","generated_by_constrained_mapping","unreviewed"
"CC-00212","PF-A06","当前收入与经济稳定","SC-S2-06","孩子/生育/教育","SC-S1-08","孩子成长/教育","SC-S3-06","生育/育儿转折","NF-N1-05","安全/信任/可预测","Gate / conditional","N3-02/N3-06","当「当前收入与经济稳定」进入「孩子成长/教育」的「孩子/生育/教育」，遇到「生育/育儿转折」时，对重视「安全/信任/可预测」的人意味着什么？","generated_by_constrained_mapping","unreviewed"
"CC-00213","PF-A06","当前收入与经济稳定","SC-S2-06","孩子/生育/教育","SC-S1-08","孩子成长/教育","SC-S3-06","生育/育儿转折","NF-N1-07","公平/可靠/合作","Conditional / gate","N3-02/N3-03","当「当前收入与经济稳定」进入「孩子成长/教育」的「孩子/生育/教育」，遇到「生育/育儿转折」时，对重视「公平/可靠/合作」的人意味着什么？","generated_by_constrained_mapping","unreviewed"
"CC-00214","PF-A06","当前收入与经济稳定","SC-S2-06","孩子/生育/教育","SC-S1-08","孩子成长/教育","SC-S3-01","工作时间突变","NF-N1-06","经济/物质安全","Threshold + diminishing return","N3-03/N3-06","当「当前收入与经济稳定」进入「孩子成长/教育」的「孩子/生育/教育」，遇到「工作时间突变」时，对重视「经济/物质安全」的人意味着什么？","generated_by_constrained_mapping","unreviewed"
"CC-00215","PF-A06","当前收入与经济稳定","SC-S2-06","孩子/生育/教育","SC-S1-08","孩子成长/教育","SC-S3-01","工作时间突变","NF-N1-05","安全/信任/可预测","Gate / conditional","N3-02/N3-06","当「当前收入与经济稳定」进入「孩子成长/教育」的「孩子/生育/教育」，遇到「工作时间突变」时，对重视「安全/信任/可预测」的人意味着什么？","generated_by_constrained_mapping","unreviewed"
"CC-00216","PF-A06","当前收入与经济稳定","SC-S2-06","孩子/生育/教育","SC-S1-08","孩子成长/教育","SC-S3-01","工作时间突变","NF-N1-07","公平/可靠/合作","Conditional / gate","N3-02/N3-03","当「当前收入与经济稳定」进入「孩子成长/教育」的「孩子/生育/教育」，遇到「工作时间突变」时，对重视「公平/可靠/合作」的人意味着什么？","generated_by_constrained_mapping","unreviewed"
"CC-00217","PF-A07","住房与资产","SC-S2-04","房/居住/地点","SC-S1-03","稳定交往","SC-S3-04","大额财务事件","NF-N1-06","经济/物质安全","Threshold + diminishing return","N3-03/N3-06","当「住房与资产」进入「稳定交往」的「房/居住/地点」，遇到「大额财务事件」时，对重视「经济/物质安全」的人意味着什么？","generated_by_constrained_mapping","unreviewed"
"CC-00218","PF-A07","住房与资产","SC-S2-04","房/居住/地点","SC-S1-03","稳定交往","SC-S3-04","大额财务事件","NF-N1-05","安全/信任/可预测","Gate / conditional","N3-02/N3-06","当「住房与资产」进入「稳定交往」的「房/居住/地点」，遇到「大额财务事件」时，对重视「安全/信任/可预测」的人意味着什么？","generated_by_constrained_mapping","unreviewed"
"CC-00219","PF-A07","住房与资产","SC-S2-04","房/居住/地点","SC-S1-03","稳定交往","SC-S3-04","大额财务事件","NF-N1-11","家庭投入/家庭边界","Fit / conditional","N3-03/N3-04","当「住房与资产」进入「稳定交往」的「房/居住/地点」，遇到「大额财务事件」时，对重视「家庭投入/家庭边界」的人意味着什么？","generated_by_constrained_mapping","unreviewed"
"CC-00220","PF-A07","住房与资产","SC-S2-04","房/居住/地点","SC-S1-03","稳定交往","SC-S3-05","居住/迁移变化","NF-N1-06","经济/物质安全","Threshold + diminishing return","N3-03/N3-06","当「住房与资产」进入「稳定交往」的「房/居住/地点」，遇到「居住/迁移变化」时，对重视「经济/物质安全」的人意味着什么？","generated_by_constrained_mapping","unreviewed"
"CC-00221","PF-A07","住房与资产","SC-S2-04","房/居住/地点","SC-S1-03","稳定交往","SC-S3-05","居住/迁移变化","NF-N1-05","安全/信任/可预测","Gate / conditional","N3-02/N3-06","当「住房与资产」进入「稳定交往」的「房/居住/地点」，遇到「居住/迁移变化」时，对重视「安全/信任/可预测」的人意味着什么？","generated_by_constrained_mapping","unreviewed"
"CC-00222","PF-A07","住房与资产","SC-S2-04","房/居住/地点","SC-S1-03","稳定交往","SC-S3-05","居住/迁移变化","NF-N1-11","家庭投入/家庭边界","Fit / conditional","N3-03/N3-04","当「住房与资产」进入「稳定交往」的「房/居住/地点」，遇到「居住/迁移变化」时，对重视「家庭投入/家庭边界」的人意味着什么？","generated_by_constrained_mapping","unreviewed"
"CC-00223","PF-A07","住房与资产","SC-S2-04","房/居住/地点","SC-S1-05","结婚/建立家庭","SC-S3-04","大额财务事件","NF-N1-06","经济/物质安全","Threshold + diminishing return","N3-03/N3-06","当「住房与资产」进入「结婚/建立家庭」的「房/居住/地点」，遇到「大额财务事件」时，对重视「经济/物质安全」的人意味着什么？","generated_by_constrained_mapping","unreviewed"
"CC-00224","PF-A07","住房与资产","SC-S2-04","房/居住/地点","SC-S1-05","结婚/建立家庭","SC-S3-04","大额财务事件","NF-N1-05","安全/信任/可预测","Gate / conditional","N3-02/N3-06","当「住房与资产」进入「结婚/建立家庭」的「房/居住/地点」，遇到「大额财务事件」时，对重视「安全/信任/可预测」的人意味着什么？","generated_by_constrained_mapping","unreviewed"
"CC-00225","PF-A07","住房与资产","SC-S2-04","房/居住/地点","SC-S1-05","结婚/建立家庭","SC-S3-04","大额财务事件","NF-N1-11","家庭投入/家庭边界","Fit / conditional","N3-03/N3-04","当「住房与资产」进入「结婚/建立家庭」的「房/居住/地点」，遇到「大额财务事件」时，对重视「家庭投入/家庭边界」的人意味着什么？","generated_by_constrained_mapping","unreviewed"
"CC-00226","PF-A07","住房与资产","SC-S2-04","房/居住/地点","SC-S1-05","结婚/建立家庭","SC-S3-05","居住/迁移变化","NF-N1-06","经济/物质安全","Threshold + diminishing return","N3-03/N3-06","当「住房与资产」进入「结婚/建立家庭」的「房/居住/地点」，遇到「居住/迁移变化」时，对重视「经济/物质安全」的人意味着什么？","generated_by_constrained_mapping","unreviewed"
"CC-00227","PF-A07","住房与资产","SC-S2-04","房/居住/地点","SC-S1-05","结婚/建立家庭","SC-S3-05","居住/迁移变化","NF-N1-05","安全/信任/可预测","Gate / conditional","N3-02/N3-06","当「住房与资产」进入「结婚/建立家庭」的「房/居住/地点」，遇到「居住/迁移变化」时，对重视「安全/信任/可预测」的人意味着什么？","generated_by_constrained_mapping","unreviewed"
"CC-00228","PF-A07","住房与资产","SC-S2-04","房/居住/地点","SC-S1-05","结婚/建立家庭","SC-S3-05","居住/迁移变化","NF-N1-11","家庭投入/家庭边界","Fit / conditional","N3-03/N3-04","当「住房与资产」进入「结婚/建立家庭」的「房/居住/地点」，遇到「居住/迁移变化」时，对重视「家庭投入/家庭边界」的人意味着什么？","generated_by_constrained_mapping","unreviewed"
"CC-00229","PF-A07","住房与资产","SC-S2-04","房/居住/地点","SC-S1-09","中年多重责任","SC-S3-04","大额财务事件","NF-N1-06","经济/物质安全","Threshold + diminishing return","N3-03/N3-06","当「住房与资产」进入「中年多重责任」的「房/居住/地点」，遇到「大额财务事件」时，对重视「经济/物质安全」的人意味着什么？","generated_by_constrained_mapping","unreviewed"
"CC-00230","PF-A07","住房与资产","SC-S2-04","房/居住/地点","SC-S1-09","中年多重责任","SC-S3-04","大额财务事件","NF-N1-05","安全/信任/可预测","Gate / conditional","N3-02/N3-06","当「住房与资产」进入「中年多重责任」的「房/居住/地点」，遇到「大额财务事件」时，对重视「安全/信任/可预测」的人意味着什么？","generated_by_constrained_mapping","unreviewed"
"CC-00231","PF-A07","住房与资产","SC-S2-04","房/居住/地点","SC-S1-09","中年多重责任","SC-S3-04","大额财务事件","NF-N1-11","家庭投入/家庭边界","Fit / conditional","N3-03/N3-04","当「住房与资产」进入「中年多重责任」的「房/居住/地点」，遇到「大额财务事件」时，对重视「家庭投入/家庭边界」的人意味着什么？","generated_by_constrained_mapping","unreviewed"
"CC-00232","PF-A07","住房与资产","SC-S2-04","房/居住/地点","SC-S1-09","中年多重责任","SC-S3-05","居住/迁移变化","NF-N1-06","经济/物质安全","Threshold + diminishing return","N3-03/N3-06","当「住房与资产」进入「中年多重责任」的「房/居住/地点」，遇到「居住/迁移变化」时，对重视「经济/物质安全」的人意味着什么？","generated_by_constrained_mapping","unreviewed"
"CC-00233","PF-A07","住房与资产","SC-S2-04","房/居住/地点","SC-S1-09","中年多重责任","SC-S3-05","居住/迁移变化","NF-N1-05","安全/信任/可预测","Gate / conditional","N3-02/N3-06","当「住房与资产」进入「中年多重责任」的「房/居住/地点」，遇到「居住/迁移变化」时，对重视「安全/信任/可预测」的人意味着什么？","generated_by_constrained_mapping","unreviewed"
"CC-00234","PF-A07","住房与资产","SC-S2-04","房/居住/地点","SC-S1-09","中年多重责任","SC-S3-05","居住/迁移变化","NF-N1-11","家庭投入/家庭边界","Fit / conditional","N3-03/N3-04","当「住房与资产」进入「中年多重责任」的「房/居住/地点」，遇到「居住/迁移变化」时，对重视「家庭投入/家庭边界」的人意味着什么？","generated_by_constrained_mapping","unreviewed"
"CC-00235","PF-A07","住房与资产","SC-S2-03","钱/财务","SC-S1-03","稳定交往","SC-S3-03","失业/收入下降","NF-N1-06","经济/物质安全","Threshold + diminishing return","N3-03/N3-06","当「住房与资产」进入「稳定交往」的「钱/财务」，遇到「失业/收入下降」时，对重视「经济/物质安全」的人意味着什么？","generated_by_constrained_mapping","unreviewed"
"CC-00236","PF-A07","住房与资产","SC-S2-03","钱/财务","SC-S1-03","稳定交往","SC-S3-03","失业/收入下降","NF-N1-05","安全/信任/可预测","Gate / conditional","N3-02/N3-06","当「住房与资产」进入「稳定交往」的「钱/财务」，遇到「失业/收入下降」时，对重视「安全/信任/可预测」的人意味着什么？","generated_by_constrained_mapping","unreviewed"
"CC-00237","PF-A07","住房与资产","SC-S2-03","钱/财务","SC-S1-03","稳定交往","SC-S3-03","失业/收入下降","NF-N1-11","家庭投入/家庭边界","Fit / conditional","N3-03/N3-04","当「住房与资产」进入「稳定交往」的「钱/财务」，遇到「失业/收入下降」时，对重视「家庭投入/家庭边界」的人意味着什么？","generated_by_constrained_mapping","unreviewed"
"CC-00238","PF-A07","住房与资产","SC-S2-03","钱/财务","SC-S1-03","稳定交往","SC-S3-04","大额财务事件","NF-N1-06","经济/物质安全","Threshold + diminishing return","N3-03/N3-06","当「住房与资产」进入「稳定交往」的「钱/财务」，遇到「大额财务事件」时，对重视「经济/物质安全」的人意味着什么？","generated_by_constrained_mapping","unreviewed"
"CC-00239","PF-A07","住房与资产","SC-S2-03","钱/财务","SC-S1-03","稳定交往","SC-S3-04","大额财务事件","NF-N1-05","安全/信任/可预测","Gate / conditional","N3-02/N3-06","当「住房与资产」进入「稳定交往」的「钱/财务」，遇到「大额财务事件」时，对重视「安全/信任/可预测」的人意味着什么？","generated_by_constrained_mapping","unreviewed"
"CC-00240","PF-A07","住房与资产","SC-S2-03","钱/财务","SC-S1-03","稳定交往","SC-S3-04","大额财务事件","NF-N1-11","家庭投入/家庭边界","Fit / conditional","N3-03/N3-04","当「住房与资产」进入「稳定交往」的「钱/财务」，遇到「大额财务事件」时，对重视「家庭投入/家庭边界」的人意味着什么？","generated_by_constrained_mapping","unreviewed"
"CC-00241","PF-A07","住房与资产","SC-S2-03","钱/财务","SC-S1-05","结婚/建立家庭","SC-S3-03","失业/收入下降","NF-N1-06","经济/物质安全","Threshold + diminishing return","N3-03/N3-06","当「住房与资产」进入「结婚/建立家庭」的「钱/财务」，遇到「失业/收入下降」时，对重视「经济/物质安全」的人意味着什么？","generated_by_constrained_mapping","unreviewed"
"CC-00242","PF-A07","住房与资产","SC-S2-03","钱/财务","SC-S1-05","结婚/建立家庭","SC-S3-03","失业/收入下降","NF-N1-05","安全/信任/可预测","Gate / conditional","N3-02/N3-06","当「住房与资产」进入「结婚/建立家庭」的「钱/财务」，遇到「失业/收入下降」时，对重视「安全/信任/可预测」的人意味着什么？","generated_by_constrained_mapping","unreviewed"
"CC-00243","PF-A07","住房与资产","SC-S2-03","钱/财务","SC-S1-05","结婚/建立家庭","SC-S3-03","失业/收入下降","NF-N1-11","家庭投入/家庭边界","Fit / conditional","N3-03/N3-04","当「住房与资产」进入「结婚/建立家庭」的「钱/财务」，遇到「失业/收入下降」时，对重视「家庭投入/家庭边界」的人意味着什么？","generated_by_constrained_mapping","unreviewed"
"CC-00244","PF-A07","住房与资产","SC-S2-03","钱/财务","SC-S1-05","结婚/建立家庭","SC-S3-04","大额财务事件","NF-N1-06","经济/物质安全","Threshold + diminishing return","N3-03/N3-06","当「住房与资产」进入「结婚/建立家庭」的「钱/财务」，遇到「大额财务事件」时，对重视「经济/物质安全」的人意味着什么？","generated_by_constrained_mapping","unreviewed"
"CC-00245","PF-A07","住房与资产","SC-S2-03","钱/财务","SC-S1-05","结婚/建立家庭","SC-S3-04","大额财务事件","NF-N1-05","安全/信任/可预测","Gate / conditional","N3-02/N3-06","当「住房与资产」进入「结婚/建立家庭」的「钱/财务」，遇到「大额财务事件」时，对重视「安全/信任/可预测」的人意味着什么？","generated_by_constrained_mapping","unreviewed"
"CC-00246","PF-A07","住房与资产","SC-S2-03","钱/财务","SC-S1-05","结婚/建立家庭","SC-S3-04","大额财务事件","NF-N1-11","家庭投入/家庭边界","Fit / conditional","N3-03/N3-04","当「住房与资产」进入「结婚/建立家庭」的「钱/财务」，遇到「大额财务事件」时，对重视「家庭投入/家庭边界」的人意味着什么？","generated_by_constrained_mapping","unreviewed"
"CC-00247","PF-A07","住房与资产","SC-S2-03","钱/财务","SC-S1-07","婴幼儿照护","SC-S3-03","失业/收入下降","NF-N1-06","经济/物质安全","Threshold + diminishing return","N3-03/N3-06","当「住房与资产」进入「婴幼儿照护」的「钱/财务」，遇到「失业/收入下降」时，对重视「经济/物质安全」的人意味着什么？","generated_by_constrained_mapping","unreviewed"
"CC-00248","PF-A07","住房与资产","SC-S2-03","钱/财务","SC-S1-07","婴幼儿照护","SC-S3-03","失业/收入下降","NF-N1-05","安全/信任/可预测","Gate / conditional","N3-02/N3-06","当「住房与资产」进入「婴幼儿照护」的「钱/财务」，遇到「失业/收入下降」时，对重视「安全/信任/可预测」的人意味着什么？","generated_by_constrained_mapping","unreviewed"
"CC-00249","PF-A07","住房与资产","SC-S2-03","钱/财务","SC-S1-07","婴幼儿照护","SC-S3-03","失业/收入下降","NF-N1-11","家庭投入/家庭边界","Fit / conditional","N3-03/N3-04","当「住房与资产」进入「婴幼儿照护」的「钱/财务」，遇到「失业/收入下降」时，对重视「家庭投入/家庭边界」的人意味着什么？","generated_by_constrained_mapping","unreviewed"
"CC-00250","PF-A07","住房与资产","SC-S2-03","钱/财务","SC-S1-07","婴幼儿照护","SC-S3-04","大额财务事件","NF-N1-06","经济/物质安全","Threshold + diminishing return","N3-03/N3-06","当「住房与资产」进入「婴幼儿照护」的「钱/财务」，遇到「大额财务事件」时，对重视「经济/物质安全」的人意味着什么？","generated_by_constrained_mapping","unreviewed"
"CC-00251","PF-A07","住房与资产","SC-S2-03","钱/财务","SC-S1-07","婴幼儿照护","SC-S3-04","大额财务事件","NF-N1-05","安全/信任/可预测","Gate / conditional","N3-02/N3-06","当「住房与资产」进入「婴幼儿照护」的「钱/财务」，遇到「大额财务事件」时，对重视「安全/信任/可预测」的人意味着什么？","generated_by_constrained_mapping","unreviewed"
"CC-00252","PF-A07","住房与资产","SC-S2-03","钱/财务","SC-S1-07","婴幼儿照护","SC-S3-04","大额财务事件","NF-N1-11","家庭投入/家庭边界","Fit / conditional","N3-03/N3-04","当「住房与资产」进入「婴幼儿照护」的「钱/财务」，遇到「大额财务事件」时，对重视「家庭投入/家庭边界」的人意味着什么？","generated_by_constrained_mapping","unreviewed"
"CC-00253","PF-A07","住房与资产","SC-S2-07","双方父母/原生家庭","SC-S1-05","结婚/建立家庭","SC-S3-07","父母责任变化","NF-N1-06","经济/物质安全","Threshold + diminishing return","N3-03/N3-06","当「住房与资产」进入「结婚/建立家庭」的「双方父母/原生家庭」，遇到「父母责任变化」时，对重视「经济/物质安全」的人意味着什么？","generated_by_constrained_mapping","unreviewed"
"CC-00254","PF-A07","住房与资产","SC-S2-07","双方父母/原生家庭","SC-S1-05","结婚/建立家庭","SC-S3-07","父母责任变化","NF-N1-05","安全/信任/可预测","Gate / conditional","N3-02/N3-06","当「住房与资产」进入「结婚/建立家庭」的「双方父母/原生家庭」，遇到「父母责任变化」时，对重视「安全/信任/可预测」的人意味着什么？","generated_by_constrained_mapping","unreviewed"
"CC-00255","PF-A07","住房与资产","SC-S2-07","双方父母/原生家庭","SC-S1-05","结婚/建立家庭","SC-S3-07","父母责任变化","NF-N1-11","家庭投入/家庭边界","Fit / conditional","N3-03/N3-04","当「住房与资产」进入「结婚/建立家庭」的「双方父母/原生家庭」，遇到「父母责任变化」时，对重视「家庭投入/家庭边界」的人意味着什么？","generated_by_constrained_mapping","unreviewed"
"CC-00256","PF-A07","住房与资产","SC-S2-07","双方父母/原生家庭","SC-S1-05","结婚/建立家庭","SC-S3-05","居住/迁移变化","NF-N1-06","经济/物质安全","Threshold + diminishing return","N3-03/N3-06","当「住房与资产」进入「结婚/建立家庭」的「双方父母/原生家庭」，遇到「居住/迁移变化」时，对重视「经济/物质安全」的人意味着什么？","generated_by_constrained_mapping","unreviewed"
"CC-00257","PF-A07","住房与资产","SC-S2-07","双方父母/原生家庭","SC-S1-05","结婚/建立家庭","SC-S3-05","居住/迁移变化","NF-N1-05","安全/信任/可预测","Gate / conditional","N3-02/N3-06","当「住房与资产」进入「结婚/建立家庭」的「双方父母/原生家庭」，遇到「居住/迁移变化」时，对重视「安全/信任/可预测」的人意味着什么？","generated_by_constrained_mapping","unreviewed"
"CC-00258","PF-A07","住房与资产","SC-S2-07","双方父母/原生家庭","SC-S1-05","结婚/建立家庭","SC-S3-05","居住/迁移变化","NF-N1-11","家庭投入/家庭边界","Fit / conditional","N3-03/N3-04","当「住房与资产」进入「结婚/建立家庭」的「双方父母/原生家庭」，遇到「居住/迁移变化」时，对重视「家庭投入/家庭边界」的人意味着什么？","generated_by_constrained_mapping","unreviewed"
"CC-00259","PF-A07","住房与资产","SC-S2-07","双方父母/原生家庭","SC-S1-07","婴幼儿照护","SC-S3-07","父母责任变化","NF-N1-06","经济/物质安全","Threshold + diminishing return","N3-03/N3-06","当「住房与资产」进入「婴幼儿照护」的「双方父母/原生家庭」，遇到「父母责任变化」时，对重视「经济/物质安全」的人意味着什么？","generated_by_constrained_mapping","unreviewed"
"CC-00260","PF-A07","住房与资产","SC-S2-07","双方父母/原生家庭","SC-S1-07","婴幼儿照护","SC-S3-07","父母责任变化","NF-N1-05","安全/信任/可预测","Gate / conditional","N3-02/N3-06","当「住房与资产」进入「婴幼儿照护」的「双方父母/原生家庭」，遇到「父母责任变化」时，对重视「安全/信任/可预测」的人意味着什么？","generated_by_constrained_mapping","unreviewed"
"CC-00261","PF-A07","住房与资产","SC-S2-07","双方父母/原生家庭","SC-S1-07","婴幼儿照护","SC-S3-07","父母责任变化","NF-N1-11","家庭投入/家庭边界","Fit / conditional","N3-03/N3-04","当「住房与资产」进入「婴幼儿照护」的「双方父母/原生家庭」，遇到「父母责任变化」时，对重视「家庭投入/家庭边界」的人意味着什么？","generated_by_constrained_mapping","unreviewed"
"CC-00262","PF-A07","住房与资产","SC-S2-07","双方父母/原生家庭","SC-S1-07","婴幼儿照护","SC-S3-05","居住/迁移变化","NF-N1-06","经济/物质安全","Threshold + diminishing return","N3-03/N3-06","当「住房与资产」进入「婴幼儿照护」的「双方父母/原生家庭」，遇到「居住/迁移变化」时，对重视「经济/物质安全」的人意味着什么？","generated_by_constrained_mapping","unreviewed"
"CC-00263","PF-A07","住房与资产","SC-S2-07","双方父母/原生家庭","SC-S1-07","婴幼儿照护","SC-S3-05","居住/迁移变化","NF-N1-05","安全/信任/可预测","Gate / conditional","N3-02/N3-06","当「住房与资产」进入「婴幼儿照护」的「双方父母/原生家庭」，遇到「居住/迁移变化」时，对重视「安全/信任/可预测」的人意味着什么？","generated_by_constrained_mapping","unreviewed"
"CC-00264","PF-A07","住房与资产","SC-S2-07","双方父母/原生家庭","SC-S1-07","婴幼儿照护","SC-S3-05","居住/迁移变化","NF-N1-11","家庭投入/家庭边界","Fit / conditional","N3-03/N3-04","当「住房与资产」进入「婴幼儿照护」的「双方父母/原生家庭」，遇到「居住/迁移变化」时，对重视「家庭投入/家庭边界」的人意味着什么？","generated_by_constrained_mapping","unreviewed"
"CC-00265","PF-A07","住房与资产","SC-S2-07","双方父母/原生家庭","SC-S1-09","中年多重责任","SC-S3-07","父母责任变化","NF-N1-06","经济/物质安全","Threshold + diminishing return","N3-03/N3-06","当「住房与资产」进入「中年多重责任」的「双方父母/原生家庭」，遇到「父母责任变化」时，对重视「经济/物质安全」的人意味着什么？","generated_by_constrained_mapping","unreviewed"
"CC-00266","PF-A07","住房与资产","SC-S2-07","双方父母/原生家庭","SC-S1-09","中年多重责任","SC-S3-07","父母责任变化","NF-N1-05","安全/信任/可预测","Gate / conditional","N3-02/N3-06","当「住房与资产」进入「中年多重责任」的「双方父母/原生家庭」，遇到「父母责任变化」时，对重视「安全/信任/可预测」的人意味着什么？","generated_by_constrained_mapping","unreviewed"
"CC-00267","PF-A07","住房与资产","SC-S2-07","双方父母/原生家庭","SC-S1-09","中年多重责任","SC-S3-07","父母责任变化","NF-N1-11","家庭投入/家庭边界","Fit / conditional","N3-03/N3-04","当「住房与资产」进入「中年多重责任」的「双方父母/原生家庭」，遇到「父母责任变化」时，对重视「家庭投入/家庭边界」的人意味着什么？","generated_by_constrained_mapping","unreviewed"
"CC-00268","PF-A07","住房与资产","SC-S2-07","双方父母/原生家庭","SC-S1-09","中年多重责任","SC-S3-05","居住/迁移变化","NF-N1-06","经济/物质安全","Threshold + diminishing return","N3-03/N3-06","当「住房与资产」进入「中年多重责任」的「双方父母/原生家庭」，遇到「居住/迁移变化」时，对重视「经济/物质安全」的人意味着什么？","generated_by_constrained_mapping","unreviewed"
"CC-00269","PF-A07","住房与资产","SC-S2-07","双方父母/原生家庭","SC-S1-09","中年多重责任","SC-S3-05","居住/迁移变化","NF-N1-05","安全/信任/可预测","Gate / conditional","N3-02/N3-06","当「住房与资产」进入「中年多重责任」的「双方父母/原生家庭」，遇到「居住/迁移变化」时，对重视「安全/信任/可预测」的人意味着什么？","generated_by_constrained_mapping","unreviewed"
"CC-00270","PF-A07","住房与资产","SC-S2-07","双方父母/原生家庭","SC-S1-09","中年多重责任","SC-S3-05","居住/迁移变化","NF-N1-11","家庭投入/家庭边界","Fit / conditional","N3-03/N3-04","当「住房与资产」进入「中年多重责任」的「双方父母/原生家庭」，遇到「居住/迁移变化」时，对重视「家庭投入/家庭边界」的人意味着什么？","generated_by_constrained_mapping","unreviewed"
"CC-00271","PF-A08","家庭经济与支持资源","SC-S2-07","双方父母/原生家庭","SC-S1-05","结婚/建立家庭","SC-S3-07","父母责任变化","NF-N1-06","经济/物质安全","Threshold + diminishing return","N3-03/N3-06","当「家庭经济与支持资源」进入「结婚/建立家庭」的「双方父母/原生家庭」，遇到「父母责任变化」时，对重视「经济/物质安全」的人意味着什么？","generated_by_constrained_mapping","unreviewed"
"CC-00272","PF-A08","家庭经济与支持资源","SC-S2-07","双方父母/原生家庭","SC-S1-05","结婚/建立家庭","SC-S3-07","父母责任变化","NF-N1-11","家庭投入/家庭边界","Fit / conditional","N3-03/N3-04","当「家庭经济与支持资源」进入「结婚/建立家庭」的「双方父母/原生家庭」，遇到「父母责任变化」时，对重视「家庭投入/家庭边界」的人意味着什么？","generated_by_constrained_mapping","unreviewed"
"CC-00273","PF-A08","家庭经济与支持资源","SC-S2-07","双方父母/原生家庭","SC-S1-05","结婚/建立家庭","SC-S3-07","父母责任变化","NF-N1-07","公平/可靠/合作","Conditional / gate","N3-02/N3-03","当「家庭经济与支持资源」进入「结婚/建立家庭」的「双方父母/原生家庭」，遇到「父母责任变化」时，对重视「公平/可靠/合作」的人意味着什么？","generated_by_constrained_mapping","unreviewed"
"CC-00274","PF-A08","家庭经济与支持资源","SC-S2-07","双方父母/原生家庭","SC-S1-05","结婚/建立家庭","SC-S3-05","居住/迁移变化","NF-N1-06","经济/物质安全","Threshold + diminishing return","N3-03/N3-06","当「家庭经济与支持资源」进入「结婚/建立家庭」的「双方父母/原生家庭」，遇到「居住/迁移变化」时，对重视「经济/物质安全」的人意味着什么？","generated_by_constrained_mapping","unreviewed"
"CC-00275","PF-A08","家庭经济与支持资源","SC-S2-07","双方父母/原生家庭","SC-S1-05","结婚/建立家庭","SC-S3-05","居住/迁移变化","NF-N1-11","家庭投入/家庭边界","Fit / conditional","N3-03/N3-04","当「家庭经济与支持资源」进入「结婚/建立家庭」的「双方父母/原生家庭」，遇到「居住/迁移变化」时，对重视「家庭投入/家庭边界」的人意味着什么？","generated_by_constrained_mapping","unreviewed"
"CC-00276","PF-A08","家庭经济与支持资源","SC-S2-07","双方父母/原生家庭","SC-S1-05","结婚/建立家庭","SC-S3-05","居住/迁移变化","NF-N1-07","公平/可靠/合作","Conditional / gate","N3-02/N3-03","当「家庭经济与支持资源」进入「结婚/建立家庭」的「双方父母/原生家庭」，遇到「居住/迁移变化」时，对重视「公平/可靠/合作」的人意味着什么？","generated_by_constrained_mapping","unreviewed"
"CC-00277","PF-A08","家庭经济与支持资源","SC-S2-07","双方父母/原生家庭","SC-S1-07","婴幼儿照护","SC-S3-07","父母责任变化","NF-N1-06","经济/物质安全","Threshold + diminishing return","N3-03/N3-06","当「家庭经济与支持资源」进入「婴幼儿照护」的「双方父母/原生家庭」，遇到「父母责任变化」时，对重视「经济/物质安全」的人意味着什么？","generated_by_constrained_mapping","unreviewed"
"CC-00278","PF-A08","家庭经济与支持资源","SC-S2-07","双方父母/原生家庭","SC-S1-07","婴幼儿照护","SC-S3-07","父母责任变化","NF-N1-11","家庭投入/家庭边界","Fit / conditional","N3-03/N3-04","当「家庭经济与支持资源」进入「婴幼儿照护」的「双方父母/原生家庭」，遇到「父母责任变化」时，对重视「家庭投入/家庭边界」的人意味着什么？","generated_by_constrained_mapping","unreviewed"
"CC-00279","PF-A08","家庭经济与支持资源","SC-S2-07","双方父母/原生家庭","SC-S1-07","婴幼儿照护","SC-S3-07","父母责任变化","NF-N1-07","公平/可靠/合作","Conditional / gate","N3-02/N3-03","当「家庭经济与支持资源」进入「婴幼儿照护」的「双方父母/原生家庭」，遇到「父母责任变化」时，对重视「公平/可靠/合作」的人意味着什么？","generated_by_constrained_mapping","unreviewed"
"CC-00280","PF-A08","家庭经济与支持资源","SC-S2-07","双方父母/原生家庭","SC-S1-07","婴幼儿照护","SC-S3-05","居住/迁移变化","NF-N1-06","经济/物质安全","Threshold + diminishing return","N3-03/N3-06","当「家庭经济与支持资源」进入「婴幼儿照护」的「双方父母/原生家庭」，遇到「居住/迁移变化」时，对重视「经济/物质安全」的人意味着什么？","generated_by_constrained_mapping","unreviewed"
"CC-00281","PF-A08","家庭经济与支持资源","SC-S2-07","双方父母/原生家庭","SC-S1-07","婴幼儿照护","SC-S3-05","居住/迁移变化","NF-N1-11","家庭投入/家庭边界","Fit / conditional","N3-03/N3-04","当「家庭经济与支持资源」进入「婴幼儿照护」的「双方父母/原生家庭」，遇到「居住/迁移变化」时，对重视「家庭投入/家庭边界」的人意味着什么？","generated_by_constrained_mapping","unreviewed"
"CC-00282","PF-A08","家庭经济与支持资源","SC-S2-07","双方父母/原生家庭","SC-S1-07","婴幼儿照护","SC-S3-05","居住/迁移变化","NF-N1-07","公平/可靠/合作","Conditional / gate","N3-02/N3-03","当「家庭经济与支持资源」进入「婴幼儿照护」的「双方父母/原生家庭」，遇到「居住/迁移变化」时，对重视「公平/可靠/合作」的人意味着什么？","generated_by_constrained_mapping","unreviewed"
"CC-00283","PF-A08","家庭经济与支持资源","SC-S2-07","双方父母/原生家庭","SC-S1-09","中年多重责任","SC-S3-07","父母责任变化","NF-N1-06","经济/物质安全","Threshold + diminishing return","N3-03/N3-06","当「家庭经济与支持资源」进入「中年多重责任」的「双方父母/原生家庭」，遇到「父母责任变化」时，对重视「经济/物质安全」的人意味着什么？","generated_by_constrained_mapping","unreviewed"
"CC-00284","PF-A08","家庭经济与支持资源","SC-S2-07","双方父母/原生家庭","SC-S1-09","中年多重责任","SC-S3-07","父母责任变化","NF-N1-11","家庭投入/家庭边界","Fit / conditional","N3-03/N3-04","当「家庭经济与支持资源」进入「中年多重责任」的「双方父母/原生家庭」，遇到「父母责任变化」时，对重视「家庭投入/家庭边界」的人意味着什么？","generated_by_constrained_mapping","unreviewed"
"CC-00285","PF-A08","家庭经济与支持资源","SC-S2-07","双方父母/原生家庭","SC-S1-09","中年多重责任","SC-S3-07","父母责任变化","NF-N1-07","公平/可靠/合作","Conditional / gate","N3-02/N3-03","当「家庭经济与支持资源」进入「中年多重责任」的「双方父母/原生家庭」，遇到「父母责任变化」时，对重视「公平/可靠/合作」的人意味着什么？","generated_by_constrained_mapping","unreviewed"
"CC-00286","PF-A08","家庭经济与支持资源","SC-S2-07","双方父母/原生家庭","SC-S1-09","中年多重责任","SC-S3-05","居住/迁移变化","NF-N1-06","经济/物质安全","Threshold + diminishing return","N3-03/N3-06","当「家庭经济与支持资源」进入「中年多重责任」的「双方父母/原生家庭」，遇到「居住/迁移变化」时，对重视「经济/物质安全」的人意味着什么？","generated_by_constrained_mapping","unreviewed"
"CC-00287","PF-A08","家庭经济与支持资源","SC-S2-07","双方父母/原生家庭","SC-S1-09","中年多重责任","SC-S3-05","居住/迁移变化","NF-N1-11","家庭投入/家庭边界","Fit / conditional","N3-03/N3-04","当「家庭经济与支持资源」进入「中年多重责任」的「双方父母/原生家庭」，遇到「居住/迁移变化」时，对重视「家庭投入/家庭边界」的人意味着什么？","generated_by_constrained_mapping","unreviewed"
"CC-00288","PF-A08","家庭经济与支持资源","SC-S2-07","双方父母/原生家庭","SC-S1-09","中年多重责任","SC-S3-05","居住/迁移变化","NF-N1-07","公平/可靠/合作","Conditional / gate","N3-02/N3-03","当「家庭经济与支持资源」进入「中年多重责任」的「双方父母/原生家庭」，遇到「居住/迁移变化」时，对重视「公平/可靠/合作」的人意味着什么？","generated_by_constrained_mapping","unreviewed"
"CC-00289","PF-A08","家庭经济与支持资源","SC-S2-03","钱/财务","SC-S1-03","稳定交往","SC-S3-03","失业/收入下降","NF-N1-06","经济/物质安全","Threshold + diminishing return","N3-03/N3-06","当「家庭经济与支持资源」进入「稳定交往」的「钱/财务」，遇到「失业/收入下降」时，对重视「经济/物质安全」的人意味着什么？","generated_by_constrained_mapping","unreviewed"
"CC-00290","PF-A08","家庭经济与支持资源","SC-S2-03","钱/财务","SC-S1-03","稳定交往","SC-S3-03","失业/收入下降","NF-N1-11","家庭投入/家庭边界","Fit / conditional","N3-03/N3-04","当「家庭经济与支持资源」进入「稳定交往」的「钱/财务」，遇到「失业/收入下降」时，对重视「家庭投入/家庭边界」的人意味着什么？","generated_by_constrained_mapping","unreviewed"
"CC-00291","PF-A08","家庭经济与支持资源","SC-S2-03","钱/财务","SC-S1-03","稳定交往","SC-S3-03","失业/收入下降","NF-N1-07","公平/可靠/合作","Conditional / gate","N3-02/N3-03","当「家庭经济与支持资源」进入「稳定交往」的「钱/财务」，遇到「失业/收入下降」时，对重视「公平/可靠/合作」的人意味着什么？","generated_by_constrained_mapping","unreviewed"
"CC-00292","PF-A08","家庭经济与支持资源","SC-S2-03","钱/财务","SC-S1-03","稳定交往","SC-S3-04","大额财务事件","NF-N1-06","经济/物质安全","Threshold + diminishing return","N3-03/N3-06","当「家庭经济与支持资源」进入「稳定交往」的「钱/财务」，遇到「大额财务事件」时，对重视「经济/物质安全」的人意味着什么？","generated_by_constrained_mapping","unreviewed"
"CC-00293","PF-A08","家庭经济与支持资源","SC-S2-03","钱/财务","SC-S1-03","稳定交往","SC-S3-04","大额财务事件","NF-N1-11","家庭投入/家庭边界","Fit / conditional","N3-03/N3-04","当「家庭经济与支持资源」进入「稳定交往」的「钱/财务」，遇到「大额财务事件」时，对重视「家庭投入/家庭边界」的人意味着什么？","generated_by_constrained_mapping","unreviewed"
"CC-00294","PF-A08","家庭经济与支持资源","SC-S2-03","钱/财务","SC-S1-03","稳定交往","SC-S3-04","大额财务事件","NF-N1-07","公平/可靠/合作","Conditional / gate","N3-02/N3-03","当「家庭经济与支持资源」进入「稳定交往」的「钱/财务」，遇到「大额财务事件」时，对重视「公平/可靠/合作」的人意味着什么？","generated_by_constrained_mapping","unreviewed"
"CC-00295","PF-A08","家庭经济与支持资源","SC-S2-03","钱/财务","SC-S1-05","结婚/建立家庭","SC-S3-03","失业/收入下降","NF-N1-06","经济/物质安全","Threshold + diminishing return","N3-03/N3-06","当「家庭经济与支持资源」进入「结婚/建立家庭」的「钱/财务」，遇到「失业/收入下降」时，对重视「经济/物质安全」的人意味着什么？","generated_by_constrained_mapping","unreviewed"
"CC-00296","PF-A08","家庭经济与支持资源","SC-S2-03","钱/财务","SC-S1-05","结婚/建立家庭","SC-S3-03","失业/收入下降","NF-N1-11","家庭投入/家庭边界","Fit / conditional","N3-03/N3-04","当「家庭经济与支持资源」进入「结婚/建立家庭」的「钱/财务」，遇到「失业/收入下降」时，对重视「家庭投入/家庭边界」的人意味着什么？","generated_by_constrained_mapping","unreviewed"
"CC-00297","PF-A08","家庭经济与支持资源","SC-S2-03","钱/财务","SC-S1-05","结婚/建立家庭","SC-S3-03","失业/收入下降","NF-N1-07","公平/可靠/合作","Conditional / gate","N3-02/N3-03","当「家庭经济与支持资源」进入「结婚/建立家庭」的「钱/财务」，遇到「失业/收入下降」时，对重视「公平/可靠/合作」的人意味着什么？","generated_by_constrained_mapping","unreviewed"
"CC-00298","PF-A08","家庭经济与支持资源","SC-S2-03","钱/财务","SC-S1-05","结婚/建立家庭","SC-S3-04","大额财务事件","NF-N1-06","经济/物质安全","Threshold + diminishing return","N3-03/N3-06","当「家庭经济与支持资源」进入「结婚/建立家庭」的「钱/财务」，遇到「大额财务事件」时，对重视「经济/物质安全」的人意味着什么？","generated_by_constrained_mapping","unreviewed"
"CC-00299","PF-A08","家庭经济与支持资源","SC-S2-03","钱/财务","SC-S1-05","结婚/建立家庭","SC-S3-04","大额财务事件","NF-N1-11","家庭投入/家庭边界","Fit / conditional","N3-03/N3-04","当「家庭经济与支持资源」进入「结婚/建立家庭」的「钱/财务」，遇到「大额财务事件」时，对重视「家庭投入/家庭边界」的人意味着什么？","generated_by_constrained_mapping","unreviewed"
"CC-00300","PF-A08","家庭经济与支持资源","SC-S2-03","钱/财务","SC-S1-05","结婚/建立家庭","SC-S3-04","大额财务事件","NF-N1-07","公平/可靠/合作","Conditional / gate","N3-02/N3-03","当「家庭经济与支持资源」进入「结婚/建立家庭」的「钱/财务」，遇到「大额财务事件」时，对重视「公平/可靠/合作」的人意味着什么？","generated_by_constrained_mapping","unreviewed"
"CC-00301","PF-A08","家庭经济与支持资源","SC-S2-03","钱/财务","SC-S1-07","婴幼儿照护","SC-S3-03","失业/收入下降","NF-N1-06","经济/物质安全","Threshold + diminishing return","N3-03/N3-06","当「家庭经济与支持资源」进入「婴幼儿照护」的「钱/财务」，遇到「失业/收入下降」时，对重视「经济/物质安全」的人意味着什么？","generated_by_constrained_mapping","unreviewed"
"CC-00302","PF-A08","家庭经济与支持资源","SC-S2-03","钱/财务","SC-S1-07","婴幼儿照护","SC-S3-03","失业/收入下降","NF-N1-11","家庭投入/家庭边界","Fit / conditional","N3-03/N3-04","当「家庭经济与支持资源」进入「婴幼儿照护」的「钱/财务」，遇到「失业/收入下降」时，对重视「家庭投入/家庭边界」的人意味着什么？","generated_by_constrained_mapping","unreviewed"
"CC-00303","PF-A08","家庭经济与支持资源","SC-S2-03","钱/财务","SC-S1-07","婴幼儿照护","SC-S3-03","失业/收入下降","NF-N1-07","公平/可靠/合作","Conditional / gate","N3-02/N3-03","当「家庭经济与支持资源」进入「婴幼儿照护」的「钱/财务」，遇到「失业/收入下降」时，对重视「公平/可靠/合作」的人意味着什么？","generated_by_constrained_mapping","unreviewed"
"CC-00304","PF-A08","家庭经济与支持资源","SC-S2-03","钱/财务","SC-S1-07","婴幼儿照护","SC-S3-04","大额财务事件","NF-N1-06","经济/物质安全","Threshold + diminishing return","N3-03/N3-06","当「家庭经济与支持资源」进入「婴幼儿照护」的「钱/财务」，遇到「大额财务事件」时，对重视「经济/物质安全」的人意味着什么？","generated_by_constrained_mapping","unreviewed"
"CC-00305","PF-A08","家庭经济与支持资源","SC-S2-03","钱/财务","SC-S1-07","婴幼儿照护","SC-S3-04","大额财务事件","NF-N1-11","家庭投入/家庭边界","Fit / conditional","N3-03/N3-04","当「家庭经济与支持资源」进入「婴幼儿照护」的「钱/财务」，遇到「大额财务事件」时，对重视「家庭投入/家庭边界」的人意味着什么？","generated_by_constrained_mapping","unreviewed"
"CC-00306","PF-A08","家庭经济与支持资源","SC-S2-03","钱/财务","SC-S1-07","婴幼儿照护","SC-S3-04","大额财务事件","NF-N1-07","公平/可靠/合作","Conditional / gate","N3-02/N3-03","当「家庭经济与支持资源」进入「婴幼儿照护」的「钱/财务」，遇到「大额财务事件」时，对重视「公平/可靠/合作」的人意味着什么？","generated_by_constrained_mapping","unreviewed"
"CC-00307","PF-A08","家庭经济与支持资源","SC-S2-06","孩子/生育/教育","SC-S1-05","结婚/建立家庭","SC-S3-06","生育/育儿转折","NF-N1-06","经济/物质安全","Threshold + diminishing return","N3-03/N3-06","当「家庭经济与支持资源」进入「结婚/建立家庭」的「孩子/生育/教育」，遇到「生育/育儿转折」时，对重视「经济/物质安全」的人意味着什么？","generated_by_constrained_mapping","unreviewed"
"CC-00308","PF-A08","家庭经济与支持资源","SC-S2-06","孩子/生育/教育","SC-S1-05","结婚/建立家庭","SC-S3-06","生育/育儿转折","NF-N1-11","家庭投入/家庭边界","Fit / conditional","N3-03/N3-04","当「家庭经济与支持资源」进入「结婚/建立家庭」的「孩子/生育/教育」，遇到「生育/育儿转折」时，对重视「家庭投入/家庭边界」的人意味着什么？","generated_by_constrained_mapping","unreviewed"
"CC-00309","PF-A08","家庭经济与支持资源","SC-S2-06","孩子/生育/教育","SC-S1-05","结婚/建立家庭","SC-S3-06","生育/育儿转折","NF-N1-07","公平/可靠/合作","Conditional / gate","N3-02/N3-03","当「家庭经济与支持资源」进入「结婚/建立家庭」的「孩子/生育/教育」，遇到「生育/育儿转折」时，对重视「公平/可靠/合作」的人意味着什么？","generated_by_constrained_mapping","unreviewed"
"CC-00310","PF-A08","家庭经济与支持资源","SC-S2-06","孩子/生育/教育","SC-S1-05","结婚/建立家庭","SC-S3-01","工作时间突变","NF-N1-06","经济/物质安全","Threshold + diminishing return","N3-03/N3-06","当「家庭经济与支持资源」进入「结婚/建立家庭」的「孩子/生育/教育」，遇到「工作时间突变」时，对重视「经济/物质安全」的人意味着什么？","generated_by_constrained_mapping","unreviewed"
"CC-00311","PF-A08","家庭经济与支持资源","SC-S2-06","孩子/生育/教育","SC-S1-05","结婚/建立家庭","SC-S3-01","工作时间突变","NF-N1-11","家庭投入/家庭边界","Fit / conditional","N3-03/N3-04","当「家庭经济与支持资源」进入「结婚/建立家庭」的「孩子/生育/教育」，遇到「工作时间突变」时，对重视「家庭投入/家庭边界」的人意味着什么？","generated_by_constrained_mapping","unreviewed"
"CC-00312","PF-A08","家庭经济与支持资源","SC-S2-06","孩子/生育/教育","SC-S1-05","结婚/建立家庭","SC-S3-01","工作时间突变","NF-N1-07","公平/可靠/合作","Conditional / gate","N3-02/N3-03","当「家庭经济与支持资源」进入「结婚/建立家庭」的「孩子/生育/教育」，遇到「工作时间突变」时，对重视「公平/可靠/合作」的人意味着什么？","generated_by_constrained_mapping","unreviewed"
"CC-00313","PF-A08","家庭经济与支持资源","SC-S2-06","孩子/生育/教育","SC-S1-07","婴幼儿照护","SC-S3-06","生育/育儿转折","NF-N1-06","经济/物质安全","Threshold + diminishing return","N3-03/N3-06","当「家庭经济与支持资源」进入「婴幼儿照护」的「孩子/生育/教育」，遇到「生育/育儿转折」时，对重视「经济/物质安全」的人意味着什么？","generated_by_constrained_mapping","unreviewed"
"CC-00314","PF-A08","家庭经济与支持资源","SC-S2-06","孩子/生育/教育","SC-S1-07","婴幼儿照护","SC-S3-06","生育/育儿转折","NF-N1-11","家庭投入/家庭边界","Fit / conditional","N3-03/N3-04","当「家庭经济与支持资源」进入「婴幼儿照护」的「孩子/生育/教育」，遇到「生育/育儿转折」时，对重视「家庭投入/家庭边界」的人意味着什么？","generated_by_constrained_mapping","unreviewed"
"CC-00315","PF-A08","家庭经济与支持资源","SC-S2-06","孩子/生育/教育","SC-S1-07","婴幼儿照护","SC-S3-06","生育/育儿转折","NF-N1-07","公平/可靠/合作","Conditional / gate","N3-02/N3-03","当「家庭经济与支持资源」进入「婴幼儿照护」的「孩子/生育/教育」，遇到「生育/育儿转折」时，对重视「公平/可靠/合作」的人意味着什么？","generated_by_constrained_mapping","unreviewed"
"CC-00316","PF-A08","家庭经济与支持资源","SC-S2-06","孩子/生育/教育","SC-S1-07","婴幼儿照护","SC-S3-01","工作时间突变","NF-N1-06","经济/物质安全","Threshold + diminishing return","N3-03/N3-06","当「家庭经济与支持资源」进入「婴幼儿照护」的「孩子/生育/教育」，遇到「工作时间突变」时，对重视「经济/物质安全」的人意味着什么？","generated_by_constrained_mapping","unreviewed"
"CC-00317","PF-A08","家庭经济与支持资源","SC-S2-06","孩子/生育/教育","SC-S1-07","婴幼儿照护","SC-S3-01","工作时间突变","NF-N1-11","家庭投入/家庭边界","Fit / conditional","N3-03/N3-04","当「家庭经济与支持资源」进入「婴幼儿照护」的「孩子/生育/教育」，遇到「工作时间突变」时，对重视「家庭投入/家庭边界」的人意味着什么？","generated_by_constrained_mapping","unreviewed"
"CC-00318","PF-A08","家庭经济与支持资源","SC-S2-06","孩子/生育/教育","SC-S1-07","婴幼儿照护","SC-S3-01","工作时间突变","NF-N1-07","公平/可靠/合作","Conditional / gate","N3-02/N3-03","当「家庭经济与支持资源」进入「婴幼儿照护」的「孩子/生育/教育」，遇到「工作时间突变」时，对重视「公平/可靠/合作」的人意味着什么？","generated_by_constrained_mapping","unreviewed"
"CC-00319","PF-A08","家庭经济与支持资源","SC-S2-06","孩子/生育/教育","SC-S1-08","孩子成长/教育","SC-S3-06","生育/育儿转折","NF-N1-06","经济/物质安全","Threshold + diminishing return","N3-03/N3-06","当「家庭经济与支持资源」进入「孩子成长/教育」的「孩子/生育/教育」，遇到「生育/育儿转折」时，对重视「经济/物质安全」的人意味着什么？","generated_by_constrained_mapping","unreviewed"
"CC-00320","PF-A08","家庭经济与支持资源","SC-S2-06","孩子/生育/教育","SC-S1-08","孩子成长/教育","SC-S3-06","生育/育儿转折","NF-N1-11","家庭投入/家庭边界","Fit / conditional","N3-03/N3-04","当「家庭经济与支持资源」进入「孩子成长/教育」的「孩子/生育/教育」，遇到「生育/育儿转折」时，对重视「家庭投入/家庭边界」的人意味着什么？","generated_by_constrained_mapping","unreviewed"
"CC-00321","PF-A08","家庭经济与支持资源","SC-S2-06","孩子/生育/教育","SC-S1-08","孩子成长/教育","SC-S3-06","生育/育儿转折","NF-N1-07","公平/可靠/合作","Conditional / gate","N3-02/N3-03","当「家庭经济与支持资源」进入「孩子成长/教育」的「孩子/生育/教育」，遇到「生育/育儿转折」时，对重视「公平/可靠/合作」的人意味着什么？","generated_by_constrained_mapping","unreviewed"
"CC-00322","PF-A08","家庭经济与支持资源","SC-S2-06","孩子/生育/教育","SC-S1-08","孩子成长/教育","SC-S3-01","工作时间突变","NF-N1-06","经济/物质安全","Threshold + diminishing return","N3-03/N3-06","当「家庭经济与支持资源」进入「孩子成长/教育」的「孩子/生育/教育」，遇到「工作时间突变」时，对重视「经济/物质安全」的人意味着什么？","generated_by_constrained_mapping","unreviewed"
"CC-00323","PF-A08","家庭经济与支持资源","SC-S2-06","孩子/生育/教育","SC-S1-08","孩子成长/教育","SC-S3-01","工作时间突变","NF-N1-11","家庭投入/家庭边界","Fit / conditional","N3-03/N3-04","当「家庭经济与支持资源」进入「孩子成长/教育」的「孩子/生育/教育」，遇到「工作时间突变」时，对重视「家庭投入/家庭边界」的人意味着什么？","generated_by_constrained_mapping","unreviewed"
"CC-00324","PF-A08","家庭经济与支持资源","SC-S2-06","孩子/生育/教育","SC-S1-08","孩子成长/教育","SC-S3-01","工作时间突变","NF-N1-07","公平/可靠/合作","Conditional / gate","N3-02/N3-03","当「家庭经济与支持资源」进入「孩子成长/教育」的「孩子/生育/教育」，遇到「工作时间突变」时，对重视「公平/可靠/合作」的人意味着什么？","generated_by_constrained_mapping","unreviewed"
"CC-00325","PF-B01","城市/地域与迁移约束","SC-S2-04","房/居住/地点","SC-S1-03","稳定交往","SC-S3-04","大额财务事件","NF-N1-12","价值/人生方向/未来一致性","Gate / fit","N3-06/N3-07","当「城市/地域与迁移约束」进入「稳定交往」的「房/居住/地点」，遇到「大额财务事件」时，对重视「价值/人生方向/未来一致性」的人意味着什么？","generated_by_constrained_mapping","unreviewed"
"CC-00326","PF-B01","城市/地域与迁移约束","SC-S2-04","房/居住/地点","SC-S1-03","稳定交往","SC-S3-04","大额财务事件","NF-N1-11","家庭投入/家庭边界","Fit / conditional","N3-03/N3-04","当「城市/地域与迁移约束」进入「稳定交往」的「房/居住/地点」，遇到「大额财务事件」时，对重视「家庭投入/家庭边界」的人意味着什么？","generated_by_constrained_mapping","unreviewed"
"CC-00327","PF-B01","城市/地域与迁移约束","SC-S2-04","房/居住/地点","SC-S1-03","稳定交往","SC-S3-04","大额财务事件","NF-N1-05","安全/信任/可预测","Gate / conditional","N3-02/N3-06","当「城市/地域与迁移约束」进入「稳定交往」的「房/居住/地点」，遇到「大额财务事件」时，对重视「安全/信任/可预测」的人意味着什么？","generated_by_constrained_mapping","unreviewed"
"CC-00328","PF-B01","城市/地域与迁移约束","SC-S2-04","房/居住/地点","SC-S1-03","稳定交往","SC-S3-05","居住/迁移变化","NF-N1-12","价值/人生方向/未来一致性","Gate / fit","N3-06/N3-07","当「城市/地域与迁移约束」进入「稳定交往」的「房/居住/地点」，遇到「居住/迁移变化」时，对重视「价值/人生方向/未来一致性」的人意味着什么？","generated_by_constrained_mapping","unreviewed"
"CC-00329","PF-B01","城市/地域与迁移约束","SC-S2-04","房/居住/地点","SC-S1-03","稳定交往","SC-S3-05","居住/迁移变化","NF-N1-11","家庭投入/家庭边界","Fit / conditional","N3-03/N3-04","当「城市/地域与迁移约束」进入「稳定交往」的「房/居住/地点」，遇到「居住/迁移变化」时，对重视「家庭投入/家庭边界」的人意味着什么？","generated_by_constrained_mapping","unreviewed"
"CC-00330","PF-B01","城市/地域与迁移约束","SC-S2-04","房/居住/地点","SC-S1-03","稳定交往","SC-S3-05","居住/迁移变化","NF-N1-05","安全/信任/可预测","Gate / conditional","N3-02/N3-06","当「城市/地域与迁移约束」进入「稳定交往」的「房/居住/地点」，遇到「居住/迁移变化」时，对重视「安全/信任/可预测」的人意味着什么？","generated_by_constrained_mapping","unreviewed"
"CC-00331","PF-B01","城市/地域与迁移约束","SC-S2-04","房/居住/地点","SC-S1-05","结婚/建立家庭","SC-S3-04","大额财务事件","NF-N1-12","价值/人生方向/未来一致性","Gate / fit","N3-06/N3-07","当「城市/地域与迁移约束」进入「结婚/建立家庭」的「房/居住/地点」，遇到「大额财务事件」时，对重视「价值/人生方向/未来一致性」的人意味着什么？","generated_by_constrained_mapping","unreviewed"
"CC-00332","PF-B01","城市/地域与迁移约束","SC-S2-04","房/居住/地点","SC-S1-05","结婚/建立家庭","SC-S3-04","大额财务事件","NF-N1-11","家庭投入/家庭边界","Fit / conditional","N3-03/N3-04","当「城市/地域与迁移约束」进入「结婚/建立家庭」的「房/居住/地点」，遇到「大额财务事件」时，对重视「家庭投入/家庭边界」的人意味着什么？","generated_by_constrained_mapping","unreviewed"
"CC-00333","PF-B01","城市/地域与迁移约束","SC-S2-04","房/居住/地点","SC-S1-05","结婚/建立家庭","SC-S3-04","大额财务事件","NF-N1-05","安全/信任/可预测","Gate / conditional","N3-02/N3-06","当「城市/地域与迁移约束」进入「结婚/建立家庭」的「房/居住/地点」，遇到「大额财务事件」时，对重视「安全/信任/可预测」的人意味着什么？","generated_by_constrained_mapping","unreviewed"
"CC-00334","PF-B01","城市/地域与迁移约束","SC-S2-04","房/居住/地点","SC-S1-05","结婚/建立家庭","SC-S3-05","居住/迁移变化","NF-N1-12","价值/人生方向/未来一致性","Gate / fit","N3-06/N3-07","当「城市/地域与迁移约束」进入「结婚/建立家庭」的「房/居住/地点」，遇到「居住/迁移变化」时，对重视「价值/人生方向/未来一致性」的人意味着什么？","generated_by_constrained_mapping","unreviewed"
"CC-00335","PF-B01","城市/地域与迁移约束","SC-S2-04","房/居住/地点","SC-S1-05","结婚/建立家庭","SC-S3-05","居住/迁移变化","NF-N1-11","家庭投入/家庭边界","Fit / conditional","N3-03/N3-04","当「城市/地域与迁移约束」进入「结婚/建立家庭」的「房/居住/地点」，遇到「居住/迁移变化」时，对重视「家庭投入/家庭边界」的人意味着什么？","generated_by_constrained_mapping","unreviewed"
"CC-00336","PF-B01","城市/地域与迁移约束","SC-S2-04","房/居住/地点","SC-S1-05","结婚/建立家庭","SC-S3-05","居住/迁移变化","NF-N1-05","安全/信任/可预测","Gate / conditional","N3-02/N3-06","当「城市/地域与迁移约束」进入「结婚/建立家庭」的「房/居住/地点」，遇到「居住/迁移变化」时，对重视「安全/信任/可预测」的人意味着什么？","generated_by_constrained_mapping","unreviewed"
"CC-00337","PF-B01","城市/地域与迁移约束","SC-S2-04","房/居住/地点","SC-S1-09","中年多重责任","SC-S3-04","大额财务事件","NF-N1-12","价值/人生方向/未来一致性","Gate / fit","N3-06/N3-07","当「城市/地域与迁移约束」进入「中年多重责任」的「房/居住/地点」，遇到「大额财务事件」时，对重视「价值/人生方向/未来一致性」的人意味着什么？","generated_by_constrained_mapping","unreviewed"
"CC-00338","PF-B01","城市/地域与迁移约束","SC-S2-04","房/居住/地点","SC-S1-09","中年多重责任","SC-S3-04","大额财务事件","NF-N1-11","家庭投入/家庭边界","Fit / conditional","N3-03/N3-04","当「城市/地域与迁移约束」进入「中年多重责任」的「房/居住/地点」，遇到「大额财务事件」时，对重视「家庭投入/家庭边界」的人意味着什么？","generated_by_constrained_mapping","unreviewed"
"CC-00339","PF-B01","城市/地域与迁移约束","SC-S2-04","房/居住/地点","SC-S1-09","中年多重责任","SC-S3-04","大额财务事件","NF-N1-05","安全/信任/可预测","Gate / conditional","N3-02/N3-06","当「城市/地域与迁移约束」进入「中年多重责任」的「房/居住/地点」，遇到「大额财务事件」时，对重视「安全/信任/可预测」的人意味着什么？","generated_by_constrained_mapping","unreviewed"
"CC-00340","PF-B01","城市/地域与迁移约束","SC-S2-04","房/居住/地点","SC-S1-09","中年多重责任","SC-S3-05","居住/迁移变化","NF-N1-12","价值/人生方向/未来一致性","Gate / fit","N3-06/N3-07","当「城市/地域与迁移约束」进入「中年多重责任」的「房/居住/地点」，遇到「居住/迁移变化」时，对重视「价值/人生方向/未来一致性」的人意味着什么？","generated_by_constrained_mapping","unreviewed"
"CC-00341","PF-B01","城市/地域与迁移约束","SC-S2-04","房/居住/地点","SC-S1-09","中年多重责任","SC-S3-05","居住/迁移变化","NF-N1-11","家庭投入/家庭边界","Fit / conditional","N3-03/N3-04","当「城市/地域与迁移约束」进入「中年多重责任」的「房/居住/地点」，遇到「居住/迁移变化」时，对重视「家庭投入/家庭边界」的人意味着什么？","generated_by_constrained_mapping","unreviewed"
"CC-00342","PF-B01","城市/地域与迁移约束","SC-S2-04","房/居住/地点","SC-S1-09","中年多重责任","SC-S3-05","居住/迁移变化","NF-N1-05","安全/信任/可预测","Gate / conditional","N3-02/N3-06","当「城市/地域与迁移约束」进入「中年多重责任」的「房/居住/地点」，遇到「居住/迁移变化」时，对重视「安全/信任/可预测」的人意味着什么？","generated_by_constrained_mapping","unreviewed"
"CC-00343","PF-B01","城市/地域与迁移约束","SC-S2-02","工作/事业/学习","SC-S1-02","恋爱/磨合","SC-S3-01","工作时间突变","NF-N1-12","价值/人生方向/未来一致性","Gate / fit","N3-06/N3-07","当「城市/地域与迁移约束」进入「恋爱/磨合」的「工作/事业/学习」，遇到「工作时间突变」时，对重视「价值/人生方向/未来一致性」的人意味着什么？","generated_by_constrained_mapping","unreviewed"
"CC-00344","PF-B01","城市/地域与迁移约束","SC-S2-02","工作/事业/学习","SC-S1-02","恋爱/磨合","SC-S3-01","工作时间突变","NF-N1-11","家庭投入/家庭边界","Fit / conditional","N3-03/N3-04","当「城市/地域与迁移约束」进入「恋爱/磨合」的「工作/事业/学习」，遇到「工作时间突变」时，对重视「家庭投入/家庭边界」的人意味着什么？","generated_by_constrained_mapping","unreviewed"
"CC-00345","PF-B01","城市/地域与迁移约束","SC-S2-02","工作/事业/学习","SC-S1-02","恋爱/磨合","SC-S3-01","工作时间突变","NF-N1-05","安全/信任/可预测","Gate / conditional","N3-02/N3-06","当「城市/地域与迁移约束」进入「恋爱/磨合」的「工作/事业/学习」，遇到「工作时间突变」时，对重视「安全/信任/可预测」的人意味着什么？","generated_by_constrained_mapping","unreviewed"
"CC-00346","PF-B01","城市/地域与迁移约束","SC-S2-02","工作/事业/学习","SC-S1-02","恋爱/磨合","SC-S3-02","事业机会/职业转折","NF-N1-12","价值/人生方向/未来一致性","Gate / fit","N3-06/N3-07","当「城市/地域与迁移约束」进入「恋爱/磨合」的「工作/事业/学习」，遇到「事业机会/职业转折」时，对重视「价值/人生方向/未来一致性」的人意味着什么？","generated_by_constrained_mapping","unreviewed"
"CC-00347","PF-B01","城市/地域与迁移约束","SC-S2-02","工作/事业/学习","SC-S1-02","恋爱/磨合","SC-S3-02","事业机会/职业转折","NF-N1-11","家庭投入/家庭边界","Fit / conditional","N3-03/N3-04","当「城市/地域与迁移约束」进入「恋爱/磨合」的「工作/事业/学习」，遇到「事业机会/职业转折」时，对重视「家庭投入/家庭边界」的人意味着什么？","generated_by_constrained_mapping","unreviewed"
"CC-00348","PF-B01","城市/地域与迁移约束","SC-S2-02","工作/事业/学习","SC-S1-02","恋爱/磨合","SC-S3-02","事业机会/职业转折","NF-N1-05","安全/信任/可预测","Gate / conditional","N3-02/N3-06","当「城市/地域与迁移约束」进入「恋爱/磨合」的「工作/事业/学习」，遇到「事业机会/职业转折」时，对重视「安全/信任/可预测」的人意味着什么？","generated_by_constrained_mapping","unreviewed"
"CC-00349","PF-B01","城市/地域与迁移约束","SC-S2-02","工作/事业/学习","SC-S1-05","结婚/建立家庭","SC-S3-01","工作时间突变","NF-N1-12","价值/人生方向/未来一致性","Gate / fit","N3-06/N3-07","当「城市/地域与迁移约束」进入「结婚/建立家庭」的「工作/事业/学习」，遇到「工作时间突变」时，对重视「价值/人生方向/未来一致性」的人意味着什么？","generated_by_constrained_mapping","unreviewed"
"CC-00350","PF-B01","城市/地域与迁移约束","SC-S2-02","工作/事业/学习","SC-S1-05","结婚/建立家庭","SC-S3-01","工作时间突变","NF-N1-11","家庭投入/家庭边界","Fit / conditional","N3-03/N3-04","当「城市/地域与迁移约束」进入「结婚/建立家庭」的「工作/事业/学习」，遇到「工作时间突变」时，对重视「家庭投入/家庭边界」的人意味着什么？","generated_by_constrained_mapping","unreviewed"
"CC-00351","PF-B01","城市/地域与迁移约束","SC-S2-02","工作/事业/学习","SC-S1-05","结婚/建立家庭","SC-S3-01","工作时间突变","NF-N1-05","安全/信任/可预测","Gate / conditional","N3-02/N3-06","当「城市/地域与迁移约束」进入「结婚/建立家庭」的「工作/事业/学习」，遇到「工作时间突变」时，对重视「安全/信任/可预测」的人意味着什么？","generated_by_constrained_mapping","unreviewed"
"CC-00352","PF-B01","城市/地域与迁移约束","SC-S2-02","工作/事业/学习","SC-S1-05","结婚/建立家庭","SC-S3-02","事业机会/职业转折","NF-N1-12","价值/人生方向/未来一致性","Gate / fit","N3-06/N3-07","当「城市/地域与迁移约束」进入「结婚/建立家庭」的「工作/事业/学习」，遇到「事业机会/职业转折」时，对重视「价值/人生方向/未来一致性」的人意味着什么？","generated_by_constrained_mapping","unreviewed"
"CC-00353","PF-B01","城市/地域与迁移约束","SC-S2-02","工作/事业/学习","SC-S1-05","结婚/建立家庭","SC-S3-02","事业机会/职业转折","NF-N1-11","家庭投入/家庭边界","Fit / conditional","N3-03/N3-04","当「城市/地域与迁移约束」进入「结婚/建立家庭」的「工作/事业/学习」，遇到「事业机会/职业转折」时，对重视「家庭投入/家庭边界」的人意味着什么？","generated_by_constrained_mapping","unreviewed"
"CC-00354","PF-B01","城市/地域与迁移约束","SC-S2-02","工作/事业/学习","SC-S1-05","结婚/建立家庭","SC-S3-02","事业机会/职业转折","NF-N1-05","安全/信任/可预测","Gate / conditional","N3-02/N3-06","当「城市/地域与迁移约束」进入「结婚/建立家庭」的「工作/事业/学习」，遇到「事业机会/职业转折」时，对重视「安全/信任/可预测」的人意味着什么？","generated_by_constrained_mapping","unreviewed"
"CC-00355","PF-B01","城市/地域与迁移约束","SC-S2-02","工作/事业/学习","SC-S1-09","中年多重责任","SC-S3-01","工作时间突变","NF-N1-12","价值/人生方向/未来一致性","Gate / fit","N3-06/N3-07","当「城市/地域与迁移约束」进入「中年多重责任」的「工作/事业/学习」，遇到「工作时间突变」时，对重视「价值/人生方向/未来一致性」的人意味着什么？","generated_by_constrained_mapping","unreviewed"
"CC-00356","PF-B01","城市/地域与迁移约束","SC-S2-02","工作/事业/学习","SC-S1-09","中年多重责任","SC-S3-01","工作时间突变","NF-N1-11","家庭投入/家庭边界","Fit / conditional","N3-03/N3-04","当「城市/地域与迁移约束」进入「中年多重责任」的「工作/事业/学习」，遇到「工作时间突变」时，对重视「家庭投入/家庭边界」的人意味着什么？","generated_by_constrained_mapping","unreviewed"
"CC-00357","PF-B01","城市/地域与迁移约束","SC-S2-02","工作/事业/学习","SC-S1-09","中年多重责任","SC-S3-01","工作时间突变","NF-N1-05","安全/信任/可预测","Gate / conditional","N3-02/N3-06","当「城市/地域与迁移约束」进入「中年多重责任」的「工作/事业/学习」，遇到「工作时间突变」时，对重视「安全/信任/可预测」的人意味着什么？","generated_by_constrained_mapping","unreviewed"
"CC-00358","PF-B01","城市/地域与迁移约束","SC-S2-02","工作/事业/学习","SC-S1-09","中年多重责任","SC-S3-02","事业机会/职业转折","NF-N1-12","价值/人生方向/未来一致性","Gate / fit","N3-06/N3-07","当「城市/地域与迁移约束」进入「中年多重责任」的「工作/事业/学习」，遇到「事业机会/职业转折」时，对重视「价值/人生方向/未来一致性」的人意味着什么？","generated_by_constrained_mapping","unreviewed"
"CC-00359","PF-B01","城市/地域与迁移约束","SC-S2-02","工作/事业/学习","SC-S1-09","中年多重责任","SC-S3-02","事业机会/职业转折","NF-N1-11","家庭投入/家庭边界","Fit / conditional","N3-03/N3-04","当「城市/地域与迁移约束」进入「中年多重责任」的「工作/事业/学习」，遇到「事业机会/职业转折」时，对重视「家庭投入/家庭边界」的人意味着什么？","generated_by_constrained_mapping","unreviewed"
"CC-00360","PF-B01","城市/地域与迁移约束","SC-S2-02","工作/事业/学习","SC-S1-09","中年多重责任","SC-S3-02","事业机会/职业转折","NF-N1-05","安全/信任/可预测","Gate / conditional","N3-02/N3-06","当「城市/地域与迁移约束」进入「中年多重责任」的「工作/事业/学习」，遇到「事业机会/职业转折」时，对重视「安全/信任/可预测」的人意味着什么？","generated_by_constrained_mapping","unreviewed"
"CC-00361","PF-B01","城市/地域与迁移约束","SC-S2-07","双方父母/原生家庭","SC-S1-05","结婚/建立家庭","SC-S3-07","父母责任变化","NF-N1-12","价值/人生方向/未来一致性","Gate / fit","N3-06/N3-07","当「城市/地域与迁移约束」进入「结婚/建立家庭」的「双方父母/原生家庭」，遇到「父母责任变化」时，对重视「价值/人生方向/未来一致性」的人意味着什么？","generated_by_constrained_mapping","unreviewed"
"CC-00362","PF-B01","城市/地域与迁移约束","SC-S2-07","双方父母/原生家庭","SC-S1-05","结婚/建立家庭","SC-S3-07","父母责任变化","NF-N1-11","家庭投入/家庭边界","Fit / conditional","N3-03/N3-04","当「城市/地域与迁移约束」进入「结婚/建立家庭」的「双方父母/原生家庭」，遇到「父母责任变化」时，对重视「家庭投入/家庭边界」的人意味着什么？","generated_by_constrained_mapping","unreviewed"
"CC-00363","PF-B01","城市/地域与迁移约束","SC-S2-07","双方父母/原生家庭","SC-S1-05","结婚/建立家庭","SC-S3-07","父母责任变化","NF-N1-05","安全/信任/可预测","Gate / conditional","N3-02/N3-06","当「城市/地域与迁移约束」进入「结婚/建立家庭」的「双方父母/原生家庭」，遇到「父母责任变化」时，对重视「安全/信任/可预测」的人意味着什么？","generated_by_constrained_mapping","unreviewed"
"CC-00364","PF-B01","城市/地域与迁移约束","SC-S2-07","双方父母/原生家庭","SC-S1-05","结婚/建立家庭","SC-S3-05","居住/迁移变化","NF-N1-12","价值/人生方向/未来一致性","Gate / fit","N3-06/N3-07","当「城市/地域与迁移约束」进入「结婚/建立家庭」的「双方父母/原生家庭」，遇到「居住/迁移变化」时，对重视「价值/人生方向/未来一致性」的人意味着什么？","generated_by_constrained_mapping","unreviewed"
"CC-00365","PF-B01","城市/地域与迁移约束","SC-S2-07","双方父母/原生家庭","SC-S1-05","结婚/建立家庭","SC-S3-05","居住/迁移变化","NF-N1-11","家庭投入/家庭边界","Fit / conditional","N3-03/N3-04","当「城市/地域与迁移约束」进入「结婚/建立家庭」的「双方父母/原生家庭」，遇到「居住/迁移变化」时，对重视「家庭投入/家庭边界」的人意味着什么？","generated_by_constrained_mapping","unreviewed"
"CC-00366","PF-B01","城市/地域与迁移约束","SC-S2-07","双方父母/原生家庭","SC-S1-05","结婚/建立家庭","SC-S3-05","居住/迁移变化","NF-N1-05","安全/信任/可预测","Gate / conditional","N3-02/N3-06","当「城市/地域与迁移约束」进入「结婚/建立家庭」的「双方父母/原生家庭」，遇到「居住/迁移变化」时，对重视「安全/信任/可预测」的人意味着什么？","generated_by_constrained_mapping","unreviewed"
"CC-00367","PF-B01","城市/地域与迁移约束","SC-S2-07","双方父母/原生家庭","SC-S1-07","婴幼儿照护","SC-S3-07","父母责任变化","NF-N1-12","价值/人生方向/未来一致性","Gate / fit","N3-06/N3-07","当「城市/地域与迁移约束」进入「婴幼儿照护」的「双方父母/原生家庭」，遇到「父母责任变化」时，对重视「价值/人生方向/未来一致性」的人意味着什么？","generated_by_constrained_mapping","unreviewed"
"CC-00368","PF-B01","城市/地域与迁移约束","SC-S2-07","双方父母/原生家庭","SC-S1-07","婴幼儿照护","SC-S3-07","父母责任变化","NF-N1-11","家庭投入/家庭边界","Fit / conditional","N3-03/N3-04","当「城市/地域与迁移约束」进入「婴幼儿照护」的「双方父母/原生家庭」，遇到「父母责任变化」时，对重视「家庭投入/家庭边界」的人意味着什么？","generated_by_constrained_mapping","unreviewed"
"CC-00369","PF-B01","城市/地域与迁移约束","SC-S2-07","双方父母/原生家庭","SC-S1-07","婴幼儿照护","SC-S3-07","父母责任变化","NF-N1-05","安全/信任/可预测","Gate / conditional","N3-02/N3-06","当「城市/地域与迁移约束」进入「婴幼儿照护」的「双方父母/原生家庭」，遇到「父母责任变化」时，对重视「安全/信任/可预测」的人意味着什么？","generated_by_constrained_mapping","unreviewed"
"CC-00370","PF-B01","城市/地域与迁移约束","SC-S2-07","双方父母/原生家庭","SC-S1-07","婴幼儿照护","SC-S3-05","居住/迁移变化","NF-N1-12","价值/人生方向/未来一致性","Gate / fit","N3-06/N3-07","当「城市/地域与迁移约束」进入「婴幼儿照护」的「双方父母/原生家庭」，遇到「居住/迁移变化」时，对重视「价值/人生方向/未来一致性」的人意味着什么？","generated_by_constrained_mapping","unreviewed"
"CC-00371","PF-B01","城市/地域与迁移约束","SC-S2-07","双方父母/原生家庭","SC-S1-07","婴幼儿照护","SC-S3-05","居住/迁移变化","NF-N1-11","家庭投入/家庭边界","Fit / conditional","N3-03/N3-04","当「城市/地域与迁移约束」进入「婴幼儿照护」的「双方父母/原生家庭」，遇到「居住/迁移变化」时，对重视「家庭投入/家庭边界」的人意味着什么？","generated_by_constrained_mapping","unreviewed"
"CC-00372","PF-B01","城市/地域与迁移约束","SC-S2-07","双方父母/原生家庭","SC-S1-07","婴幼儿照护","SC-S3-05","居住/迁移变化","NF-N1-05","安全/信任/可预测","Gate / conditional","N3-02/N3-06","当「城市/地域与迁移约束」进入「婴幼儿照护」的「双方父母/原生家庭」，遇到「居住/迁移变化」时，对重视「安全/信任/可预测」的人意味着什么？","generated_by_constrained_mapping","unreviewed"
"CC-00373","PF-B01","城市/地域与迁移约束","SC-S2-07","双方父母/原生家庭","SC-S1-09","中年多重责任","SC-S3-07","父母责任变化","NF-N1-12","价值/人生方向/未来一致性","Gate / fit","N3-06/N3-07","当「城市/地域与迁移约束」进入「中年多重责任」的「双方父母/原生家庭」，遇到「父母责任变化」时，对重视「价值/人生方向/未来一致性」的人意味着什么？","generated_by_constrained_mapping","unreviewed"
"CC-00374","PF-B01","城市/地域与迁移约束","SC-S2-07","双方父母/原生家庭","SC-S1-09","中年多重责任","SC-S3-07","父母责任变化","NF-N1-11","家庭投入/家庭边界","Fit / conditional","N3-03/N3-04","当「城市/地域与迁移约束」进入「中年多重责任」的「双方父母/原生家庭」，遇到「父母责任变化」时，对重视「家庭投入/家庭边界」的人意味着什么？","generated_by_constrained_mapping","unreviewed"
"CC-00375","PF-B01","城市/地域与迁移约束","SC-S2-07","双方父母/原生家庭","SC-S1-09","中年多重责任","SC-S3-07","父母责任变化","NF-N1-05","安全/信任/可预测","Gate / conditional","N3-02/N3-06","当「城市/地域与迁移约束」进入「中年多重责任」的「双方父母/原生家庭」，遇到「父母责任变化」时，对重视「安全/信任/可预测」的人意味着什么？","generated_by_constrained_mapping","unreviewed"
"CC-00376","PF-B01","城市/地域与迁移约束","SC-S2-07","双方父母/原生家庭","SC-S1-09","中年多重责任","SC-S3-05","居住/迁移变化","NF-N1-12","价值/人生方向/未来一致性","Gate / fit","N3-06/N3-07","当「城市/地域与迁移约束」进入「中年多重责任」的「双方父母/原生家庭」，遇到「居住/迁移变化」时，对重视「价值/人生方向/未来一致性」的人意味着什么？","generated_by_constrained_mapping","unreviewed"
"CC-00377","PF-B01","城市/地域与迁移约束","SC-S2-07","双方父母/原生家庭","SC-S1-09","中年多重责任","SC-S3-05","居住/迁移变化","NF-N1-11","家庭投入/家庭边界","Fit / conditional","N3-03/N3-04","当「城市/地域与迁移约束」进入「中年多重责任」的「双方父母/原生家庭」，遇到「居住/迁移变化」时，对重视「家庭投入/家庭边界」的人意味着什么？","generated_by_constrained_mapping","unreviewed"
"CC-00378","PF-B01","城市/地域与迁移约束","SC-S2-07","双方父母/原生家庭","SC-S1-09","中年多重责任","SC-S3-05","居住/迁移变化","NF-N1-05","安全/信任/可预测","Gate / conditional","N3-02/N3-06","当「城市/地域与迁移约束」进入「中年多重责任」的「双方父母/原生家庭」，遇到「居住/迁移变化」时，对重视「安全/信任/可预测」的人意味着什么？","generated_by_constrained_mapping","unreviewed"
"CC-00379","PF-B03","父母距离与亲属支持","SC-S2-07","双方父母/原生家庭","SC-S1-05","结婚/建立家庭","SC-S3-07","父母责任变化","NF-N1-11","家庭投入/家庭边界","Fit / conditional","N3-03/N3-04","当「父母距离与亲属支持」进入「结婚/建立家庭」的「双方父母/原生家庭」，遇到「父母责任变化」时，对重视「家庭投入/家庭边界」的人意味着什么？","generated_by_constrained_mapping","unreviewed"
"CC-00380","PF-B03","父母距离与亲属支持","SC-S2-07","双方父母/原生家庭","SC-S1-05","结婚/建立家庭","SC-S3-07","父母责任变化","NF-N1-07","公平/可靠/合作","Conditional / gate","N3-02/N3-03","当「父母距离与亲属支持」进入「结婚/建立家庭」的「双方父母/原生家庭」，遇到「父母责任变化」时，对重视「公平/可靠/合作」的人意味着什么？","generated_by_constrained_mapping","unreviewed"
"CC-00381","PF-B03","父母距离与亲属支持","SC-S2-07","双方父母/原生家庭","SC-S1-05","结婚/建立家庭","SC-S3-07","父母责任变化","NF-N1-04","自主/空间/自由","Ideal range / fit","N3-04","当「父母距离与亲属支持」进入「结婚/建立家庭」的「双方父母/原生家庭」，遇到「父母责任变化」时，对重视「自主/空间/自由」的人意味着什么？","generated_by_constrained_mapping","unreviewed"
"CC-00382","PF-B03","父母距离与亲属支持","SC-S2-07","双方父母/原生家庭","SC-S1-05","结婚/建立家庭","SC-S3-05","居住/迁移变化","NF-N1-11","家庭投入/家庭边界","Fit / conditional","N3-03/N3-04","当「父母距离与亲属支持」进入「结婚/建立家庭」的「双方父母/原生家庭」，遇到「居住/迁移变化」时，对重视「家庭投入/家庭边界」的人意味着什么？","generated_by_constrained_mapping","unreviewed"
"CC-00383","PF-B03","父母距离与亲属支持","SC-S2-07","双方父母/原生家庭","SC-S1-05","结婚/建立家庭","SC-S3-05","居住/迁移变化","NF-N1-07","公平/可靠/合作","Conditional / gate","N3-02/N3-03","当「父母距离与亲属支持」进入「结婚/建立家庭」的「双方父母/原生家庭」，遇到「居住/迁移变化」时，对重视「公平/可靠/合作」的人意味着什么？","generated_by_constrained_mapping","unreviewed"
"CC-00384","PF-B03","父母距离与亲属支持","SC-S2-07","双方父母/原生家庭","SC-S1-05","结婚/建立家庭","SC-S3-05","居住/迁移变化","NF-N1-04","自主/空间/自由","Ideal range / fit","N3-04","当「父母距离与亲属支持」进入「结婚/建立家庭」的「双方父母/原生家庭」，遇到「居住/迁移变化」时，对重视「自主/空间/自由」的人意味着什么？","generated_by_constrained_mapping","unreviewed"
"CC-00385","PF-B03","父母距离与亲属支持","SC-S2-07","双方父母/原生家庭","SC-S1-07","婴幼儿照护","SC-S3-07","父母责任变化","NF-N1-11","家庭投入/家庭边界","Fit / conditional","N3-03/N3-04","当「父母距离与亲属支持」进入「婴幼儿照护」的「双方父母/原生家庭」，遇到「父母责任变化」时，对重视「家庭投入/家庭边界」的人意味着什么？","generated_by_constrained_mapping","unreviewed"
"CC-00386","PF-B03","父母距离与亲属支持","SC-S2-07","双方父母/原生家庭","SC-S1-07","婴幼儿照护","SC-S3-07","父母责任变化","NF-N1-07","公平/可靠/合作","Conditional / gate","N3-02/N3-03","当「父母距离与亲属支持」进入「婴幼儿照护」的「双方父母/原生家庭」，遇到「父母责任变化」时，对重视「公平/可靠/合作」的人意味着什么？","generated_by_constrained_mapping","unreviewed"
"CC-00387","PF-B03","父母距离与亲属支持","SC-S2-07","双方父母/原生家庭","SC-S1-07","婴幼儿照护","SC-S3-07","父母责任变化","NF-N1-04","自主/空间/自由","Ideal range / fit","N3-04","当「父母距离与亲属支持」进入「婴幼儿照护」的「双方父母/原生家庭」，遇到「父母责任变化」时，对重视「自主/空间/自由」的人意味着什么？","generated_by_constrained_mapping","unreviewed"
"CC-00388","PF-B03","父母距离与亲属支持","SC-S2-07","双方父母/原生家庭","SC-S1-07","婴幼儿照护","SC-S3-05","居住/迁移变化","NF-N1-11","家庭投入/家庭边界","Fit / conditional","N3-03/N3-04","当「父母距离与亲属支持」进入「婴幼儿照护」的「双方父母/原生家庭」，遇到「居住/迁移变化」时，对重视「家庭投入/家庭边界」的人意味着什么？","generated_by_constrained_mapping","unreviewed"
"CC-00389","PF-B03","父母距离与亲属支持","SC-S2-07","双方父母/原生家庭","SC-S1-07","婴幼儿照护","SC-S3-05","居住/迁移变化","NF-N1-07","公平/可靠/合作","Conditional / gate","N3-02/N3-03","当「父母距离与亲属支持」进入「婴幼儿照护」的「双方父母/原生家庭」，遇到「居住/迁移变化」时，对重视「公平/可靠/合作」的人意味着什么？","generated_by_constrained_mapping","unreviewed"
"CC-00390","PF-B03","父母距离与亲属支持","SC-S2-07","双方父母/原生家庭","SC-S1-07","婴幼儿照护","SC-S3-05","居住/迁移变化","NF-N1-04","自主/空间/自由","Ideal range / fit","N3-04","当「父母距离与亲属支持」进入「婴幼儿照护」的「双方父母/原生家庭」，遇到「居住/迁移变化」时，对重视「自主/空间/自由」的人意味着什么？","generated_by_constrained_mapping","unreviewed"
"CC-00391","PF-B03","父母距离与亲属支持","SC-S2-07","双方父母/原生家庭","SC-S1-09","中年多重责任","SC-S3-07","父母责任变化","NF-N1-11","家庭投入/家庭边界","Fit / conditional","N3-03/N3-04","当「父母距离与亲属支持」进入「中年多重责任」的「双方父母/原生家庭」，遇到「父母责任变化」时，对重视「家庭投入/家庭边界」的人意味着什么？","generated_by_constrained_mapping","unreviewed"
"CC-00392","PF-B03","父母距离与亲属支持","SC-S2-07","双方父母/原生家庭","SC-S1-09","中年多重责任","SC-S3-07","父母责任变化","NF-N1-07","公平/可靠/合作","Conditional / gate","N3-02/N3-03","当「父母距离与亲属支持」进入「中年多重责任」的「双方父母/原生家庭」，遇到「父母责任变化」时，对重视「公平/可靠/合作」的人意味着什么？","generated_by_constrained_mapping","unreviewed"
"CC-00393","PF-B03","父母距离与亲属支持","SC-S2-07","双方父母/原生家庭","SC-S1-09","中年多重责任","SC-S3-07","父母责任变化","NF-N1-04","自主/空间/自由","Ideal range / fit","N3-04","当「父母距离与亲属支持」进入「中年多重责任」的「双方父母/原生家庭」，遇到「父母责任变化」时，对重视「自主/空间/自由」的人意味着什么？","generated_by_constrained_mapping","unreviewed"
"CC-00394","PF-B03","父母距离与亲属支持","SC-S2-07","双方父母/原生家庭","SC-S1-09","中年多重责任","SC-S3-05","居住/迁移变化","NF-N1-11","家庭投入/家庭边界","Fit / conditional","N3-03/N3-04","当「父母距离与亲属支持」进入「中年多重责任」的「双方父母/原生家庭」，遇到「居住/迁移变化」时，对重视「家庭投入/家庭边界」的人意味着什么？","generated_by_constrained_mapping","unreviewed"
"CC-00395","PF-B03","父母距离与亲属支持","SC-S2-07","双方父母/原生家庭","SC-S1-09","中年多重责任","SC-S3-05","居住/迁移变化","NF-N1-07","公平/可靠/合作","Conditional / gate","N3-02/N3-03","当「父母距离与亲属支持」进入「中年多重责任」的「双方父母/原生家庭」，遇到「居住/迁移变化」时，对重视「公平/可靠/合作」的人意味着什么？","generated_by_constrained_mapping","unreviewed"
"CC-00396","PF-B03","父母距离与亲属支持","SC-S2-07","双方父母/原生家庭","SC-S1-09","中年多重责任","SC-S3-05","居住/迁移变化","NF-N1-04","自主/空间/自由","Ideal range / fit","N3-04","当「父母距离与亲属支持」进入「中年多重责任」的「双方父母/原生家庭」，遇到「居住/迁移变化」时，对重视「自主/空间/自由」的人意味着什么？","generated_by_constrained_mapping","unreviewed"
"CC-00397","PF-B03","父母距离与亲属支持","SC-S2-06","孩子/生育/教育","SC-S1-05","结婚/建立家庭","SC-S3-06","生育/育儿转折","NF-N1-11","家庭投入/家庭边界","Fit / conditional","N3-03/N3-04","当「父母距离与亲属支持」进入「结婚/建立家庭」的「孩子/生育/教育」，遇到「生育/育儿转折」时，对重视「家庭投入/家庭边界」的人意味着什么？","generated_by_constrained_mapping","unreviewed"
"CC-00398","PF-B03","父母距离与亲属支持","SC-S2-06","孩子/生育/教育","SC-S1-05","结婚/建立家庭","SC-S3-06","生育/育儿转折","NF-N1-07","公平/可靠/合作","Conditional / gate","N3-02/N3-03","当「父母距离与亲属支持」进入「结婚/建立家庭」的「孩子/生育/教育」，遇到「生育/育儿转折」时，对重视「公平/可靠/合作」的人意味着什么？","generated_by_constrained_mapping","unreviewed"
"CC-00399","PF-B03","父母距离与亲属支持","SC-S2-06","孩子/生育/教育","SC-S1-05","结婚/建立家庭","SC-S3-06","生育/育儿转折","NF-N1-04","自主/空间/自由","Ideal range / fit","N3-04","当「父母距离与亲属支持」进入「结婚/建立家庭」的「孩子/生育/教育」，遇到「生育/育儿转折」时，对重视「自主/空间/自由」的人意味着什么？","generated_by_constrained_mapping","unreviewed"
"CC-00400","PF-B03","父母距离与亲属支持","SC-S2-06","孩子/生育/教育","SC-S1-05","结婚/建立家庭","SC-S3-01","工作时间突变","NF-N1-11","家庭投入/家庭边界","Fit / conditional","N3-03/N3-04","当「父母距离与亲属支持」进入「结婚/建立家庭」的「孩子/生育/教育」，遇到「工作时间突变」时，对重视「家庭投入/家庭边界」的人意味着什么？","generated_by_constrained_mapping","unreviewed"
"CC-00401","PF-B03","父母距离与亲属支持","SC-S2-06","孩子/生育/教育","SC-S1-05","结婚/建立家庭","SC-S3-01","工作时间突变","NF-N1-07","公平/可靠/合作","Conditional / gate","N3-02/N3-03","当「父母距离与亲属支持」进入「结婚/建立家庭」的「孩子/生育/教育」，遇到「工作时间突变」时，对重视「公平/可靠/合作」的人意味着什么？","generated_by_constrained_mapping","unreviewed"
"CC-00402","PF-B03","父母距离与亲属支持","SC-S2-06","孩子/生育/教育","SC-S1-05","结婚/建立家庭","SC-S3-01","工作时间突变","NF-N1-04","自主/空间/自由","Ideal range / fit","N3-04","当「父母距离与亲属支持」进入「结婚/建立家庭」的「孩子/生育/教育」，遇到「工作时间突变」时，对重视「自主/空间/自由」的人意味着什么？","generated_by_constrained_mapping","unreviewed"
"CC-00403","PF-B03","父母距离与亲属支持","SC-S2-06","孩子/生育/教育","SC-S1-07","婴幼儿照护","SC-S3-06","生育/育儿转折","NF-N1-11","家庭投入/家庭边界","Fit / conditional","N3-03/N3-04","当「父母距离与亲属支持」进入「婴幼儿照护」的「孩子/生育/教育」，遇到「生育/育儿转折」时，对重视「家庭投入/家庭边界」的人意味着什么？","generated_by_constrained_mapping","unreviewed"
"CC-00404","PF-B03","父母距离与亲属支持","SC-S2-06","孩子/生育/教育","SC-S1-07","婴幼儿照护","SC-S3-06","生育/育儿转折","NF-N1-07","公平/可靠/合作","Conditional / gate","N3-02/N3-03","当「父母距离与亲属支持」进入「婴幼儿照护」的「孩子/生育/教育」，遇到「生育/育儿转折」时，对重视「公平/可靠/合作」的人意味着什么？","generated_by_constrained_mapping","unreviewed"
"CC-00405","PF-B03","父母距离与亲属支持","SC-S2-06","孩子/生育/教育","SC-S1-07","婴幼儿照护","SC-S3-06","生育/育儿转折","NF-N1-04","自主/空间/自由","Ideal range / fit","N3-04","当「父母距离与亲属支持」进入「婴幼儿照护」的「孩子/生育/教育」，遇到「生育/育儿转折」时，对重视「自主/空间/自由」的人意味着什么？","generated_by_constrained_mapping","unreviewed"
"CC-00406","PF-B03","父母距离与亲属支持","SC-S2-06","孩子/生育/教育","SC-S1-07","婴幼儿照护","SC-S3-01","工作时间突变","NF-N1-11","家庭投入/家庭边界","Fit / conditional","N3-03/N3-04","当「父母距离与亲属支持」进入「婴幼儿照护」的「孩子/生育/教育」，遇到「工作时间突变」时，对重视「家庭投入/家庭边界」的人意味着什么？","generated_by_constrained_mapping","unreviewed"
"CC-00407","PF-B03","父母距离与亲属支持","SC-S2-06","孩子/生育/教育","SC-S1-07","婴幼儿照护","SC-S3-01","工作时间突变","NF-N1-07","公平/可靠/合作","Conditional / gate","N3-02/N3-03","当「父母距离与亲属支持」进入「婴幼儿照护」的「孩子/生育/教育」，遇到「工作时间突变」时，对重视「公平/可靠/合作」的人意味着什么？","generated_by_constrained_mapping","unreviewed"
"CC-00408","PF-B03","父母距离与亲属支持","SC-S2-06","孩子/生育/教育","SC-S1-07","婴幼儿照护","SC-S3-01","工作时间突变","NF-N1-04","自主/空间/自由","Ideal range / fit","N3-04","当「父母距离与亲属支持」进入「婴幼儿照护」的「孩子/生育/教育」，遇到「工作时间突变」时，对重视「自主/空间/自由」的人意味着什么？","generated_by_constrained_mapping","unreviewed"
"CC-00409","PF-B03","父母距离与亲属支持","SC-S2-06","孩子/生育/教育","SC-S1-08","孩子成长/教育","SC-S3-06","生育/育儿转折","NF-N1-11","家庭投入/家庭边界","Fit / conditional","N3-03/N3-04","当「父母距离与亲属支持」进入「孩子成长/教育」的「孩子/生育/教育」，遇到「生育/育儿转折」时，对重视「家庭投入/家庭边界」的人意味着什么？","generated_by_constrained_mapping","unreviewed"
"CC-00410","PF-B03","父母距离与亲属支持","SC-S2-06","孩子/生育/教育","SC-S1-08","孩子成长/教育","SC-S3-06","生育/育儿转折","NF-N1-07","公平/可靠/合作","Conditional / gate","N3-02/N3-03","当「父母距离与亲属支持」进入「孩子成长/教育」的「孩子/生育/教育」，遇到「生育/育儿转折」时，对重视「公平/可靠/合作」的人意味着什么？","generated_by_constrained_mapping","unreviewed"
"CC-00411","PF-B03","父母距离与亲属支持","SC-S2-06","孩子/生育/教育","SC-S1-08","孩子成长/教育","SC-S3-06","生育/育儿转折","NF-N1-04","自主/空间/自由","Ideal range / fit","N3-04","当「父母距离与亲属支持」进入「孩子成长/教育」的「孩子/生育/教育」，遇到「生育/育儿转折」时，对重视「自主/空间/自由」的人意味着什么？","generated_by_constrained_mapping","unreviewed"
"CC-00412","PF-B03","父母距离与亲属支持","SC-S2-06","孩子/生育/教育","SC-S1-08","孩子成长/教育","SC-S3-01","工作时间突变","NF-N1-11","家庭投入/家庭边界","Fit / conditional","N3-03/N3-04","当「父母距离与亲属支持」进入「孩子成长/教育」的「孩子/生育/教育」，遇到「工作时间突变」时，对重视「家庭投入/家庭边界」的人意味着什么？","generated_by_constrained_mapping","unreviewed"
"CC-00413","PF-B03","父母距离与亲属支持","SC-S2-06","孩子/生育/教育","SC-S1-08","孩子成长/教育","SC-S3-01","工作时间突变","NF-N1-07","公平/可靠/合作","Conditional / gate","N3-02/N3-03","当「父母距离与亲属支持」进入「孩子成长/教育」的「孩子/生育/教育」，遇到「工作时间突变」时，对重视「公平/可靠/合作」的人意味着什么？","generated_by_constrained_mapping","unreviewed"
"CC-00414","PF-B03","父母距离与亲属支持","SC-S2-06","孩子/生育/教育","SC-S1-08","孩子成长/教育","SC-S3-01","工作时间突变","NF-N1-04","自主/空间/自由","Ideal range / fit","N3-04","当「父母距离与亲属支持」进入「孩子成长/教育」的「孩子/生育/教育」，遇到「工作时间突变」时，对重视「自主/空间/自由」的人意味着什么？","generated_by_constrained_mapping","unreviewed"
"CC-00415","PF-B03","父母距离与亲属支持","SC-S2-04","房/居住/地点","SC-S1-03","稳定交往","SC-S3-04","大额财务事件","NF-N1-11","家庭投入/家庭边界","Fit / conditional","N3-03/N3-04","当「父母距离与亲属支持」进入「稳定交往」的「房/居住/地点」，遇到「大额财务事件」时，对重视「家庭投入/家庭边界」的人意味着什么？","generated_by_constrained_mapping","unreviewed"
"CC-00416","PF-B03","父母距离与亲属支持","SC-S2-04","房/居住/地点","SC-S1-03","稳定交往","SC-S3-04","大额财务事件","NF-N1-07","公平/可靠/合作","Conditional / gate","N3-02/N3-03","当「父母距离与亲属支持」进入「稳定交往」的「房/居住/地点」，遇到「大额财务事件」时，对重视「公平/可靠/合作」的人意味着什么？","generated_by_constrained_mapping","unreviewed"
"CC-00417","PF-B03","父母距离与亲属支持","SC-S2-04","房/居住/地点","SC-S1-03","稳定交往","SC-S3-04","大额财务事件","NF-N1-04","自主/空间/自由","Ideal range / fit","N3-04","当「父母距离与亲属支持」进入「稳定交往」的「房/居住/地点」，遇到「大额财务事件」时，对重视「自主/空间/自由」的人意味着什么？","generated_by_constrained_mapping","unreviewed"
"CC-00418","PF-B03","父母距离与亲属支持","SC-S2-04","房/居住/地点","SC-S1-03","稳定交往","SC-S3-05","居住/迁移变化","NF-N1-11","家庭投入/家庭边界","Fit / conditional","N3-03/N3-04","当「父母距离与亲属支持」进入「稳定交往」的「房/居住/地点」，遇到「居住/迁移变化」时，对重视「家庭投入/家庭边界」的人意味着什么？","generated_by_constrained_mapping","unreviewed"
"CC-00419","PF-B03","父母距离与亲属支持","SC-S2-04","房/居住/地点","SC-S1-03","稳定交往","SC-S3-05","居住/迁移变化","NF-N1-07","公平/可靠/合作","Conditional / gate","N3-02/N3-03","当「父母距离与亲属支持」进入「稳定交往」的「房/居住/地点」，遇到「居住/迁移变化」时，对重视「公平/可靠/合作」的人意味着什么？","generated_by_constrained_mapping","unreviewed"
"CC-00420","PF-B03","父母距离与亲属支持","SC-S2-04","房/居住/地点","SC-S1-03","稳定交往","SC-S3-05","居住/迁移变化","NF-N1-04","自主/空间/自由","Ideal range / fit","N3-04","当「父母距离与亲属支持」进入「稳定交往」的「房/居住/地点」，遇到「居住/迁移变化」时，对重视「自主/空间/自由」的人意味着什么？","generated_by_constrained_mapping","unreviewed"
"CC-00421","PF-B03","父母距离与亲属支持","SC-S2-04","房/居住/地点","SC-S1-05","结婚/建立家庭","SC-S3-04","大额财务事件","NF-N1-11","家庭投入/家庭边界","Fit / conditional","N3-03/N3-04","当「父母距离与亲属支持」进入「结婚/建立家庭」的「房/居住/地点」，遇到「大额财务事件」时，对重视「家庭投入/家庭边界」的人意味着什么？","generated_by_constrained_mapping","unreviewed"
"CC-00422","PF-B03","父母距离与亲属支持","SC-S2-04","房/居住/地点","SC-S1-05","结婚/建立家庭","SC-S3-04","大额财务事件","NF-N1-07","公平/可靠/合作","Conditional / gate","N3-02/N3-03","当「父母距离与亲属支持」进入「结婚/建立家庭」的「房/居住/地点」，遇到「大额财务事件」时，对重视「公平/可靠/合作」的人意味着什么？","generated_by_constrained_mapping","unreviewed"
"CC-00423","PF-B03","父母距离与亲属支持","SC-S2-04","房/居住/地点","SC-S1-05","结婚/建立家庭","SC-S3-04","大额财务事件","NF-N1-04","自主/空间/自由","Ideal range / fit","N3-04","当「父母距离与亲属支持」进入「结婚/建立家庭」的「房/居住/地点」，遇到「大额财务事件」时，对重视「自主/空间/自由」的人意味着什么？","generated_by_constrained_mapping","unreviewed"
"CC-00424","PF-B03","父母距离与亲属支持","SC-S2-04","房/居住/地点","SC-S1-05","结婚/建立家庭","SC-S3-05","居住/迁移变化","NF-N1-11","家庭投入/家庭边界","Fit / conditional","N3-03/N3-04","当「父母距离与亲属支持」进入「结婚/建立家庭」的「房/居住/地点」，遇到「居住/迁移变化」时，对重视「家庭投入/家庭边界」的人意味着什么？","generated_by_constrained_mapping","unreviewed"
"CC-00425","PF-B03","父母距离与亲属支持","SC-S2-04","房/居住/地点","SC-S1-05","结婚/建立家庭","SC-S3-05","居住/迁移变化","NF-N1-07","公平/可靠/合作","Conditional / gate","N3-02/N3-03","当「父母距离与亲属支持」进入「结婚/建立家庭」的「房/居住/地点」，遇到「居住/迁移变化」时，对重视「公平/可靠/合作」的人意味着什么？","generated_by_constrained_mapping","unreviewed"
"CC-00426","PF-B03","父母距离与亲属支持","SC-S2-04","房/居住/地点","SC-S1-05","结婚/建立家庭","SC-S3-05","居住/迁移变化","NF-N1-04","自主/空间/自由","Ideal range / fit","N3-04","当「父母距离与亲属支持」进入「结婚/建立家庭」的「房/居住/地点」，遇到「居住/迁移变化」时，对重视「自主/空间/自由」的人意味着什么？","generated_by_constrained_mapping","unreviewed"
"CC-00427","PF-B03","父母距离与亲属支持","SC-S2-04","房/居住/地点","SC-S1-09","中年多重责任","SC-S3-04","大额财务事件","NF-N1-11","家庭投入/家庭边界","Fit / conditional","N3-03/N3-04","当「父母距离与亲属支持」进入「中年多重责任」的「房/居住/地点」，遇到「大额财务事件」时，对重视「家庭投入/家庭边界」的人意味着什么？","generated_by_constrained_mapping","unreviewed"
"CC-00428","PF-B03","父母距离与亲属支持","SC-S2-04","房/居住/地点","SC-S1-09","中年多重责任","SC-S3-04","大额财务事件","NF-N1-07","公平/可靠/合作","Conditional / gate","N3-02/N3-03","当「父母距离与亲属支持」进入「中年多重责任」的「房/居住/地点」，遇到「大额财务事件」时，对重视「公平/可靠/合作」的人意味着什么？","generated_by_constrained_mapping","unreviewed"
"CC-00429","PF-B03","父母距离与亲属支持","SC-S2-04","房/居住/地点","SC-S1-09","中年多重责任","SC-S3-04","大额财务事件","NF-N1-04","自主/空间/自由","Ideal range / fit","N3-04","当「父母距离与亲属支持」进入「中年多重责任」的「房/居住/地点」，遇到「大额财务事件」时，对重视「自主/空间/自由」的人意味着什么？","generated_by_constrained_mapping","unreviewed"
"CC-00430","PF-B03","父母距离与亲属支持","SC-S2-04","房/居住/地点","SC-S1-09","中年多重责任","SC-S3-05","居住/迁移变化","NF-N1-11","家庭投入/家庭边界","Fit / conditional","N3-03/N3-04","当「父母距离与亲属支持」进入「中年多重责任」的「房/居住/地点」，遇到「居住/迁移变化」时，对重视「家庭投入/家庭边界」的人意味着什么？","generated_by_constrained_mapping","unreviewed"
"CC-00431","PF-B03","父母距离与亲属支持","SC-S2-04","房/居住/地点","SC-S1-09","中年多重责任","SC-S3-05","居住/迁移变化","NF-N1-07","公平/可靠/合作","Conditional / gate","N3-02/N3-03","当「父母距离与亲属支持」进入「中年多重责任」的「房/居住/地点」，遇到「居住/迁移变化」时，对重视「公平/可靠/合作」的人意味着什么？","generated_by_constrained_mapping","unreviewed"
"CC-00432","PF-B03","父母距离与亲属支持","SC-S2-04","房/居住/地点","SC-S1-09","中年多重责任","SC-S3-05","居住/迁移变化","NF-N1-04","自主/空间/自由","Ideal range / fit","N3-04","当「父母距离与亲属支持」进入「中年多重责任」的「房/居住/地点」，遇到「居住/迁移变化」时，对重视「自主/空间/自由」的人意味着什么？","generated_by_constrained_mapping","unreviewed"
"CC-00433","PF-B05","当前现实负担","SC-S2-02","工作/事业/学习","SC-S1-02","恋爱/磨合","SC-S3-01","工作时间突变","NF-N1-05","安全/信任/可预测","Gate / conditional","N3-02/N3-06","当「当前现实负担」进入「恋爱/磨合」的「工作/事业/学习」，遇到「工作时间突变」时，对重视「安全/信任/可预测」的人意味着什么？","generated_by_constrained_mapping","unreviewed"
"CC-00434","PF-B05","当前现实负担","SC-S2-02","工作/事业/学习","SC-S1-02","恋爱/磨合","SC-S3-01","工作时间突变","NF-N1-07","公平/可靠/合作","Conditional / gate","N3-02/N3-03","当「当前现实负担」进入「恋爱/磨合」的「工作/事业/学习」，遇到「工作时间突变」时，对重视「公平/可靠/合作」的人意味着什么？","generated_by_constrained_mapping","unreviewed"
"CC-00435","PF-B05","当前现实负担","SC-S2-02","工作/事业/学习","SC-S1-02","恋爱/磨合","SC-S3-01","工作时间突变","NF-N1-03","被理解/被回应/被关心","Gate or conditional","N3-01","当「当前现实负担」进入「恋爱/磨合」的「工作/事业/学习」，遇到「工作时间突变」时，对重视「被理解/被回应/被关心」的人意味着什么？","generated_by_constrained_mapping","unreviewed"
"CC-00436","PF-B05","当前现实负担","SC-S2-02","工作/事业/学习","SC-S1-02","恋爱/磨合","SC-S3-02","事业机会/职业转折","NF-N1-05","安全/信任/可预测","Gate / conditional","N3-02/N3-06","当「当前现实负担」进入「恋爱/磨合」的「工作/事业/学习」，遇到「事业机会/职业转折」时，对重视「安全/信任/可预测」的人意味着什么？","generated_by_constrained_mapping","unreviewed"
"CC-00437","PF-B05","当前现实负担","SC-S2-02","工作/事业/学习","SC-S1-02","恋爱/磨合","SC-S3-02","事业机会/职业转折","NF-N1-07","公平/可靠/合作","Conditional / gate","N3-02/N3-03","当「当前现实负担」进入「恋爱/磨合」的「工作/事业/学习」，遇到「事业机会/职业转折」时，对重视「公平/可靠/合作」的人意味着什么？","generated_by_constrained_mapping","unreviewed"
"CC-00438","PF-B05","当前现实负担","SC-S2-02","工作/事业/学习","SC-S1-02","恋爱/磨合","SC-S3-02","事业机会/职业转折","NF-N1-03","被理解/被回应/被关心","Gate or conditional","N3-01","当「当前现实负担」进入「恋爱/磨合」的「工作/事业/学习」，遇到「事业机会/职业转折」时，对重视「被理解/被回应/被关心」的人意味着什么？","generated_by_constrained_mapping","unreviewed"
"CC-00439","PF-B05","当前现实负担","SC-S2-02","工作/事业/学习","SC-S1-05","结婚/建立家庭","SC-S3-01","工作时间突变","NF-N1-05","安全/信任/可预测","Gate / conditional","N3-02/N3-06","当「当前现实负担」进入「结婚/建立家庭」的「工作/事业/学习」，遇到「工作时间突变」时，对重视「安全/信任/可预测」的人意味着什么？","generated_by_constrained_mapping","unreviewed"
"CC-00440","PF-B05","当前现实负担","SC-S2-02","工作/事业/学习","SC-S1-05","结婚/建立家庭","SC-S3-01","工作时间突变","NF-N1-07","公平/可靠/合作","Conditional / gate","N3-02/N3-03","当「当前现实负担」进入「结婚/建立家庭」的「工作/事业/学习」，遇到「工作时间突变」时，对重视「公平/可靠/合作」的人意味着什么？","generated_by_constrained_mapping","unreviewed"
"CC-00441","PF-B05","当前现实负担","SC-S2-02","工作/事业/学习","SC-S1-05","结婚/建立家庭","SC-S3-01","工作时间突变","NF-N1-03","被理解/被回应/被关心","Gate or conditional","N3-01","当「当前现实负担」进入「结婚/建立家庭」的「工作/事业/学习」，遇到「工作时间突变」时，对重视「被理解/被回应/被关心」的人意味着什么？","generated_by_constrained_mapping","unreviewed"
"CC-00442","PF-B05","当前现实负担","SC-S2-02","工作/事业/学习","SC-S1-05","结婚/建立家庭","SC-S3-02","事业机会/职业转折","NF-N1-05","安全/信任/可预测","Gate / conditional","N3-02/N3-06","当「当前现实负担」进入「结婚/建立家庭」的「工作/事业/学习」，遇到「事业机会/职业转折」时，对重视「安全/信任/可预测」的人意味着什么？","generated_by_constrained_mapping","unreviewed"
"CC-00443","PF-B05","当前现实负担","SC-S2-02","工作/事业/学习","SC-S1-05","结婚/建立家庭","SC-S3-02","事业机会/职业转折","NF-N1-07","公平/可靠/合作","Conditional / gate","N3-02/N3-03","当「当前现实负担」进入「结婚/建立家庭」的「工作/事业/学习」，遇到「事业机会/职业转折」时，对重视「公平/可靠/合作」的人意味着什么？","generated_by_constrained_mapping","unreviewed"
"CC-00444","PF-B05","当前现实负担","SC-S2-02","工作/事业/学习","SC-S1-05","结婚/建立家庭","SC-S3-02","事业机会/职业转折","NF-N1-03","被理解/被回应/被关心","Gate or conditional","N3-01","当「当前现实负担」进入「结婚/建立家庭」的「工作/事业/学习」，遇到「事业机会/职业转折」时，对重视「被理解/被回应/被关心」的人意味着什么？","generated_by_constrained_mapping","unreviewed"
"CC-00445","PF-B05","当前现实负担","SC-S2-02","工作/事业/学习","SC-S1-09","中年多重责任","SC-S3-01","工作时间突变","NF-N1-05","安全/信任/可预测","Gate / conditional","N3-02/N3-06","当「当前现实负担」进入「中年多重责任」的「工作/事业/学习」，遇到「工作时间突变」时，对重视「安全/信任/可预测」的人意味着什么？","generated_by_constrained_mapping","unreviewed"
"CC-00446","PF-B05","当前现实负担","SC-S2-02","工作/事业/学习","SC-S1-09","中年多重责任","SC-S3-01","工作时间突变","NF-N1-07","公平/可靠/合作","Conditional / gate","N3-02/N3-03","当「当前现实负担」进入「中年多重责任」的「工作/事业/学习」，遇到「工作时间突变」时，对重视「公平/可靠/合作」的人意味着什么？","generated_by_constrained_mapping","unreviewed"
"CC-00447","PF-B05","当前现实负担","SC-S2-02","工作/事业/学习","SC-S1-09","中年多重责任","SC-S3-01","工作时间突变","NF-N1-03","被理解/被回应/被关心","Gate or conditional","N3-01","当「当前现实负担」进入「中年多重责任」的「工作/事业/学习」，遇到「工作时间突变」时，对重视「被理解/被回应/被关心」的人意味着什么？","generated_by_constrained_mapping","unreviewed"
"CC-00448","PF-B05","当前现实负担","SC-S2-02","工作/事业/学习","SC-S1-09","中年多重责任","SC-S3-02","事业机会/职业转折","NF-N1-05","安全/信任/可预测","Gate / conditional","N3-02/N3-06","当「当前现实负担」进入「中年多重责任」的「工作/事业/学习」，遇到「事业机会/职业转折」时，对重视「安全/信任/可预测」的人意味着什么？","generated_by_constrained_mapping","unreviewed"
"CC-00449","PF-B05","当前现实负担","SC-S2-02","工作/事业/学习","SC-S1-09","中年多重责任","SC-S3-02","事业机会/职业转折","NF-N1-07","公平/可靠/合作","Conditional / gate","N3-02/N3-03","当「当前现实负担」进入「中年多重责任」的「工作/事业/学习」，遇到「事业机会/职业转折」时，对重视「公平/可靠/合作」的人意味着什么？","generated_by_constrained_mapping","unreviewed"
"CC-00450","PF-B05","当前现实负担","SC-S2-02","工作/事业/学习","SC-S1-09","中年多重责任","SC-S3-02","事业机会/职业转折","NF-N1-03","被理解/被回应/被关心","Gate or conditional","N3-01","当「当前现实负担」进入「中年多重责任」的「工作/事业/学习」，遇到「事业机会/职业转折」时，对重视「被理解/被回应/被关心」的人意味着什么？","generated_by_constrained_mapping","unreviewed"
"CC-00451","PF-B05","当前现实负担","SC-S2-03","钱/财务","SC-S1-03","稳定交往","SC-S3-03","失业/收入下降","NF-N1-05","安全/信任/可预测","Gate / conditional","N3-02/N3-06","当「当前现实负担」进入「稳定交往」的「钱/财务」，遇到「失业/收入下降」时，对重视「安全/信任/可预测」的人意味着什么？","generated_by_constrained_mapping","unreviewed"
"CC-00452","PF-B05","当前现实负担","SC-S2-03","钱/财务","SC-S1-03","稳定交往","SC-S3-03","失业/收入下降","NF-N1-07","公平/可靠/合作","Conditional / gate","N3-02/N3-03","当「当前现实负担」进入「稳定交往」的「钱/财务」，遇到「失业/收入下降」时，对重视「公平/可靠/合作」的人意味着什么？","generated_by_constrained_mapping","unreviewed"
"CC-00453","PF-B05","当前现实负担","SC-S2-03","钱/财务","SC-S1-03","稳定交往","SC-S3-03","失业/收入下降","NF-N1-03","被理解/被回应/被关心","Gate or conditional","N3-01","当「当前现实负担」进入「稳定交往」的「钱/财务」，遇到「失业/收入下降」时，对重视「被理解/被回应/被关心」的人意味着什么？","generated_by_constrained_mapping","unreviewed"
"CC-00454","PF-B05","当前现实负担","SC-S2-03","钱/财务","SC-S1-03","稳定交往","SC-S3-04","大额财务事件","NF-N1-05","安全/信任/可预测","Gate / conditional","N3-02/N3-06","当「当前现实负担」进入「稳定交往」的「钱/财务」，遇到「大额财务事件」时，对重视「安全/信任/可预测」的人意味着什么？","generated_by_constrained_mapping","unreviewed"
"CC-00455","PF-B05","当前现实负担","SC-S2-03","钱/财务","SC-S1-03","稳定交往","SC-S3-04","大额财务事件","NF-N1-07","公平/可靠/合作","Conditional / gate","N3-02/N3-03","当「当前现实负担」进入「稳定交往」的「钱/财务」，遇到「大额财务事件」时，对重视「公平/可靠/合作」的人意味着什么？","generated_by_constrained_mapping","unreviewed"
"CC-00456","PF-B05","当前现实负担","SC-S2-03","钱/财务","SC-S1-03","稳定交往","SC-S3-04","大额财务事件","NF-N1-03","被理解/被回应/被关心","Gate or conditional","N3-01","当「当前现实负担」进入「稳定交往」的「钱/财务」，遇到「大额财务事件」时，对重视「被理解/被回应/被关心」的人意味着什么？","generated_by_constrained_mapping","unreviewed"
"CC-00457","PF-B05","当前现实负担","SC-S2-03","钱/财务","SC-S1-05","结婚/建立家庭","SC-S3-03","失业/收入下降","NF-N1-05","安全/信任/可预测","Gate / conditional","N3-02/N3-06","当「当前现实负担」进入「结婚/建立家庭」的「钱/财务」，遇到「失业/收入下降」时，对重视「安全/信任/可预测」的人意味着什么？","generated_by_constrained_mapping","unreviewed"
"CC-00458","PF-B05","当前现实负担","SC-S2-03","钱/财务","SC-S1-05","结婚/建立家庭","SC-S3-03","失业/收入下降","NF-N1-07","公平/可靠/合作","Conditional / gate","N3-02/N3-03","当「当前现实负担」进入「结婚/建立家庭」的「钱/财务」，遇到「失业/收入下降」时，对重视「公平/可靠/合作」的人意味着什么？","generated_by_constrained_mapping","unreviewed"
"CC-00459","PF-B05","当前现实负担","SC-S2-03","钱/财务","SC-S1-05","结婚/建立家庭","SC-S3-03","失业/收入下降","NF-N1-03","被理解/被回应/被关心","Gate or conditional","N3-01","当「当前现实负担」进入「结婚/建立家庭」的「钱/财务」，遇到「失业/收入下降」时，对重视「被理解/被回应/被关心」的人意味着什么？","generated_by_constrained_mapping","unreviewed"
"CC-00460","PF-B05","当前现实负担","SC-S2-03","钱/财务","SC-S1-05","结婚/建立家庭","SC-S3-04","大额财务事件","NF-N1-05","安全/信任/可预测","Gate / conditional","N3-02/N3-06","当「当前现实负担」进入「结婚/建立家庭」的「钱/财务」，遇到「大额财务事件」时，对重视「安全/信任/可预测」的人意味着什么？","generated_by_constrained_mapping","unreviewed"
"CC-00461","PF-B05","当前现实负担","SC-S2-03","钱/财务","SC-S1-05","结婚/建立家庭","SC-S3-04","大额财务事件","NF-N1-07","公平/可靠/合作","Conditional / gate","N3-02/N3-03","当「当前现实负担」进入「结婚/建立家庭」的「钱/财务」，遇到「大额财务事件」时，对重视「公平/可靠/合作」的人意味着什么？","generated_by_constrained_mapping","unreviewed"
"CC-00462","PF-B05","当前现实负担","SC-S2-03","钱/财务","SC-S1-05","结婚/建立家庭","SC-S3-04","大额财务事件","NF-N1-03","被理解/被回应/被关心","Gate or conditional","N3-01","当「当前现实负担」进入「结婚/建立家庭」的「钱/财务」，遇到「大额财务事件」时，对重视「被理解/被回应/被关心」的人意味着什么？","generated_by_constrained_mapping","unreviewed"
"CC-00463","PF-B05","当前现实负担","SC-S2-03","钱/财务","SC-S1-07","婴幼儿照护","SC-S3-03","失业/收入下降","NF-N1-05","安全/信任/可预测","Gate / conditional","N3-02/N3-06","当「当前现实负担」进入「婴幼儿照护」的「钱/财务」，遇到「失业/收入下降」时，对重视「安全/信任/可预测」的人意味着什么？","generated_by_constrained_mapping","unreviewed"
"CC-00464","PF-B05","当前现实负担","SC-S2-03","钱/财务","SC-S1-07","婴幼儿照护","SC-S3-03","失业/收入下降","NF-N1-07","公平/可靠/合作","Conditional / gate","N3-02/N3-03","当「当前现实负担」进入「婴幼儿照护」的「钱/财务」，遇到「失业/收入下降」时，对重视「公平/可靠/合作」的人意味着什么？","generated_by_constrained_mapping","unreviewed"
"CC-00465","PF-B05","当前现实负担","SC-S2-03","钱/财务","SC-S1-07","婴幼儿照护","SC-S3-03","失业/收入下降","NF-N1-03","被理解/被回应/被关心","Gate or conditional","N3-01","当「当前现实负担」进入「婴幼儿照护」的「钱/财务」，遇到「失业/收入下降」时，对重视「被理解/被回应/被关心」的人意味着什么？","generated_by_constrained_mapping","unreviewed"
"CC-00466","PF-B05","当前现实负担","SC-S2-03","钱/财务","SC-S1-07","婴幼儿照护","SC-S3-04","大额财务事件","NF-N1-05","安全/信任/可预测","Gate / conditional","N3-02/N3-06","当「当前现实负担」进入「婴幼儿照护」的「钱/财务」，遇到「大额财务事件」时，对重视「安全/信任/可预测」的人意味着什么？","generated_by_constrained_mapping","unreviewed"
"CC-00467","PF-B05","当前现实负担","SC-S2-03","钱/财务","SC-S1-07","婴幼儿照护","SC-S3-04","大额财务事件","NF-N1-07","公平/可靠/合作","Conditional / gate","N3-02/N3-03","当「当前现实负担」进入「婴幼儿照护」的「钱/财务」，遇到「大额财务事件」时，对重视「公平/可靠/合作」的人意味着什么？","generated_by_constrained_mapping","unreviewed"
"CC-00468","PF-B05","当前现实负担","SC-S2-03","钱/财务","SC-S1-07","婴幼儿照护","SC-S3-04","大额财务事件","NF-N1-03","被理解/被回应/被关心","Gate or conditional","N3-01","当「当前现实负担」进入「婴幼儿照护」的「钱/财务」，遇到「大额财务事件」时，对重视「被理解/被回应/被关心」的人意味着什么？","generated_by_constrained_mapping","unreviewed"
"CC-00469","PF-B05","当前现实负担","SC-S2-11","健康/疾病/照护","SC-S1-03","稳定交往","SC-S3-08","本人健康变化","NF-N1-05","安全/信任/可预测","Gate / conditional","N3-02/N3-06","当「当前现实负担」进入「稳定交往」的「健康/疾病/照护」，遇到「本人健康变化」时，对重视「安全/信任/可预测」的人意味着什么？","generated_by_constrained_mapping","unreviewed"
"CC-00470","PF-B05","当前现实负担","SC-S2-11","健康/疾病/照护","SC-S1-03","稳定交往","SC-S3-08","本人健康变化","NF-N1-07","公平/可靠/合作","Conditional / gate","N3-02/N3-03","当「当前现实负担」进入「稳定交往」的「健康/疾病/照护」，遇到「本人健康变化」时，对重视「公平/可靠/合作」的人意味着什么？","generated_by_constrained_mapping","unreviewed"
"CC-00471","PF-B05","当前现实负担","SC-S2-11","健康/疾病/照护","SC-S1-03","稳定交往","SC-S3-08","本人健康变化","NF-N1-03","被理解/被回应/被关心","Gate or conditional","N3-01","当「当前现实负担」进入「稳定交往」的「健康/疾病/照护」，遇到「本人健康变化」时，对重视「被理解/被回应/被关心」的人意味着什么？","generated_by_constrained_mapping","unreviewed"
"CC-00472","PF-B05","当前现实负担","SC-S2-11","健康/疾病/照护","SC-S1-03","稳定交往","SC-S3-07","父母责任变化","NF-N1-05","安全/信任/可预测","Gate / conditional","N3-02/N3-06","当「当前现实负担」进入「稳定交往」的「健康/疾病/照护」，遇到「父母责任变化」时，对重视「安全/信任/可预测」的人意味着什么？","generated_by_constrained_mapping","unreviewed"
"CC-00473","PF-B05","当前现实负担","SC-S2-11","健康/疾病/照护","SC-S1-03","稳定交往","SC-S3-07","父母责任变化","NF-N1-07","公平/可靠/合作","Conditional / gate","N3-02/N3-03","当「当前现实负担」进入「稳定交往」的「健康/疾病/照护」，遇到「父母责任变化」时，对重视「公平/可靠/合作」的人意味着什么？","generated_by_constrained_mapping","unreviewed"
"CC-00474","PF-B05","当前现实负担","SC-S2-11","健康/疾病/照护","SC-S1-03","稳定交往","SC-S3-07","父母责任变化","NF-N1-03","被理解/被回应/被关心","Gate or conditional","N3-01","当「当前现实负担」进入「稳定交往」的「健康/疾病/照护」，遇到「父母责任变化」时，对重视「被理解/被回应/被关心」的人意味着什么？","generated_by_constrained_mapping","unreviewed"
"CC-00475","PF-B05","当前现实负担","SC-S2-11","健康/疾病/照护","SC-S1-07","婴幼儿照护","SC-S3-08","本人健康变化","NF-N1-05","安全/信任/可预测","Gate / conditional","N3-02/N3-06","当「当前现实负担」进入「婴幼儿照护」的「健康/疾病/照护」，遇到「本人健康变化」时，对重视「安全/信任/可预测」的人意味着什么？","generated_by_constrained_mapping","unreviewed"
"CC-00476","PF-B05","当前现实负担","SC-S2-11","健康/疾病/照护","SC-S1-07","婴幼儿照护","SC-S3-08","本人健康变化","NF-N1-07","公平/可靠/合作","Conditional / gate","N3-02/N3-03","当「当前现实负担」进入「婴幼儿照护」的「健康/疾病/照护」，遇到「本人健康变化」时，对重视「公平/可靠/合作」的人意味着什么？","generated_by_constrained_mapping","unreviewed"
"CC-00477","PF-B05","当前现实负担","SC-S2-11","健康/疾病/照护","SC-S1-07","婴幼儿照护","SC-S3-08","本人健康变化","NF-N1-03","被理解/被回应/被关心","Gate or conditional","N3-01","当「当前现实负担」进入「婴幼儿照护」的「健康/疾病/照护」，遇到「本人健康变化」时，对重视「被理解/被回应/被关心」的人意味着什么？","generated_by_constrained_mapping","unreviewed"
"CC-00478","PF-B05","当前现实负担","SC-S2-11","健康/疾病/照护","SC-S1-07","婴幼儿照护","SC-S3-07","父母责任变化","NF-N1-05","安全/信任/可预测","Gate / conditional","N3-02/N3-06","当「当前现实负担」进入「婴幼儿照护」的「健康/疾病/照护」，遇到「父母责任变化」时，对重视「安全/信任/可预测」的人意味着什么？","generated_by_constrained_mapping","unreviewed"
"CC-00479","PF-B05","当前现实负担","SC-S2-11","健康/疾病/照护","SC-S1-07","婴幼儿照护","SC-S3-07","父母责任变化","NF-N1-07","公平/可靠/合作","Conditional / gate","N3-02/N3-03","当「当前现实负担」进入「婴幼儿照护」的「健康/疾病/照护」，遇到「父母责任变化」时，对重视「公平/可靠/合作」的人意味着什么？","generated_by_constrained_mapping","unreviewed"
"CC-00480","PF-B05","当前现实负担","SC-S2-11","健康/疾病/照护","SC-S1-07","婴幼儿照护","SC-S3-07","父母责任变化","NF-N1-03","被理解/被回应/被关心","Gate or conditional","N3-01","当「当前现实负担」进入「婴幼儿照护」的「健康/疾病/照护」，遇到「父母责任变化」时，对重视「被理解/被回应/被关心」的人意味着什么？","generated_by_constrained_mapping","unreviewed"
"CC-00481","PF-B05","当前现实负担","SC-S2-11","健康/疾病/照护","SC-S1-10","退休/老年/长期照护","SC-S3-08","本人健康变化","NF-N1-05","安全/信任/可预测","Gate / conditional","N3-02/N3-06","当「当前现实负担」进入「退休/老年/长期照护」的「健康/疾病/照护」，遇到「本人健康变化」时，对重视「安全/信任/可预测」的人意味着什么？","generated_by_constrained_mapping","unreviewed"
"CC-00482","PF-B05","当前现实负担","SC-S2-11","健康/疾病/照护","SC-S1-10","退休/老年/长期照护","SC-S3-08","本人健康变化","NF-N1-07","公平/可靠/合作","Conditional / gate","N3-02/N3-03","当「当前现实负担」进入「退休/老年/长期照护」的「健康/疾病/照护」，遇到「本人健康变化」时，对重视「公平/可靠/合作」的人意味着什么？","generated_by_constrained_mapping","unreviewed"
"CC-00483","PF-B05","当前现实负担","SC-S2-11","健康/疾病/照护","SC-S1-10","退休/老年/长期照护","SC-S3-08","本人健康变化","NF-N1-03","被理解/被回应/被关心","Gate or conditional","N3-01","当「当前现实负担」进入「退休/老年/长期照护」的「健康/疾病/照护」，遇到「本人健康变化」时，对重视「被理解/被回应/被关心」的人意味着什么？","generated_by_constrained_mapping","unreviewed"
"CC-00484","PF-B05","当前现实负担","SC-S2-11","健康/疾病/照护","SC-S1-10","退休/老年/长期照护","SC-S3-07","父母责任变化","NF-N1-05","安全/信任/可预测","Gate / conditional","N3-02/N3-06","当「当前现实负担」进入「退休/老年/长期照护」的「健康/疾病/照护」，遇到「父母责任变化」时，对重视「安全/信任/可预测」的人意味着什么？","generated_by_constrained_mapping","unreviewed"
"CC-00485","PF-B05","当前现实负担","SC-S2-11","健康/疾病/照护","SC-S1-10","退休/老年/长期照护","SC-S3-07","父母责任变化","NF-N1-07","公平/可靠/合作","Conditional / gate","N3-02/N3-03","当「当前现实负担」进入「退休/老年/长期照护」的「健康/疾病/照护」，遇到「父母责任变化」时，对重视「公平/可靠/合作」的人意味着什么？","generated_by_constrained_mapping","unreviewed"
"CC-00486","PF-B05","当前现实负担","SC-S2-11","健康/疾病/照护","SC-S1-10","退休/老年/长期照护","SC-S3-07","父母责任变化","NF-N1-03","被理解/被回应/被关心","Gate or conditional","N3-01","当「当前现实负担」进入「退休/老年/长期照护」的「健康/疾病/照护」，遇到「父母责任变化」时，对重视「被理解/被回应/被关心」的人意味着什么？","generated_by_constrained_mapping","unreviewed"
"CC-00487","PF-B06","职业环境约束","SC-S2-02","工作/事业/学习","SC-S1-02","恋爱/磨合","SC-S3-01","工作时间突变","NF-N1-02","陪伴/连接/归属","Ideal range / conditional","N3-01/N3-05","当「职业环境约束」进入「恋爱/磨合」的「工作/事业/学习」，遇到「工作时间突变」时，对重视「陪伴/连接/归属」的人意味着什么？","generated_by_constrained_mapping","unreviewed"
"CC-00488","PF-B06","职业环境约束","SC-S2-02","工作/事业/学习","SC-S1-02","恋爱/磨合","SC-S3-01","工作时间突变","NF-N1-05","安全/信任/可预测","Gate / conditional","N3-02/N3-06","当「职业环境约束」进入「恋爱/磨合」的「工作/事业/学习」，遇到「工作时间突变」时，对重视「安全/信任/可预测」的人意味着什么？","generated_by_constrained_mapping","unreviewed"
"CC-00489","PF-B06","职业环境约束","SC-S2-02","工作/事业/学习","SC-S1-02","恋爱/磨合","SC-S3-01","工作时间突变","NF-N1-12","价值/人生方向/未来一致性","Gate / fit","N3-06/N3-07","当「职业环境约束」进入「恋爱/磨合」的「工作/事业/学习」，遇到「工作时间突变」时，对重视「价值/人生方向/未来一致性」的人意味着什么？","generated_by_constrained_mapping","unreviewed"
"CC-00490","PF-B06","职业环境约束","SC-S2-02","工作/事业/学习","SC-S1-02","恋爱/磨合","SC-S3-02","事业机会/职业转折","NF-N1-02","陪伴/连接/归属","Ideal range / conditional","N3-01/N3-05","当「职业环境约束」进入「恋爱/磨合」的「工作/事业/学习」，遇到「事业机会/职业转折」时，对重视「陪伴/连接/归属」的人意味着什么？","generated_by_constrained_mapping","unreviewed"
"CC-00491","PF-B06","职业环境约束","SC-S2-02","工作/事业/学习","SC-S1-02","恋爱/磨合","SC-S3-02","事业机会/职业转折","NF-N1-05","安全/信任/可预测","Gate / conditional","N3-02/N3-06","当「职业环境约束」进入「恋爱/磨合」的「工作/事业/学习」，遇到「事业机会/职业转折」时，对重视「安全/信任/可预测」的人意味着什么？","generated_by_constrained_mapping","unreviewed"
"CC-00492","PF-B06","职业环境约束","SC-S2-02","工作/事业/学习","SC-S1-02","恋爱/磨合","SC-S3-02","事业机会/职业转折","NF-N1-12","价值/人生方向/未来一致性","Gate / fit","N3-06/N3-07","当「职业环境约束」进入「恋爱/磨合」的「工作/事业/学习」，遇到「事业机会/职业转折」时，对重视「价值/人生方向/未来一致性」的人意味着什么？","generated_by_constrained_mapping","unreviewed"
"CC-00493","PF-B06","职业环境约束","SC-S2-02","工作/事业/学习","SC-S1-05","结婚/建立家庭","SC-S3-01","工作时间突变","NF-N1-02","陪伴/连接/归属","Ideal range / conditional","N3-01/N3-05","当「职业环境约束」进入「结婚/建立家庭」的「工作/事业/学习」，遇到「工作时间突变」时，对重视「陪伴/连接/归属」的人意味着什么？","generated_by_constrained_mapping","unreviewed"
"CC-00494","PF-B06","职业环境约束","SC-S2-02","工作/事业/学习","SC-S1-05","结婚/建立家庭","SC-S3-01","工作时间突变","NF-N1-05","安全/信任/可预测","Gate / conditional","N3-02/N3-06","当「职业环境约束」进入「结婚/建立家庭」的「工作/事业/学习」，遇到「工作时间突变」时，对重视「安全/信任/可预测」的人意味着什么？","generated_by_constrained_mapping","unreviewed"
"CC-00495","PF-B06","职业环境约束","SC-S2-02","工作/事业/学习","SC-S1-05","结婚/建立家庭","SC-S3-01","工作时间突变","NF-N1-12","价值/人生方向/未来一致性","Gate / fit","N3-06/N3-07","当「职业环境约束」进入「结婚/建立家庭」的「工作/事业/学习」，遇到「工作时间突变」时，对重视「价值/人生方向/未来一致性」的人意味着什么？","generated_by_constrained_mapping","unreviewed"
"CC-00496","PF-B06","职业环境约束","SC-S2-02","工作/事业/学习","SC-S1-05","结婚/建立家庭","SC-S3-02","事业机会/职业转折","NF-N1-02","陪伴/连接/归属","Ideal range / conditional","N3-01/N3-05","当「职业环境约束」进入「结婚/建立家庭」的「工作/事业/学习」，遇到「事业机会/职业转折」时，对重视「陪伴/连接/归属」的人意味着什么？","generated_by_constrained_mapping","unreviewed"
"CC-00497","PF-B06","职业环境约束","SC-S2-02","工作/事业/学习","SC-S1-05","结婚/建立家庭","SC-S3-02","事业机会/职业转折","NF-N1-05","安全/信任/可预测","Gate / conditional","N3-02/N3-06","当「职业环境约束」进入「结婚/建立家庭」的「工作/事业/学习」，遇到「事业机会/职业转折」时，对重视「安全/信任/可预测」的人意味着什么？","generated_by_constrained_mapping","unreviewed"
"CC-00498","PF-B06","职业环境约束","SC-S2-02","工作/事业/学习","SC-S1-05","结婚/建立家庭","SC-S3-02","事业机会/职业转折","NF-N1-12","价值/人生方向/未来一致性","Gate / fit","N3-06/N3-07","当「职业环境约束」进入「结婚/建立家庭」的「工作/事业/学习」，遇到「事业机会/职业转折」时，对重视「价值/人生方向/未来一致性」的人意味着什么？","generated_by_constrained_mapping","unreviewed"
"CC-00499","PF-B06","职业环境约束","SC-S2-02","工作/事业/学习","SC-S1-09","中年多重责任","SC-S3-01","工作时间突变","NF-N1-02","陪伴/连接/归属","Ideal range / conditional","N3-01/N3-05","当「职业环境约束」进入「中年多重责任」的「工作/事业/学习」，遇到「工作时间突变」时，对重视「陪伴/连接/归属」的人意味着什么？","generated_by_constrained_mapping","unreviewed"
"CC-00500","PF-B06","职业环境约束","SC-S2-02","工作/事业/学习","SC-S1-09","中年多重责任","SC-S3-01","工作时间突变","NF-N1-05","安全/信任/可预测","Gate / conditional","N3-02/N3-06","当「职业环境约束」进入「中年多重责任」的「工作/事业/学习」，遇到「工作时间突变」时，对重视「安全/信任/可预测」的人意味着什么？","generated_by_constrained_mapping","unreviewed"
"CC-00501","PF-B06","职业环境约束","SC-S2-02","工作/事业/学习","SC-S1-09","中年多重责任","SC-S3-01","工作时间突变","NF-N1-12","价值/人生方向/未来一致性","Gate / fit","N3-06/N3-07","当「职业环境约束」进入「中年多重责任」的「工作/事业/学习」，遇到「工作时间突变」时，对重视「价值/人生方向/未来一致性」的人意味着什么？","generated_by_constrained_mapping","unreviewed"
"CC-00502","PF-B06","职业环境约束","SC-S2-02","工作/事业/学习","SC-S1-09","中年多重责任","SC-S3-02","事业机会/职业转折","NF-N1-02","陪伴/连接/归属","Ideal range / conditional","N3-01/N3-05","当「职业环境约束」进入「中年多重责任」的「工作/事业/学习」，遇到「事业机会/职业转折」时，对重视「陪伴/连接/归属」的人意味着什么？","generated_by_constrained_mapping","unreviewed"
"CC-00503","PF-B06","职业环境约束","SC-S2-02","工作/事业/学习","SC-S1-09","中年多重责任","SC-S3-02","事业机会/职业转折","NF-N1-05","安全/信任/可预测","Gate / conditional","N3-02/N3-06","当「职业环境约束」进入「中年多重责任」的「工作/事业/学习」，遇到「事业机会/职业转折」时，对重视「安全/信任/可预测」的人意味着什么？","generated_by_constrained_mapping","unreviewed"
"CC-00504","PF-B06","职业环境约束","SC-S2-02","工作/事业/学习","SC-S1-09","中年多重责任","SC-S3-02","事业机会/职业转折","NF-N1-12","价值/人生方向/未来一致性","Gate / fit","N3-06/N3-07","当「职业环境约束」进入「中年多重责任」的「工作/事业/学习」，遇到「事业机会/职业转折」时，对重视「价值/人生方向/未来一致性」的人意味着什么？","generated_by_constrained_mapping","unreviewed"
"CC-00505","PF-B06","职业环境约束","SC-S2-01","日常作息与生活管理","SC-S1-02","恋爱/磨合","SC-S3-01","工作时间突变","NF-N1-02","陪伴/连接/归属","Ideal range / conditional","N3-01/N3-05","当「职业环境约束」进入「恋爱/磨合」的「日常作息与生活管理」，遇到「工作时间突变」时，对重视「陪伴/连接/归属」的人意味着什么？","generated_by_constrained_mapping","unreviewed"
"CC-00506","PF-B06","职业环境约束","SC-S2-01","日常作息与生活管理","SC-S1-02","恋爱/磨合","SC-S3-01","工作时间突变","NF-N1-05","安全/信任/可预测","Gate / conditional","N3-02/N3-06","当「职业环境约束」进入「恋爱/磨合」的「日常作息与生活管理」，遇到「工作时间突变」时，对重视「安全/信任/可预测」的人意味着什么？","generated_by_constrained_mapping","unreviewed"
"CC-00507","PF-B06","职业环境约束","SC-S2-01","日常作息与生活管理","SC-S1-02","恋爱/磨合","SC-S3-01","工作时间突变","NF-N1-12","价值/人生方向/未来一致性","Gate / fit","N3-06/N3-07","当「职业环境约束」进入「恋爱/磨合」的「日常作息与生活管理」，遇到「工作时间突变」时，对重视「价值/人生方向/未来一致性」的人意味着什么？","generated_by_constrained_mapping","unreviewed"
"CC-00508","PF-B06","职业环境约束","SC-S2-01","日常作息与生活管理","SC-S1-02","恋爱/磨合","SC-S3-10","反复小问题累积","NF-N1-02","陪伴/连接/归属","Ideal range / conditional","N3-01/N3-05","当「职业环境约束」进入「恋爱/磨合」的「日常作息与生活管理」，遇到「反复小问题累积」时，对重视「陪伴/连接/归属」的人意味着什么？","generated_by_constrained_mapping","unreviewed"
"CC-00509","PF-B06","职业环境约束","SC-S2-01","日常作息与生活管理","SC-S1-02","恋爱/磨合","SC-S3-10","反复小问题累积","NF-N1-05","安全/信任/可预测","Gate / conditional","N3-02/N3-06","当「职业环境约束」进入「恋爱/磨合」的「日常作息与生活管理」，遇到「反复小问题累积」时，对重视「安全/信任/可预测」的人意味着什么？","generated_by_constrained_mapping","unreviewed"
"CC-00510","PF-B06","职业环境约束","SC-S2-01","日常作息与生活管理","SC-S1-02","恋爱/磨合","SC-S3-10","反复小问题累积","NF-N1-12","价值/人生方向/未来一致性","Gate / fit","N3-06/N3-07","当「职业环境约束」进入「恋爱/磨合」的「日常作息与生活管理」，遇到「反复小问题累积」时，对重视「价值/人生方向/未来一致性」的人意味着什么？","generated_by_constrained_mapping","unreviewed"
"CC-00511","PF-B06","职业环境约束","SC-S2-01","日常作息与生活管理","SC-S1-04","同居/婚前","SC-S3-01","工作时间突变","NF-N1-02","陪伴/连接/归属","Ideal range / conditional","N3-01/N3-05","当「职业环境约束」进入「同居/婚前」的「日常作息与生活管理」，遇到「工作时间突变」时，对重视「陪伴/连接/归属」的人意味着什么？","generated_by_constrained_mapping","unreviewed"
"CC-00512","PF-B06","职业环境约束","SC-S2-01","日常作息与生活管理","SC-S1-04","同居/婚前","SC-S3-01","工作时间突变","NF-N1-05","安全/信任/可预测","Gate / conditional","N3-02/N3-06","当「职业环境约束」进入「同居/婚前」的「日常作息与生活管理」，遇到「工作时间突变」时，对重视「安全/信任/可预测」的人意味着什么？","generated_by_constrained_mapping","unreviewed"
"CC-00513","PF-B06","职业环境约束","SC-S2-01","日常作息与生活管理","SC-S1-04","同居/婚前","SC-S3-01","工作时间突变","NF-N1-12","价值/人生方向/未来一致性","Gate / fit","N3-06/N3-07","当「职业环境约束」进入「同居/婚前」的「日常作息与生活管理」，遇到「工作时间突变」时，对重视「价值/人生方向/未来一致性」的人意味着什么？","generated_by_constrained_mapping","unreviewed"
"CC-00514","PF-B06","职业环境约束","SC-S2-01","日常作息与生活管理","SC-S1-04","同居/婚前","SC-S3-10","反复小问题累积","NF-N1-02","陪伴/连接/归属","Ideal range / conditional","N3-01/N3-05","当「职业环境约束」进入「同居/婚前」的「日常作息与生活管理」，遇到「反复小问题累积」时，对重视「陪伴/连接/归属」的人意味着什么？","generated_by_constrained_mapping","unreviewed"
"CC-00515","PF-B06","职业环境约束","SC-S2-01","日常作息与生活管理","SC-S1-04","同居/婚前","SC-S3-10","反复小问题累积","NF-N1-05","安全/信任/可预测","Gate / conditional","N3-02/N3-06","当「职业环境约束」进入「同居/婚前」的「日常作息与生活管理」，遇到「反复小问题累积」时，对重视「安全/信任/可预测」的人意味着什么？","generated_by_constrained_mapping","unreviewed"
"CC-00516","PF-B06","职业环境约束","SC-S2-01","日常作息与生活管理","SC-S1-04","同居/婚前","SC-S3-10","反复小问题累积","NF-N1-12","价值/人生方向/未来一致性","Gate / fit","N3-06/N3-07","当「职业环境约束」进入「同居/婚前」的「日常作息与生活管理」，遇到「反复小问题累积」时，对重视「价值/人生方向/未来一致性」的人意味着什么？","generated_by_constrained_mapping","unreviewed"
"CC-00517","PF-B06","职业环境约束","SC-S2-01","日常作息与生活管理","SC-S1-07","婴幼儿照护","SC-S3-01","工作时间突变","NF-N1-02","陪伴/连接/归属","Ideal range / conditional","N3-01/N3-05","当「职业环境约束」进入「婴幼儿照护」的「日常作息与生活管理」，遇到「工作时间突变」时，对重视「陪伴/连接/归属」的人意味着什么？","generated_by_constrained_mapping","unreviewed"
"CC-00518","PF-B06","职业环境约束","SC-S2-01","日常作息与生活管理","SC-S1-07","婴幼儿照护","SC-S3-01","工作时间突变","NF-N1-05","安全/信任/可预测","Gate / conditional","N3-02/N3-06","当「职业环境约束」进入「婴幼儿照护」的「日常作息与生活管理」，遇到「工作时间突变」时，对重视「安全/信任/可预测」的人意味着什么？","generated_by_constrained_mapping","unreviewed"
"CC-00519","PF-B06","职业环境约束","SC-S2-01","日常作息与生活管理","SC-S1-07","婴幼儿照护","SC-S3-01","工作时间突变","NF-N1-12","价值/人生方向/未来一致性","Gate / fit","N3-06/N3-07","当「职业环境约束」进入「婴幼儿照护」的「日常作息与生活管理」，遇到「工作时间突变」时，对重视「价值/人生方向/未来一致性」的人意味着什么？","generated_by_constrained_mapping","unreviewed"
"CC-00520","PF-B06","职业环境约束","SC-S2-01","日常作息与生活管理","SC-S1-07","婴幼儿照护","SC-S3-10","反复小问题累积","NF-N1-02","陪伴/连接/归属","Ideal range / conditional","N3-01/N3-05","当「职业环境约束」进入「婴幼儿照护」的「日常作息与生活管理」，遇到「反复小问题累积」时，对重视「陪伴/连接/归属」的人意味着什么？","generated_by_constrained_mapping","unreviewed"
"CC-00521","PF-B06","职业环境约束","SC-S2-01","日常作息与生活管理","SC-S1-07","婴幼儿照护","SC-S3-10","反复小问题累积","NF-N1-05","安全/信任/可预测","Gate / conditional","N3-02/N3-06","当「职业环境约束」进入「婴幼儿照护」的「日常作息与生活管理」，遇到「反复小问题累积」时，对重视「安全/信任/可预测」的人意味着什么？","generated_by_constrained_mapping","unreviewed"
"CC-00522","PF-B06","职业环境约束","SC-S2-01","日常作息与生活管理","SC-S1-07","婴幼儿照护","SC-S3-10","反复小问题累积","NF-N1-12","价值/人生方向/未来一致性","Gate / fit","N3-06/N3-07","当「职业环境约束」进入「婴幼儿照护」的「日常作息与生活管理」，遇到「反复小问题累积」时，对重视「价值/人生方向/未来一致性」的人意味着什么？","generated_by_constrained_mapping","unreviewed"
"CC-00523","PF-B06","职业环境约束","SC-S2-04","房/居住/地点","SC-S1-03","稳定交往","SC-S3-04","大额财务事件","NF-N1-02","陪伴/连接/归属","Ideal range / conditional","N3-01/N3-05","当「职业环境约束」进入「稳定交往」的「房/居住/地点」，遇到「大额财务事件」时，对重视「陪伴/连接/归属」的人意味着什么？","generated_by_constrained_mapping","unreviewed"
"CC-00524","PF-B06","职业环境约束","SC-S2-04","房/居住/地点","SC-S1-03","稳定交往","SC-S3-04","大额财务事件","NF-N1-05","安全/信任/可预测","Gate / conditional","N3-02/N3-06","当「职业环境约束」进入「稳定交往」的「房/居住/地点」，遇到「大额财务事件」时，对重视「安全/信任/可预测」的人意味着什么？","generated_by_constrained_mapping","unreviewed"
"CC-00525","PF-B06","职业环境约束","SC-S2-04","房/居住/地点","SC-S1-03","稳定交往","SC-S3-04","大额财务事件","NF-N1-12","价值/人生方向/未来一致性","Gate / fit","N3-06/N3-07","当「职业环境约束」进入「稳定交往」的「房/居住/地点」，遇到「大额财务事件」时，对重视「价值/人生方向/未来一致性」的人意味着什么？","generated_by_constrained_mapping","unreviewed"
"CC-00526","PF-B06","职业环境约束","SC-S2-04","房/居住/地点","SC-S1-03","稳定交往","SC-S3-05","居住/迁移变化","NF-N1-02","陪伴/连接/归属","Ideal range / conditional","N3-01/N3-05","当「职业环境约束」进入「稳定交往」的「房/居住/地点」，遇到「居住/迁移变化」时，对重视「陪伴/连接/归属」的人意味着什么？","generated_by_constrained_mapping","unreviewed"
"CC-00527","PF-B06","职业环境约束","SC-S2-04","房/居住/地点","SC-S1-03","稳定交往","SC-S3-05","居住/迁移变化","NF-N1-05","安全/信任/可预测","Gate / conditional","N3-02/N3-06","当「职业环境约束」进入「稳定交往」的「房/居住/地点」，遇到「居住/迁移变化」时，对重视「安全/信任/可预测」的人意味着什么？","generated_by_constrained_mapping","unreviewed"
"CC-00528","PF-B06","职业环境约束","SC-S2-04","房/居住/地点","SC-S1-03","稳定交往","SC-S3-05","居住/迁移变化","NF-N1-12","价值/人生方向/未来一致性","Gate / fit","N3-06/N3-07","当「职业环境约束」进入「稳定交往」的「房/居住/地点」，遇到「居住/迁移变化」时，对重视「价值/人生方向/未来一致性」的人意味着什么？","generated_by_constrained_mapping","unreviewed"
"CC-00529","PF-B06","职业环境约束","SC-S2-04","房/居住/地点","SC-S1-05","结婚/建立家庭","SC-S3-04","大额财务事件","NF-N1-02","陪伴/连接/归属","Ideal range / conditional","N3-01/N3-05","当「职业环境约束」进入「结婚/建立家庭」的「房/居住/地点」，遇到「大额财务事件」时，对重视「陪伴/连接/归属」的人意味着什么？","generated_by_constrained_mapping","unreviewed"
"CC-00530","PF-B06","职业环境约束","SC-S2-04","房/居住/地点","SC-S1-05","结婚/建立家庭","SC-S3-04","大额财务事件","NF-N1-05","安全/信任/可预测","Gate / conditional","N3-02/N3-06","当「职业环境约束」进入「结婚/建立家庭」的「房/居住/地点」，遇到「大额财务事件」时，对重视「安全/信任/可预测」的人意味着什么？","generated_by_constrained_mapping","unreviewed"
"CC-00531","PF-B06","职业环境约束","SC-S2-04","房/居住/地点","SC-S1-05","结婚/建立家庭","SC-S3-04","大额财务事件","NF-N1-12","价值/人生方向/未来一致性","Gate / fit","N3-06/N3-07","当「职业环境约束」进入「结婚/建立家庭」的「房/居住/地点」，遇到「大额财务事件」时，对重视「价值/人生方向/未来一致性」的人意味着什么？","generated_by_constrained_mapping","unreviewed"
"CC-00532","PF-B06","职业环境约束","SC-S2-04","房/居住/地点","SC-S1-05","结婚/建立家庭","SC-S3-05","居住/迁移变化","NF-N1-02","陪伴/连接/归属","Ideal range / conditional","N3-01/N3-05","当「职业环境约束」进入「结婚/建立家庭」的「房/居住/地点」，遇到「居住/迁移变化」时，对重视「陪伴/连接/归属」的人意味着什么？","generated_by_constrained_mapping","unreviewed"
"CC-00533","PF-B06","职业环境约束","SC-S2-04","房/居住/地点","SC-S1-05","结婚/建立家庭","SC-S3-05","居住/迁移变化","NF-N1-05","安全/信任/可预测","Gate / conditional","N3-02/N3-06","当「职业环境约束」进入「结婚/建立家庭」的「房/居住/地点」，遇到「居住/迁移变化」时，对重视「安全/信任/可预测」的人意味着什么？","generated_by_constrained_mapping","unreviewed"
"CC-00534","PF-B06","职业环境约束","SC-S2-04","房/居住/地点","SC-S1-05","结婚/建立家庭","SC-S3-05","居住/迁移变化","NF-N1-12","价值/人生方向/未来一致性","Gate / fit","N3-06/N3-07","当「职业环境约束」进入「结婚/建立家庭」的「房/居住/地点」，遇到「居住/迁移变化」时，对重视「价值/人生方向/未来一致性」的人意味着什么？","generated_by_constrained_mapping","unreviewed"
"CC-00535","PF-B06","职业环境约束","SC-S2-04","房/居住/地点","SC-S1-09","中年多重责任","SC-S3-04","大额财务事件","NF-N1-02","陪伴/连接/归属","Ideal range / conditional","N3-01/N3-05","当「职业环境约束」进入「中年多重责任」的「房/居住/地点」，遇到「大额财务事件」时，对重视「陪伴/连接/归属」的人意味着什么？","generated_by_constrained_mapping","unreviewed"
"CC-00536","PF-B06","职业环境约束","SC-S2-04","房/居住/地点","SC-S1-09","中年多重责任","SC-S3-04","大额财务事件","NF-N1-05","安全/信任/可预测","Gate / conditional","N3-02/N3-06","当「职业环境约束」进入「中年多重责任」的「房/居住/地点」，遇到「大额财务事件」时，对重视「安全/信任/可预测」的人意味着什么？","generated_by_constrained_mapping","unreviewed"
"CC-00537","PF-B06","职业环境约束","SC-S2-04","房/居住/地点","SC-S1-09","中年多重责任","SC-S3-04","大额财务事件","NF-N1-12","价值/人生方向/未来一致性","Gate / fit","N3-06/N3-07","当「职业环境约束」进入「中年多重责任」的「房/居住/地点」，遇到「大额财务事件」时，对重视「价值/人生方向/未来一致性」的人意味着什么？","generated_by_constrained_mapping","unreviewed"
"CC-00538","PF-B06","职业环境约束","SC-S2-04","房/居住/地点","SC-S1-09","中年多重责任","SC-S3-05","居住/迁移变化","NF-N1-02","陪伴/连接/归属","Ideal range / conditional","N3-01/N3-05","当「职业环境约束」进入「中年多重责任」的「房/居住/地点」，遇到「居住/迁移变化」时，对重视「陪伴/连接/归属」的人意味着什么？","generated_by_constrained_mapping","unreviewed"
"CC-00539","PF-B06","职业环境约束","SC-S2-04","房/居住/地点","SC-S1-09","中年多重责任","SC-S3-05","居住/迁移变化","NF-N1-05","安全/信任/可预测","Gate / conditional","N3-02/N3-06","当「职业环境约束」进入「中年多重责任」的「房/居住/地点」，遇到「居住/迁移变化」时，对重视「安全/信任/可预测」的人意味着什么？","generated_by_constrained_mapping","unreviewed"
"CC-00540","PF-B06","职业环境约束","SC-S2-04","房/居住/地点","SC-S1-09","中年多重责任","SC-S3-05","居住/迁移变化","NF-N1-12","价值/人生方向/未来一致性","Gate / fit","N3-06/N3-07","当「职业环境约束」进入「中年多重责任」的「房/居住/地点」，遇到「居住/迁移变化」时，对重视「价值/人生方向/未来一致性」的人意味着什么？","generated_by_constrained_mapping","unreviewed"
"CC-00541","PF-D01","事业优先级","SC-S2-02","工作/事业/学习","SC-S1-02","恋爱/磨合","SC-S3-01","工作时间突变","NF-N1-08","成长/能力/目标支持","Fit / trade-off","N3-09","当「事业优先级」进入「恋爱/磨合」的「工作/事业/学习」，遇到「工作时间突变」时，对重视「成长/能力/目标支持」的人意味着什么？","generated_by_constrained_mapping","unreviewed"
"CC-00542","PF-D01","事业优先级","SC-S2-02","工作/事业/学习","SC-S1-02","恋爱/磨合","SC-S3-01","工作时间突变","NF-N1-02","陪伴/连接/归属","Ideal range / conditional","N3-01/N3-05","当「事业优先级」进入「恋爱/磨合」的「工作/事业/学习」，遇到「工作时间突变」时，对重视「陪伴/连接/归属」的人意味着什么？","generated_by_constrained_mapping","unreviewed"
"CC-00543","PF-D01","事业优先级","SC-S2-02","工作/事业/学习","SC-S1-02","恋爱/磨合","SC-S3-01","工作时间突变","NF-N1-07","公平/可靠/合作","Conditional / gate","N3-02/N3-03","当「事业优先级」进入「恋爱/磨合」的「工作/事业/学习」，遇到「工作时间突变」时，对重视「公平/可靠/合作」的人意味着什么？","generated_by_constrained_mapping","unreviewed"
"CC-00544","PF-D01","事业优先级","SC-S2-02","工作/事业/学习","SC-S1-02","恋爱/磨合","SC-S3-02","事业机会/职业转折","NF-N1-08","成长/能力/目标支持","Fit / trade-off","N3-09","当「事业优先级」进入「恋爱/磨合」的「工作/事业/学习」，遇到「事业机会/职业转折」时，对重视「成长/能力/目标支持」的人意味着什么？","generated_by_constrained_mapping","unreviewed"
"CC-00545","PF-D01","事业优先级","SC-S2-02","工作/事业/学习","SC-S1-02","恋爱/磨合","SC-S3-02","事业机会/职业转折","NF-N1-02","陪伴/连接/归属","Ideal range / conditional","N3-01/N3-05","当「事业优先级」进入「恋爱/磨合」的「工作/事业/学习」，遇到「事业机会/职业转折」时，对重视「陪伴/连接/归属」的人意味着什么？","generated_by_constrained_mapping","unreviewed"
"CC-00546","PF-D01","事业优先级","SC-S2-02","工作/事业/学习","SC-S1-02","恋爱/磨合","SC-S3-02","事业机会/职业转折","NF-N1-07","公平/可靠/合作","Conditional / gate","N3-02/N3-03","当「事业优先级」进入「恋爱/磨合」的「工作/事业/学习」，遇到「事业机会/职业转折」时，对重视「公平/可靠/合作」的人意味着什么？","generated_by_constrained_mapping","unreviewed"
"CC-00547","PF-D01","事业优先级","SC-S2-02","工作/事业/学习","SC-S1-05","结婚/建立家庭","SC-S3-01","工作时间突变","NF-N1-08","成长/能力/目标支持","Fit / trade-off","N3-09","当「事业优先级」进入「结婚/建立家庭」的「工作/事业/学习」，遇到「工作时间突变」时，对重视「成长/能力/目标支持」的人意味着什么？","generated_by_constrained_mapping","unreviewed"
"CC-00548","PF-D01","事业优先级","SC-S2-02","工作/事业/学习","SC-S1-05","结婚/建立家庭","SC-S3-01","工作时间突变","NF-N1-02","陪伴/连接/归属","Ideal range / conditional","N3-01/N3-05","当「事业优先级」进入「结婚/建立家庭」的「工作/事业/学习」，遇到「工作时间突变」时，对重视「陪伴/连接/归属」的人意味着什么？","generated_by_constrained_mapping","unreviewed"
"CC-00549","PF-D01","事业优先级","SC-S2-02","工作/事业/学习","SC-S1-05","结婚/建立家庭","SC-S3-01","工作时间突变","NF-N1-07","公平/可靠/合作","Conditional / gate","N3-02/N3-03","当「事业优先级」进入「结婚/建立家庭」的「工作/事业/学习」，遇到「工作时间突变」时，对重视「公平/可靠/合作」的人意味着什么？","generated_by_constrained_mapping","unreviewed"
"CC-00550","PF-D01","事业优先级","SC-S2-02","工作/事业/学习","SC-S1-05","结婚/建立家庭","SC-S3-02","事业机会/职业转折","NF-N1-08","成长/能力/目标支持","Fit / trade-off","N3-09","当「事业优先级」进入「结婚/建立家庭」的「工作/事业/学习」，遇到「事业机会/职业转折」时，对重视「成长/能力/目标支持」的人意味着什么？","generated_by_constrained_mapping","unreviewed"
"CC-00551","PF-D01","事业优先级","SC-S2-02","工作/事业/学习","SC-S1-05","结婚/建立家庭","SC-S3-02","事业机会/职业转折","NF-N1-02","陪伴/连接/归属","Ideal range / conditional","N3-01/N3-05","当「事业优先级」进入「结婚/建立家庭」的「工作/事业/学习」，遇到「事业机会/职业转折」时，对重视「陪伴/连接/归属」的人意味着什么？","generated_by_constrained_mapping","unreviewed"
"CC-00552","PF-D01","事业优先级","SC-S2-02","工作/事业/学习","SC-S1-05","结婚/建立家庭","SC-S3-02","事业机会/职业转折","NF-N1-07","公平/可靠/合作","Conditional / gate","N3-02/N3-03","当「事业优先级」进入「结婚/建立家庭」的「工作/事业/学习」，遇到「事业机会/职业转折」时，对重视「公平/可靠/合作」的人意味着什么？","generated_by_constrained_mapping","unreviewed"
"CC-00553","PF-D01","事业优先级","SC-S2-02","工作/事业/学习","SC-S1-09","中年多重责任","SC-S3-01","工作时间突变","NF-N1-08","成长/能力/目标支持","Fit / trade-off","N3-09","当「事业优先级」进入「中年多重责任」的「工作/事业/学习」，遇到「工作时间突变」时，对重视「成长/能力/目标支持」的人意味着什么？","generated_by_constrained_mapping","unreviewed"
"CC-00554","PF-D01","事业优先级","SC-S2-02","工作/事业/学习","SC-S1-09","中年多重责任","SC-S3-01","工作时间突变","NF-N1-02","陪伴/连接/归属","Ideal range / conditional","N3-01/N3-05","当「事业优先级」进入「中年多重责任」的「工作/事业/学习」，遇到「工作时间突变」时，对重视「陪伴/连接/归属」的人意味着什么？","generated_by_constrained_mapping","unreviewed"
"CC-00555","PF-D01","事业优先级","SC-S2-02","工作/事业/学习","SC-S1-09","中年多重责任","SC-S3-01","工作时间突变","NF-N1-07","公平/可靠/合作","Conditional / gate","N3-02/N3-03","当「事业优先级」进入「中年多重责任」的「工作/事业/学习」，遇到「工作时间突变」时，对重视「公平/可靠/合作」的人意味着什么？","generated_by_constrained_mapping","unreviewed"
"CC-00556","PF-D01","事业优先级","SC-S2-02","工作/事业/学习","SC-S1-09","中年多重责任","SC-S3-02","事业机会/职业转折","NF-N1-08","成长/能力/目标支持","Fit / trade-off","N3-09","当「事业优先级」进入「中年多重责任」的「工作/事业/学习」，遇到「事业机会/职业转折」时，对重视「成长/能力/目标支持」的人意味着什么？","generated_by_constrained_mapping","unreviewed"
"CC-00557","PF-D01","事业优先级","SC-S2-02","工作/事业/学习","SC-S1-09","中年多重责任","SC-S3-02","事业机会/职业转折","NF-N1-02","陪伴/连接/归属","Ideal range / conditional","N3-01/N3-05","当「事业优先级」进入「中年多重责任」的「工作/事业/学习」，遇到「事业机会/职业转折」时，对重视「陪伴/连接/归属」的人意味着什么？","generated_by_constrained_mapping","unreviewed"
"CC-00558","PF-D01","事业优先级","SC-S2-02","工作/事业/学习","SC-S1-09","中年多重责任","SC-S3-02","事业机会/职业转折","NF-N1-07","公平/可靠/合作","Conditional / gate","N3-02/N3-03","当「事业优先级」进入「中年多重责任」的「工作/事业/学习」，遇到「事业机会/职业转折」时，对重视「公平/可靠/合作」的人意味着什么？","generated_by_constrained_mapping","unreviewed"
"CC-00559","PF-D01","事业优先级","SC-S2-01","日常作息与生活管理","SC-S1-02","恋爱/磨合","SC-S3-01","工作时间突变","NF-N1-08","成长/能力/目标支持","Fit / trade-off","N3-09","当「事业优先级」进入「恋爱/磨合」的「日常作息与生活管理」，遇到「工作时间突变」时，对重视「成长/能力/目标支持」的人意味着什么？","generated_by_constrained_mapping","unreviewed"
"CC-00560","PF-D01","事业优先级","SC-S2-01","日常作息与生活管理","SC-S1-02","恋爱/磨合","SC-S3-01","工作时间突变","NF-N1-02","陪伴/连接/归属","Ideal range / conditional","N3-01/N3-05","当「事业优先级」进入「恋爱/磨合」的「日常作息与生活管理」，遇到「工作时间突变」时，对重视「陪伴/连接/归属」的人意味着什么？","generated_by_constrained_mapping","unreviewed"
"CC-00561","PF-D01","事业优先级","SC-S2-01","日常作息与生活管理","SC-S1-02","恋爱/磨合","SC-S3-01","工作时间突变","NF-N1-07","公平/可靠/合作","Conditional / gate","N3-02/N3-03","当「事业优先级」进入「恋爱/磨合」的「日常作息与生活管理」，遇到「工作时间突变」时，对重视「公平/可靠/合作」的人意味着什么？","generated_by_constrained_mapping","unreviewed"
"CC-00562","PF-D01","事业优先级","SC-S2-01","日常作息与生活管理","SC-S1-02","恋爱/磨合","SC-S3-10","反复小问题累积","NF-N1-08","成长/能力/目标支持","Fit / trade-off","N3-09","当「事业优先级」进入「恋爱/磨合」的「日常作息与生活管理」，遇到「反复小问题累积」时，对重视「成长/能力/目标支持」的人意味着什么？","generated_by_constrained_mapping","unreviewed"
"CC-00563","PF-D01","事业优先级","SC-S2-01","日常作息与生活管理","SC-S1-02","恋爱/磨合","SC-S3-10","反复小问题累积","NF-N1-02","陪伴/连接/归属","Ideal range / conditional","N3-01/N3-05","当「事业优先级」进入「恋爱/磨合」的「日常作息与生活管理」，遇到「反复小问题累积」时，对重视「陪伴/连接/归属」的人意味着什么？","generated_by_constrained_mapping","unreviewed"
"CC-00564","PF-D01","事业优先级","SC-S2-01","日常作息与生活管理","SC-S1-02","恋爱/磨合","SC-S3-10","反复小问题累积","NF-N1-07","公平/可靠/合作","Conditional / gate","N3-02/N3-03","当「事业优先级」进入「恋爱/磨合」的「日常作息与生活管理」，遇到「反复小问题累积」时，对重视「公平/可靠/合作」的人意味着什么？","generated_by_constrained_mapping","unreviewed"
"CC-00565","PF-D01","事业优先级","SC-S2-01","日常作息与生活管理","SC-S1-04","同居/婚前","SC-S3-01","工作时间突变","NF-N1-08","成长/能力/目标支持","Fit / trade-off","N3-09","当「事业优先级」进入「同居/婚前」的「日常作息与生活管理」，遇到「工作时间突变」时，对重视「成长/能力/目标支持」的人意味着什么？","generated_by_constrained_mapping","unreviewed"
"CC-00566","PF-D01","事业优先级","SC-S2-01","日常作息与生活管理","SC-S1-04","同居/婚前","SC-S3-01","工作时间突变","NF-N1-02","陪伴/连接/归属","Ideal range / conditional","N3-01/N3-05","当「事业优先级」进入「同居/婚前」的「日常作息与生活管理」，遇到「工作时间突变」时，对重视「陪伴/连接/归属」的人意味着什么？","generated_by_constrained_mapping","unreviewed"
"CC-00567","PF-D01","事业优先级","SC-S2-01","日常作息与生活管理","SC-S1-04","同居/婚前","SC-S3-01","工作时间突变","NF-N1-07","公平/可靠/合作","Conditional / gate","N3-02/N3-03","当「事业优先级」进入「同居/婚前」的「日常作息与生活管理」，遇到「工作时间突变」时，对重视「公平/可靠/合作」的人意味着什么？","generated_by_constrained_mapping","unreviewed"
"CC-00568","PF-D01","事业优先级","SC-S2-01","日常作息与生活管理","SC-S1-04","同居/婚前","SC-S3-10","反复小问题累积","NF-N1-08","成长/能力/目标支持","Fit / trade-off","N3-09","当「事业优先级」进入「同居/婚前」的「日常作息与生活管理」，遇到「反复小问题累积」时，对重视「成长/能力/目标支持」的人意味着什么？","generated_by_constrained_mapping","unreviewed"
"CC-00569","PF-D01","事业优先级","SC-S2-01","日常作息与生活管理","SC-S1-04","同居/婚前","SC-S3-10","反复小问题累积","NF-N1-02","陪伴/连接/归属","Ideal range / conditional","N3-01/N3-05","当「事业优先级」进入「同居/婚前」的「日常作息与生活管理」，遇到「反复小问题累积」时，对重视「陪伴/连接/归属」的人意味着什么？","generated_by_constrained_mapping","unreviewed"
"CC-00570","PF-D01","事业优先级","SC-S2-01","日常作息与生活管理","SC-S1-04","同居/婚前","SC-S3-10","反复小问题累积","NF-N1-07","公平/可靠/合作","Conditional / gate","N3-02/N3-03","当「事业优先级」进入「同居/婚前」的「日常作息与生活管理」，遇到「反复小问题累积」时，对重视「公平/可靠/合作」的人意味着什么？","generated_by_constrained_mapping","unreviewed"
"CC-00571","PF-D01","事业优先级","SC-S2-01","日常作息与生活管理","SC-S1-07","婴幼儿照护","SC-S3-01","工作时间突变","NF-N1-08","成长/能力/目标支持","Fit / trade-off","N3-09","当「事业优先级」进入「婴幼儿照护」的「日常作息与生活管理」，遇到「工作时间突变」时，对重视「成长/能力/目标支持」的人意味着什么？","generated_by_constrained_mapping","unreviewed"
"CC-00572","PF-D01","事业优先级","SC-S2-01","日常作息与生活管理","SC-S1-07","婴幼儿照护","SC-S3-01","工作时间突变","NF-N1-02","陪伴/连接/归属","Ideal range / conditional","N3-01/N3-05","当「事业优先级」进入「婴幼儿照护」的「日常作息与生活管理」，遇到「工作时间突变」时，对重视「陪伴/连接/归属」的人意味着什么？","generated_by_constrained_mapping","unreviewed"
"CC-00573","PF-D01","事业优先级","SC-S2-01","日常作息与生活管理","SC-S1-07","婴幼儿照护","SC-S3-01","工作时间突变","NF-N1-07","公平/可靠/合作","Conditional / gate","N3-02/N3-03","当「事业优先级」进入「婴幼儿照护」的「日常作息与生活管理」，遇到「工作时间突变」时，对重视「公平/可靠/合作」的人意味着什么？","generated_by_constrained_mapping","unreviewed"
"CC-00574","PF-D01","事业优先级","SC-S2-01","日常作息与生活管理","SC-S1-07","婴幼儿照护","SC-S3-10","反复小问题累积","NF-N1-08","成长/能力/目标支持","Fit / trade-off","N3-09","当「事业优先级」进入「婴幼儿照护」的「日常作息与生活管理」，遇到「反复小问题累积」时，对重视「成长/能力/目标支持」的人意味着什么？","generated_by_constrained_mapping","unreviewed"
"CC-00575","PF-D01","事业优先级","SC-S2-01","日常作息与生活管理","SC-S1-07","婴幼儿照护","SC-S3-10","反复小问题累积","NF-N1-02","陪伴/连接/归属","Ideal range / conditional","N3-01/N3-05","当「事业优先级」进入「婴幼儿照护」的「日常作息与生活管理」，遇到「反复小问题累积」时，对重视「陪伴/连接/归属」的人意味着什么？","generated_by_constrained_mapping","unreviewed"
"CC-00576","PF-D01","事业优先级","SC-S2-01","日常作息与生活管理","SC-S1-07","婴幼儿照护","SC-S3-10","反复小问题累积","NF-N1-07","公平/可靠/合作","Conditional / gate","N3-02/N3-03","当「事业优先级」进入「婴幼儿照护」的「日常作息与生活管理」，遇到「反复小问题累积」时，对重视「公平/可靠/合作」的人意味着什么？","generated_by_constrained_mapping","unreviewed"
"CC-00577","PF-D01","事业优先级","SC-S2-06","孩子/生育/教育","SC-S1-05","结婚/建立家庭","SC-S3-06","生育/育儿转折","NF-N1-08","成长/能力/目标支持","Fit / trade-off","N3-09","当「事业优先级」进入「结婚/建立家庭」的「孩子/生育/教育」，遇到「生育/育儿转折」时，对重视「成长/能力/目标支持」的人意味着什么？","generated_by_constrained_mapping","unreviewed"
"CC-00578","PF-D01","事业优先级","SC-S2-06","孩子/生育/教育","SC-S1-05","结婚/建立家庭","SC-S3-06","生育/育儿转折","NF-N1-02","陪伴/连接/归属","Ideal range / conditional","N3-01/N3-05","当「事业优先级」进入「结婚/建立家庭」的「孩子/生育/教育」，遇到「生育/育儿转折」时，对重视「陪伴/连接/归属」的人意味着什么？","generated_by_constrained_mapping","unreviewed"
"CC-00579","PF-D01","事业优先级","SC-S2-06","孩子/生育/教育","SC-S1-05","结婚/建立家庭","SC-S3-06","生育/育儿转折","NF-N1-07","公平/可靠/合作","Conditional / gate","N3-02/N3-03","当「事业优先级」进入「结婚/建立家庭」的「孩子/生育/教育」，遇到「生育/育儿转折」时，对重视「公平/可靠/合作」的人意味着什么？","generated_by_constrained_mapping","unreviewed"
"CC-00580","PF-D01","事业优先级","SC-S2-06","孩子/生育/教育","SC-S1-05","结婚/建立家庭","SC-S3-01","工作时间突变","NF-N1-08","成长/能力/目标支持","Fit / trade-off","N3-09","当「事业优先级」进入「结婚/建立家庭」的「孩子/生育/教育」，遇到「工作时间突变」时，对重视「成长/能力/目标支持」的人意味着什么？","generated_by_constrained_mapping","unreviewed"
"CC-00581","PF-D01","事业优先级","SC-S2-06","孩子/生育/教育","SC-S1-05","结婚/建立家庭","SC-S3-01","工作时间突变","NF-N1-02","陪伴/连接/归属","Ideal range / conditional","N3-01/N3-05","当「事业优先级」进入「结婚/建立家庭」的「孩子/生育/教育」，遇到「工作时间突变」时，对重视「陪伴/连接/归属」的人意味着什么？","generated_by_constrained_mapping","unreviewed"
"CC-00582","PF-D01","事业优先级","SC-S2-06","孩子/生育/教育","SC-S1-05","结婚/建立家庭","SC-S3-01","工作时间突变","NF-N1-07","公平/可靠/合作","Conditional / gate","N3-02/N3-03","当「事业优先级」进入「结婚/建立家庭」的「孩子/生育/教育」，遇到「工作时间突变」时，对重视「公平/可靠/合作」的人意味着什么？","generated_by_constrained_mapping","unreviewed"
"CC-00583","PF-D01","事业优先级","SC-S2-06","孩子/生育/教育","SC-S1-07","婴幼儿照护","SC-S3-06","生育/育儿转折","NF-N1-08","成长/能力/目标支持","Fit / trade-off","N3-09","当「事业优先级」进入「婴幼儿照护」的「孩子/生育/教育」，遇到「生育/育儿转折」时，对重视「成长/能力/目标支持」的人意味着什么？","generated_by_constrained_mapping","unreviewed"
"CC-00584","PF-D01","事业优先级","SC-S2-06","孩子/生育/教育","SC-S1-07","婴幼儿照护","SC-S3-06","生育/育儿转折","NF-N1-02","陪伴/连接/归属","Ideal range / conditional","N3-01/N3-05","当「事业优先级」进入「婴幼儿照护」的「孩子/生育/教育」，遇到「生育/育儿转折」时，对重视「陪伴/连接/归属」的人意味着什么？","generated_by_constrained_mapping","unreviewed"
"CC-00585","PF-D01","事业优先级","SC-S2-06","孩子/生育/教育","SC-S1-07","婴幼儿照护","SC-S3-06","生育/育儿转折","NF-N1-07","公平/可靠/合作","Conditional / gate","N3-02/N3-03","当「事业优先级」进入「婴幼儿照护」的「孩子/生育/教育」，遇到「生育/育儿转折」时，对重视「公平/可靠/合作」的人意味着什么？","generated_by_constrained_mapping","unreviewed"
"CC-00586","PF-D01","事业优先级","SC-S2-06","孩子/生育/教育","SC-S1-07","婴幼儿照护","SC-S3-01","工作时间突变","NF-N1-08","成长/能力/目标支持","Fit / trade-off","N3-09","当「事业优先级」进入「婴幼儿照护」的「孩子/生育/教育」，遇到「工作时间突变」时，对重视「成长/能力/目标支持」的人意味着什么？","generated_by_constrained_mapping","unreviewed"
"CC-00587","PF-D01","事业优先级","SC-S2-06","孩子/生育/教育","SC-S1-07","婴幼儿照护","SC-S3-01","工作时间突变","NF-N1-02","陪伴/连接/归属","Ideal range / conditional","N3-01/N3-05","当「事业优先级」进入「婴幼儿照护」的「孩子/生育/教育」，遇到「工作时间突变」时，对重视「陪伴/连接/归属」的人意味着什么？","generated_by_constrained_mapping","unreviewed"
"CC-00588","PF-D01","事业优先级","SC-S2-06","孩子/生育/教育","SC-S1-07","婴幼儿照护","SC-S3-01","工作时间突变","NF-N1-07","公平/可靠/合作","Conditional / gate","N3-02/N3-03","当「事业优先级」进入「婴幼儿照护」的「孩子/生育/教育」，遇到「工作时间突变」时，对重视「公平/可靠/合作」的人意味着什么？","generated_by_constrained_mapping","unreviewed"
"CC-00589","PF-D01","事业优先级","SC-S2-06","孩子/生育/教育","SC-S1-08","孩子成长/教育","SC-S3-06","生育/育儿转折","NF-N1-08","成长/能力/目标支持","Fit / trade-off","N3-09","当「事业优先级」进入「孩子成长/教育」的「孩子/生育/教育」，遇到「生育/育儿转折」时，对重视「成长/能力/目标支持」的人意味着什么？","generated_by_constrained_mapping","unreviewed"
"CC-00590","PF-D01","事业优先级","SC-S2-06","孩子/生育/教育","SC-S1-08","孩子成长/教育","SC-S3-06","生育/育儿转折","NF-N1-02","陪伴/连接/归属","Ideal range / conditional","N3-01/N3-05","当「事业优先级」进入「孩子成长/教育」的「孩子/生育/教育」，遇到「生育/育儿转折」时，对重视「陪伴/连接/归属」的人意味着什么？","generated_by_constrained_mapping","unreviewed"
"CC-00591","PF-D01","事业优先级","SC-S2-06","孩子/生育/教育","SC-S1-08","孩子成长/教育","SC-S3-06","生育/育儿转折","NF-N1-07","公平/可靠/合作","Conditional / gate","N3-02/N3-03","当「事业优先级」进入「孩子成长/教育」的「孩子/生育/教育」，遇到「生育/育儿转折」时，对重视「公平/可靠/合作」的人意味着什么？","generated_by_constrained_mapping","unreviewed"
"CC-00592","PF-D01","事业优先级","SC-S2-06","孩子/生育/教育","SC-S1-08","孩子成长/教育","SC-S3-01","工作时间突变","NF-N1-08","成长/能力/目标支持","Fit / trade-off","N3-09","当「事业优先级」进入「孩子成长/教育」的「孩子/生育/教育」，遇到「工作时间突变」时，对重视「成长/能力/目标支持」的人意味着什么？","generated_by_constrained_mapping","unreviewed"
"CC-00593","PF-D01","事业优先级","SC-S2-06","孩子/生育/教育","SC-S1-08","孩子成长/教育","SC-S3-01","工作时间突变","NF-N1-02","陪伴/连接/归属","Ideal range / conditional","N3-01/N3-05","当「事业优先级」进入「孩子成长/教育」的「孩子/生育/教育」，遇到「工作时间突变」时，对重视「陪伴/连接/归属」的人意味着什么？","generated_by_constrained_mapping","unreviewed"
"CC-00594","PF-D01","事业优先级","SC-S2-06","孩子/生育/教育","SC-S1-08","孩子成长/教育","SC-S3-01","工作时间突变","NF-N1-07","公平/可靠/合作","Conditional / gate","N3-02/N3-03","当「事业优先级」进入「孩子成长/教育」的「孩子/生育/教育」，遇到「工作时间突变」时，对重视「公平/可靠/合作」的人意味着什么？","generated_by_constrained_mapping","unreviewed"
"CC-00595","PF-D01","事业优先级","SC-S2-04","房/居住/地点","SC-S1-03","稳定交往","SC-S3-04","大额财务事件","NF-N1-08","成长/能力/目标支持","Fit / trade-off","N3-09","当「事业优先级」进入「稳定交往」的「房/居住/地点」，遇到「大额财务事件」时，对重视「成长/能力/目标支持」的人意味着什么？","generated_by_constrained_mapping","unreviewed"
"CC-00596","PF-D01","事业优先级","SC-S2-04","房/居住/地点","SC-S1-03","稳定交往","SC-S3-04","大额财务事件","NF-N1-02","陪伴/连接/归属","Ideal range / conditional","N3-01/N3-05","当「事业优先级」进入「稳定交往」的「房/居住/地点」，遇到「大额财务事件」时，对重视「陪伴/连接/归属」的人意味着什么？","generated_by_constrained_mapping","unreviewed"
"CC-00597","PF-D01","事业优先级","SC-S2-04","房/居住/地点","SC-S1-03","稳定交往","SC-S3-04","大额财务事件","NF-N1-07","公平/可靠/合作","Conditional / gate","N3-02/N3-03","当「事业优先级」进入「稳定交往」的「房/居住/地点」，遇到「大额财务事件」时，对重视「公平/可靠/合作」的人意味着什么？","generated_by_constrained_mapping","unreviewed"
"CC-00598","PF-D01","事业优先级","SC-S2-04","房/居住/地点","SC-S1-03","稳定交往","SC-S3-05","居住/迁移变化","NF-N1-08","成长/能力/目标支持","Fit / trade-off","N3-09","当「事业优先级」进入「稳定交往」的「房/居住/地点」，遇到「居住/迁移变化」时，对重视「成长/能力/目标支持」的人意味着什么？","generated_by_constrained_mapping","unreviewed"
"CC-00599","PF-D01","事业优先级","SC-S2-04","房/居住/地点","SC-S1-03","稳定交往","SC-S3-05","居住/迁移变化","NF-N1-02","陪伴/连接/归属","Ideal range / conditional","N3-01/N3-05","当「事业优先级」进入「稳定交往」的「房/居住/地点」，遇到「居住/迁移变化」时，对重视「陪伴/连接/归属」的人意味着什么？","generated_by_constrained_mapping","unreviewed"
"CC-00600","PF-D01","事业优先级","SC-S2-04","房/居住/地点","SC-S1-03","稳定交往","SC-S3-05","居住/迁移变化","NF-N1-07","公平/可靠/合作","Conditional / gate","N3-02/N3-03","当「事业优先级」进入「稳定交往」的「房/居住/地点」，遇到「居住/迁移变化」时，对重视「公平/可靠/合作」的人意味着什么？","generated_by_constrained_mapping","unreviewed"
"CC-00601","PF-D01","事业优先级","SC-S2-04","房/居住/地点","SC-S1-05","结婚/建立家庭","SC-S3-04","大额财务事件","NF-N1-08","成长/能力/目标支持","Fit / trade-off","N3-09","当「事业优先级」进入「结婚/建立家庭」的「房/居住/地点」，遇到「大额财务事件」时，对重视「成长/能力/目标支持」的人意味着什么？","generated_by_constrained_mapping","unreviewed"
"CC-00602","PF-D01","事业优先级","SC-S2-04","房/居住/地点","SC-S1-05","结婚/建立家庭","SC-S3-04","大额财务事件","NF-N1-02","陪伴/连接/归属","Ideal range / conditional","N3-01/N3-05","当「事业优先级」进入「结婚/建立家庭」的「房/居住/地点」，遇到「大额财务事件」时，对重视「陪伴/连接/归属」的人意味着什么？","generated_by_constrained_mapping","unreviewed"
"CC-00603","PF-D01","事业优先级","SC-S2-04","房/居住/地点","SC-S1-05","结婚/建立家庭","SC-S3-04","大额财务事件","NF-N1-07","公平/可靠/合作","Conditional / gate","N3-02/N3-03","当「事业优先级」进入「结婚/建立家庭」的「房/居住/地点」，遇到「大额财务事件」时，对重视「公平/可靠/合作」的人意味着什么？","generated_by_constrained_mapping","unreviewed"
"CC-00604","PF-D01","事业优先级","SC-S2-04","房/居住/地点","SC-S1-05","结婚/建立家庭","SC-S3-05","居住/迁移变化","NF-N1-08","成长/能力/目标支持","Fit / trade-off","N3-09","当「事业优先级」进入「结婚/建立家庭」的「房/居住/地点」，遇到「居住/迁移变化」时，对重视「成长/能力/目标支持」的人意味着什么？","generated_by_constrained_mapping","unreviewed"
"CC-00605","PF-D01","事业优先级","SC-S2-04","房/居住/地点","SC-S1-05","结婚/建立家庭","SC-S3-05","居住/迁移变化","NF-N1-02","陪伴/连接/归属","Ideal range / conditional","N3-01/N3-05","当「事业优先级」进入「结婚/建立家庭」的「房/居住/地点」，遇到「居住/迁移变化」时，对重视「陪伴/连接/归属」的人意味着什么？","generated_by_constrained_mapping","unreviewed"
"CC-00606","PF-D01","事业优先级","SC-S2-04","房/居住/地点","SC-S1-05","结婚/建立家庭","SC-S3-05","居住/迁移变化","NF-N1-07","公平/可靠/合作","Conditional / gate","N3-02/N3-03","当「事业优先级」进入「结婚/建立家庭」的「房/居住/地点」，遇到「居住/迁移变化」时，对重视「公平/可靠/合作」的人意味着什么？","generated_by_constrained_mapping","unreviewed"
"CC-00607","PF-D01","事业优先级","SC-S2-04","房/居住/地点","SC-S1-09","中年多重责任","SC-S3-04","大额财务事件","NF-N1-08","成长/能力/目标支持","Fit / trade-off","N3-09","当「事业优先级」进入「中年多重责任」的「房/居住/地点」，遇到「大额财务事件」时，对重视「成长/能力/目标支持」的人意味着什么？","generated_by_constrained_mapping","unreviewed"
"CC-00608","PF-D01","事业优先级","SC-S2-04","房/居住/地点","SC-S1-09","中年多重责任","SC-S3-04","大额财务事件","NF-N1-02","陪伴/连接/归属","Ideal range / conditional","N3-01/N3-05","当「事业优先级」进入「中年多重责任」的「房/居住/地点」，遇到「大额财务事件」时，对重视「陪伴/连接/归属」的人意味着什么？","generated_by_constrained_mapping","unreviewed"
"CC-00609","PF-D01","事业优先级","SC-S2-04","房/居住/地点","SC-S1-09","中年多重责任","SC-S3-04","大额财务事件","NF-N1-07","公平/可靠/合作","Conditional / gate","N3-02/N3-03","当「事业优先级」进入「中年多重责任」的「房/居住/地点」，遇到「大额财务事件」时，对重视「公平/可靠/合作」的人意味着什么？","generated_by_constrained_mapping","unreviewed"
"CC-00610","PF-D01","事业优先级","SC-S2-04","房/居住/地点","SC-S1-09","中年多重责任","SC-S3-05","居住/迁移变化","NF-N1-08","成长/能力/目标支持","Fit / trade-off","N3-09","当「事业优先级」进入「中年多重责任」的「房/居住/地点」，遇到「居住/迁移变化」时，对重视「成长/能力/目标支持」的人意味着什么？","generated_by_constrained_mapping","unreviewed"
"CC-00611","PF-D01","事业优先级","SC-S2-04","房/居住/地点","SC-S1-09","中年多重责任","SC-S3-05","居住/迁移变化","NF-N1-02","陪伴/连接/归属","Ideal range / conditional","N3-01/N3-05","当「事业优先级」进入「中年多重责任」的「房/居住/地点」，遇到「居住/迁移变化」时，对重视「陪伴/连接/归属」的人意味着什么？","generated_by_constrained_mapping","unreviewed"
"CC-00612","PF-D01","事业优先级","SC-S2-04","房/居住/地点","SC-S1-09","中年多重责任","SC-S3-05","居住/迁移变化","NF-N1-07","公平/可靠/合作","Conditional / gate","N3-02/N3-03","当「事业优先级」进入「中年多重责任」的「房/居住/地点」，遇到「居住/迁移变化」时，对重视「公平/可靠/合作」的人意味着什么？","generated_by_constrained_mapping","unreviewed"
"CC-00613","PF-D02","家庭优先级","SC-S2-07","双方父母/原生家庭","SC-S1-05","结婚/建立家庭","SC-S3-07","父母责任变化","NF-N1-11","家庭投入/家庭边界","Fit / conditional","N3-03/N3-04","当「家庭优先级」进入「结婚/建立家庭」的「双方父母/原生家庭」，遇到「父母责任变化」时，对重视「家庭投入/家庭边界」的人意味着什么？","generated_by_constrained_mapping","unreviewed"
"CC-00614","PF-D02","家庭优先级","SC-S2-07","双方父母/原生家庭","SC-S1-05","结婚/建立家庭","SC-S3-07","父母责任变化","NF-N1-07","公平/可靠/合作","Conditional / gate","N3-02/N3-03","当「家庭优先级」进入「结婚/建立家庭」的「双方父母/原生家庭」，遇到「父母责任变化」时，对重视「公平/可靠/合作」的人意味着什么？","generated_by_constrained_mapping","unreviewed"
"CC-00615","PF-D02","家庭优先级","SC-S2-07","双方父母/原生家庭","SC-S1-05","结婚/建立家庭","SC-S3-07","父母责任变化","NF-N1-04","自主/空间/自由","Ideal range / fit","N3-04","当「家庭优先级」进入「结婚/建立家庭」的「双方父母/原生家庭」，遇到「父母责任变化」时，对重视「自主/空间/自由」的人意味着什么？","generated_by_constrained_mapping","unreviewed"
"CC-00616","PF-D02","家庭优先级","SC-S2-07","双方父母/原生家庭","SC-S1-05","结婚/建立家庭","SC-S3-05","居住/迁移变化","NF-N1-11","家庭投入/家庭边界","Fit / conditional","N3-03/N3-04","当「家庭优先级」进入「结婚/建立家庭」的「双方父母/原生家庭」，遇到「居住/迁移变化」时，对重视「家庭投入/家庭边界」的人意味着什么？","generated_by_constrained_mapping","unreviewed"
"CC-00617","PF-D02","家庭优先级","SC-S2-07","双方父母/原生家庭","SC-S1-05","结婚/建立家庭","SC-S3-05","居住/迁移变化","NF-N1-07","公平/可靠/合作","Conditional / gate","N3-02/N3-03","当「家庭优先级」进入「结婚/建立家庭」的「双方父母/原生家庭」，遇到「居住/迁移变化」时，对重视「公平/可靠/合作」的人意味着什么？","generated_by_constrained_mapping","unreviewed"
"CC-00618","PF-D02","家庭优先级","SC-S2-07","双方父母/原生家庭","SC-S1-05","结婚/建立家庭","SC-S3-05","居住/迁移变化","NF-N1-04","自主/空间/自由","Ideal range / fit","N3-04","当「家庭优先级」进入「结婚/建立家庭」的「双方父母/原生家庭」，遇到「居住/迁移变化」时，对重视「自主/空间/自由」的人意味着什么？","generated_by_constrained_mapping","unreviewed"
"CC-00619","PF-D02","家庭优先级","SC-S2-07","双方父母/原生家庭","SC-S1-07","婴幼儿照护","SC-S3-07","父母责任变化","NF-N1-11","家庭投入/家庭边界","Fit / conditional","N3-03/N3-04","当「家庭优先级」进入「婴幼儿照护」的「双方父母/原生家庭」，遇到「父母责任变化」时，对重视「家庭投入/家庭边界」的人意味着什么？","generated_by_constrained_mapping","unreviewed"
"CC-00620","PF-D02","家庭优先级","SC-S2-07","双方父母/原生家庭","SC-S1-07","婴幼儿照护","SC-S3-07","父母责任变化","NF-N1-07","公平/可靠/合作","Conditional / gate","N3-02/N3-03","当「家庭优先级」进入「婴幼儿照护」的「双方父母/原生家庭」，遇到「父母责任变化」时，对重视「公平/可靠/合作」的人意味着什么？","generated_by_constrained_mapping","unreviewed"
"CC-00621","PF-D02","家庭优先级","SC-S2-07","双方父母/原生家庭","SC-S1-07","婴幼儿照护","SC-S3-07","父母责任变化","NF-N1-04","自主/空间/自由","Ideal range / fit","N3-04","当「家庭优先级」进入「婴幼儿照护」的「双方父母/原生家庭」，遇到「父母责任变化」时，对重视「自主/空间/自由」的人意味着什么？","generated_by_constrained_mapping","unreviewed"
"CC-00622","PF-D02","家庭优先级","SC-S2-07","双方父母/原生家庭","SC-S1-07","婴幼儿照护","SC-S3-05","居住/迁移变化","NF-N1-11","家庭投入/家庭边界","Fit / conditional","N3-03/N3-04","当「家庭优先级」进入「婴幼儿照护」的「双方父母/原生家庭」，遇到「居住/迁移变化」时，对重视「家庭投入/家庭边界」的人意味着什么？","generated_by_constrained_mapping","unreviewed"
"CC-00623","PF-D02","家庭优先级","SC-S2-07","双方父母/原生家庭","SC-S1-07","婴幼儿照护","SC-S3-05","居住/迁移变化","NF-N1-07","公平/可靠/合作","Conditional / gate","N3-02/N3-03","当「家庭优先级」进入「婴幼儿照护」的「双方父母/原生家庭」，遇到「居住/迁移变化」时，对重视「公平/可靠/合作」的人意味着什么？","generated_by_constrained_mapping","unreviewed"
"CC-00624","PF-D02","家庭优先级","SC-S2-07","双方父母/原生家庭","SC-S1-07","婴幼儿照护","SC-S3-05","居住/迁移变化","NF-N1-04","自主/空间/自由","Ideal range / fit","N3-04","当「家庭优先级」进入「婴幼儿照护」的「双方父母/原生家庭」，遇到「居住/迁移变化」时，对重视「自主/空间/自由」的人意味着什么？","generated_by_constrained_mapping","unreviewed"
"CC-00625","PF-D02","家庭优先级","SC-S2-07","双方父母/原生家庭","SC-S1-09","中年多重责任","SC-S3-07","父母责任变化","NF-N1-11","家庭投入/家庭边界","Fit / conditional","N3-03/N3-04","当「家庭优先级」进入「中年多重责任」的「双方父母/原生家庭」，遇到「父母责任变化」时，对重视「家庭投入/家庭边界」的人意味着什么？","generated_by_constrained_mapping","unreviewed"
"CC-00626","PF-D02","家庭优先级","SC-S2-07","双方父母/原生家庭","SC-S1-09","中年多重责任","SC-S3-07","父母责任变化","NF-N1-07","公平/可靠/合作","Conditional / gate","N3-02/N3-03","当「家庭优先级」进入「中年多重责任」的「双方父母/原生家庭」，遇到「父母责任变化」时，对重视「公平/可靠/合作」的人意味着什么？","generated_by_constrained_mapping","unreviewed"
"CC-00627","PF-D02","家庭优先级","SC-S2-07","双方父母/原生家庭","SC-S1-09","中年多重责任","SC-S3-07","父母责任变化","NF-N1-04","自主/空间/自由","Ideal range / fit","N3-04","当「家庭优先级」进入「中年多重责任」的「双方父母/原生家庭」，遇到「父母责任变化」时，对重视「自主/空间/自由」的人意味着什么？","generated_by_constrained_mapping","unreviewed"
"CC-00628","PF-D02","家庭优先级","SC-S2-07","双方父母/原生家庭","SC-S1-09","中年多重责任","SC-S3-05","居住/迁移变化","NF-N1-11","家庭投入/家庭边界","Fit / conditional","N3-03/N3-04","当「家庭优先级」进入「中年多重责任」的「双方父母/原生家庭」，遇到「居住/迁移变化」时，对重视「家庭投入/家庭边界」的人意味着什么？","generated_by_constrained_mapping","unreviewed"
"CC-00629","PF-D02","家庭优先级","SC-S2-07","双方父母/原生家庭","SC-S1-09","中年多重责任","SC-S3-05","居住/迁移变化","NF-N1-07","公平/可靠/合作","Conditional / gate","N3-02/N3-03","当「家庭优先级」进入「中年多重责任」的「双方父母/原生家庭」，遇到「居住/迁移变化」时，对重视「公平/可靠/合作」的人意味着什么？","generated_by_constrained_mapping","unreviewed"
"CC-00630","PF-D02","家庭优先级","SC-S2-07","双方父母/原生家庭","SC-S1-09","中年多重责任","SC-S3-05","居住/迁移变化","NF-N1-04","自主/空间/自由","Ideal range / fit","N3-04","当「家庭优先级」进入「中年多重责任」的「双方父母/原生家庭」，遇到「居住/迁移变化」时，对重视「自主/空间/自由」的人意味着什么？","generated_by_constrained_mapping","unreviewed"
"CC-00631","PF-D02","家庭优先级","SC-S2-06","孩子/生育/教育","SC-S1-05","结婚/建立家庭","SC-S3-06","生育/育儿转折","NF-N1-11","家庭投入/家庭边界","Fit / conditional","N3-03/N3-04","当「家庭优先级」进入「结婚/建立家庭」的「孩子/生育/教育」，遇到「生育/育儿转折」时，对重视「家庭投入/家庭边界」的人意味着什么？","generated_by_constrained_mapping","unreviewed"
"CC-00632","PF-D02","家庭优先级","SC-S2-06","孩子/生育/教育","SC-S1-05","结婚/建立家庭","SC-S3-06","生育/育儿转折","NF-N1-07","公平/可靠/合作","Conditional / gate","N3-02/N3-03","当「家庭优先级」进入「结婚/建立家庭」的「孩子/生育/教育」，遇到「生育/育儿转折」时，对重视「公平/可靠/合作」的人意味着什么？","generated_by_constrained_mapping","unreviewed"
"CC-00633","PF-D02","家庭优先级","SC-S2-06","孩子/生育/教育","SC-S1-05","结婚/建立家庭","SC-S3-06","生育/育儿转折","NF-N1-04","自主/空间/自由","Ideal range / fit","N3-04","当「家庭优先级」进入「结婚/建立家庭」的「孩子/生育/教育」，遇到「生育/育儿转折」时，对重视「自主/空间/自由」的人意味着什么？","generated_by_constrained_mapping","unreviewed"
"CC-00634","PF-D02","家庭优先级","SC-S2-06","孩子/生育/教育","SC-S1-05","结婚/建立家庭","SC-S3-01","工作时间突变","NF-N1-11","家庭投入/家庭边界","Fit / conditional","N3-03/N3-04","当「家庭优先级」进入「结婚/建立家庭」的「孩子/生育/教育」，遇到「工作时间突变」时，对重视「家庭投入/家庭边界」的人意味着什么？","generated_by_constrained_mapping","unreviewed"
"CC-00635","PF-D02","家庭优先级","SC-S2-06","孩子/生育/教育","SC-S1-05","结婚/建立家庭","SC-S3-01","工作时间突变","NF-N1-07","公平/可靠/合作","Conditional / gate","N3-02/N3-03","当「家庭优先级」进入「结婚/建立家庭」的「孩子/生育/教育」，遇到「工作时间突变」时，对重视「公平/可靠/合作」的人意味着什么？","generated_by_constrained_mapping","unreviewed"
"CC-00636","PF-D02","家庭优先级","SC-S2-06","孩子/生育/教育","SC-S1-05","结婚/建立家庭","SC-S3-01","工作时间突变","NF-N1-04","自主/空间/自由","Ideal range / fit","N3-04","当「家庭优先级」进入「结婚/建立家庭」的「孩子/生育/教育」，遇到「工作时间突变」时，对重视「自主/空间/自由」的人意味着什么？","generated_by_constrained_mapping","unreviewed"
"CC-00637","PF-D02","家庭优先级","SC-S2-06","孩子/生育/教育","SC-S1-07","婴幼儿照护","SC-S3-06","生育/育儿转折","NF-N1-11","家庭投入/家庭边界","Fit / conditional","N3-03/N3-04","当「家庭优先级」进入「婴幼儿照护」的「孩子/生育/教育」，遇到「生育/育儿转折」时，对重视「家庭投入/家庭边界」的人意味着什么？","generated_by_constrained_mapping","unreviewed"
"CC-00638","PF-D02","家庭优先级","SC-S2-06","孩子/生育/教育","SC-S1-07","婴幼儿照护","SC-S3-06","生育/育儿转折","NF-N1-07","公平/可靠/合作","Conditional / gate","N3-02/N3-03","当「家庭优先级」进入「婴幼儿照护」的「孩子/生育/教育」，遇到「生育/育儿转折」时，对重视「公平/可靠/合作」的人意味着什么？","generated_by_constrained_mapping","unreviewed"
"CC-00639","PF-D02","家庭优先级","SC-S2-06","孩子/生育/教育","SC-S1-07","婴幼儿照护","SC-S3-06","生育/育儿转折","NF-N1-04","自主/空间/自由","Ideal range / fit","N3-04","当「家庭优先级」进入「婴幼儿照护」的「孩子/生育/教育」，遇到「生育/育儿转折」时，对重视「自主/空间/自由」的人意味着什么？","generated_by_constrained_mapping","unreviewed"
"CC-00640","PF-D02","家庭优先级","SC-S2-06","孩子/生育/教育","SC-S1-07","婴幼儿照护","SC-S3-01","工作时间突变","NF-N1-11","家庭投入/家庭边界","Fit / conditional","N3-03/N3-04","当「家庭优先级」进入「婴幼儿照护」的「孩子/生育/教育」，遇到「工作时间突变」时，对重视「家庭投入/家庭边界」的人意味着什么？","generated_by_constrained_mapping","unreviewed"
"CC-00641","PF-D02","家庭优先级","SC-S2-06","孩子/生育/教育","SC-S1-07","婴幼儿照护","SC-S3-01","工作时间突变","NF-N1-07","公平/可靠/合作","Conditional / gate","N3-02/N3-03","当「家庭优先级」进入「婴幼儿照护」的「孩子/生育/教育」，遇到「工作时间突变」时，对重视「公平/可靠/合作」的人意味着什么？","generated_by_constrained_mapping","unreviewed"
"CC-00642","PF-D02","家庭优先级","SC-S2-06","孩子/生育/教育","SC-S1-07","婴幼儿照护","SC-S3-01","工作时间突变","NF-N1-04","自主/空间/自由","Ideal range / fit","N3-04","当「家庭优先级」进入「婴幼儿照护」的「孩子/生育/教育」，遇到「工作时间突变」时，对重视「自主/空间/自由」的人意味着什么？","generated_by_constrained_mapping","unreviewed"
"CC-00643","PF-D02","家庭优先级","SC-S2-06","孩子/生育/教育","SC-S1-08","孩子成长/教育","SC-S3-06","生育/育儿转折","NF-N1-11","家庭投入/家庭边界","Fit / conditional","N3-03/N3-04","当「家庭优先级」进入「孩子成长/教育」的「孩子/生育/教育」，遇到「生育/育儿转折」时，对重视「家庭投入/家庭边界」的人意味着什么？","generated_by_constrained_mapping","unreviewed"
"CC-00644","PF-D02","家庭优先级","SC-S2-06","孩子/生育/教育","SC-S1-08","孩子成长/教育","SC-S3-06","生育/育儿转折","NF-N1-07","公平/可靠/合作","Conditional / gate","N3-02/N3-03","当「家庭优先级」进入「孩子成长/教育」的「孩子/生育/教育」，遇到「生育/育儿转折」时，对重视「公平/可靠/合作」的人意味着什么？","generated_by_constrained_mapping","unreviewed"
"CC-00645","PF-D02","家庭优先级","SC-S2-06","孩子/生育/教育","SC-S1-08","孩子成长/教育","SC-S3-06","生育/育儿转折","NF-N1-04","自主/空间/自由","Ideal range / fit","N3-04","当「家庭优先级」进入「孩子成长/教育」的「孩子/生育/教育」，遇到「生育/育儿转折」时，对重视「自主/空间/自由」的人意味着什么？","generated_by_constrained_mapping","unreviewed"
"CC-00646","PF-D02","家庭优先级","SC-S2-06","孩子/生育/教育","SC-S1-08","孩子成长/教育","SC-S3-01","工作时间突变","NF-N1-11","家庭投入/家庭边界","Fit / conditional","N3-03/N3-04","当「家庭优先级」进入「孩子成长/教育」的「孩子/生育/教育」，遇到「工作时间突变」时，对重视「家庭投入/家庭边界」的人意味着什么？","generated_by_constrained_mapping","unreviewed"
"CC-00647","PF-D02","家庭优先级","SC-S2-06","孩子/生育/教育","SC-S1-08","孩子成长/教育","SC-S3-01","工作时间突变","NF-N1-07","公平/可靠/合作","Conditional / gate","N3-02/N3-03","当「家庭优先级」进入「孩子成长/教育」的「孩子/生育/教育」，遇到「工作时间突变」时，对重视「公平/可靠/合作」的人意味着什么？","generated_by_constrained_mapping","unreviewed"
"CC-00648","PF-D02","家庭优先级","SC-S2-06","孩子/生育/教育","SC-S1-08","孩子成长/教育","SC-S3-01","工作时间突变","NF-N1-04","自主/空间/自由","Ideal range / fit","N3-04","当「家庭优先级」进入「孩子成长/教育」的「孩子/生育/教育」，遇到「工作时间突变」时，对重视「自主/空间/自由」的人意味着什么？","generated_by_constrained_mapping","unreviewed"
"CC-00649","PF-D02","家庭优先级","SC-S2-05","家务/家庭劳动","SC-S1-04","同居/婚前","SC-S3-06","生育/育儿转折","NF-N1-11","家庭投入/家庭边界","Fit / conditional","N3-03/N3-04","当「家庭优先级」进入「同居/婚前」的「家务/家庭劳动」，遇到「生育/育儿转折」时，对重视「家庭投入/家庭边界」的人意味着什么？","generated_by_constrained_mapping","unreviewed"
"CC-00650","PF-D02","家庭优先级","SC-S2-05","家务/家庭劳动","SC-S1-04","同居/婚前","SC-S3-06","生育/育儿转折","NF-N1-07","公平/可靠/合作","Conditional / gate","N3-02/N3-03","当「家庭优先级」进入「同居/婚前」的「家务/家庭劳动」，遇到「生育/育儿转折」时，对重视「公平/可靠/合作」的人意味着什么？","generated_by_constrained_mapping","unreviewed"
"CC-00651","PF-D02","家庭优先级","SC-S2-05","家务/家庭劳动","SC-S1-04","同居/婚前","SC-S3-06","生育/育儿转折","NF-N1-04","自主/空间/自由","Ideal range / fit","N3-04","当「家庭优先级」进入「同居/婚前」的「家务/家庭劳动」，遇到「生育/育儿转折」时，对重视「自主/空间/自由」的人意味着什么？","generated_by_constrained_mapping","unreviewed"
"CC-00652","PF-D02","家庭优先级","SC-S2-05","家务/家庭劳动","SC-S1-04","同居/婚前","SC-S3-10","反复小问题累积","NF-N1-11","家庭投入/家庭边界","Fit / conditional","N3-03/N3-04","当「家庭优先级」进入「同居/婚前」的「家务/家庭劳动」，遇到「反复小问题累积」时，对重视「家庭投入/家庭边界」的人意味着什么？","generated_by_constrained_mapping","unreviewed"
"CC-00653","PF-D02","家庭优先级","SC-S2-05","家务/家庭劳动","SC-S1-04","同居/婚前","SC-S3-10","反复小问题累积","NF-N1-07","公平/可靠/合作","Conditional / gate","N3-02/N3-03","当「家庭优先级」进入「同居/婚前」的「家务/家庭劳动」，遇到「反复小问题累积」时，对重视「公平/可靠/合作」的人意味着什么？","generated_by_constrained_mapping","unreviewed"
"CC-00654","PF-D02","家庭优先级","SC-S2-05","家务/家庭劳动","SC-S1-04","同居/婚前","SC-S3-10","反复小问题累积","NF-N1-04","自主/空间/自由","Ideal range / fit","N3-04","当「家庭优先级」进入「同居/婚前」的「家务/家庭劳动」，遇到「反复小问题累积」时，对重视「自主/空间/自由」的人意味着什么？","generated_by_constrained_mapping","unreviewed"
"CC-00655","PF-D02","家庭优先级","SC-S2-05","家务/家庭劳动","SC-S1-07","婴幼儿照护","SC-S3-06","生育/育儿转折","NF-N1-11","家庭投入/家庭边界","Fit / conditional","N3-03/N3-04","当「家庭优先级」进入「婴幼儿照护」的「家务/家庭劳动」，遇到「生育/育儿转折」时，对重视「家庭投入/家庭边界」的人意味着什么？","generated_by_constrained_mapping","unreviewed"
"CC-00656","PF-D02","家庭优先级","SC-S2-05","家务/家庭劳动","SC-S1-07","婴幼儿照护","SC-S3-06","生育/育儿转折","NF-N1-07","公平/可靠/合作","Conditional / gate","N3-02/N3-03","当「家庭优先级」进入「婴幼儿照护」的「家务/家庭劳动」，遇到「生育/育儿转折」时，对重视「公平/可靠/合作」的人意味着什么？","generated_by_constrained_mapping","unreviewed"
"CC-00657","PF-D02","家庭优先级","SC-S2-05","家务/家庭劳动","SC-S1-07","婴幼儿照护","SC-S3-06","生育/育儿转折","NF-N1-04","自主/空间/自由","Ideal range / fit","N3-04","当「家庭优先级」进入「婴幼儿照护」的「家务/家庭劳动」，遇到「生育/育儿转折」时，对重视「自主/空间/自由」的人意味着什么？","generated_by_constrained_mapping","unreviewed"
"CC-00658","PF-D02","家庭优先级","SC-S2-05","家务/家庭劳动","SC-S1-07","婴幼儿照护","SC-S3-10","反复小问题累积","NF-N1-11","家庭投入/家庭边界","Fit / conditional","N3-03/N3-04","当「家庭优先级」进入「婴幼儿照护」的「家务/家庭劳动」，遇到「反复小问题累积」时，对重视「家庭投入/家庭边界」的人意味着什么？","generated_by_constrained_mapping","unreviewed"
"CC-00659","PF-D02","家庭优先级","SC-S2-05","家务/家庭劳动","SC-S1-07","婴幼儿照护","SC-S3-10","反复小问题累积","NF-N1-07","公平/可靠/合作","Conditional / gate","N3-02/N3-03","当「家庭优先级」进入「婴幼儿照护」的「家务/家庭劳动」，遇到「反复小问题累积」时，对重视「公平/可靠/合作」的人意味着什么？","generated_by_constrained_mapping","unreviewed"
"CC-00660","PF-D02","家庭优先级","SC-S2-05","家务/家庭劳动","SC-S1-07","婴幼儿照护","SC-S3-10","反复小问题累积","NF-N1-04","自主/空间/自由","Ideal range / fit","N3-04","当「家庭优先级」进入「婴幼儿照护」的「家务/家庭劳动」，遇到「反复小问题累积」时，对重视「自主/空间/自由」的人意味着什么？","generated_by_constrained_mapping","unreviewed"
"CC-00661","PF-D02","家庭优先级","SC-S2-05","家务/家庭劳动","SC-S1-09","中年多重责任","SC-S3-06","生育/育儿转折","NF-N1-11","家庭投入/家庭边界","Fit / conditional","N3-03/N3-04","当「家庭优先级」进入「中年多重责任」的「家务/家庭劳动」，遇到「生育/育儿转折」时，对重视「家庭投入/家庭边界」的人意味着什么？","generated_by_constrained_mapping","unreviewed"
"CC-00662","PF-D02","家庭优先级","SC-S2-05","家务/家庭劳动","SC-S1-09","中年多重责任","SC-S3-06","生育/育儿转折","NF-N1-07","公平/可靠/合作","Conditional / gate","N3-02/N3-03","当「家庭优先级」进入「中年多重责任」的「家务/家庭劳动」，遇到「生育/育儿转折」时，对重视「公平/可靠/合作」的人意味着什么？","generated_by_constrained_mapping","unreviewed"
"CC-00663","PF-D02","家庭优先级","SC-S2-05","家务/家庭劳动","SC-S1-09","中年多重责任","SC-S3-06","生育/育儿转折","NF-N1-04","自主/空间/自由","Ideal range / fit","N3-04","当「家庭优先级」进入「中年多重责任」的「家务/家庭劳动」，遇到「生育/育儿转折」时，对重视「自主/空间/自由」的人意味着什么？","generated_by_constrained_mapping","unreviewed"
"CC-00664","PF-D02","家庭优先级","SC-S2-05","家务/家庭劳动","SC-S1-09","中年多重责任","SC-S3-10","反复小问题累积","NF-N1-11","家庭投入/家庭边界","Fit / conditional","N3-03/N3-04","当「家庭优先级」进入「中年多重责任」的「家务/家庭劳动」，遇到「反复小问题累积」时，对重视「家庭投入/家庭边界」的人意味着什么？","generated_by_constrained_mapping","unreviewed"
"CC-00665","PF-D02","家庭优先级","SC-S2-05","家务/家庭劳动","SC-S1-09","中年多重责任","SC-S3-10","反复小问题累积","NF-N1-07","公平/可靠/合作","Conditional / gate","N3-02/N3-03","当「家庭优先级」进入「中年多重责任」的「家务/家庭劳动」，遇到「反复小问题累积」时，对重视「公平/可靠/合作」的人意味着什么？","generated_by_constrained_mapping","unreviewed"
"CC-00666","PF-D02","家庭优先级","SC-S2-05","家务/家庭劳动","SC-S1-09","中年多重责任","SC-S3-10","反复小问题累积","NF-N1-04","自主/空间/自由","Ideal range / fit","N3-04","当「家庭优先级」进入「中年多重责任」的「家务/家庭劳动」，遇到「反复小问题累积」时，对重视「自主/空间/自由」的人意味着什么？","generated_by_constrained_mapping","unreviewed"
"CC-00667","PF-D02","家庭优先级","SC-S2-01","日常作息与生活管理","SC-S1-02","恋爱/磨合","SC-S3-01","工作时间突变","NF-N1-11","家庭投入/家庭边界","Fit / conditional","N3-03/N3-04","当「家庭优先级」进入「恋爱/磨合」的「日常作息与生活管理」，遇到「工作时间突变」时，对重视「家庭投入/家庭边界」的人意味着什么？","generated_by_constrained_mapping","unreviewed"
"CC-00668","PF-D02","家庭优先级","SC-S2-01","日常作息与生活管理","SC-S1-02","恋爱/磨合","SC-S3-01","工作时间突变","NF-N1-07","公平/可靠/合作","Conditional / gate","N3-02/N3-03","当「家庭优先级」进入「恋爱/磨合」的「日常作息与生活管理」，遇到「工作时间突变」时，对重视「公平/可靠/合作」的人意味着什么？","generated_by_constrained_mapping","unreviewed"
"CC-00669","PF-D02","家庭优先级","SC-S2-01","日常作息与生活管理","SC-S1-02","恋爱/磨合","SC-S3-01","工作时间突变","NF-N1-04","自主/空间/自由","Ideal range / fit","N3-04","当「家庭优先级」进入「恋爱/磨合」的「日常作息与生活管理」，遇到「工作时间突变」时，对重视「自主/空间/自由」的人意味着什么？","generated_by_constrained_mapping","unreviewed"
"CC-00670","PF-D02","家庭优先级","SC-S2-01","日常作息与生活管理","SC-S1-02","恋爱/磨合","SC-S3-10","反复小问题累积","NF-N1-11","家庭投入/家庭边界","Fit / conditional","N3-03/N3-04","当「家庭优先级」进入「恋爱/磨合」的「日常作息与生活管理」，遇到「反复小问题累积」时，对重视「家庭投入/家庭边界」的人意味着什么？","generated_by_constrained_mapping","unreviewed"
"CC-00671","PF-D02","家庭优先级","SC-S2-01","日常作息与生活管理","SC-S1-02","恋爱/磨合","SC-S3-10","反复小问题累积","NF-N1-07","公平/可靠/合作","Conditional / gate","N3-02/N3-03","当「家庭优先级」进入「恋爱/磨合」的「日常作息与生活管理」，遇到「反复小问题累积」时，对重视「公平/可靠/合作」的人意味着什么？","generated_by_constrained_mapping","unreviewed"
"CC-00672","PF-D02","家庭优先级","SC-S2-01","日常作息与生活管理","SC-S1-02","恋爱/磨合","SC-S3-10","反复小问题累积","NF-N1-04","自主/空间/自由","Ideal range / fit","N3-04","当「家庭优先级」进入「恋爱/磨合」的「日常作息与生活管理」，遇到「反复小问题累积」时，对重视「自主/空间/自由」的人意味着什么？","generated_by_constrained_mapping","unreviewed"
"CC-00673","PF-D02","家庭优先级","SC-S2-01","日常作息与生活管理","SC-S1-04","同居/婚前","SC-S3-01","工作时间突变","NF-N1-11","家庭投入/家庭边界","Fit / conditional","N3-03/N3-04","当「家庭优先级」进入「同居/婚前」的「日常作息与生活管理」，遇到「工作时间突变」时，对重视「家庭投入/家庭边界」的人意味着什么？","generated_by_constrained_mapping","unreviewed"
"CC-00674","PF-D02","家庭优先级","SC-S2-01","日常作息与生活管理","SC-S1-04","同居/婚前","SC-S3-01","工作时间突变","NF-N1-07","公平/可靠/合作","Conditional / gate","N3-02/N3-03","当「家庭优先级」进入「同居/婚前」的「日常作息与生活管理」，遇到「工作时间突变」时，对重视「公平/可靠/合作」的人意味着什么？","generated_by_constrained_mapping","unreviewed"
"CC-00675","PF-D02","家庭优先级","SC-S2-01","日常作息与生活管理","SC-S1-04","同居/婚前","SC-S3-01","工作时间突变","NF-N1-04","自主/空间/自由","Ideal range / fit","N3-04","当「家庭优先级」进入「同居/婚前」的「日常作息与生活管理」，遇到「工作时间突变」时，对重视「自主/空间/自由」的人意味着什么？","generated_by_constrained_mapping","unreviewed"
"CC-00676","PF-D02","家庭优先级","SC-S2-01","日常作息与生活管理","SC-S1-04","同居/婚前","SC-S3-10","反复小问题累积","NF-N1-11","家庭投入/家庭边界","Fit / conditional","N3-03/N3-04","当「家庭优先级」进入「同居/婚前」的「日常作息与生活管理」，遇到「反复小问题累积」时，对重视「家庭投入/家庭边界」的人意味着什么？","generated_by_constrained_mapping","unreviewed"
"CC-00677","PF-D02","家庭优先级","SC-S2-01","日常作息与生活管理","SC-S1-04","同居/婚前","SC-S3-10","反复小问题累积","NF-N1-07","公平/可靠/合作","Conditional / gate","N3-02/N3-03","当「家庭优先级」进入「同居/婚前」的「日常作息与生活管理」，遇到「反复小问题累积」时，对重视「公平/可靠/合作」的人意味着什么？","generated_by_constrained_mapping","unreviewed"
"CC-00678","PF-D02","家庭优先级","SC-S2-01","日常作息与生活管理","SC-S1-04","同居/婚前","SC-S3-10","反复小问题累积","NF-N1-04","自主/空间/自由","Ideal range / fit","N3-04","当「家庭优先级」进入「同居/婚前」的「日常作息与生活管理」，遇到「反复小问题累积」时，对重视「自主/空间/自由」的人意味着什么？","generated_by_constrained_mapping","unreviewed"
"CC-00679","PF-D02","家庭优先级","SC-S2-01","日常作息与生活管理","SC-S1-07","婴幼儿照护","SC-S3-01","工作时间突变","NF-N1-11","家庭投入/家庭边界","Fit / conditional","N3-03/N3-04","当「家庭优先级」进入「婴幼儿照护」的「日常作息与生活管理」，遇到「工作时间突变」时，对重视「家庭投入/家庭边界」的人意味着什么？","generated_by_constrained_mapping","unreviewed"
"CC-00680","PF-D02","家庭优先级","SC-S2-01","日常作息与生活管理","SC-S1-07","婴幼儿照护","SC-S3-01","工作时间突变","NF-N1-07","公平/可靠/合作","Conditional / gate","N3-02/N3-03","当「家庭优先级」进入「婴幼儿照护」的「日常作息与生活管理」，遇到「工作时间突变」时，对重视「公平/可靠/合作」的人意味着什么？","generated_by_constrained_mapping","unreviewed"
"CC-00681","PF-D02","家庭优先级","SC-S2-01","日常作息与生活管理","SC-S1-07","婴幼儿照护","SC-S3-01","工作时间突变","NF-N1-04","自主/空间/自由","Ideal range / fit","N3-04","当「家庭优先级」进入「婴幼儿照护」的「日常作息与生活管理」，遇到「工作时间突变」时，对重视「自主/空间/自由」的人意味着什么？","generated_by_constrained_mapping","unreviewed"
"CC-00682","PF-D02","家庭优先级","SC-S2-01","日常作息与生活管理","SC-S1-07","婴幼儿照护","SC-S3-10","反复小问题累积","NF-N1-11","家庭投入/家庭边界","Fit / conditional","N3-03/N3-04","当「家庭优先级」进入「婴幼儿照护」的「日常作息与生活管理」，遇到「反复小问题累积」时，对重视「家庭投入/家庭边界」的人意味着什么？","generated_by_constrained_mapping","unreviewed"
"CC-00683","PF-D02","家庭优先级","SC-S2-01","日常作息与生活管理","SC-S1-07","婴幼儿照护","SC-S3-10","反复小问题累积","NF-N1-07","公平/可靠/合作","Conditional / gate","N3-02/N3-03","当「家庭优先级」进入「婴幼儿照护」的「日常作息与生活管理」，遇到「反复小问题累积」时，对重视「公平/可靠/合作」的人意味着什么？","generated_by_constrained_mapping","unreviewed"
"CC-00684","PF-D02","家庭优先级","SC-S2-01","日常作息与生活管理","SC-S1-07","婴幼儿照护","SC-S3-10","反复小问题累积","NF-N1-04","自主/空间/自由","Ideal range / fit","N3-04","当「家庭优先级」进入「婴幼儿照护」的「日常作息与生活管理」，遇到「反复小问题累积」时，对重视「自主/空间/自由」的人意味着什么？","generated_by_constrained_mapping","unreviewed"
"CC-00685","PF-D03","成长导向","SC-S2-02","工作/事业/学习","SC-S1-02","恋爱/磨合","SC-S3-01","工作时间突变","NF-N1-08","成长/能力/目标支持","Fit / trade-off","N3-09","当「成长导向」进入「恋爱/磨合」的「工作/事业/学习」，遇到「工作时间突变」时，对重视「成长/能力/目标支持」的人意味着什么？","generated_by_constrained_mapping","unreviewed"
"CC-00686","PF-D03","成长导向","SC-S2-02","工作/事业/学习","SC-S1-02","恋爱/磨合","SC-S3-01","工作时间突变","NF-N1-04","自主/空间/自由","Ideal range / fit","N3-04","当「成长导向」进入「恋爱/磨合」的「工作/事业/学习」，遇到「工作时间突变」时，对重视「自主/空间/自由」的人意味着什么？","generated_by_constrained_mapping","unreviewed"
"CC-00687","PF-D03","成长导向","SC-S2-02","工作/事业/学习","SC-S1-02","恋爱/磨合","SC-S3-01","工作时间突变","NF-N1-02","陪伴/连接/归属","Ideal range / conditional","N3-01/N3-05","当「成长导向」进入「恋爱/磨合」的「工作/事业/学习」，遇到「工作时间突变」时，对重视「陪伴/连接/归属」的人意味着什么？","generated_by_constrained_mapping","unreviewed"
"CC-00688","PF-D03","成长导向","SC-S2-02","工作/事业/学习","SC-S1-02","恋爱/磨合","SC-S3-02","事业机会/职业转折","NF-N1-08","成长/能力/目标支持","Fit / trade-off","N3-09","当「成长导向」进入「恋爱/磨合」的「工作/事业/学习」，遇到「事业机会/职业转折」时，对重视「成长/能力/目标支持」的人意味着什么？","generated_by_constrained_mapping","unreviewed"
"CC-00689","PF-D03","成长导向","SC-S2-02","工作/事业/学习","SC-S1-02","恋爱/磨合","SC-S3-02","事业机会/职业转折","NF-N1-04","自主/空间/自由","Ideal range / fit","N3-04","当「成长导向」进入「恋爱/磨合」的「工作/事业/学习」，遇到「事业机会/职业转折」时，对重视「自主/空间/自由」的人意味着什么？","generated_by_constrained_mapping","unreviewed"
"CC-00690","PF-D03","成长导向","SC-S2-02","工作/事业/学习","SC-S1-02","恋爱/磨合","SC-S3-02","事业机会/职业转折","NF-N1-02","陪伴/连接/归属","Ideal range / conditional","N3-01/N3-05","当「成长导向」进入「恋爱/磨合」的「工作/事业/学习」，遇到「事业机会/职业转折」时，对重视「陪伴/连接/归属」的人意味着什么？","generated_by_constrained_mapping","unreviewed"
"CC-00691","PF-D03","成长导向","SC-S2-02","工作/事业/学习","SC-S1-05","结婚/建立家庭","SC-S3-01","工作时间突变","NF-N1-08","成长/能力/目标支持","Fit / trade-off","N3-09","当「成长导向」进入「结婚/建立家庭」的「工作/事业/学习」，遇到「工作时间突变」时，对重视「成长/能力/目标支持」的人意味着什么？","generated_by_constrained_mapping","unreviewed"
"CC-00692","PF-D03","成长导向","SC-S2-02","工作/事业/学习","SC-S1-05","结婚/建立家庭","SC-S3-01","工作时间突变","NF-N1-04","自主/空间/自由","Ideal range / fit","N3-04","当「成长导向」进入「结婚/建立家庭」的「工作/事业/学习」，遇到「工作时间突变」时，对重视「自主/空间/自由」的人意味着什么？","generated_by_constrained_mapping","unreviewed"
"CC-00693","PF-D03","成长导向","SC-S2-02","工作/事业/学习","SC-S1-05","结婚/建立家庭","SC-S3-01","工作时间突变","NF-N1-02","陪伴/连接/归属","Ideal range / conditional","N3-01/N3-05","当「成长导向」进入「结婚/建立家庭」的「工作/事业/学习」，遇到「工作时间突变」时，对重视「陪伴/连接/归属」的人意味着什么？","generated_by_constrained_mapping","unreviewed"
"CC-00694","PF-D03","成长导向","SC-S2-02","工作/事业/学习","SC-S1-05","结婚/建立家庭","SC-S3-02","事业机会/职业转折","NF-N1-08","成长/能力/目标支持","Fit / trade-off","N3-09","当「成长导向」进入「结婚/建立家庭」的「工作/事业/学习」，遇到「事业机会/职业转折」时，对重视「成长/能力/目标支持」的人意味着什么？","generated_by_constrained_mapping","unreviewed"
"CC-00695","PF-D03","成长导向","SC-S2-02","工作/事业/学习","SC-S1-05","结婚/建立家庭","SC-S3-02","事业机会/职业转折","NF-N1-04","自主/空间/自由","Ideal range / fit","N3-04","当「成长导向」进入「结婚/建立家庭」的「工作/事业/学习」，遇到「事业机会/职业转折」时，对重视「自主/空间/自由」的人意味着什么？","generated_by_constrained_mapping","unreviewed"
"CC-00696","PF-D03","成长导向","SC-S2-02","工作/事业/学习","SC-S1-05","结婚/建立家庭","SC-S3-02","事业机会/职业转折","NF-N1-02","陪伴/连接/归属","Ideal range / conditional","N3-01/N3-05","当「成长导向」进入「结婚/建立家庭」的「工作/事业/学习」，遇到「事业机会/职业转折」时，对重视「陪伴/连接/归属」的人意味着什么？","generated_by_constrained_mapping","unreviewed"
"CC-00697","PF-D03","成长导向","SC-S2-02","工作/事业/学习","SC-S1-09","中年多重责任","SC-S3-01","工作时间突变","NF-N1-08","成长/能力/目标支持","Fit / trade-off","N3-09","当「成长导向」进入「中年多重责任」的「工作/事业/学习」，遇到「工作时间突变」时，对重视「成长/能力/目标支持」的人意味着什么？","generated_by_constrained_mapping","unreviewed"
"CC-00698","PF-D03","成长导向","SC-S2-02","工作/事业/学习","SC-S1-09","中年多重责任","SC-S3-01","工作时间突变","NF-N1-04","自主/空间/自由","Ideal range / fit","N3-04","当「成长导向」进入「中年多重责任」的「工作/事业/学习」，遇到「工作时间突变」时，对重视「自主/空间/自由」的人意味着什么？","generated_by_constrained_mapping","unreviewed"
"CC-00699","PF-D03","成长导向","SC-S2-02","工作/事业/学习","SC-S1-09","中年多重责任","SC-S3-01","工作时间突变","NF-N1-02","陪伴/连接/归属","Ideal range / conditional","N3-01/N3-05","当「成长导向」进入「中年多重责任」的「工作/事业/学习」，遇到「工作时间突变」时，对重视「陪伴/连接/归属」的人意味着什么？","generated_by_constrained_mapping","unreviewed"
"CC-00700","PF-D03","成长导向","SC-S2-02","工作/事业/学习","SC-S1-09","中年多重责任","SC-S3-02","事业机会/职业转折","NF-N1-08","成长/能力/目标支持","Fit / trade-off","N3-09","当「成长导向」进入「中年多重责任」的「工作/事业/学习」，遇到「事业机会/职业转折」时，对重视「成长/能力/目标支持」的人意味着什么？","generated_by_constrained_mapping","unreviewed"
"CC-00701","PF-D03","成长导向","SC-S2-02","工作/事业/学习","SC-S1-09","中年多重责任","SC-S3-02","事业机会/职业转折","NF-N1-04","自主/空间/自由","Ideal range / fit","N3-04","当「成长导向」进入「中年多重责任」的「工作/事业/学习」，遇到「事业机会/职业转折」时，对重视「自主/空间/自由」的人意味着什么？","generated_by_constrained_mapping","unreviewed"
"CC-00702","PF-D03","成长导向","SC-S2-02","工作/事业/学习","SC-S1-09","中年多重责任","SC-S3-02","事业机会/职业转折","NF-N1-02","陪伴/连接/归属","Ideal range / conditional","N3-01/N3-05","当「成长导向」进入「中年多重责任」的「工作/事业/学习」，遇到「事业机会/职业转折」时，对重视「陪伴/连接/归属」的人意味着什么？","generated_by_constrained_mapping","unreviewed"
"CC-00703","PF-D03","成长导向","SC-S2-09","兴趣/休闲/旅行","SC-S1-01","认识/相亲","SC-S3-01","工作时间突变","NF-N1-08","成长/能力/目标支持","Fit / trade-off","N3-09","当「成长导向」进入「认识/相亲」的「兴趣/休闲/旅行」，遇到「工作时间突变」时，对重视「成长/能力/目标支持」的人意味着什么？","generated_by_constrained_mapping","unreviewed"
"CC-00704","PF-D03","成长导向","SC-S2-09","兴趣/休闲/旅行","SC-S1-01","认识/相亲","SC-S3-01","工作时间突变","NF-N1-04","自主/空间/自由","Ideal range / fit","N3-04","当「成长导向」进入「认识/相亲」的「兴趣/休闲/旅行」，遇到「工作时间突变」时，对重视「自主/空间/自由」的人意味着什么？","generated_by_constrained_mapping","unreviewed"
"CC-00705","PF-D03","成长导向","SC-S2-09","兴趣/休闲/旅行","SC-S1-01","认识/相亲","SC-S3-01","工作时间突变","NF-N1-02","陪伴/连接/归属","Ideal range / conditional","N3-01/N3-05","当「成长导向」进入「认识/相亲」的「兴趣/休闲/旅行」，遇到「工作时间突变」时，对重视「陪伴/连接/归属」的人意味着什么？","generated_by_constrained_mapping","unreviewed"
"CC-00706","PF-D03","成长导向","SC-S2-09","兴趣/休闲/旅行","SC-S1-01","认识/相亲","SC-S3-10","反复小问题累积","NF-N1-08","成长/能力/目标支持","Fit / trade-off","N3-09","当「成长导向」进入「认识/相亲」的「兴趣/休闲/旅行」，遇到「反复小问题累积」时，对重视「成长/能力/目标支持」的人意味着什么？","generated_by_constrained_mapping","unreviewed"
"CC-00707","PF-D03","成长导向","SC-S2-09","兴趣/休闲/旅行","SC-S1-01","认识/相亲","SC-S3-10","反复小问题累积","NF-N1-04","自主/空间/自由","Ideal range / fit","N3-04","当「成长导向」进入「认识/相亲」的「兴趣/休闲/旅行」，遇到「反复小问题累积」时，对重视「自主/空间/自由」的人意味着什么？","generated_by_constrained_mapping","unreviewed"
"CC-00708","PF-D03","成长导向","SC-S2-09","兴趣/休闲/旅行","SC-S1-01","认识/相亲","SC-S3-10","反复小问题累积","NF-N1-02","陪伴/连接/归属","Ideal range / conditional","N3-01/N3-05","当「成长导向」进入「认识/相亲」的「兴趣/休闲/旅行」，遇到「反复小问题累积」时，对重视「陪伴/连接/归属」的人意味着什么？","generated_by_constrained_mapping","unreviewed"
"CC-00709","PF-D03","成长导向","SC-S2-09","兴趣/休闲/旅行","SC-S1-03","稳定交往","SC-S3-01","工作时间突变","NF-N1-08","成长/能力/目标支持","Fit / trade-off","N3-09","当「成长导向」进入「稳定交往」的「兴趣/休闲/旅行」，遇到「工作时间突变」时，对重视「成长/能力/目标支持」的人意味着什么？","generated_by_constrained_mapping","unreviewed"
"CC-00710","PF-D03","成长导向","SC-S2-09","兴趣/休闲/旅行","SC-S1-03","稳定交往","SC-S3-01","工作时间突变","NF-N1-04","自主/空间/自由","Ideal range / fit","N3-04","当「成长导向」进入「稳定交往」的「兴趣/休闲/旅行」，遇到「工作时间突变」时，对重视「自主/空间/自由」的人意味着什么？","generated_by_constrained_mapping","unreviewed"
"CC-00711","PF-D03","成长导向","SC-S2-09","兴趣/休闲/旅行","SC-S1-03","稳定交往","SC-S3-01","工作时间突变","NF-N1-02","陪伴/连接/归属","Ideal range / conditional","N3-01/N3-05","当「成长导向」进入「稳定交往」的「兴趣/休闲/旅行」，遇到「工作时间突变」时，对重视「陪伴/连接/归属」的人意味着什么？","generated_by_constrained_mapping","unreviewed"
"CC-00712","PF-D03","成长导向","SC-S2-09","兴趣/休闲/旅行","SC-S1-03","稳定交往","SC-S3-10","反复小问题累积","NF-N1-08","成长/能力/目标支持","Fit / trade-off","N3-09","当「成长导向」进入「稳定交往」的「兴趣/休闲/旅行」，遇到「反复小问题累积」时，对重视「成长/能力/目标支持」的人意味着什么？","generated_by_constrained_mapping","unreviewed"
"CC-00713","PF-D03","成长导向","SC-S2-09","兴趣/休闲/旅行","SC-S1-03","稳定交往","SC-S3-10","反复小问题累积","NF-N1-04","自主/空间/自由","Ideal range / fit","N3-04","当「成长导向」进入「稳定交往」的「兴趣/休闲/旅行」，遇到「反复小问题累积」时，对重视「自主/空间/自由」的人意味着什么？","generated_by_constrained_mapping","unreviewed"
"CC-00714","PF-D03","成长导向","SC-S2-09","兴趣/休闲/旅行","SC-S1-03","稳定交往","SC-S3-10","反复小问题累积","NF-N1-02","陪伴/连接/归属","Ideal range / conditional","N3-01/N3-05","当「成长导向」进入「稳定交往」的「兴趣/休闲/旅行」，遇到「反复小问题累积」时，对重视「陪伴/连接/归属」的人意味着什么？","generated_by_constrained_mapping","unreviewed"
"CC-00715","PF-D03","成长导向","SC-S2-09","兴趣/休闲/旅行","SC-S1-07","婴幼儿照护","SC-S3-01","工作时间突变","NF-N1-08","成长/能力/目标支持","Fit / trade-off","N3-09","当「成长导向」进入「婴幼儿照护」的「兴趣/休闲/旅行」，遇到「工作时间突变」时，对重视「成长/能力/目标支持」的人意味着什么？","generated_by_constrained_mapping","unreviewed"
"CC-00716","PF-D03","成长导向","SC-S2-09","兴趣/休闲/旅行","SC-S1-07","婴幼儿照护","SC-S3-01","工作时间突变","NF-N1-04","自主/空间/自由","Ideal range / fit","N3-04","当「成长导向」进入「婴幼儿照护」的「兴趣/休闲/旅行」，遇到「工作时间突变」时，对重视「自主/空间/自由」的人意味着什么？","generated_by_constrained_mapping","unreviewed"
"CC-00717","PF-D03","成长导向","SC-S2-09","兴趣/休闲/旅行","SC-S1-07","婴幼儿照护","SC-S3-01","工作时间突变","NF-N1-02","陪伴/连接/归属","Ideal range / conditional","N3-01/N3-05","当「成长导向」进入「婴幼儿照护」的「兴趣/休闲/旅行」，遇到「工作时间突变」时，对重视「陪伴/连接/归属」的人意味着什么？","generated_by_constrained_mapping","unreviewed"
"CC-00718","PF-D03","成长导向","SC-S2-09","兴趣/休闲/旅行","SC-S1-07","婴幼儿照护","SC-S3-10","反复小问题累积","NF-N1-08","成长/能力/目标支持","Fit / trade-off","N3-09","当「成长导向」进入「婴幼儿照护」的「兴趣/休闲/旅行」，遇到「反复小问题累积」时，对重视「成长/能力/目标支持」的人意味着什么？","generated_by_constrained_mapping","unreviewed"
"CC-00719","PF-D03","成长导向","SC-S2-09","兴趣/休闲/旅行","SC-S1-07","婴幼儿照护","SC-S3-10","反复小问题累积","NF-N1-04","自主/空间/自由","Ideal range / fit","N3-04","当「成长导向」进入「婴幼儿照护」的「兴趣/休闲/旅行」，遇到「反复小问题累积」时，对重视「自主/空间/自由」的人意味着什么？","generated_by_constrained_mapping","unreviewed"
"CC-00720","PF-D03","成长导向","SC-S2-09","兴趣/休闲/旅行","SC-S1-07","婴幼儿照护","SC-S3-10","反复小问题累积","NF-N1-02","陪伴/连接/归属","Ideal range / conditional","N3-01/N3-05","当「成长导向」进入「婴幼儿照护」的「兴趣/休闲/旅行」，遇到「反复小问题累积」时，对重视「陪伴/连接/归属」的人意味着什么？","generated_by_constrained_mapping","unreviewed"
"CC-00721","PF-D03","成长导向","SC-S2-01","日常作息与生活管理","SC-S1-02","恋爱/磨合","SC-S3-01","工作时间突变","NF-N1-08","成长/能力/目标支持","Fit / trade-off","N3-09","当「成长导向」进入「恋爱/磨合」的「日常作息与生活管理」，遇到「工作时间突变」时，对重视「成长/能力/目标支持」的人意味着什么？","generated_by_constrained_mapping","unreviewed"
"CC-00722","PF-D03","成长导向","SC-S2-01","日常作息与生活管理","SC-S1-02","恋爱/磨合","SC-S3-01","工作时间突变","NF-N1-04","自主/空间/自由","Ideal range / fit","N3-04","当「成长导向」进入「恋爱/磨合」的「日常作息与生活管理」，遇到「工作时间突变」时，对重视「自主/空间/自由」的人意味着什么？","generated_by_constrained_mapping","unreviewed"
"CC-00723","PF-D03","成长导向","SC-S2-01","日常作息与生活管理","SC-S1-02","恋爱/磨合","SC-S3-01","工作时间突变","NF-N1-02","陪伴/连接/归属","Ideal range / conditional","N3-01/N3-05","当「成长导向」进入「恋爱/磨合」的「日常作息与生活管理」，遇到「工作时间突变」时，对重视「陪伴/连接/归属」的人意味着什么？","generated_by_constrained_mapping","unreviewed"
"CC-00724","PF-D03","成长导向","SC-S2-01","日常作息与生活管理","SC-S1-02","恋爱/磨合","SC-S3-10","反复小问题累积","NF-N1-08","成长/能力/目标支持","Fit / trade-off","N3-09","当「成长导向」进入「恋爱/磨合」的「日常作息与生活管理」，遇到「反复小问题累积」时，对重视「成长/能力/目标支持」的人意味着什么？","generated_by_constrained_mapping","unreviewed"
"CC-00725","PF-D03","成长导向","SC-S2-01","日常作息与生活管理","SC-S1-02","恋爱/磨合","SC-S3-10","反复小问题累积","NF-N1-04","自主/空间/自由","Ideal range / fit","N3-04","当「成长导向」进入「恋爱/磨合」的「日常作息与生活管理」，遇到「反复小问题累积」时，对重视「自主/空间/自由」的人意味着什么？","generated_by_constrained_mapping","unreviewed"
"CC-00726","PF-D03","成长导向","SC-S2-01","日常作息与生活管理","SC-S1-02","恋爱/磨合","SC-S3-10","反复小问题累积","NF-N1-02","陪伴/连接/归属","Ideal range / conditional","N3-01/N3-05","当「成长导向」进入「恋爱/磨合」的「日常作息与生活管理」，遇到「反复小问题累积」时，对重视「陪伴/连接/归属」的人意味着什么？","generated_by_constrained_mapping","unreviewed"
"CC-00727","PF-D03","成长导向","SC-S2-01","日常作息与生活管理","SC-S1-04","同居/婚前","SC-S3-01","工作时间突变","NF-N1-08","成长/能力/目标支持","Fit / trade-off","N3-09","当「成长导向」进入「同居/婚前」的「日常作息与生活管理」，遇到「工作时间突变」时，对重视「成长/能力/目标支持」的人意味着什么？","generated_by_constrained_mapping","unreviewed"
"CC-00728","PF-D03","成长导向","SC-S2-01","日常作息与生活管理","SC-S1-04","同居/婚前","SC-S3-01","工作时间突变","NF-N1-04","自主/空间/自由","Ideal range / fit","N3-04","当「成长导向」进入「同居/婚前」的「日常作息与生活管理」，遇到「工作时间突变」时，对重视「自主/空间/自由」的人意味着什么？","generated_by_constrained_mapping","unreviewed"
"CC-00729","PF-D03","成长导向","SC-S2-01","日常作息与生活管理","SC-S1-04","同居/婚前","SC-S3-01","工作时间突变","NF-N1-02","陪伴/连接/归属","Ideal range / conditional","N3-01/N3-05","当「成长导向」进入「同居/婚前」的「日常作息与生活管理」，遇到「工作时间突变」时，对重视「陪伴/连接/归属」的人意味着什么？","generated_by_constrained_mapping","unreviewed"
"CC-00730","PF-D03","成长导向","SC-S2-01","日常作息与生活管理","SC-S1-04","同居/婚前","SC-S3-10","反复小问题累积","NF-N1-08","成长/能力/目标支持","Fit / trade-off","N3-09","当「成长导向」进入「同居/婚前」的「日常作息与生活管理」，遇到「反复小问题累积」时，对重视「成长/能力/目标支持」的人意味着什么？","generated_by_constrained_mapping","unreviewed"
"CC-00731","PF-D03","成长导向","SC-S2-01","日常作息与生活管理","SC-S1-04","同居/婚前","SC-S3-10","反复小问题累积","NF-N1-04","自主/空间/自由","Ideal range / fit","N3-04","当「成长导向」进入「同居/婚前」的「日常作息与生活管理」，遇到「反复小问题累积」时，对重视「自主/空间/自由」的人意味着什么？","generated_by_constrained_mapping","unreviewed"
"CC-00732","PF-D03","成长导向","SC-S2-01","日常作息与生活管理","SC-S1-04","同居/婚前","SC-S3-10","反复小问题累积","NF-N1-02","陪伴/连接/归属","Ideal range / conditional","N3-01/N3-05","当「成长导向」进入「同居/婚前」的「日常作息与生活管理」，遇到「反复小问题累积」时，对重视「陪伴/连接/归属」的人意味着什么？","generated_by_constrained_mapping","unreviewed"
"CC-00733","PF-D03","成长导向","SC-S2-01","日常作息与生活管理","SC-S1-07","婴幼儿照护","SC-S3-01","工作时间突变","NF-N1-08","成长/能力/目标支持","Fit / trade-off","N3-09","当「成长导向」进入「婴幼儿照护」的「日常作息与生活管理」，遇到「工作时间突变」时，对重视「成长/能力/目标支持」的人意味着什么？","generated_by_constrained_mapping","unreviewed"
"CC-00734","PF-D03","成长导向","SC-S2-01","日常作息与生活管理","SC-S1-07","婴幼儿照护","SC-S3-01","工作时间突变","NF-N1-04","自主/空间/自由","Ideal range / fit","N3-04","当「成长导向」进入「婴幼儿照护」的「日常作息与生活管理」，遇到「工作时间突变」时，对重视「自主/空间/自由」的人意味着什么？","generated_by_constrained_mapping","unreviewed"
"CC-00735","PF-D03","成长导向","SC-S2-01","日常作息与生活管理","SC-S1-07","婴幼儿照护","SC-S3-01","工作时间突变","NF-N1-02","陪伴/连接/归属","Ideal range / conditional","N3-01/N3-05","当「成长导向」进入「婴幼儿照护」的「日常作息与生活管理」，遇到「工作时间突变」时，对重视「陪伴/连接/归属」的人意味着什么？","generated_by_constrained_mapping","unreviewed"
"CC-00736","PF-D03","成长导向","SC-S2-01","日常作息与生活管理","SC-S1-07","婴幼儿照护","SC-S3-10","反复小问题累积","NF-N1-08","成长/能力/目标支持","Fit / trade-off","N3-09","当「成长导向」进入「婴幼儿照护」的「日常作息与生活管理」，遇到「反复小问题累积」时，对重视「成长/能力/目标支持」的人意味着什么？","generated_by_constrained_mapping","unreviewed"
"CC-00737","PF-D03","成长导向","SC-S2-01","日常作息与生活管理","SC-S1-07","婴幼儿照护","SC-S3-10","反复小问题累积","NF-N1-04","自主/空间/自由","Ideal range / fit","N3-04","当「成长导向」进入「婴幼儿照护」的「日常作息与生活管理」，遇到「反复小问题累积」时，对重视「自主/空间/自由」的人意味着什么？","generated_by_constrained_mapping","unreviewed"
"CC-00738","PF-D03","成长导向","SC-S2-01","日常作息与生活管理","SC-S1-07","婴幼儿照护","SC-S3-10","反复小问题累积","NF-N1-02","陪伴/连接/归属","Ideal range / conditional","N3-01/N3-05","当「成长导向」进入「婴幼儿照护」的「日常作息与生活管理」，遇到「反复小问题累积」时，对重视「陪伴/连接/归属」的人意味着什么？","generated_by_constrained_mapping","unreviewed"
"CC-00739","PF-D04","自由/自主价值","SC-S2-08","社交/朋友/个人空间","SC-S1-01","认识/相亲","SC-S3-09","社交/边界事件","NF-N1-04","自主/空间/自由","Ideal range / fit","N3-04","当「自由/自主价值」进入「认识/相亲」的「社交/朋友/个人空间」，遇到「社交/边界事件」时，对重视「自主/空间/自由」的人意味着什么？","generated_by_constrained_mapping","unreviewed"
"CC-00740","PF-D04","自由/自主价值","SC-S2-08","社交/朋友/个人空间","SC-S1-01","认识/相亲","SC-S3-09","社交/边界事件","NF-N1-02","陪伴/连接/归属","Ideal range / conditional","N3-01/N3-05","当「自由/自主价值」进入「认识/相亲」的「社交/朋友/个人空间」，遇到「社交/边界事件」时，对重视「陪伴/连接/归属」的人意味着什么？","generated_by_constrained_mapping","unreviewed"
"CC-00741","PF-D04","自由/自主价值","SC-S2-08","社交/朋友/个人空间","SC-S1-01","认识/相亲","SC-S3-09","社交/边界事件","NF-N1-11","家庭投入/家庭边界","Fit / conditional","N3-03/N3-04","当「自由/自主价值」进入「认识/相亲」的「社交/朋友/个人空间」，遇到「社交/边界事件」时，对重视「家庭投入/家庭边界」的人意味着什么？","generated_by_constrained_mapping","unreviewed"
"CC-00742","PF-D04","自由/自主价值","SC-S2-08","社交/朋友/个人空间","SC-S1-01","认识/相亲","SC-S3-10","反复小问题累积","NF-N1-04","自主/空间/自由","Ideal range / fit","N3-04","当「自由/自主价值」进入「认识/相亲」的「社交/朋友/个人空间」，遇到「反复小问题累积」时，对重视「自主/空间/自由」的人意味着什么？","generated_by_constrained_mapping","unreviewed"
"CC-00743","PF-D04","自由/自主价值","SC-S2-08","社交/朋友/个人空间","SC-S1-01","认识/相亲","SC-S3-10","反复小问题累积","NF-N1-02","陪伴/连接/归属","Ideal range / conditional","N3-01/N3-05","当「自由/自主价值」进入「认识/相亲」的「社交/朋友/个人空间」，遇到「反复小问题累积」时，对重视「陪伴/连接/归属」的人意味着什么？","generated_by_constrained_mapping","unreviewed"
"CC-00744","PF-D04","自由/自主价值","SC-S2-08","社交/朋友/个人空间","SC-S1-01","认识/相亲","SC-S3-10","反复小问题累积","NF-N1-11","家庭投入/家庭边界","Fit / conditional","N3-03/N3-04","当「自由/自主价值」进入「认识/相亲」的「社交/朋友/个人空间」，遇到「反复小问题累积」时，对重视「家庭投入/家庭边界」的人意味着什么？","generated_by_constrained_mapping","unreviewed"
"CC-00745","PF-D04","自由/自主价值","SC-S2-08","社交/朋友/个人空间","SC-S1-03","稳定交往","SC-S3-09","社交/边界事件","NF-N1-04","自主/空间/自由","Ideal range / fit","N3-04","当「自由/自主价值」进入「稳定交往」的「社交/朋友/个人空间」，遇到「社交/边界事件」时，对重视「自主/空间/自由」的人意味着什么？","generated_by_constrained_mapping","unreviewed"
"CC-00746","PF-D04","自由/自主价值","SC-S2-08","社交/朋友/个人空间","SC-S1-03","稳定交往","SC-S3-09","社交/边界事件","NF-N1-02","陪伴/连接/归属","Ideal range / conditional","N3-01/N3-05","当「自由/自主价值」进入「稳定交往」的「社交/朋友/个人空间」，遇到「社交/边界事件」时，对重视「陪伴/连接/归属」的人意味着什么？","generated_by_constrained_mapping","unreviewed"
"CC-00747","PF-D04","自由/自主价值","SC-S2-08","社交/朋友/个人空间","SC-S1-03","稳定交往","SC-S3-09","社交/边界事件","NF-N1-11","家庭投入/家庭边界","Fit / conditional","N3-03/N3-04","当「自由/自主价值」进入「稳定交往」的「社交/朋友/个人空间」，遇到「社交/边界事件」时，对重视「家庭投入/家庭边界」的人意味着什么？","generated_by_constrained_mapping","unreviewed"
"CC-00748","PF-D04","自由/自主价值","SC-S2-08","社交/朋友/个人空间","SC-S1-03","稳定交往","SC-S3-10","反复小问题累积","NF-N1-04","自主/空间/自由","Ideal range / fit","N3-04","当「自由/自主价值」进入「稳定交往」的「社交/朋友/个人空间」，遇到「反复小问题累积」时，对重视「自主/空间/自由」的人意味着什么？","generated_by_constrained_mapping","unreviewed"
"CC-00749","PF-D04","自由/自主价值","SC-S2-08","社交/朋友/个人空间","SC-S1-03","稳定交往","SC-S3-10","反复小问题累积","NF-N1-02","陪伴/连接/归属","Ideal range / conditional","N3-01/N3-05","当「自由/自主价值」进入「稳定交往」的「社交/朋友/个人空间」，遇到「反复小问题累积」时，对重视「陪伴/连接/归属」的人意味着什么？","generated_by_constrained_mapping","unreviewed"
"CC-00750","PF-D04","自由/自主价值","SC-S2-08","社交/朋友/个人空间","SC-S1-03","稳定交往","SC-S3-10","反复小问题累积","NF-N1-11","家庭投入/家庭边界","Fit / conditional","N3-03/N3-04","当「自由/自主价值」进入「稳定交往」的「社交/朋友/个人空间」，遇到「反复小问题累积」时，对重视「家庭投入/家庭边界」的人意味着什么？","generated_by_constrained_mapping","unreviewed"
"CC-00751","PF-D04","自由/自主价值","SC-S2-08","社交/朋友/个人空间","SC-S1-05","结婚/建立家庭","SC-S3-09","社交/边界事件","NF-N1-04","自主/空间/自由","Ideal range / fit","N3-04","当「自由/自主价值」进入「结婚/建立家庭」的「社交/朋友/个人空间」，遇到「社交/边界事件」时，对重视「自主/空间/自由」的人意味着什么？","generated_by_constrained_mapping","unreviewed"
"CC-00752","PF-D04","自由/自主价值","SC-S2-08","社交/朋友/个人空间","SC-S1-05","结婚/建立家庭","SC-S3-09","社交/边界事件","NF-N1-02","陪伴/连接/归属","Ideal range / conditional","N3-01/N3-05","当「自由/自主价值」进入「结婚/建立家庭」的「社交/朋友/个人空间」，遇到「社交/边界事件」时，对重视「陪伴/连接/归属」的人意味着什么？","generated_by_constrained_mapping","unreviewed"
"CC-00753","PF-D04","自由/自主价值","SC-S2-08","社交/朋友/个人空间","SC-S1-05","结婚/建立家庭","SC-S3-09","社交/边界事件","NF-N1-11","家庭投入/家庭边界","Fit / conditional","N3-03/N3-04","当「自由/自主价值」进入「结婚/建立家庭」的「社交/朋友/个人空间」，遇到「社交/边界事件」时，对重视「家庭投入/家庭边界」的人意味着什么？","generated_by_constrained_mapping","unreviewed"
"CC-00754","PF-D04","自由/自主价值","SC-S2-08","社交/朋友/个人空间","SC-S1-05","结婚/建立家庭","SC-S3-10","反复小问题累积","NF-N1-04","自主/空间/自由","Ideal range / fit","N3-04","当「自由/自主价值」进入「结婚/建立家庭」的「社交/朋友/个人空间」，遇到「反复小问题累积」时，对重视「自主/空间/自由」的人意味着什么？","generated_by_constrained_mapping","unreviewed"
"CC-00755","PF-D04","自由/自主价值","SC-S2-08","社交/朋友/个人空间","SC-S1-05","结婚/建立家庭","SC-S3-10","反复小问题累积","NF-N1-02","陪伴/连接/归属","Ideal range / conditional","N3-01/N3-05","当「自由/自主价值」进入「结婚/建立家庭」的「社交/朋友/个人空间」，遇到「反复小问题累积」时，对重视「陪伴/连接/归属」的人意味着什么？","generated_by_constrained_mapping","unreviewed"
"CC-00756","PF-D04","自由/自主价值","SC-S2-08","社交/朋友/个人空间","SC-S1-05","结婚/建立家庭","SC-S3-10","反复小问题累积","NF-N1-11","家庭投入/家庭边界","Fit / conditional","N3-03/N3-04","当「自由/自主价值」进入「结婚/建立家庭」的「社交/朋友/个人空间」，遇到「反复小问题累积」时，对重视「家庭投入/家庭边界」的人意味着什么？","generated_by_constrained_mapping","unreviewed"
"CC-00757","PF-D04","自由/自主价值","SC-S2-01","日常作息与生活管理","SC-S1-02","恋爱/磨合","SC-S3-01","工作时间突变","NF-N1-04","自主/空间/自由","Ideal range / fit","N3-04","当「自由/自主价值」进入「恋爱/磨合」的「日常作息与生活管理」，遇到「工作时间突变」时，对重视「自主/空间/自由」的人意味着什么？","generated_by_constrained_mapping","unreviewed"
"CC-00758","PF-D04","自由/自主价值","SC-S2-01","日常作息与生活管理","SC-S1-02","恋爱/磨合","SC-S3-01","工作时间突变","NF-N1-02","陪伴/连接/归属","Ideal range / conditional","N3-01/N3-05","当「自由/自主价值」进入「恋爱/磨合」的「日常作息与生活管理」，遇到「工作时间突变」时，对重视「陪伴/连接/归属」的人意味着什么？","generated_by_constrained_mapping","unreviewed"
"CC-00759","PF-D04","自由/自主价值","SC-S2-01","日常作息与生活管理","SC-S1-02","恋爱/磨合","SC-S3-01","工作时间突变","NF-N1-11","家庭投入/家庭边界","Fit / conditional","N3-03/N3-04","当「自由/自主价值」进入「恋爱/磨合」的「日常作息与生活管理」，遇到「工作时间突变」时，对重视「家庭投入/家庭边界」的人意味着什么？","generated_by_constrained_mapping","unreviewed"
"CC-00760","PF-D04","自由/自主价值","SC-S2-01","日常作息与生活管理","SC-S1-02","恋爱/磨合","SC-S3-10","反复小问题累积","NF-N1-04","自主/空间/自由","Ideal range / fit","N3-04","当「自由/自主价值」进入「恋爱/磨合」的「日常作息与生活管理」，遇到「反复小问题累积」时，对重视「自主/空间/自由」的人意味着什么？","generated_by_constrained_mapping","unreviewed"
"CC-00761","PF-D04","自由/自主价值","SC-S2-01","日常作息与生活管理","SC-S1-02","恋爱/磨合","SC-S3-10","反复小问题累积","NF-N1-02","陪伴/连接/归属","Ideal range / conditional","N3-01/N3-05","当「自由/自主价值」进入「恋爱/磨合」的「日常作息与生活管理」，遇到「反复小问题累积」时，对重视「陪伴/连接/归属」的人意味着什么？","generated_by_constrained_mapping","unreviewed"
"CC-00762","PF-D04","自由/自主价值","SC-S2-01","日常作息与生活管理","SC-S1-02","恋爱/磨合","SC-S3-10","反复小问题累积","NF-N1-11","家庭投入/家庭边界","Fit / conditional","N3-03/N3-04","当「自由/自主价值」进入「恋爱/磨合」的「日常作息与生活管理」，遇到「反复小问题累积」时，对重视「家庭投入/家庭边界」的人意味着什么？","generated_by_constrained_mapping","unreviewed"
"CC-00763","PF-D04","自由/自主价值","SC-S2-01","日常作息与生活管理","SC-S1-04","同居/婚前","SC-S3-01","工作时间突变","NF-N1-04","自主/空间/自由","Ideal range / fit","N3-04","当「自由/自主价值」进入「同居/婚前」的「日常作息与生活管理」，遇到「工作时间突变」时，对重视「自主/空间/自由」的人意味着什么？","generated_by_constrained_mapping","unreviewed"
"CC-00764","PF-D04","自由/自主价值","SC-S2-01","日常作息与生活管理","SC-S1-04","同居/婚前","SC-S3-01","工作时间突变","NF-N1-02","陪伴/连接/归属","Ideal range / conditional","N3-01/N3-05","当「自由/自主价值」进入「同居/婚前」的「日常作息与生活管理」，遇到「工作时间突变」时，对重视「陪伴/连接/归属」的人意味着什么？","generated_by_constrained_mapping","unreviewed"
"CC-00765","PF-D04","自由/自主价值","SC-S2-01","日常作息与生活管理","SC-S1-04","同居/婚前","SC-S3-01","工作时间突变","NF-N1-11","家庭投入/家庭边界","Fit / conditional","N3-03/N3-04","当「自由/自主价值」进入「同居/婚前」的「日常作息与生活管理」，遇到「工作时间突变」时，对重视「家庭投入/家庭边界」的人意味着什么？","generated_by_constrained_mapping","unreviewed"
"CC-00766","PF-D04","自由/自主价值","SC-S2-01","日常作息与生活管理","SC-S1-04","同居/婚前","SC-S3-10","反复小问题累积","NF-N1-04","自主/空间/自由","Ideal range / fit","N3-04","当「自由/自主价值」进入「同居/婚前」的「日常作息与生活管理」，遇到「反复小问题累积」时，对重视「自主/空间/自由」的人意味着什么？","generated_by_constrained_mapping","unreviewed"
"CC-00767","PF-D04","自由/自主价值","SC-S2-01","日常作息与生活管理","SC-S1-04","同居/婚前","SC-S3-10","反复小问题累积","NF-N1-02","陪伴/连接/归属","Ideal range / conditional","N3-01/N3-05","当「自由/自主价值」进入「同居/婚前」的「日常作息与生活管理」，遇到「反复小问题累积」时，对重视「陪伴/连接/归属」的人意味着什么？","generated_by_constrained_mapping","unreviewed"
"CC-00768","PF-D04","自由/自主价值","SC-S2-01","日常作息与生活管理","SC-S1-04","同居/婚前","SC-S3-10","反复小问题累积","NF-N1-11","家庭投入/家庭边界","Fit / conditional","N3-03/N3-04","当「自由/自主价值」进入「同居/婚前」的「日常作息与生活管理」，遇到「反复小问题累积」时，对重视「家庭投入/家庭边界」的人意味着什么？","generated_by_constrained_mapping","unreviewed"
"CC-00769","PF-D04","自由/自主价值","SC-S2-01","日常作息与生活管理","SC-S1-07","婴幼儿照护","SC-S3-01","工作时间突变","NF-N1-04","自主/空间/自由","Ideal range / fit","N3-04","当「自由/自主价值」进入「婴幼儿照护」的「日常作息与生活管理」，遇到「工作时间突变」时，对重视「自主/空间/自由」的人意味着什么？","generated_by_constrained_mapping","unreviewed"
"CC-00770","PF-D04","自由/自主价值","SC-S2-01","日常作息与生活管理","SC-S1-07","婴幼儿照护","SC-S3-01","工作时间突变","NF-N1-02","陪伴/连接/归属","Ideal range / conditional","N3-01/N3-05","当「自由/自主价值」进入「婴幼儿照护」的「日常作息与生活管理」，遇到「工作时间突变」时，对重视「陪伴/连接/归属」的人意味着什么？","generated_by_constrained_mapping","unreviewed"
"CC-00771","PF-D04","自由/自主价值","SC-S2-01","日常作息与生活管理","SC-S1-07","婴幼儿照护","SC-S3-01","工作时间突变","NF-N1-11","家庭投入/家庭边界","Fit / conditional","N3-03/N3-04","当「自由/自主价值」进入「婴幼儿照护」的「日常作息与生活管理」，遇到「工作时间突变」时，对重视「家庭投入/家庭边界」的人意味着什么？","generated_by_constrained_mapping","unreviewed"
"CC-00772","PF-D04","自由/自主价值","SC-S2-01","日常作息与生活管理","SC-S1-07","婴幼儿照护","SC-S3-10","反复小问题累积","NF-N1-04","自主/空间/自由","Ideal range / fit","N3-04","当「自由/自主价值」进入「婴幼儿照护」的「日常作息与生活管理」，遇到「反复小问题累积」时，对重视「自主/空间/自由」的人意味着什么？","generated_by_constrained_mapping","unreviewed"
"CC-00773","PF-D04","自由/自主价值","SC-S2-01","日常作息与生活管理","SC-S1-07","婴幼儿照护","SC-S3-10","反复小问题累积","NF-N1-02","陪伴/连接/归属","Ideal range / conditional","N3-01/N3-05","当「自由/自主价值」进入「婴幼儿照护」的「日常作息与生活管理」，遇到「反复小问题累积」时，对重视「陪伴/连接/归属」的人意味着什么？","generated_by_constrained_mapping","unreviewed"
"CC-00774","PF-D04","自由/自主价值","SC-S2-01","日常作息与生活管理","SC-S1-07","婴幼儿照护","SC-S3-10","反复小问题累积","NF-N1-11","家庭投入/家庭边界","Fit / conditional","N3-03/N3-04","当「自由/自主价值」进入「婴幼儿照护」的「日常作息与生活管理」，遇到「反复小问题累积」时，对重视「家庭投入/家庭边界」的人意味着什么？","generated_by_constrained_mapping","unreviewed"
"CC-00775","PF-D04","自由/自主价值","SC-S2-09","兴趣/休闲/旅行","SC-S1-01","认识/相亲","SC-S3-01","工作时间突变","NF-N1-04","自主/空间/自由","Ideal range / fit","N3-04","当「自由/自主价值」进入「认识/相亲」的「兴趣/休闲/旅行」，遇到「工作时间突变」时，对重视「自主/空间/自由」的人意味着什么？","generated_by_constrained_mapping","unreviewed"
"CC-00776","PF-D04","自由/自主价值","SC-S2-09","兴趣/休闲/旅行","SC-S1-01","认识/相亲","SC-S3-01","工作时间突变","NF-N1-02","陪伴/连接/归属","Ideal range / conditional","N3-01/N3-05","当「自由/自主价值」进入「认识/相亲」的「兴趣/休闲/旅行」，遇到「工作时间突变」时，对重视「陪伴/连接/归属」的人意味着什么？","generated_by_constrained_mapping","unreviewed"
"CC-00777","PF-D04","自由/自主价值","SC-S2-09","兴趣/休闲/旅行","SC-S1-01","认识/相亲","SC-S3-01","工作时间突变","NF-N1-11","家庭投入/家庭边界","Fit / conditional","N3-03/N3-04","当「自由/自主价值」进入「认识/相亲」的「兴趣/休闲/旅行」，遇到「工作时间突变」时，对重视「家庭投入/家庭边界」的人意味着什么？","generated_by_constrained_mapping","unreviewed"
"CC-00778","PF-D04","自由/自主价值","SC-S2-09","兴趣/休闲/旅行","SC-S1-01","认识/相亲","SC-S3-10","反复小问题累积","NF-N1-04","自主/空间/自由","Ideal range / fit","N3-04","当「自由/自主价值」进入「认识/相亲」的「兴趣/休闲/旅行」，遇到「反复小问题累积」时，对重视「自主/空间/自由」的人意味着什么？","generated_by_constrained_mapping","unreviewed"
"CC-00779","PF-D04","自由/自主价值","SC-S2-09","兴趣/休闲/旅行","SC-S1-01","认识/相亲","SC-S3-10","反复小问题累积","NF-N1-02","陪伴/连接/归属","Ideal range / conditional","N3-01/N3-05","当「自由/自主价值」进入「认识/相亲」的「兴趣/休闲/旅行」，遇到「反复小问题累积」时，对重视「陪伴/连接/归属」的人意味着什么？","generated_by_constrained_mapping","unreviewed"
"CC-00780","PF-D04","自由/自主价值","SC-S2-09","兴趣/休闲/旅行","SC-S1-01","认识/相亲","SC-S3-10","反复小问题累积","NF-N1-11","家庭投入/家庭边界","Fit / conditional","N3-03/N3-04","当「自由/自主价值」进入「认识/相亲」的「兴趣/休闲/旅行」，遇到「反复小问题累积」时，对重视「家庭投入/家庭边界」的人意味着什么？","generated_by_constrained_mapping","unreviewed"
"CC-00781","PF-D04","自由/自主价值","SC-S2-09","兴趣/休闲/旅行","SC-S1-03","稳定交往","SC-S3-01","工作时间突变","NF-N1-04","自主/空间/自由","Ideal range / fit","N3-04","当「自由/自主价值」进入「稳定交往」的「兴趣/休闲/旅行」，遇到「工作时间突变」时，对重视「自主/空间/自由」的人意味着什么？","generated_by_constrained_mapping","unreviewed"
"CC-00782","PF-D04","自由/自主价值","SC-S2-09","兴趣/休闲/旅行","SC-S1-03","稳定交往","SC-S3-01","工作时间突变","NF-N1-02","陪伴/连接/归属","Ideal range / conditional","N3-01/N3-05","当「自由/自主价值」进入「稳定交往」的「兴趣/休闲/旅行」，遇到「工作时间突变」时，对重视「陪伴/连接/归属」的人意味着什么？","generated_by_constrained_mapping","unreviewed"
"CC-00783","PF-D04","自由/自主价值","SC-S2-09","兴趣/休闲/旅行","SC-S1-03","稳定交往","SC-S3-01","工作时间突变","NF-N1-11","家庭投入/家庭边界","Fit / conditional","N3-03/N3-04","当「自由/自主价值」进入「稳定交往」的「兴趣/休闲/旅行」，遇到「工作时间突变」时，对重视「家庭投入/家庭边界」的人意味着什么？","generated_by_constrained_mapping","unreviewed"
"CC-00784","PF-D04","自由/自主价值","SC-S2-09","兴趣/休闲/旅行","SC-S1-03","稳定交往","SC-S3-10","反复小问题累积","NF-N1-04","自主/空间/自由","Ideal range / fit","N3-04","当「自由/自主价值」进入「稳定交往」的「兴趣/休闲/旅行」，遇到「反复小问题累积」时，对重视「自主/空间/自由」的人意味着什么？","generated_by_constrained_mapping","unreviewed"
"CC-00785","PF-D04","自由/自主价值","SC-S2-09","兴趣/休闲/旅行","SC-S1-03","稳定交往","SC-S3-10","反复小问题累积","NF-N1-02","陪伴/连接/归属","Ideal range / conditional","N3-01/N3-05","当「自由/自主价值」进入「稳定交往」的「兴趣/休闲/旅行」，遇到「反复小问题累积」时，对重视「陪伴/连接/归属」的人意味着什么？","generated_by_constrained_mapping","unreviewed"
"CC-00786","PF-D04","自由/自主价值","SC-S2-09","兴趣/休闲/旅行","SC-S1-03","稳定交往","SC-S3-10","反复小问题累积","NF-N1-11","家庭投入/家庭边界","Fit / conditional","N3-03/N3-04","当「自由/自主价值」进入「稳定交往」的「兴趣/休闲/旅行」，遇到「反复小问题累积」时，对重视「家庭投入/家庭边界」的人意味着什么？","generated_by_constrained_mapping","unreviewed"
"CC-00787","PF-D04","自由/自主价值","SC-S2-09","兴趣/休闲/旅行","SC-S1-07","婴幼儿照护","SC-S3-01","工作时间突变","NF-N1-04","自主/空间/自由","Ideal range / fit","N3-04","当「自由/自主价值」进入「婴幼儿照护」的「兴趣/休闲/旅行」，遇到「工作时间突变」时，对重视「自主/空间/自由」的人意味着什么？","generated_by_constrained_mapping","unreviewed"
"CC-00788","PF-D04","自由/自主价值","SC-S2-09","兴趣/休闲/旅行","SC-S1-07","婴幼儿照护","SC-S3-01","工作时间突变","NF-N1-02","陪伴/连接/归属","Ideal range / conditional","N3-01/N3-05","当「自由/自主价值」进入「婴幼儿照护」的「兴趣/休闲/旅行」，遇到「工作时间突变」时，对重视「陪伴/连接/归属」的人意味着什么？","generated_by_constrained_mapping","unreviewed"
"CC-00789","PF-D04","自由/自主价值","SC-S2-09","兴趣/休闲/旅行","SC-S1-07","婴幼儿照护","SC-S3-01","工作时间突变","NF-N1-11","家庭投入/家庭边界","Fit / conditional","N3-03/N3-04","当「自由/自主价值」进入「婴幼儿照护」的「兴趣/休闲/旅行」，遇到「工作时间突变」时，对重视「家庭投入/家庭边界」的人意味着什么？","generated_by_constrained_mapping","unreviewed"
"CC-00790","PF-D04","自由/自主价值","SC-S2-09","兴趣/休闲/旅行","SC-S1-07","婴幼儿照护","SC-S3-10","反复小问题累积","NF-N1-04","自主/空间/自由","Ideal range / fit","N3-04","当「自由/自主价值」进入「婴幼儿照护」的「兴趣/休闲/旅行」，遇到「反复小问题累积」时，对重视「自主/空间/自由」的人意味着什么？","generated_by_constrained_mapping","unreviewed"
"CC-00791","PF-D04","自由/自主价值","SC-S2-09","兴趣/休闲/旅行","SC-S1-07","婴幼儿照护","SC-S3-10","反复小问题累积","NF-N1-02","陪伴/连接/归属","Ideal range / conditional","N3-01/N3-05","当「自由/自主价值」进入「婴幼儿照护」的「兴趣/休闲/旅行」，遇到「反复小问题累积」时，对重视「陪伴/连接/归属」的人意味着什么？","generated_by_constrained_mapping","unreviewed"
"CC-00792","PF-D04","自由/自主价值","SC-S2-09","兴趣/休闲/旅行","SC-S1-07","婴幼儿照护","SC-S3-10","反复小问题累积","NF-N1-11","家庭投入/家庭边界","Fit / conditional","N3-03/N3-04","当「自由/自主价值」进入「婴幼儿照护」的「兴趣/休闲/旅行」，遇到「反复小问题累积」时，对重视「家庭投入/家庭边界」的人意味着什么？","generated_by_constrained_mapping","unreviewed"
"CC-00793","PF-D04","自由/自主价值","SC-S2-05","家务/家庭劳动","SC-S1-04","同居/婚前","SC-S3-06","生育/育儿转折","NF-N1-04","自主/空间/自由","Ideal range / fit","N3-04","当「自由/自主价值」进入「同居/婚前」的「家务/家庭劳动」，遇到「生育/育儿转折」时，对重视「自主/空间/自由」的人意味着什么？","generated_by_constrained_mapping","unreviewed"
"CC-00794","PF-D04","自由/自主价值","SC-S2-05","家务/家庭劳动","SC-S1-04","同居/婚前","SC-S3-06","生育/育儿转折","NF-N1-02","陪伴/连接/归属","Ideal range / conditional","N3-01/N3-05","当「自由/自主价值」进入「同居/婚前」的「家务/家庭劳动」，遇到「生育/育儿转折」时，对重视「陪伴/连接/归属」的人意味着什么？","generated_by_constrained_mapping","unreviewed"
"CC-00795","PF-D04","自由/自主价值","SC-S2-05","家务/家庭劳动","SC-S1-04","同居/婚前","SC-S3-06","生育/育儿转折","NF-N1-11","家庭投入/家庭边界","Fit / conditional","N3-03/N3-04","当「自由/自主价值」进入「同居/婚前」的「家务/家庭劳动」，遇到「生育/育儿转折」时，对重视「家庭投入/家庭边界」的人意味着什么？","generated_by_constrained_mapping","unreviewed"
"CC-00796","PF-D04","自由/自主价值","SC-S2-05","家务/家庭劳动","SC-S1-04","同居/婚前","SC-S3-10","反复小问题累积","NF-N1-04","自主/空间/自由","Ideal range / fit","N3-04","当「自由/自主价值」进入「同居/婚前」的「家务/家庭劳动」，遇到「反复小问题累积」时，对重视「自主/空间/自由」的人意味着什么？","generated_by_constrained_mapping","unreviewed"
"CC-00797","PF-D04","自由/自主价值","SC-S2-05","家务/家庭劳动","SC-S1-04","同居/婚前","SC-S3-10","反复小问题累积","NF-N1-02","陪伴/连接/归属","Ideal range / conditional","N3-01/N3-05","当「自由/自主价值」进入「同居/婚前」的「家务/家庭劳动」，遇到「反复小问题累积」时，对重视「陪伴/连接/归属」的人意味着什么？","generated_by_constrained_mapping","unreviewed"
"CC-00798","PF-D04","自由/自主价值","SC-S2-05","家务/家庭劳动","SC-S1-04","同居/婚前","SC-S3-10","反复小问题累积","NF-N1-11","家庭投入/家庭边界","Fit / conditional","N3-03/N3-04","当「自由/自主价值」进入「同居/婚前」的「家务/家庭劳动」，遇到「反复小问题累积」时，对重视「家庭投入/家庭边界」的人意味着什么？","generated_by_constrained_mapping","unreviewed"
"CC-00799","PF-D04","自由/自主价值","SC-S2-05","家务/家庭劳动","SC-S1-07","婴幼儿照护","SC-S3-06","生育/育儿转折","NF-N1-04","自主/空间/自由","Ideal range / fit","N3-04","当「自由/自主价值」进入「婴幼儿照护」的「家务/家庭劳动」，遇到「生育/育儿转折」时，对重视「自主/空间/自由」的人意味着什么？","generated_by_constrained_mapping","unreviewed"
"CC-00800","PF-D04","自由/自主价值","SC-S2-05","家务/家庭劳动","SC-S1-07","婴幼儿照护","SC-S3-06","生育/育儿转折","NF-N1-02","陪伴/连接/归属","Ideal range / conditional","N3-01/N3-05","当「自由/自主价值」进入「婴幼儿照护」的「家务/家庭劳动」，遇到「生育/育儿转折」时，对重视「陪伴/连接/归属」的人意味着什么？","generated_by_constrained_mapping","unreviewed"
"CC-00801","PF-D04","自由/自主价值","SC-S2-05","家务/家庭劳动","SC-S1-07","婴幼儿照护","SC-S3-06","生育/育儿转折","NF-N1-11","家庭投入/家庭边界","Fit / conditional","N3-03/N3-04","当「自由/自主价值」进入「婴幼儿照护」的「家务/家庭劳动」，遇到「生育/育儿转折」时，对重视「家庭投入/家庭边界」的人意味着什么？","generated_by_constrained_mapping","unreviewed"
"CC-00802","PF-D04","自由/自主价值","SC-S2-05","家务/家庭劳动","SC-S1-07","婴幼儿照护","SC-S3-10","反复小问题累积","NF-N1-04","自主/空间/自由","Ideal range / fit","N3-04","当「自由/自主价值」进入「婴幼儿照护」的「家务/家庭劳动」，遇到「反复小问题累积」时，对重视「自主/空间/自由」的人意味着什么？","generated_by_constrained_mapping","unreviewed"
"CC-00803","PF-D04","自由/自主价值","SC-S2-05","家务/家庭劳动","SC-S1-07","婴幼儿照护","SC-S3-10","反复小问题累积","NF-N1-02","陪伴/连接/归属","Ideal range / conditional","N3-01/N3-05","当「自由/自主价值」进入「婴幼儿照护」的「家务/家庭劳动」，遇到「反复小问题累积」时，对重视「陪伴/连接/归属」的人意味着什么？","generated_by_constrained_mapping","unreviewed"
"CC-00804","PF-D04","自由/自主价值","SC-S2-05","家务/家庭劳动","SC-S1-07","婴幼儿照护","SC-S3-10","反复小问题累积","NF-N1-11","家庭投入/家庭边界","Fit / conditional","N3-03/N3-04","当「自由/自主价值」进入「婴幼儿照护」的「家务/家庭劳动」，遇到「反复小问题累积」时，对重视「家庭投入/家庭边界」的人意味着什么？","generated_by_constrained_mapping","unreviewed"
"CC-00805","PF-D04","自由/自主价值","SC-S2-05","家务/家庭劳动","SC-S1-09","中年多重责任","SC-S3-06","生育/育儿转折","NF-N1-04","自主/空间/自由","Ideal range / fit","N3-04","当「自由/自主价值」进入「中年多重责任」的「家务/家庭劳动」，遇到「生育/育儿转折」时，对重视「自主/空间/自由」的人意味着什么？","generated_by_constrained_mapping","unreviewed"
"CC-00806","PF-D04","自由/自主价值","SC-S2-05","家务/家庭劳动","SC-S1-09","中年多重责任","SC-S3-06","生育/育儿转折","NF-N1-02","陪伴/连接/归属","Ideal range / conditional","N3-01/N3-05","当「自由/自主价值」进入「中年多重责任」的「家务/家庭劳动」，遇到「生育/育儿转折」时，对重视「陪伴/连接/归属」的人意味着什么？","generated_by_constrained_mapping","unreviewed"
"CC-00807","PF-D04","自由/自主价值","SC-S2-05","家务/家庭劳动","SC-S1-09","中年多重责任","SC-S3-06","生育/育儿转折","NF-N1-11","家庭投入/家庭边界","Fit / conditional","N3-03/N3-04","当「自由/自主价值」进入「中年多重责任」的「家务/家庭劳动」，遇到「生育/育儿转折」时，对重视「家庭投入/家庭边界」的人意味着什么？","generated_by_constrained_mapping","unreviewed"
"CC-00808","PF-D04","自由/自主价值","SC-S2-05","家务/家庭劳动","SC-S1-09","中年多重责任","SC-S3-10","反复小问题累积","NF-N1-04","自主/空间/自由","Ideal range / fit","N3-04","当「自由/自主价值」进入「中年多重责任」的「家务/家庭劳动」，遇到「反复小问题累积」时，对重视「自主/空间/自由」的人意味着什么？","generated_by_constrained_mapping","unreviewed"
"CC-00809","PF-D04","自由/自主价值","SC-S2-05","家务/家庭劳动","SC-S1-09","中年多重责任","SC-S3-10","反复小问题累积","NF-N1-02","陪伴/连接/归属","Ideal range / conditional","N3-01/N3-05","当「自由/自主价值」进入「中年多重责任」的「家务/家庭劳动」，遇到「反复小问题累积」时，对重视「陪伴/连接/归属」的人意味着什么？","generated_by_constrained_mapping","unreviewed"
"CC-00810","PF-D04","自由/自主价值","SC-S2-05","家务/家庭劳动","SC-S1-09","中年多重责任","SC-S3-10","反复小问题累积","NF-N1-11","家庭投入/家庭边界","Fit / conditional","N3-03/N3-04","当「自由/自主价值」进入「中年多重责任」的「家务/家庭劳动」，遇到「反复小问题累积」时，对重视「家庭投入/家庭边界」的人意味着什么？","generated_by_constrained_mapping","unreviewed"
"CC-00811","PF-D05","安全/稳定价值","SC-S2-03","钱/财务","SC-S1-03","稳定交往","SC-S3-03","失业/收入下降","NF-N1-05","安全/信任/可预测","Gate / conditional","N3-02/N3-06","当「安全/稳定价值」进入「稳定交往」的「钱/财务」，遇到「失业/收入下降」时，对重视「安全/信任/可预测」的人意味着什么？","generated_by_constrained_mapping","unreviewed"
"CC-00812","PF-D05","安全/稳定价值","SC-S2-03","钱/财务","SC-S1-03","稳定交往","SC-S3-03","失业/收入下降","NF-N1-06","经济/物质安全","Threshold + diminishing return","N3-03/N3-06","当「安全/稳定价值」进入「稳定交往」的「钱/财务」，遇到「失业/收入下降」时，对重视「经济/物质安全」的人意味着什么？","generated_by_constrained_mapping","unreviewed"
"CC-00813","PF-D05","安全/稳定价值","SC-S2-03","钱/财务","SC-S1-03","稳定交往","SC-S3-03","失业/收入下降","NF-N1-12","价值/人生方向/未来一致性","Gate / fit","N3-06/N3-07","当「安全/稳定价值」进入「稳定交往」的「钱/财务」，遇到「失业/收入下降」时，对重视「价值/人生方向/未来一致性」的人意味着什么？","generated_by_constrained_mapping","unreviewed"
"CC-00814","PF-D05","安全/稳定价值","SC-S2-03","钱/财务","SC-S1-03","稳定交往","SC-S3-04","大额财务事件","NF-N1-05","安全/信任/可预测","Gate / conditional","N3-02/N3-06","当「安全/稳定价值」进入「稳定交往」的「钱/财务」，遇到「大额财务事件」时，对重视「安全/信任/可预测」的人意味着什么？","generated_by_constrained_mapping","unreviewed"
"CC-00815","PF-D05","安全/稳定价值","SC-S2-03","钱/财务","SC-S1-03","稳定交往","SC-S3-04","大额财务事件","NF-N1-06","经济/物质安全","Threshold + diminishing return","N3-03/N3-06","当「安全/稳定价值」进入「稳定交往」的「钱/财务」，遇到「大额财务事件」时，对重视「经济/物质安全」的人意味着什么？","generated_by_constrained_mapping","unreviewed"
"CC-00816","PF-D05","安全/稳定价值","SC-S2-03","钱/财务","SC-S1-03","稳定交往","SC-S3-04","大额财务事件","NF-N1-12","价值/人生方向/未来一致性","Gate / fit","N3-06/N3-07","当「安全/稳定价值」进入「稳定交往」的「钱/财务」，遇到「大额财务事件」时，对重视「价值/人生方向/未来一致性」的人意味着什么？","generated_by_constrained_mapping","unreviewed"
"CC-00817","PF-D05","安全/稳定价值","SC-S2-03","钱/财务","SC-S1-05","结婚/建立家庭","SC-S3-03","失业/收入下降","NF-N1-05","安全/信任/可预测","Gate / conditional","N3-02/N3-06","当「安全/稳定价值」进入「结婚/建立家庭」的「钱/财务」，遇到「失业/收入下降」时，对重视「安全/信任/可预测」的人意味着什么？","generated_by_constrained_mapping","unreviewed"
"CC-00818","PF-D05","安全/稳定价值","SC-S2-03","钱/财务","SC-S1-05","结婚/建立家庭","SC-S3-03","失业/收入下降","NF-N1-06","经济/物质安全","Threshold + diminishing return","N3-03/N3-06","当「安全/稳定价值」进入「结婚/建立家庭」的「钱/财务」，遇到「失业/收入下降」时，对重视「经济/物质安全」的人意味着什么？","generated_by_constrained_mapping","unreviewed"
"CC-00819","PF-D05","安全/稳定价值","SC-S2-03","钱/财务","SC-S1-05","结婚/建立家庭","SC-S3-03","失业/收入下降","NF-N1-12","价值/人生方向/未来一致性","Gate / fit","N3-06/N3-07","当「安全/稳定价值」进入「结婚/建立家庭」的「钱/财务」，遇到「失业/收入下降」时，对重视「价值/人生方向/未来一致性」的人意味着什么？","generated_by_constrained_mapping","unreviewed"
"CC-00820","PF-D05","安全/稳定价值","SC-S2-03","钱/财务","SC-S1-05","结婚/建立家庭","SC-S3-04","大额财务事件","NF-N1-05","安全/信任/可预测","Gate / conditional","N3-02/N3-06","当「安全/稳定价值」进入「结婚/建立家庭」的「钱/财务」，遇到「大额财务事件」时，对重视「安全/信任/可预测」的人意味着什么？","generated_by_constrained_mapping","unreviewed"
"CC-00821","PF-D05","安全/稳定价值","SC-S2-03","钱/财务","SC-S1-05","结婚/建立家庭","SC-S3-04","大额财务事件","NF-N1-06","经济/物质安全","Threshold + diminishing return","N3-03/N3-06","当「安全/稳定价值」进入「结婚/建立家庭」的「钱/财务」，遇到「大额财务事件」时，对重视「经济/物质安全」的人意味着什么？","generated_by_constrained_mapping","unreviewed"
"CC-00822","PF-D05","安全/稳定价值","SC-S2-03","钱/财务","SC-S1-05","结婚/建立家庭","SC-S3-04","大额财务事件","NF-N1-12","价值/人生方向/未来一致性","Gate / fit","N3-06/N3-07","当「安全/稳定价值」进入「结婚/建立家庭」的「钱/财务」，遇到「大额财务事件」时，对重视「价值/人生方向/未来一致性」的人意味着什么？","generated_by_constrained_mapping","unreviewed"
"CC-00823","PF-D05","安全/稳定价值","SC-S2-03","钱/财务","SC-S1-07","婴幼儿照护","SC-S3-03","失业/收入下降","NF-N1-05","安全/信任/可预测","Gate / conditional","N3-02/N3-06","当「安全/稳定价值」进入「婴幼儿照护」的「钱/财务」，遇到「失业/收入下降」时，对重视「安全/信任/可预测」的人意味着什么？","generated_by_constrained_mapping","unreviewed"
"CC-00824","PF-D05","安全/稳定价值","SC-S2-03","钱/财务","SC-S1-07","婴幼儿照护","SC-S3-03","失业/收入下降","NF-N1-06","经济/物质安全","Threshold + diminishing return","N3-03/N3-06","当「安全/稳定价值」进入「婴幼儿照护」的「钱/财务」，遇到「失业/收入下降」时，对重视「经济/物质安全」的人意味着什么？","generated_by_constrained_mapping","unreviewed"
"CC-00825","PF-D05","安全/稳定价值","SC-S2-03","钱/财务","SC-S1-07","婴幼儿照护","SC-S3-03","失业/收入下降","NF-N1-12","价值/人生方向/未来一致性","Gate / fit","N3-06/N3-07","当「安全/稳定价值」进入「婴幼儿照护」的「钱/财务」，遇到「失业/收入下降」时，对重视「价值/人生方向/未来一致性」的人意味着什么？","generated_by_constrained_mapping","unreviewed"
"CC-00826","PF-D05","安全/稳定价值","SC-S2-03","钱/财务","SC-S1-07","婴幼儿照护","SC-S3-04","大额财务事件","NF-N1-05","安全/信任/可预测","Gate / conditional","N3-02/N3-06","当「安全/稳定价值」进入「婴幼儿照护」的「钱/财务」，遇到「大额财务事件」时，对重视「安全/信任/可预测」的人意味着什么？","generated_by_constrained_mapping","unreviewed"
"CC-00827","PF-D05","安全/稳定价值","SC-S2-03","钱/财务","SC-S1-07","婴幼儿照护","SC-S3-04","大额财务事件","NF-N1-06","经济/物质安全","Threshold + diminishing return","N3-03/N3-06","当「安全/稳定价值」进入「婴幼儿照护」的「钱/财务」，遇到「大额财务事件」时，对重视「经济/物质安全」的人意味着什么？","generated_by_constrained_mapping","unreviewed"
"CC-00828","PF-D05","安全/稳定价值","SC-S2-03","钱/财务","SC-S1-07","婴幼儿照护","SC-S3-04","大额财务事件","NF-N1-12","价值/人生方向/未来一致性","Gate / fit","N3-06/N3-07","当「安全/稳定价值」进入「婴幼儿照护」的「钱/财务」，遇到「大额财务事件」时，对重视「价值/人生方向/未来一致性」的人意味着什么？","generated_by_constrained_mapping","unreviewed"
"CC-00829","PF-D05","安全/稳定价值","SC-S2-04","房/居住/地点","SC-S1-03","稳定交往","SC-S3-04","大额财务事件","NF-N1-05","安全/信任/可预测","Gate / conditional","N3-02/N3-06","当「安全/稳定价值」进入「稳定交往」的「房/居住/地点」，遇到「大额财务事件」时，对重视「安全/信任/可预测」的人意味着什么？","generated_by_constrained_mapping","unreviewed"
"CC-00830","PF-D05","安全/稳定价值","SC-S2-04","房/居住/地点","SC-S1-03","稳定交往","SC-S3-04","大额财务事件","NF-N1-06","经济/物质安全","Threshold + diminishing return","N3-03/N3-06","当「安全/稳定价值」进入「稳定交往」的「房/居住/地点」，遇到「大额财务事件」时，对重视「经济/物质安全」的人意味着什么？","generated_by_constrained_mapping","unreviewed"
"CC-00831","PF-D05","安全/稳定价值","SC-S2-04","房/居住/地点","SC-S1-03","稳定交往","SC-S3-04","大额财务事件","NF-N1-12","价值/人生方向/未来一致性","Gate / fit","N3-06/N3-07","当「安全/稳定价值」进入「稳定交往」的「房/居住/地点」，遇到「大额财务事件」时，对重视「价值/人生方向/未来一致性」的人意味着什么？","generated_by_constrained_mapping","unreviewed"
"CC-00832","PF-D05","安全/稳定价值","SC-S2-04","房/居住/地点","SC-S1-03","稳定交往","SC-S3-05","居住/迁移变化","NF-N1-05","安全/信任/可预测","Gate / conditional","N3-02/N3-06","当「安全/稳定价值」进入「稳定交往」的「房/居住/地点」，遇到「居住/迁移变化」时，对重视「安全/信任/可预测」的人意味着什么？","generated_by_constrained_mapping","unreviewed"
"CC-00833","PF-D05","安全/稳定价值","SC-S2-04","房/居住/地点","SC-S1-03","稳定交往","SC-S3-05","居住/迁移变化","NF-N1-06","经济/物质安全","Threshold + diminishing return","N3-03/N3-06","当「安全/稳定价值」进入「稳定交往」的「房/居住/地点」，遇到「居住/迁移变化」时，对重视「经济/物质安全」的人意味着什么？","generated_by_constrained_mapping","unreviewed"
"CC-00834","PF-D05","安全/稳定价值","SC-S2-04","房/居住/地点","SC-S1-03","稳定交往","SC-S3-05","居住/迁移变化","NF-N1-12","价值/人生方向/未来一致性","Gate / fit","N3-06/N3-07","当「安全/稳定价值」进入「稳定交往」的「房/居住/地点」，遇到「居住/迁移变化」时，对重视「价值/人生方向/未来一致性」的人意味着什么？","generated_by_constrained_mapping","unreviewed"
"CC-00835","PF-D05","安全/稳定价值","SC-S2-04","房/居住/地点","SC-S1-05","结婚/建立家庭","SC-S3-04","大额财务事件","NF-N1-05","安全/信任/可预测","Gate / conditional","N3-02/N3-06","当「安全/稳定价值」进入「结婚/建立家庭」的「房/居住/地点」，遇到「大额财务事件」时，对重视「安全/信任/可预测」的人意味着什么？","generated_by_constrained_mapping","unreviewed"
"CC-00836","PF-D05","安全/稳定价值","SC-S2-04","房/居住/地点","SC-S1-05","结婚/建立家庭","SC-S3-04","大额财务事件","NF-N1-06","经济/物质安全","Threshold + diminishing return","N3-03/N3-06","当「安全/稳定价值」进入「结婚/建立家庭」的「房/居住/地点」，遇到「大额财务事件」时，对重视「经济/物质安全」的人意味着什么？","generated_by_constrained_mapping","unreviewed"
"CC-00837","PF-D05","安全/稳定价值","SC-S2-04","房/居住/地点","SC-S1-05","结婚/建立家庭","SC-S3-04","大额财务事件","NF-N1-12","价值/人生方向/未来一致性","Gate / fit","N3-06/N3-07","当「安全/稳定价值」进入「结婚/建立家庭」的「房/居住/地点」，遇到「大额财务事件」时，对重视「价值/人生方向/未来一致性」的人意味着什么？","generated_by_constrained_mapping","unreviewed"
"CC-00838","PF-D05","安全/稳定价值","SC-S2-04","房/居住/地点","SC-S1-05","结婚/建立家庭","SC-S3-05","居住/迁移变化","NF-N1-05","安全/信任/可预测","Gate / conditional","N3-02/N3-06","当「安全/稳定价值」进入「结婚/建立家庭」的「房/居住/地点」，遇到「居住/迁移变化」时，对重视「安全/信任/可预测」的人意味着什么？","generated_by_constrained_mapping","unreviewed"
"CC-00839","PF-D05","安全/稳定价值","SC-S2-04","房/居住/地点","SC-S1-05","结婚/建立家庭","SC-S3-05","居住/迁移变化","NF-N1-06","经济/物质安全","Threshold + diminishing return","N3-03/N3-06","当「安全/稳定价值」进入「结婚/建立家庭」的「房/居住/地点」，遇到「居住/迁移变化」时，对重视「经济/物质安全」的人意味着什么？","generated_by_constrained_mapping","unreviewed"
"CC-00840","PF-D05","安全/稳定价值","SC-S2-04","房/居住/地点","SC-S1-05","结婚/建立家庭","SC-S3-05","居住/迁移变化","NF-N1-12","价值/人生方向/未来一致性","Gate / fit","N3-06/N3-07","当「安全/稳定价值」进入「结婚/建立家庭」的「房/居住/地点」，遇到「居住/迁移变化」时，对重视「价值/人生方向/未来一致性」的人意味着什么？","generated_by_constrained_mapping","unreviewed"
"CC-00841","PF-D05","安全/稳定价值","SC-S2-04","房/居住/地点","SC-S1-09","中年多重责任","SC-S3-04","大额财务事件","NF-N1-05","安全/信任/可预测","Gate / conditional","N3-02/N3-06","当「安全/稳定价值」进入「中年多重责任」的「房/居住/地点」，遇到「大额财务事件」时，对重视「安全/信任/可预测」的人意味着什么？","generated_by_constrained_mapping","unreviewed"
"CC-00842","PF-D05","安全/稳定价值","SC-S2-04","房/居住/地点","SC-S1-09","中年多重责任","SC-S3-04","大额财务事件","NF-N1-06","经济/物质安全","Threshold + diminishing return","N3-03/N3-06","当「安全/稳定价值」进入「中年多重责任」的「房/居住/地点」，遇到「大额财务事件」时，对重视「经济/物质安全」的人意味着什么？","generated_by_constrained_mapping","unreviewed"
"CC-00843","PF-D05","安全/稳定价值","SC-S2-04","房/居住/地点","SC-S1-09","中年多重责任","SC-S3-04","大额财务事件","NF-N1-12","价值/人生方向/未来一致性","Gate / fit","N3-06/N3-07","当「安全/稳定价值」进入「中年多重责任」的「房/居住/地点」，遇到「大额财务事件」时，对重视「价值/人生方向/未来一致性」的人意味着什么？","generated_by_constrained_mapping","unreviewed"
"CC-00844","PF-D05","安全/稳定价值","SC-S2-04","房/居住/地点","SC-S1-09","中年多重责任","SC-S3-05","居住/迁移变化","NF-N1-05","安全/信任/可预测","Gate / conditional","N3-02/N3-06","当「安全/稳定价值」进入「中年多重责任」的「房/居住/地点」，遇到「居住/迁移变化」时，对重视「安全/信任/可预测」的人意味着什么？","generated_by_constrained_mapping","unreviewed"
"CC-00845","PF-D05","安全/稳定价值","SC-S2-04","房/居住/地点","SC-S1-09","中年多重责任","SC-S3-05","居住/迁移变化","NF-N1-06","经济/物质安全","Threshold + diminishing return","N3-03/N3-06","当「安全/稳定价值」进入「中年多重责任」的「房/居住/地点」，遇到「居住/迁移变化」时，对重视「经济/物质安全」的人意味着什么？","generated_by_constrained_mapping","unreviewed"
"CC-00846","PF-D05","安全/稳定价值","SC-S2-04","房/居住/地点","SC-S1-09","中年多重责任","SC-S3-05","居住/迁移变化","NF-N1-12","价值/人生方向/未来一致性","Gate / fit","N3-06/N3-07","当「安全/稳定价值」进入「中年多重责任」的「房/居住/地点」，遇到「居住/迁移变化」时，对重视「价值/人生方向/未来一致性」的人意味着什么？","generated_by_constrained_mapping","unreviewed"
"CC-00847","PF-D05","安全/稳定价值","SC-S2-02","工作/事业/学习","SC-S1-02","恋爱/磨合","SC-S3-01","工作时间突变","NF-N1-05","安全/信任/可预测","Gate / conditional","N3-02/N3-06","当「安全/稳定价值」进入「恋爱/磨合」的「工作/事业/学习」，遇到「工作时间突变」时，对重视「安全/信任/可预测」的人意味着什么？","generated_by_constrained_mapping","unreviewed"
"CC-00848","PF-D05","安全/稳定价值","SC-S2-02","工作/事业/学习","SC-S1-02","恋爱/磨合","SC-S3-01","工作时间突变","NF-N1-06","经济/物质安全","Threshold + diminishing return","N3-03/N3-06","当「安全/稳定价值」进入「恋爱/磨合」的「工作/事业/学习」，遇到「工作时间突变」时，对重视「经济/物质安全」的人意味着什么？","generated_by_constrained_mapping","unreviewed"
"CC-00849","PF-D05","安全/稳定价值","SC-S2-02","工作/事业/学习","SC-S1-02","恋爱/磨合","SC-S3-01","工作时间突变","NF-N1-12","价值/人生方向/未来一致性","Gate / fit","N3-06/N3-07","当「安全/稳定价值」进入「恋爱/磨合」的「工作/事业/学习」，遇到「工作时间突变」时，对重视「价值/人生方向/未来一致性」的人意味着什么？","generated_by_constrained_mapping","unreviewed"
"CC-00850","PF-D05","安全/稳定价值","SC-S2-02","工作/事业/学习","SC-S1-02","恋爱/磨合","SC-S3-02","事业机会/职业转折","NF-N1-05","安全/信任/可预测","Gate / conditional","N3-02/N3-06","当「安全/稳定价值」进入「恋爱/磨合」的「工作/事业/学习」，遇到「事业机会/职业转折」时，对重视「安全/信任/可预测」的人意味着什么？","generated_by_constrained_mapping","unreviewed"
"CC-00851","PF-D05","安全/稳定价值","SC-S2-02","工作/事业/学习","SC-S1-02","恋爱/磨合","SC-S3-02","事业机会/职业转折","NF-N1-06","经济/物质安全","Threshold + diminishing return","N3-03/N3-06","当「安全/稳定价值」进入「恋爱/磨合」的「工作/事业/学习」，遇到「事业机会/职业转折」时，对重视「经济/物质安全」的人意味着什么？","generated_by_constrained_mapping","unreviewed"
"CC-00852","PF-D05","安全/稳定价值","SC-S2-02","工作/事业/学习","SC-S1-02","恋爱/磨合","SC-S3-02","事业机会/职业转折","NF-N1-12","价值/人生方向/未来一致性","Gate / fit","N3-06/N3-07","当「安全/稳定价值」进入「恋爱/磨合」的「工作/事业/学习」，遇到「事业机会/职业转折」时，对重视「价值/人生方向/未来一致性」的人意味着什么？","generated_by_constrained_mapping","unreviewed"
"CC-00853","PF-D05","安全/稳定价值","SC-S2-02","工作/事业/学习","SC-S1-05","结婚/建立家庭","SC-S3-01","工作时间突变","NF-N1-05","安全/信任/可预测","Gate / conditional","N3-02/N3-06","当「安全/稳定价值」进入「结婚/建立家庭」的「工作/事业/学习」，遇到「工作时间突变」时，对重视「安全/信任/可预测」的人意味着什么？","generated_by_constrained_mapping","unreviewed"
"CC-00854","PF-D05","安全/稳定价值","SC-S2-02","工作/事业/学习","SC-S1-05","结婚/建立家庭","SC-S3-01","工作时间突变","NF-N1-06","经济/物质安全","Threshold + diminishing return","N3-03/N3-06","当「安全/稳定价值」进入「结婚/建立家庭」的「工作/事业/学习」，遇到「工作时间突变」时，对重视「经济/物质安全」的人意味着什么？","generated_by_constrained_mapping","unreviewed"
"CC-00855","PF-D05","安全/稳定价值","SC-S2-02","工作/事业/学习","SC-S1-05","结婚/建立家庭","SC-S3-01","工作时间突变","NF-N1-12","价值/人生方向/未来一致性","Gate / fit","N3-06/N3-07","当「安全/稳定价值」进入「结婚/建立家庭」的「工作/事业/学习」，遇到「工作时间突变」时，对重视「价值/人生方向/未来一致性」的人意味着什么？","generated_by_constrained_mapping","unreviewed"
"CC-00856","PF-D05","安全/稳定价值","SC-S2-02","工作/事业/学习","SC-S1-05","结婚/建立家庭","SC-S3-02","事业机会/职业转折","NF-N1-05","安全/信任/可预测","Gate / conditional","N3-02/N3-06","当「安全/稳定价值」进入「结婚/建立家庭」的「工作/事业/学习」，遇到「事业机会/职业转折」时，对重视「安全/信任/可预测」的人意味着什么？","generated_by_constrained_mapping","unreviewed"
"CC-00857","PF-D05","安全/稳定价值","SC-S2-02","工作/事业/学习","SC-S1-05","结婚/建立家庭","SC-S3-02","事业机会/职业转折","NF-N1-06","经济/物质安全","Threshold + diminishing return","N3-03/N3-06","当「安全/稳定价值」进入「结婚/建立家庭」的「工作/事业/学习」，遇到「事业机会/职业转折」时，对重视「经济/物质安全」的人意味着什么？","generated_by_constrained_mapping","unreviewed"
"CC-00858","PF-D05","安全/稳定价值","SC-S2-02","工作/事业/学习","SC-S1-05","结婚/建立家庭","SC-S3-02","事业机会/职业转折","NF-N1-12","价值/人生方向/未来一致性","Gate / fit","N3-06/N3-07","当「安全/稳定价值」进入「结婚/建立家庭」的「工作/事业/学习」，遇到「事业机会/职业转折」时，对重视「价值/人生方向/未来一致性」的人意味着什么？","generated_by_constrained_mapping","unreviewed"
"CC-00859","PF-D05","安全/稳定价值","SC-S2-02","工作/事业/学习","SC-S1-09","中年多重责任","SC-S3-01","工作时间突变","NF-N1-05","安全/信任/可预测","Gate / conditional","N3-02/N3-06","当「安全/稳定价值」进入「中年多重责任」的「工作/事业/学习」，遇到「工作时间突变」时，对重视「安全/信任/可预测」的人意味着什么？","generated_by_constrained_mapping","unreviewed"
"CC-00860","PF-D05","安全/稳定价值","SC-S2-02","工作/事业/学习","SC-S1-09","中年多重责任","SC-S3-01","工作时间突变","NF-N1-06","经济/物质安全","Threshold + diminishing return","N3-03/N3-06","当「安全/稳定价值」进入「中年多重责任」的「工作/事业/学习」，遇到「工作时间突变」时，对重视「经济/物质安全」的人意味着什么？","generated_by_constrained_mapping","unreviewed"
"CC-00861","PF-D05","安全/稳定价值","SC-S2-02","工作/事业/学习","SC-S1-09","中年多重责任","SC-S3-01","工作时间突变","NF-N1-12","价值/人生方向/未来一致性","Gate / fit","N3-06/N3-07","当「安全/稳定价值」进入「中年多重责任」的「工作/事业/学习」，遇到「工作时间突变」时，对重视「价值/人生方向/未来一致性」的人意味着什么？","generated_by_constrained_mapping","unreviewed"
"CC-00862","PF-D05","安全/稳定价值","SC-S2-02","工作/事业/学习","SC-S1-09","中年多重责任","SC-S3-02","事业机会/职业转折","NF-N1-05","安全/信任/可预测","Gate / conditional","N3-02/N3-06","当「安全/稳定价值」进入「中年多重责任」的「工作/事业/学习」，遇到「事业机会/职业转折」时，对重视「安全/信任/可预测」的人意味着什么？","generated_by_constrained_mapping","unreviewed"
"CC-00863","PF-D05","安全/稳定价值","SC-S2-02","工作/事业/学习","SC-S1-09","中年多重责任","SC-S3-02","事业机会/职业转折","NF-N1-06","经济/物质安全","Threshold + diminishing return","N3-03/N3-06","当「安全/稳定价值」进入「中年多重责任」的「工作/事业/学习」，遇到「事业机会/职业转折」时，对重视「经济/物质安全」的人意味着什么？","generated_by_constrained_mapping","unreviewed"
"CC-00864","PF-D05","安全/稳定价值","SC-S2-02","工作/事业/学习","SC-S1-09","中年多重责任","SC-S3-02","事业机会/职业转折","NF-N1-12","价值/人生方向/未来一致性","Gate / fit","N3-06/N3-07","当「安全/稳定价值」进入「中年多重责任」的「工作/事业/学习」，遇到「事业机会/职业转折」时，对重视「价值/人生方向/未来一致性」的人意味着什么？","generated_by_constrained_mapping","unreviewed"
"CC-00865","PF-D06","婚育方向","SC-S2-06","孩子/生育/教育","SC-S1-05","结婚/建立家庭","SC-S3-06","生育/育儿转折","NF-N1-12","价值/人生方向/未来一致性","Gate / fit","N3-06/N3-07","当「婚育方向」进入「结婚/建立家庭」的「孩子/生育/教育」，遇到「生育/育儿转折」时，对重视「价值/人生方向/未来一致性」的人意味着什么？","generated_by_constrained_mapping","unreviewed"
"CC-00866","PF-D06","婚育方向","SC-S2-06","孩子/生育/教育","SC-S1-05","结婚/建立家庭","SC-S3-06","生育/育儿转折","NF-N1-11","家庭投入/家庭边界","Fit / conditional","N3-03/N3-04","当「婚育方向」进入「结婚/建立家庭」的「孩子/生育/教育」，遇到「生育/育儿转折」时，对重视「家庭投入/家庭边界」的人意味着什么？","generated_by_constrained_mapping","unreviewed"
"CC-00867","PF-D06","婚育方向","SC-S2-06","孩子/生育/教育","SC-S1-05","结婚/建立家庭","SC-S3-06","生育/育儿转折","NF-N1-07","公平/可靠/合作","Conditional / gate","N3-02/N3-03","当「婚育方向」进入「结婚/建立家庭」的「孩子/生育/教育」，遇到「生育/育儿转折」时，对重视「公平/可靠/合作」的人意味着什么？","generated_by_constrained_mapping","unreviewed"
"CC-00868","PF-D06","婚育方向","SC-S2-06","孩子/生育/教育","SC-S1-05","结婚/建立家庭","SC-S3-01","工作时间突变","NF-N1-12","价值/人生方向/未来一致性","Gate / fit","N3-06/N3-07","当「婚育方向」进入「结婚/建立家庭」的「孩子/生育/教育」，遇到「工作时间突变」时，对重视「价值/人生方向/未来一致性」的人意味着什么？","generated_by_constrained_mapping","unreviewed"
"CC-00869","PF-D06","婚育方向","SC-S2-06","孩子/生育/教育","SC-S1-05","结婚/建立家庭","SC-S3-01","工作时间突变","NF-N1-11","家庭投入/家庭边界","Fit / conditional","N3-03/N3-04","当「婚育方向」进入「结婚/建立家庭」的「孩子/生育/教育」，遇到「工作时间突变」时，对重视「家庭投入/家庭边界」的人意味着什么？","generated_by_constrained_mapping","unreviewed"
"CC-00870","PF-D06","婚育方向","SC-S2-06","孩子/生育/教育","SC-S1-05","结婚/建立家庭","SC-S3-01","工作时间突变","NF-N1-07","公平/可靠/合作","Conditional / gate","N3-02/N3-03","当「婚育方向」进入「结婚/建立家庭」的「孩子/生育/教育」，遇到「工作时间突变」时，对重视「公平/可靠/合作」的人意味着什么？","generated_by_constrained_mapping","unreviewed"
"CC-00871","PF-D06","婚育方向","SC-S2-06","孩子/生育/教育","SC-S1-07","婴幼儿照护","SC-S3-06","生育/育儿转折","NF-N1-12","价值/人生方向/未来一致性","Gate / fit","N3-06/N3-07","当「婚育方向」进入「婴幼儿照护」的「孩子/生育/教育」，遇到「生育/育儿转折」时，对重视「价值/人生方向/未来一致性」的人意味着什么？","generated_by_constrained_mapping","unreviewed"
"CC-00872","PF-D06","婚育方向","SC-S2-06","孩子/生育/教育","SC-S1-07","婴幼儿照护","SC-S3-06","生育/育儿转折","NF-N1-11","家庭投入/家庭边界","Fit / conditional","N3-03/N3-04","当「婚育方向」进入「婴幼儿照护」的「孩子/生育/教育」，遇到「生育/育儿转折」时，对重视「家庭投入/家庭边界」的人意味着什么？","generated_by_constrained_mapping","unreviewed"
"CC-00873","PF-D06","婚育方向","SC-S2-06","孩子/生育/教育","SC-S1-07","婴幼儿照护","SC-S3-06","生育/育儿转折","NF-N1-07","公平/可靠/合作","Conditional / gate","N3-02/N3-03","当「婚育方向」进入「婴幼儿照护」的「孩子/生育/教育」，遇到「生育/育儿转折」时，对重视「公平/可靠/合作」的人意味着什么？","generated_by_constrained_mapping","unreviewed"
"CC-00874","PF-D06","婚育方向","SC-S2-06","孩子/生育/教育","SC-S1-07","婴幼儿照护","SC-S3-01","工作时间突变","NF-N1-12","价值/人生方向/未来一致性","Gate / fit","N3-06/N3-07","当「婚育方向」进入「婴幼儿照护」的「孩子/生育/教育」，遇到「工作时间突变」时，对重视「价值/人生方向/未来一致性」的人意味着什么？","generated_by_constrained_mapping","unreviewed"
"CC-00875","PF-D06","婚育方向","SC-S2-06","孩子/生育/教育","SC-S1-07","婴幼儿照护","SC-S3-01","工作时间突变","NF-N1-11","家庭投入/家庭边界","Fit / conditional","N3-03/N3-04","当「婚育方向」进入「婴幼儿照护」的「孩子/生育/教育」，遇到「工作时间突变」时，对重视「家庭投入/家庭边界」的人意味着什么？","generated_by_constrained_mapping","unreviewed"
"CC-00876","PF-D06","婚育方向","SC-S2-06","孩子/生育/教育","SC-S1-07","婴幼儿照护","SC-S3-01","工作时间突变","NF-N1-07","公平/可靠/合作","Conditional / gate","N3-02/N3-03","当「婚育方向」进入「婴幼儿照护」的「孩子/生育/教育」，遇到「工作时间突变」时，对重视「公平/可靠/合作」的人意味着什么？","generated_by_constrained_mapping","unreviewed"
"CC-00877","PF-D06","婚育方向","SC-S2-06","孩子/生育/教育","SC-S1-08","孩子成长/教育","SC-S3-06","生育/育儿转折","NF-N1-12","价值/人生方向/未来一致性","Gate / fit","N3-06/N3-07","当「婚育方向」进入「孩子成长/教育」的「孩子/生育/教育」，遇到「生育/育儿转折」时，对重视「价值/人生方向/未来一致性」的人意味着什么？","generated_by_constrained_mapping","unreviewed"
"CC-00878","PF-D06","婚育方向","SC-S2-06","孩子/生育/教育","SC-S1-08","孩子成长/教育","SC-S3-06","生育/育儿转折","NF-N1-11","家庭投入/家庭边界","Fit / conditional","N3-03/N3-04","当「婚育方向」进入「孩子成长/教育」的「孩子/生育/教育」，遇到「生育/育儿转折」时，对重视「家庭投入/家庭边界」的人意味着什么？","generated_by_constrained_mapping","unreviewed"
"CC-00879","PF-D06","婚育方向","SC-S2-06","孩子/生育/教育","SC-S1-08","孩子成长/教育","SC-S3-06","生育/育儿转折","NF-N1-07","公平/可靠/合作","Conditional / gate","N3-02/N3-03","当「婚育方向」进入「孩子成长/教育」的「孩子/生育/教育」，遇到「生育/育儿转折」时，对重视「公平/可靠/合作」的人意味着什么？","generated_by_constrained_mapping","unreviewed"
"CC-00880","PF-D06","婚育方向","SC-S2-06","孩子/生育/教育","SC-S1-08","孩子成长/教育","SC-S3-01","工作时间突变","NF-N1-12","价值/人生方向/未来一致性","Gate / fit","N3-06/N3-07","当「婚育方向」进入「孩子成长/教育」的「孩子/生育/教育」，遇到「工作时间突变」时，对重视「价值/人生方向/未来一致性」的人意味着什么？","generated_by_constrained_mapping","unreviewed"
"CC-00881","PF-D06","婚育方向","SC-S2-06","孩子/生育/教育","SC-S1-08","孩子成长/教育","SC-S3-01","工作时间突变","NF-N1-11","家庭投入/家庭边界","Fit / conditional","N3-03/N3-04","当「婚育方向」进入「孩子成长/教育」的「孩子/生育/教育」，遇到「工作时间突变」时，对重视「家庭投入/家庭边界」的人意味着什么？","generated_by_constrained_mapping","unreviewed"
"CC-00882","PF-D06","婚育方向","SC-S2-06","孩子/生育/教育","SC-S1-08","孩子成长/教育","SC-S3-01","工作时间突变","NF-N1-07","公平/可靠/合作","Conditional / gate","N3-02/N3-03","当「婚育方向」进入「孩子成长/教育」的「孩子/生育/教育」，遇到「工作时间突变」时，对重视「公平/可靠/合作」的人意味着什么？","generated_by_constrained_mapping","unreviewed"
"CC-00883","PF-D06","婚育方向","SC-S2-12","价值/人生方向","SC-S1-01","认识/相亲","SC-S3-02","事业机会/职业转折","NF-N1-12","价值/人生方向/未来一致性","Gate / fit","N3-06/N3-07","当「婚育方向」进入「认识/相亲」的「价值/人生方向」，遇到「事业机会/职业转折」时，对重视「价值/人生方向/未来一致性」的人意味着什么？","generated_by_constrained_mapping","unreviewed"
"CC-00884","PF-D06","婚育方向","SC-S2-12","价值/人生方向","SC-S1-01","认识/相亲","SC-S3-02","事业机会/职业转折","NF-N1-11","家庭投入/家庭边界","Fit / conditional","N3-03/N3-04","当「婚育方向」进入「认识/相亲」的「价值/人生方向」，遇到「事业机会/职业转折」时，对重视「家庭投入/家庭边界」的人意味着什么？","generated_by_constrained_mapping","unreviewed"
"CC-00885","PF-D06","婚育方向","SC-S2-12","价值/人生方向","SC-S1-01","认识/相亲","SC-S3-02","事业机会/职业转折","NF-N1-07","公平/可靠/合作","Conditional / gate","N3-02/N3-03","当「婚育方向」进入「认识/相亲」的「价值/人生方向」，遇到「事业机会/职业转折」时，对重视「公平/可靠/合作」的人意味着什么？","generated_by_constrained_mapping","unreviewed"
"CC-00886","PF-D06","婚育方向","SC-S2-12","价值/人生方向","SC-S1-01","认识/相亲","SC-S3-06","生育/育儿转折","NF-N1-12","价值/人生方向/未来一致性","Gate / fit","N3-06/N3-07","当「婚育方向」进入「认识/相亲」的「价值/人生方向」，遇到「生育/育儿转折」时，对重视「价值/人生方向/未来一致性」的人意味着什么？","generated_by_constrained_mapping","unreviewed"
"CC-00887","PF-D06","婚育方向","SC-S2-12","价值/人生方向","SC-S1-01","认识/相亲","SC-S3-06","生育/育儿转折","NF-N1-11","家庭投入/家庭边界","Fit / conditional","N3-03/N3-04","当「婚育方向」进入「认识/相亲」的「价值/人生方向」，遇到「生育/育儿转折」时，对重视「家庭投入/家庭边界」的人意味着什么？","generated_by_constrained_mapping","unreviewed"
"CC-00888","PF-D06","婚育方向","SC-S2-12","价值/人生方向","SC-S1-01","认识/相亲","SC-S3-06","生育/育儿转折","NF-N1-07","公平/可靠/合作","Conditional / gate","N3-02/N3-03","当「婚育方向」进入「认识/相亲」的「价值/人生方向」，遇到「生育/育儿转折」时，对重视「公平/可靠/合作」的人意味着什么？","generated_by_constrained_mapping","unreviewed"
"CC-00889","PF-D06","婚育方向","SC-S2-12","价值/人生方向","SC-S1-05","结婚/建立家庭","SC-S3-02","事业机会/职业转折","NF-N1-12","价值/人生方向/未来一致性","Gate / fit","N3-06/N3-07","当「婚育方向」进入「结婚/建立家庭」的「价值/人生方向」，遇到「事业机会/职业转折」时，对重视「价值/人生方向/未来一致性」的人意味着什么？","generated_by_constrained_mapping","unreviewed"
"CC-00890","PF-D06","婚育方向","SC-S2-12","价值/人生方向","SC-S1-05","结婚/建立家庭","SC-S3-02","事业机会/职业转折","NF-N1-11","家庭投入/家庭边界","Fit / conditional","N3-03/N3-04","当「婚育方向」进入「结婚/建立家庭」的「价值/人生方向」，遇到「事业机会/职业转折」时，对重视「家庭投入/家庭边界」的人意味着什么？","generated_by_constrained_mapping","unreviewed"
"CC-00891","PF-D06","婚育方向","SC-S2-12","价值/人生方向","SC-S1-05","结婚/建立家庭","SC-S3-02","事业机会/职业转折","NF-N1-07","公平/可靠/合作","Conditional / gate","N3-02/N3-03","当「婚育方向」进入「结婚/建立家庭」的「价值/人生方向」，遇到「事业机会/职业转折」时，对重视「公平/可靠/合作」的人意味着什么？","generated_by_constrained_mapping","unreviewed"
"CC-00892","PF-D06","婚育方向","SC-S2-12","价值/人生方向","SC-S1-05","结婚/建立家庭","SC-S3-06","生育/育儿转折","NF-N1-12","价值/人生方向/未来一致性","Gate / fit","N3-06/N3-07","当「婚育方向」进入「结婚/建立家庭」的「价值/人生方向」，遇到「生育/育儿转折」时，对重视「价值/人生方向/未来一致性」的人意味着什么？","generated_by_constrained_mapping","unreviewed"
"CC-00893","PF-D06","婚育方向","SC-S2-12","价值/人生方向","SC-S1-05","结婚/建立家庭","SC-S3-06","生育/育儿转折","NF-N1-11","家庭投入/家庭边界","Fit / conditional","N3-03/N3-04","当「婚育方向」进入「结婚/建立家庭」的「价值/人生方向」，遇到「生育/育儿转折」时，对重视「家庭投入/家庭边界」的人意味着什么？","generated_by_constrained_mapping","unreviewed"
"CC-00894","PF-D06","婚育方向","SC-S2-12","价值/人生方向","SC-S1-05","结婚/建立家庭","SC-S3-06","生育/育儿转折","NF-N1-07","公平/可靠/合作","Conditional / gate","N3-02/N3-03","当「婚育方向」进入「结婚/建立家庭」的「价值/人生方向」，遇到「生育/育儿转折」时，对重视「公平/可靠/合作」的人意味着什么？","generated_by_constrained_mapping","unreviewed"
"CC-00895","PF-D06","婚育方向","SC-S2-12","价值/人生方向","SC-S1-09","中年多重责任","SC-S3-02","事业机会/职业转折","NF-N1-12","价值/人生方向/未来一致性","Gate / fit","N3-06/N3-07","当「婚育方向」进入「中年多重责任」的「价值/人生方向」，遇到「事业机会/职业转折」时，对重视「价值/人生方向/未来一致性」的人意味着什么？","generated_by_constrained_mapping","unreviewed"
"CC-00896","PF-D06","婚育方向","SC-S2-12","价值/人生方向","SC-S1-09","中年多重责任","SC-S3-02","事业机会/职业转折","NF-N1-11","家庭投入/家庭边界","Fit / conditional","N3-03/N3-04","当「婚育方向」进入「中年多重责任」的「价值/人生方向」，遇到「事业机会/职业转折」时，对重视「家庭投入/家庭边界」的人意味着什么？","generated_by_constrained_mapping","unreviewed"
"CC-00897","PF-D06","婚育方向","SC-S2-12","价值/人生方向","SC-S1-09","中年多重责任","SC-S3-02","事业机会/职业转折","NF-N1-07","公平/可靠/合作","Conditional / gate","N3-02/N3-03","当「婚育方向」进入「中年多重责任」的「价值/人生方向」，遇到「事业机会/职业转折」时，对重视「公平/可靠/合作」的人意味着什么？","generated_by_constrained_mapping","unreviewed"
"CC-00898","PF-D06","婚育方向","SC-S2-12","价值/人生方向","SC-S1-09","中年多重责任","SC-S3-06","生育/育儿转折","NF-N1-12","价值/人生方向/未来一致性","Gate / fit","N3-06/N3-07","当「婚育方向」进入「中年多重责任」的「价值/人生方向」，遇到「生育/育儿转折」时，对重视「价值/人生方向/未来一致性」的人意味着什么？","generated_by_constrained_mapping","unreviewed"
"CC-00899","PF-D06","婚育方向","SC-S2-12","价值/人生方向","SC-S1-09","中年多重责任","SC-S3-06","生育/育儿转折","NF-N1-11","家庭投入/家庭边界","Fit / conditional","N3-03/N3-04","当「婚育方向」进入「中年多重责任」的「价值/人生方向」，遇到「生育/育儿转折」时，对重视「家庭投入/家庭边界」的人意味着什么？","generated_by_constrained_mapping","unreviewed"
"CC-00900","PF-D06","婚育方向","SC-S2-12","价值/人生方向","SC-S1-09","中年多重责任","SC-S3-06","生育/育儿转折","NF-N1-07","公平/可靠/合作","Conditional / gate","N3-02/N3-03","当「婚育方向」进入「中年多重责任」的「价值/人生方向」，遇到「生育/育儿转折」时，对重视「公平/可靠/合作」的人意味着什么？","generated_by_constrained_mapping","unreviewed"
"CC-00901","PF-D06","婚育方向","SC-S2-07","双方父母/原生家庭","SC-S1-05","结婚/建立家庭","SC-S3-07","父母责任变化","NF-N1-12","价值/人生方向/未来一致性","Gate / fit","N3-06/N3-07","当「婚育方向」进入「结婚/建立家庭」的「双方父母/原生家庭」，遇到「父母责任变化」时，对重视「价值/人生方向/未来一致性」的人意味着什么？","generated_by_constrained_mapping","unreviewed"
"CC-00902","PF-D06","婚育方向","SC-S2-07","双方父母/原生家庭","SC-S1-05","结婚/建立家庭","SC-S3-07","父母责任变化","NF-N1-11","家庭投入/家庭边界","Fit / conditional","N3-03/N3-04","当「婚育方向」进入「结婚/建立家庭」的「双方父母/原生家庭」，遇到「父母责任变化」时，对重视「家庭投入/家庭边界」的人意味着什么？","generated_by_constrained_mapping","unreviewed"
"CC-00903","PF-D06","婚育方向","SC-S2-07","双方父母/原生家庭","SC-S1-05","结婚/建立家庭","SC-S3-07","父母责任变化","NF-N1-07","公平/可靠/合作","Conditional / gate","N3-02/N3-03","当「婚育方向」进入「结婚/建立家庭」的「双方父母/原生家庭」，遇到「父母责任变化」时，对重视「公平/可靠/合作」的人意味着什么？","generated_by_constrained_mapping","unreviewed"
"CC-00904","PF-D06","婚育方向","SC-S2-07","双方父母/原生家庭","SC-S1-05","结婚/建立家庭","SC-S3-05","居住/迁移变化","NF-N1-12","价值/人生方向/未来一致性","Gate / fit","N3-06/N3-07","当「婚育方向」进入「结婚/建立家庭」的「双方父母/原生家庭」，遇到「居住/迁移变化」时，对重视「价值/人生方向/未来一致性」的人意味着什么？","generated_by_constrained_mapping","unreviewed"
"CC-00905","PF-D06","婚育方向","SC-S2-07","双方父母/原生家庭","SC-S1-05","结婚/建立家庭","SC-S3-05","居住/迁移变化","NF-N1-11","家庭投入/家庭边界","Fit / conditional","N3-03/N3-04","当「婚育方向」进入「结婚/建立家庭」的「双方父母/原生家庭」，遇到「居住/迁移变化」时，对重视「家庭投入/家庭边界」的人意味着什么？","generated_by_constrained_mapping","unreviewed"
"CC-00906","PF-D06","婚育方向","SC-S2-07","双方父母/原生家庭","SC-S1-05","结婚/建立家庭","SC-S3-05","居住/迁移变化","NF-N1-07","公平/可靠/合作","Conditional / gate","N3-02/N3-03","当「婚育方向」进入「结婚/建立家庭」的「双方父母/原生家庭」，遇到「居住/迁移变化」时，对重视「公平/可靠/合作」的人意味着什么？","generated_by_constrained_mapping","unreviewed"
"CC-00907","PF-D06","婚育方向","SC-S2-07","双方父母/原生家庭","SC-S1-07","婴幼儿照护","SC-S3-07","父母责任变化","NF-N1-12","价值/人生方向/未来一致性","Gate / fit","N3-06/N3-07","当「婚育方向」进入「婴幼儿照护」的「双方父母/原生家庭」，遇到「父母责任变化」时，对重视「价值/人生方向/未来一致性」的人意味着什么？","generated_by_constrained_mapping","unreviewed"
"CC-00908","PF-D06","婚育方向","SC-S2-07","双方父母/原生家庭","SC-S1-07","婴幼儿照护","SC-S3-07","父母责任变化","NF-N1-11","家庭投入/家庭边界","Fit / conditional","N3-03/N3-04","当「婚育方向」进入「婴幼儿照护」的「双方父母/原生家庭」，遇到「父母责任变化」时，对重视「家庭投入/家庭边界」的人意味着什么？","generated_by_constrained_mapping","unreviewed"
"CC-00909","PF-D06","婚育方向","SC-S2-07","双方父母/原生家庭","SC-S1-07","婴幼儿照护","SC-S3-07","父母责任变化","NF-N1-07","公平/可靠/合作","Conditional / gate","N3-02/N3-03","当「婚育方向」进入「婴幼儿照护」的「双方父母/原生家庭」，遇到「父母责任变化」时，对重视「公平/可靠/合作」的人意味着什么？","generated_by_constrained_mapping","unreviewed"
"CC-00910","PF-D06","婚育方向","SC-S2-07","双方父母/原生家庭","SC-S1-07","婴幼儿照护","SC-S3-05","居住/迁移变化","NF-N1-12","价值/人生方向/未来一致性","Gate / fit","N3-06/N3-07","当「婚育方向」进入「婴幼儿照护」的「双方父母/原生家庭」，遇到「居住/迁移变化」时，对重视「价值/人生方向/未来一致性」的人意味着什么？","generated_by_constrained_mapping","unreviewed"
"CC-00911","PF-D06","婚育方向","SC-S2-07","双方父母/原生家庭","SC-S1-07","婴幼儿照护","SC-S3-05","居住/迁移变化","NF-N1-11","家庭投入/家庭边界","Fit / conditional","N3-03/N3-04","当「婚育方向」进入「婴幼儿照护」的「双方父母/原生家庭」，遇到「居住/迁移变化」时，对重视「家庭投入/家庭边界」的人意味着什么？","generated_by_constrained_mapping","unreviewed"
"CC-00912","PF-D06","婚育方向","SC-S2-07","双方父母/原生家庭","SC-S1-07","婴幼儿照护","SC-S3-05","居住/迁移变化","NF-N1-07","公平/可靠/合作","Conditional / gate","N3-02/N3-03","当「婚育方向」进入「婴幼儿照护」的「双方父母/原生家庭」，遇到「居住/迁移变化」时，对重视「公平/可靠/合作」的人意味着什么？","generated_by_constrained_mapping","unreviewed"
"CC-00913","PF-D06","婚育方向","SC-S2-07","双方父母/原生家庭","SC-S1-09","中年多重责任","SC-S3-07","父母责任变化","NF-N1-12","价值/人生方向/未来一致性","Gate / fit","N3-06/N3-07","当「婚育方向」进入「中年多重责任」的「双方父母/原生家庭」，遇到「父母责任变化」时，对重视「价值/人生方向/未来一致性」的人意味着什么？","generated_by_constrained_mapping","unreviewed"
"CC-00914","PF-D06","婚育方向","SC-S2-07","双方父母/原生家庭","SC-S1-09","中年多重责任","SC-S3-07","父母责任变化","NF-N1-11","家庭投入/家庭边界","Fit / conditional","N3-03/N3-04","当「婚育方向」进入「中年多重责任」的「双方父母/原生家庭」，遇到「父母责任变化」时，对重视「家庭投入/家庭边界」的人意味着什么？","generated_by_constrained_mapping","unreviewed"
"CC-00915","PF-D06","婚育方向","SC-S2-07","双方父母/原生家庭","SC-S1-09","中年多重责任","SC-S3-07","父母责任变化","NF-N1-07","公平/可靠/合作","Conditional / gate","N3-02/N3-03","当「婚育方向」进入「中年多重责任」的「双方父母/原生家庭」，遇到「父母责任变化」时，对重视「公平/可靠/合作」的人意味着什么？","generated_by_constrained_mapping","unreviewed"
"CC-00916","PF-D06","婚育方向","SC-S2-07","双方父母/原生家庭","SC-S1-09","中年多重责任","SC-S3-05","居住/迁移变化","NF-N1-12","价值/人生方向/未来一致性","Gate / fit","N3-06/N3-07","当「婚育方向」进入「中年多重责任」的「双方父母/原生家庭」，遇到「居住/迁移变化」时，对重视「价值/人生方向/未来一致性」的人意味着什么？","generated_by_constrained_mapping","unreviewed"
"CC-00917","PF-D06","婚育方向","SC-S2-07","双方父母/原生家庭","SC-S1-09","中年多重责任","SC-S3-05","居住/迁移变化","NF-N1-11","家庭投入/家庭边界","Fit / conditional","N3-03/N3-04","当「婚育方向」进入「中年多重责任」的「双方父母/原生家庭」，遇到「居住/迁移变化」时，对重视「家庭投入/家庭边界」的人意味着什么？","generated_by_constrained_mapping","unreviewed"
"CC-00918","PF-D06","婚育方向","SC-S2-07","双方父母/原生家庭","SC-S1-09","中年多重责任","SC-S3-05","居住/迁移变化","NF-N1-07","公平/可靠/合作","Conditional / gate","N3-02/N3-03","当「婚育方向」进入「中年多重责任」的「双方父母/原生家庭」，遇到「居住/迁移变化」时，对重视「公平/可靠/合作」的人意味着什么？","generated_by_constrained_mapping","unreviewed"
"CC-00919","PF-D07","忠诚/边界价值","SC-S2-08","社交/朋友/个人空间","SC-S1-01","认识/相亲","SC-S3-09","社交/边界事件","NF-N1-05","安全/信任/可预测","Gate / conditional","N3-02/N3-06","当「忠诚/边界价值」进入「认识/相亲」的「社交/朋友/个人空间」，遇到「社交/边界事件」时，对重视「安全/信任/可预测」的人意味着什么？","generated_by_constrained_mapping","unreviewed"
"CC-00920","PF-D07","忠诚/边界价值","SC-S2-08","社交/朋友/个人空间","SC-S1-01","认识/相亲","SC-S3-09","社交/边界事件","NF-N1-10","性/身体亲密","Gate / fit","N3-10","当「忠诚/边界价值」进入「认识/相亲」的「社交/朋友/个人空间」，遇到「社交/边界事件」时，对重视「性/身体亲密」的人意味着什么？","generated_by_constrained_mapping","unreviewed"
"CC-00921","PF-D07","忠诚/边界价值","SC-S2-08","社交/朋友/个人空间","SC-S1-01","认识/相亲","SC-S3-09","社交/边界事件","NF-N1-11","家庭投入/家庭边界","Fit / conditional","N3-03/N3-04","当「忠诚/边界价值」进入「认识/相亲」的「社交/朋友/个人空间」，遇到「社交/边界事件」时，对重视「家庭投入/家庭边界」的人意味着什么？","generated_by_constrained_mapping","unreviewed"
"CC-00922","PF-D07","忠诚/边界价值","SC-S2-08","社交/朋友/个人空间","SC-S1-01","认识/相亲","SC-S3-10","反复小问题累积","NF-N1-05","安全/信任/可预测","Gate / conditional","N3-02/N3-06","当「忠诚/边界价值」进入「认识/相亲」的「社交/朋友/个人空间」，遇到「反复小问题累积」时，对重视「安全/信任/可预测」的人意味着什么？","generated_by_constrained_mapping","unreviewed"
"CC-00923","PF-D07","忠诚/边界价值","SC-S2-08","社交/朋友/个人空间","SC-S1-01","认识/相亲","SC-S3-10","反复小问题累积","NF-N1-10","性/身体亲密","Gate / fit","N3-10","当「忠诚/边界价值」进入「认识/相亲」的「社交/朋友/个人空间」，遇到「反复小问题累积」时，对重视「性/身体亲密」的人意味着什么？","generated_by_constrained_mapping","unreviewed"
"CC-00924","PF-D07","忠诚/边界价值","SC-S2-08","社交/朋友/个人空间","SC-S1-01","认识/相亲","SC-S3-10","反复小问题累积","NF-N1-11","家庭投入/家庭边界","Fit / conditional","N3-03/N3-04","当「忠诚/边界价值」进入「认识/相亲」的「社交/朋友/个人空间」，遇到「反复小问题累积」时，对重视「家庭投入/家庭边界」的人意味着什么？","generated_by_constrained_mapping","unreviewed"
"CC-00925","PF-D07","忠诚/边界价值","SC-S2-08","社交/朋友/个人空间","SC-S1-03","稳定交往","SC-S3-09","社交/边界事件","NF-N1-05","安全/信任/可预测","Gate / conditional","N3-02/N3-06","当「忠诚/边界价值」进入「稳定交往」的「社交/朋友/个人空间」，遇到「社交/边界事件」时，对重视「安全/信任/可预测」的人意味着什么？","generated_by_constrained_mapping","unreviewed"
"CC-00926","PF-D07","忠诚/边界价值","SC-S2-08","社交/朋友/个人空间","SC-S1-03","稳定交往","SC-S3-09","社交/边界事件","NF-N1-10","性/身体亲密","Gate / fit","N3-10","当「忠诚/边界价值」进入「稳定交往」的「社交/朋友/个人空间」，遇到「社交/边界事件」时，对重视「性/身体亲密」的人意味着什么？","generated_by_constrained_mapping","unreviewed"
"CC-00927","PF-D07","忠诚/边界价值","SC-S2-08","社交/朋友/个人空间","SC-S1-03","稳定交往","SC-S3-09","社交/边界事件","NF-N1-11","家庭投入/家庭边界","Fit / conditional","N3-03/N3-04","当「忠诚/边界价值」进入「稳定交往」的「社交/朋友/个人空间」，遇到「社交/边界事件」时，对重视「家庭投入/家庭边界」的人意味着什么？","generated_by_constrained_mapping","unreviewed"
"CC-00928","PF-D07","忠诚/边界价值","SC-S2-08","社交/朋友/个人空间","SC-S1-03","稳定交往","SC-S3-10","反复小问题累积","NF-N1-05","安全/信任/可预测","Gate / conditional","N3-02/N3-06","当「忠诚/边界价值」进入「稳定交往」的「社交/朋友/个人空间」，遇到「反复小问题累积」时，对重视「安全/信任/可预测」的人意味着什么？","generated_by_constrained_mapping","unreviewed"
"CC-00929","PF-D07","忠诚/边界价值","SC-S2-08","社交/朋友/个人空间","SC-S1-03","稳定交往","SC-S3-10","反复小问题累积","NF-N1-10","性/身体亲密","Gate / fit","N3-10","当「忠诚/边界价值」进入「稳定交往」的「社交/朋友/个人空间」，遇到「反复小问题累积」时，对重视「性/身体亲密」的人意味着什么？","generated_by_constrained_mapping","unreviewed"
"CC-00930","PF-D07","忠诚/边界价值","SC-S2-08","社交/朋友/个人空间","SC-S1-03","稳定交往","SC-S3-10","反复小问题累积","NF-N1-11","家庭投入/家庭边界","Fit / conditional","N3-03/N3-04","当「忠诚/边界价值」进入「稳定交往」的「社交/朋友/个人空间」，遇到「反复小问题累积」时，对重视「家庭投入/家庭边界」的人意味着什么？","generated_by_constrained_mapping","unreviewed"
"CC-00931","PF-D07","忠诚/边界价值","SC-S2-08","社交/朋友/个人空间","SC-S1-05","结婚/建立家庭","SC-S3-09","社交/边界事件","NF-N1-05","安全/信任/可预测","Gate / conditional","N3-02/N3-06","当「忠诚/边界价值」进入「结婚/建立家庭」的「社交/朋友/个人空间」，遇到「社交/边界事件」时，对重视「安全/信任/可预测」的人意味着什么？","generated_by_constrained_mapping","unreviewed"
"CC-00932","PF-D07","忠诚/边界价值","SC-S2-08","社交/朋友/个人空间","SC-S1-05","结婚/建立家庭","SC-S3-09","社交/边界事件","NF-N1-10","性/身体亲密","Gate / fit","N3-10","当「忠诚/边界价值」进入「结婚/建立家庭」的「社交/朋友/个人空间」，遇到「社交/边界事件」时，对重视「性/身体亲密」的人意味着什么？","generated_by_constrained_mapping","unreviewed"
"CC-00933","PF-D07","忠诚/边界价值","SC-S2-08","社交/朋友/个人空间","SC-S1-05","结婚/建立家庭","SC-S3-09","社交/边界事件","NF-N1-11","家庭投入/家庭边界","Fit / conditional","N3-03/N3-04","当「忠诚/边界价值」进入「结婚/建立家庭」的「社交/朋友/个人空间」，遇到「社交/边界事件」时，对重视「家庭投入/家庭边界」的人意味着什么？","generated_by_constrained_mapping","unreviewed"
"CC-00934","PF-D07","忠诚/边界价值","SC-S2-08","社交/朋友/个人空间","SC-S1-05","结婚/建立家庭","SC-S3-10","反复小问题累积","NF-N1-05","安全/信任/可预测","Gate / conditional","N3-02/N3-06","当「忠诚/边界价值」进入「结婚/建立家庭」的「社交/朋友/个人空间」，遇到「反复小问题累积」时，对重视「安全/信任/可预测」的人意味着什么？","generated_by_constrained_mapping","unreviewed"
"CC-00935","PF-D07","忠诚/边界价值","SC-S2-08","社交/朋友/个人空间","SC-S1-05","结婚/建立家庭","SC-S3-10","反复小问题累积","NF-N1-10","性/身体亲密","Gate / fit","N3-10","当「忠诚/边界价值」进入「结婚/建立家庭」的「社交/朋友/个人空间」，遇到「反复小问题累积」时，对重视「性/身体亲密」的人意味着什么？","generated_by_constrained_mapping","unreviewed"
"CC-00936","PF-D07","忠诚/边界价值","SC-S2-08","社交/朋友/个人空间","SC-S1-05","结婚/建立家庭","SC-S3-10","反复小问题累积","NF-N1-11","家庭投入/家庭边界","Fit / conditional","N3-03/N3-04","当「忠诚/边界价值」进入「结婚/建立家庭」的「社交/朋友/个人空间」，遇到「反复小问题累积」时，对重视「家庭投入/家庭边界」的人意味着什么？","generated_by_constrained_mapping","unreviewed"
"CC-00937","PF-D07","忠诚/边界价值","SC-S2-10","性/身体亲密","SC-S1-02","恋爱/磨合","SC-S3-08","本人健康变化","NF-N1-05","安全/信任/可预测","Gate / conditional","N3-02/N3-06","当「忠诚/边界价值」进入「恋爱/磨合」的「性/身体亲密」，遇到「本人健康变化」时，对重视「安全/信任/可预测」的人意味着什么？","generated_by_constrained_mapping","unreviewed"
"CC-00938","PF-D07","忠诚/边界价值","SC-S2-10","性/身体亲密","SC-S1-02","恋爱/磨合","SC-S3-08","本人健康变化","NF-N1-10","性/身体亲密","Gate / fit","N3-10","当「忠诚/边界价值」进入「恋爱/磨合」的「性/身体亲密」，遇到「本人健康变化」时，对重视「性/身体亲密」的人意味着什么？","generated_by_constrained_mapping","unreviewed"
"CC-00939","PF-D07","忠诚/边界价值","SC-S2-10","性/身体亲密","SC-S1-02","恋爱/磨合","SC-S3-08","本人健康变化","NF-N1-11","家庭投入/家庭边界","Fit / conditional","N3-03/N3-04","当「忠诚/边界价值」进入「恋爱/磨合」的「性/身体亲密」，遇到「本人健康变化」时，对重视「家庭投入/家庭边界」的人意味着什么？","generated_by_constrained_mapping","unreviewed"
"CC-00940","PF-D07","忠诚/边界价值","SC-S2-10","性/身体亲密","SC-S1-02","恋爱/磨合","SC-S3-10","反复小问题累积","NF-N1-05","安全/信任/可预测","Gate / conditional","N3-02/N3-06","当「忠诚/边界价值」进入「恋爱/磨合」的「性/身体亲密」，遇到「反复小问题累积」时，对重视「安全/信任/可预测」的人意味着什么？","generated_by_constrained_mapping","unreviewed"
"CC-00941","PF-D07","忠诚/边界价值","SC-S2-10","性/身体亲密","SC-S1-02","恋爱/磨合","SC-S3-10","反复小问题累积","NF-N1-10","性/身体亲密","Gate / fit","N3-10","当「忠诚/边界价值」进入「恋爱/磨合」的「性/身体亲密」，遇到「反复小问题累积」时，对重视「性/身体亲密」的人意味着什么？","generated_by_constrained_mapping","unreviewed"
"CC-00942","PF-D07","忠诚/边界价值","SC-S2-10","性/身体亲密","SC-S1-02","恋爱/磨合","SC-S3-10","反复小问题累积","NF-N1-11","家庭投入/家庭边界","Fit / conditional","N3-03/N3-04","当「忠诚/边界价值」进入「恋爱/磨合」的「性/身体亲密」，遇到「反复小问题累积」时，对重视「家庭投入/家庭边界」的人意味着什么？","generated_by_constrained_mapping","unreviewed"
"CC-00943","PF-D07","忠诚/边界价值","SC-S2-10","性/身体亲密","SC-S1-05","结婚/建立家庭","SC-S3-08","本人健康变化","NF-N1-05","安全/信任/可预测","Gate / conditional","N3-02/N3-06","当「忠诚/边界价值」进入「结婚/建立家庭」的「性/身体亲密」，遇到「本人健康变化」时，对重视「安全/信任/可预测」的人意味着什么？","generated_by_constrained_mapping","unreviewed"
"CC-00944","PF-D07","忠诚/边界价值","SC-S2-10","性/身体亲密","SC-S1-05","结婚/建立家庭","SC-S3-08","本人健康变化","NF-N1-10","性/身体亲密","Gate / fit","N3-10","当「忠诚/边界价值」进入「结婚/建立家庭」的「性/身体亲密」，遇到「本人健康变化」时，对重视「性/身体亲密」的人意味着什么？","generated_by_constrained_mapping","unreviewed"
"CC-00945","PF-D07","忠诚/边界价值","SC-S2-10","性/身体亲密","SC-S1-05","结婚/建立家庭","SC-S3-08","本人健康变化","NF-N1-11","家庭投入/家庭边界","Fit / conditional","N3-03/N3-04","当「忠诚/边界价值」进入「结婚/建立家庭」的「性/身体亲密」，遇到「本人健康变化」时，对重视「家庭投入/家庭边界」的人意味着什么？","generated_by_constrained_mapping","unreviewed"
"CC-00946","PF-D07","忠诚/边界价值","SC-S2-10","性/身体亲密","SC-S1-05","结婚/建立家庭","SC-S3-10","反复小问题累积","NF-N1-05","安全/信任/可预测","Gate / conditional","N3-02/N3-06","当「忠诚/边界价值」进入「结婚/建立家庭」的「性/身体亲密」，遇到「反复小问题累积」时，对重视「安全/信任/可预测」的人意味着什么？","generated_by_constrained_mapping","unreviewed"
"CC-00947","PF-D07","忠诚/边界价值","SC-S2-10","性/身体亲密","SC-S1-05","结婚/建立家庭","SC-S3-10","反复小问题累积","NF-N1-10","性/身体亲密","Gate / fit","N3-10","当「忠诚/边界价值」进入「结婚/建立家庭」的「性/身体亲密」，遇到「反复小问题累积」时，对重视「性/身体亲密」的人意味着什么？","generated_by_constrained_mapping","unreviewed"
"CC-00948","PF-D07","忠诚/边界价值","SC-S2-10","性/身体亲密","SC-S1-05","结婚/建立家庭","SC-S3-10","反复小问题累积","NF-N1-11","家庭投入/家庭边界","Fit / conditional","N3-03/N3-04","当「忠诚/边界价值」进入「结婚/建立家庭」的「性/身体亲密」，遇到「反复小问题累积」时，对重视「家庭投入/家庭边界」的人意味着什么？","generated_by_constrained_mapping","unreviewed"
"CC-00949","PF-D07","忠诚/边界价值","SC-S2-10","性/身体亲密","SC-S1-07","婴幼儿照护","SC-S3-08","本人健康变化","NF-N1-05","安全/信任/可预测","Gate / conditional","N3-02/N3-06","当「忠诚/边界价值」进入「婴幼儿照护」的「性/身体亲密」，遇到「本人健康变化」时，对重视「安全/信任/可预测」的人意味着什么？","generated_by_constrained_mapping","unreviewed"
"CC-00950","PF-D07","忠诚/边界价值","SC-S2-10","性/身体亲密","SC-S1-07","婴幼儿照护","SC-S3-08","本人健康变化","NF-N1-10","性/身体亲密","Gate / fit","N3-10","当「忠诚/边界价值」进入「婴幼儿照护」的「性/身体亲密」，遇到「本人健康变化」时，对重视「性/身体亲密」的人意味着什么？","generated_by_constrained_mapping","unreviewed"
"CC-00951","PF-D07","忠诚/边界价值","SC-S2-10","性/身体亲密","SC-S1-07","婴幼儿照护","SC-S3-08","本人健康变化","NF-N1-11","家庭投入/家庭边界","Fit / conditional","N3-03/N3-04","当「忠诚/边界价值」进入「婴幼儿照护」的「性/身体亲密」，遇到「本人健康变化」时，对重视「家庭投入/家庭边界」的人意味着什么？","generated_by_constrained_mapping","unreviewed"
"CC-00952","PF-D07","忠诚/边界价值","SC-S2-10","性/身体亲密","SC-S1-07","婴幼儿照护","SC-S3-10","反复小问题累积","NF-N1-05","安全/信任/可预测","Gate / conditional","N3-02/N3-06","当「忠诚/边界价值」进入「婴幼儿照护」的「性/身体亲密」，遇到「反复小问题累积」时，对重视「安全/信任/可预测」的人意味着什么？","generated_by_constrained_mapping","unreviewed"
"CC-00953","PF-D07","忠诚/边界价值","SC-S2-10","性/身体亲密","SC-S1-07","婴幼儿照护","SC-S3-10","反复小问题累积","NF-N1-10","性/身体亲密","Gate / fit","N3-10","当「忠诚/边界价值」进入「婴幼儿照护」的「性/身体亲密」，遇到「反复小问题累积」时，对重视「性/身体亲密」的人意味着什么？","generated_by_constrained_mapping","unreviewed"
"CC-00954","PF-D07","忠诚/边界价值","SC-S2-10","性/身体亲密","SC-S1-07","婴幼儿照护","SC-S3-10","反复小问题累积","NF-N1-11","家庭投入/家庭边界","Fit / conditional","N3-03/N3-04","当「忠诚/边界价值」进入「婴幼儿照护」的「性/身体亲密」，遇到「反复小问题累积」时，对重视「家庭投入/家庭边界」的人意味着什么？","generated_by_constrained_mapping","unreviewed"
"CC-00955","PF-D07","忠诚/边界价值","SC-S2-07","双方父母/原生家庭","SC-S1-05","结婚/建立家庭","SC-S3-07","父母责任变化","NF-N1-05","安全/信任/可预测","Gate / conditional","N3-02/N3-06","当「忠诚/边界价值」进入「结婚/建立家庭」的「双方父母/原生家庭」，遇到「父母责任变化」时，对重视「安全/信任/可预测」的人意味着什么？","generated_by_constrained_mapping","unreviewed"
"CC-00956","PF-D07","忠诚/边界价值","SC-S2-07","双方父母/原生家庭","SC-S1-05","结婚/建立家庭","SC-S3-07","父母责任变化","NF-N1-10","性/身体亲密","Gate / fit","N3-10","当「忠诚/边界价值」进入「结婚/建立家庭」的「双方父母/原生家庭」，遇到「父母责任变化」时，对重视「性/身体亲密」的人意味着什么？","generated_by_constrained_mapping","unreviewed"
"CC-00957","PF-D07","忠诚/边界价值","SC-S2-07","双方父母/原生家庭","SC-S1-05","结婚/建立家庭","SC-S3-07","父母责任变化","NF-N1-11","家庭投入/家庭边界","Fit / conditional","N3-03/N3-04","当「忠诚/边界价值」进入「结婚/建立家庭」的「双方父母/原生家庭」，遇到「父母责任变化」时，对重视「家庭投入/家庭边界」的人意味着什么？","generated_by_constrained_mapping","unreviewed"
"CC-00958","PF-D07","忠诚/边界价值","SC-S2-07","双方父母/原生家庭","SC-S1-05","结婚/建立家庭","SC-S3-05","居住/迁移变化","NF-N1-05","安全/信任/可预测","Gate / conditional","N3-02/N3-06","当「忠诚/边界价值」进入「结婚/建立家庭」的「双方父母/原生家庭」，遇到「居住/迁移变化」时，对重视「安全/信任/可预测」的人意味着什么？","generated_by_constrained_mapping","unreviewed"
"CC-00959","PF-D07","忠诚/边界价值","SC-S2-07","双方父母/原生家庭","SC-S1-05","结婚/建立家庭","SC-S3-05","居住/迁移变化","NF-N1-10","性/身体亲密","Gate / fit","N3-10","当「忠诚/边界价值」进入「结婚/建立家庭」的「双方父母/原生家庭」，遇到「居住/迁移变化」时，对重视「性/身体亲密」的人意味着什么？","generated_by_constrained_mapping","unreviewed"
"CC-00960","PF-D07","忠诚/边界价值","SC-S2-07","双方父母/原生家庭","SC-S1-05","结婚/建立家庭","SC-S3-05","居住/迁移变化","NF-N1-11","家庭投入/家庭边界","Fit / conditional","N3-03/N3-04","当「忠诚/边界价值」进入「结婚/建立家庭」的「双方父母/原生家庭」，遇到「居住/迁移变化」时，对重视「家庭投入/家庭边界」的人意味着什么？","generated_by_constrained_mapping","unreviewed"
"CC-00961","PF-D07","忠诚/边界价值","SC-S2-07","双方父母/原生家庭","SC-S1-07","婴幼儿照护","SC-S3-07","父母责任变化","NF-N1-05","安全/信任/可预测","Gate / conditional","N3-02/N3-06","当「忠诚/边界价值」进入「婴幼儿照护」的「双方父母/原生家庭」，遇到「父母责任变化」时，对重视「安全/信任/可预测」的人意味着什么？","generated_by_constrained_mapping","unreviewed"
"CC-00962","PF-D07","忠诚/边界价值","SC-S2-07","双方父母/原生家庭","SC-S1-07","婴幼儿照护","SC-S3-07","父母责任变化","NF-N1-10","性/身体亲密","Gate / fit","N3-10","当「忠诚/边界价值」进入「婴幼儿照护」的「双方父母/原生家庭」，遇到「父母责任变化」时，对重视「性/身体亲密」的人意味着什么？","generated_by_constrained_mapping","unreviewed"
"CC-00963","PF-D07","忠诚/边界价值","SC-S2-07","双方父母/原生家庭","SC-S1-07","婴幼儿照护","SC-S3-07","父母责任变化","NF-N1-11","家庭投入/家庭边界","Fit / conditional","N3-03/N3-04","当「忠诚/边界价值」进入「婴幼儿照护」的「双方父母/原生家庭」，遇到「父母责任变化」时，对重视「家庭投入/家庭边界」的人意味着什么？","generated_by_constrained_mapping","unreviewed"
"CC-00964","PF-D07","忠诚/边界价值","SC-S2-07","双方父母/原生家庭","SC-S1-07","婴幼儿照护","SC-S3-05","居住/迁移变化","NF-N1-05","安全/信任/可预测","Gate / conditional","N3-02/N3-06","当「忠诚/边界价值」进入「婴幼儿照护」的「双方父母/原生家庭」，遇到「居住/迁移变化」时，对重视「安全/信任/可预测」的人意味着什么？","generated_by_constrained_mapping","unreviewed"
"CC-00965","PF-D07","忠诚/边界价值","SC-S2-07","双方父母/原生家庭","SC-S1-07","婴幼儿照护","SC-S3-05","居住/迁移变化","NF-N1-10","性/身体亲密","Gate / fit","N3-10","当「忠诚/边界价值」进入「婴幼儿照护」的「双方父母/原生家庭」，遇到「居住/迁移变化」时，对重视「性/身体亲密」的人意味着什么？","generated_by_constrained_mapping","unreviewed"
"CC-00966","PF-D07","忠诚/边界价值","SC-S2-07","双方父母/原生家庭","SC-S1-07","婴幼儿照护","SC-S3-05","居住/迁移变化","NF-N1-11","家庭投入/家庭边界","Fit / conditional","N3-03/N3-04","当「忠诚/边界价值」进入「婴幼儿照护」的「双方父母/原生家庭」，遇到「居住/迁移变化」时，对重视「家庭投入/家庭边界」的人意味着什么？","generated_by_constrained_mapping","unreviewed"
"CC-00967","PF-D07","忠诚/边界价值","SC-S2-07","双方父母/原生家庭","SC-S1-09","中年多重责任","SC-S3-07","父母责任变化","NF-N1-05","安全/信任/可预测","Gate / conditional","N3-02/N3-06","当「忠诚/边界价值」进入「中年多重责任」的「双方父母/原生家庭」，遇到「父母责任变化」时，对重视「安全/信任/可预测」的人意味着什么？","generated_by_constrained_mapping","unreviewed"
"CC-00968","PF-D07","忠诚/边界价值","SC-S2-07","双方父母/原生家庭","SC-S1-09","中年多重责任","SC-S3-07","父母责任变化","NF-N1-10","性/身体亲密","Gate / fit","N3-10","当「忠诚/边界价值」进入「中年多重责任」的「双方父母/原生家庭」，遇到「父母责任变化」时，对重视「性/身体亲密」的人意味着什么？","generated_by_constrained_mapping","unreviewed"
"CC-00969","PF-D07","忠诚/边界价值","SC-S2-07","双方父母/原生家庭","SC-S1-09","中年多重责任","SC-S3-07","父母责任变化","NF-N1-11","家庭投入/家庭边界","Fit / conditional","N3-03/N3-04","当「忠诚/边界价值」进入「中年多重责任」的「双方父母/原生家庭」，遇到「父母责任变化」时，对重视「家庭投入/家庭边界」的人意味着什么？","generated_by_constrained_mapping","unreviewed"
"CC-00970","PF-D07","忠诚/边界价值","SC-S2-07","双方父母/原生家庭","SC-S1-09","中年多重责任","SC-S3-05","居住/迁移变化","NF-N1-05","安全/信任/可预测","Gate / conditional","N3-02/N3-06","当「忠诚/边界价值」进入「中年多重责任」的「双方父母/原生家庭」，遇到「居住/迁移变化」时，对重视「安全/信任/可预测」的人意味着什么？","generated_by_constrained_mapping","unreviewed"
"CC-00971","PF-D07","忠诚/边界价值","SC-S2-07","双方父母/原生家庭","SC-S1-09","中年多重责任","SC-S3-05","居住/迁移变化","NF-N1-10","性/身体亲密","Gate / fit","N3-10","当「忠诚/边界价值」进入「中年多重责任」的「双方父母/原生家庭」，遇到「居住/迁移变化」时，对重视「性/身体亲密」的人意味着什么？","generated_by_constrained_mapping","unreviewed"
"CC-00972","PF-D07","忠诚/边界价值","SC-S2-07","双方父母/原生家庭","SC-S1-09","中年多重责任","SC-S3-05","居住/迁移变化","NF-N1-11","家庭投入/家庭边界","Fit / conditional","N3-03/N3-04","当「忠诚/边界价值」进入「中年多重责任」的「双方父母/原生家庭」，遇到「居住/迁移变化」时，对重视「家庭投入/家庭边界」的人意味着什么？","generated_by_constrained_mapping","unreviewed"
"CC-00973","PF-D08","父母/孝亲义务","SC-S2-07","双方父母/原生家庭","SC-S1-05","结婚/建立家庭","SC-S3-07","父母责任变化","NF-N1-11","家庭投入/家庭边界","Fit / conditional","N3-03/N3-04","当「父母/孝亲义务」进入「结婚/建立家庭」的「双方父母/原生家庭」，遇到「父母责任变化」时，对重视「家庭投入/家庭边界」的人意味着什么？","generated_by_constrained_mapping","unreviewed"
"CC-00974","PF-D08","父母/孝亲义务","SC-S2-07","双方父母/原生家庭","SC-S1-05","结婚/建立家庭","SC-S3-07","父母责任变化","NF-N1-07","公平/可靠/合作","Conditional / gate","N3-02/N3-03","当「父母/孝亲义务」进入「结婚/建立家庭」的「双方父母/原生家庭」，遇到「父母责任变化」时，对重视「公平/可靠/合作」的人意味着什么？","generated_by_constrained_mapping","unreviewed"
"CC-00975","PF-D08","父母/孝亲义务","SC-S2-07","双方父母/原生家庭","SC-S1-05","结婚/建立家庭","SC-S3-07","父母责任变化","NF-N1-04","自主/空间/自由","Ideal range / fit","N3-04","当「父母/孝亲义务」进入「结婚/建立家庭」的「双方父母/原生家庭」，遇到「父母责任变化」时，对重视「自主/空间/自由」的人意味着什么？","generated_by_constrained_mapping","unreviewed"
"CC-00976","PF-D08","父母/孝亲义务","SC-S2-07","双方父母/原生家庭","SC-S1-05","结婚/建立家庭","SC-S3-05","居住/迁移变化","NF-N1-11","家庭投入/家庭边界","Fit / conditional","N3-03/N3-04","当「父母/孝亲义务」进入「结婚/建立家庭」的「双方父母/原生家庭」，遇到「居住/迁移变化」时，对重视「家庭投入/家庭边界」的人意味着什么？","generated_by_constrained_mapping","unreviewed"
"CC-00977","PF-D08","父母/孝亲义务","SC-S2-07","双方父母/原生家庭","SC-S1-05","结婚/建立家庭","SC-S3-05","居住/迁移变化","NF-N1-07","公平/可靠/合作","Conditional / gate","N3-02/N3-03","当「父母/孝亲义务」进入「结婚/建立家庭」的「双方父母/原生家庭」，遇到「居住/迁移变化」时，对重视「公平/可靠/合作」的人意味着什么？","generated_by_constrained_mapping","unreviewed"
"CC-00978","PF-D08","父母/孝亲义务","SC-S2-07","双方父母/原生家庭","SC-S1-05","结婚/建立家庭","SC-S3-05","居住/迁移变化","NF-N1-04","自主/空间/自由","Ideal range / fit","N3-04","当「父母/孝亲义务」进入「结婚/建立家庭」的「双方父母/原生家庭」，遇到「居住/迁移变化」时，对重视「自主/空间/自由」的人意味着什么？","generated_by_constrained_mapping","unreviewed"
"CC-00979","PF-D08","父母/孝亲义务","SC-S2-07","双方父母/原生家庭","SC-S1-07","婴幼儿照护","SC-S3-07","父母责任变化","NF-N1-11","家庭投入/家庭边界","Fit / conditional","N3-03/N3-04","当「父母/孝亲义务」进入「婴幼儿照护」的「双方父母/原生家庭」，遇到「父母责任变化」时，对重视「家庭投入/家庭边界」的人意味着什么？","generated_by_constrained_mapping","unreviewed"
"CC-00980","PF-D08","父母/孝亲义务","SC-S2-07","双方父母/原生家庭","SC-S1-07","婴幼儿照护","SC-S3-07","父母责任变化","NF-N1-07","公平/可靠/合作","Conditional / gate","N3-02/N3-03","当「父母/孝亲义务」进入「婴幼儿照护」的「双方父母/原生家庭」，遇到「父母责任变化」时，对重视「公平/可靠/合作」的人意味着什么？","generated_by_constrained_mapping","unreviewed"
"CC-00981","PF-D08","父母/孝亲义务","SC-S2-07","双方父母/原生家庭","SC-S1-07","婴幼儿照护","SC-S3-07","父母责任变化","NF-N1-04","自主/空间/自由","Ideal range / fit","N3-04","当「父母/孝亲义务」进入「婴幼儿照护」的「双方父母/原生家庭」，遇到「父母责任变化」时，对重视「自主/空间/自由」的人意味着什么？","generated_by_constrained_mapping","unreviewed"
"CC-00982","PF-D08","父母/孝亲义务","SC-S2-07","双方父母/原生家庭","SC-S1-07","婴幼儿照护","SC-S3-05","居住/迁移变化","NF-N1-11","家庭投入/家庭边界","Fit / conditional","N3-03/N3-04","当「父母/孝亲义务」进入「婴幼儿照护」的「双方父母/原生家庭」，遇到「居住/迁移变化」时，对重视「家庭投入/家庭边界」的人意味着什么？","generated_by_constrained_mapping","unreviewed"
"CC-00983","PF-D08","父母/孝亲义务","SC-S2-07","双方父母/原生家庭","SC-S1-07","婴幼儿照护","SC-S3-05","居住/迁移变化","NF-N1-07","公平/可靠/合作","Conditional / gate","N3-02/N3-03","当「父母/孝亲义务」进入「婴幼儿照护」的「双方父母/原生家庭」，遇到「居住/迁移变化」时，对重视「公平/可靠/合作」的人意味着什么？","generated_by_constrained_mapping","unreviewed"
"CC-00984","PF-D08","父母/孝亲义务","SC-S2-07","双方父母/原生家庭","SC-S1-07","婴幼儿照护","SC-S3-05","居住/迁移变化","NF-N1-04","自主/空间/自由","Ideal range / fit","N3-04","当「父母/孝亲义务」进入「婴幼儿照护」的「双方父母/原生家庭」，遇到「居住/迁移变化」时，对重视「自主/空间/自由」的人意味着什么？","generated_by_constrained_mapping","unreviewed"
"CC-00985","PF-D08","父母/孝亲义务","SC-S2-07","双方父母/原生家庭","SC-S1-09","中年多重责任","SC-S3-07","父母责任变化","NF-N1-11","家庭投入/家庭边界","Fit / conditional","N3-03/N3-04","当「父母/孝亲义务」进入「中年多重责任」的「双方父母/原生家庭」，遇到「父母责任变化」时，对重视「家庭投入/家庭边界」的人意味着什么？","generated_by_constrained_mapping","unreviewed"
"CC-00986","PF-D08","父母/孝亲义务","SC-S2-07","双方父母/原生家庭","SC-S1-09","中年多重责任","SC-S3-07","父母责任变化","NF-N1-07","公平/可靠/合作","Conditional / gate","N3-02/N3-03","当「父母/孝亲义务」进入「中年多重责任」的「双方父母/原生家庭」，遇到「父母责任变化」时，对重视「公平/可靠/合作」的人意味着什么？","generated_by_constrained_mapping","unreviewed"
"CC-00987","PF-D08","父母/孝亲义务","SC-S2-07","双方父母/原生家庭","SC-S1-09","中年多重责任","SC-S3-07","父母责任变化","NF-N1-04","自主/空间/自由","Ideal range / fit","N3-04","当「父母/孝亲义务」进入「中年多重责任」的「双方父母/原生家庭」，遇到「父母责任变化」时，对重视「自主/空间/自由」的人意味着什么？","generated_by_constrained_mapping","unreviewed"
"CC-00988","PF-D08","父母/孝亲义务","SC-S2-07","双方父母/原生家庭","SC-S1-09","中年多重责任","SC-S3-05","居住/迁移变化","NF-N1-11","家庭投入/家庭边界","Fit / conditional","N3-03/N3-04","当「父母/孝亲义务」进入「中年多重责任」的「双方父母/原生家庭」，遇到「居住/迁移变化」时，对重视「家庭投入/家庭边界」的人意味着什么？","generated_by_constrained_mapping","unreviewed"
"CC-00989","PF-D08","父母/孝亲义务","SC-S2-07","双方父母/原生家庭","SC-S1-09","中年多重责任","SC-S3-05","居住/迁移变化","NF-N1-07","公平/可靠/合作","Conditional / gate","N3-02/N3-03","当「父母/孝亲义务」进入「中年多重责任」的「双方父母/原生家庭」，遇到「居住/迁移变化」时，对重视「公平/可靠/合作」的人意味着什么？","generated_by_constrained_mapping","unreviewed"
"CC-00990","PF-D08","父母/孝亲义务","SC-S2-07","双方父母/原生家庭","SC-S1-09","中年多重责任","SC-S3-05","居住/迁移变化","NF-N1-04","自主/空间/自由","Ideal range / fit","N3-04","当「父母/孝亲义务」进入「中年多重责任」的「双方父母/原生家庭」，遇到「居住/迁移变化」时，对重视「自主/空间/自由」的人意味着什么？","generated_by_constrained_mapping","unreviewed"
"CC-00991","PF-D08","父母/孝亲义务","SC-S2-03","钱/财务","SC-S1-03","稳定交往","SC-S3-03","失业/收入下降","NF-N1-11","家庭投入/家庭边界","Fit / conditional","N3-03/N3-04","当「父母/孝亲义务」进入「稳定交往」的「钱/财务」，遇到「失业/收入下降」时，对重视「家庭投入/家庭边界」的人意味着什么？","generated_by_constrained_mapping","unreviewed"
"CC-00992","PF-D08","父母/孝亲义务","SC-S2-03","钱/财务","SC-S1-03","稳定交往","SC-S3-03","失业/收入下降","NF-N1-07","公平/可靠/合作","Conditional / gate","N3-02/N3-03","当「父母/孝亲义务」进入「稳定交往」的「钱/财务」，遇到「失业/收入下降」时，对重视「公平/可靠/合作」的人意味着什么？","generated_by_constrained_mapping","unreviewed"
"CC-00993","PF-D08","父母/孝亲义务","SC-S2-03","钱/财务","SC-S1-03","稳定交往","SC-S3-03","失业/收入下降","NF-N1-04","自主/空间/自由","Ideal range / fit","N3-04","当「父母/孝亲义务」进入「稳定交往」的「钱/财务」，遇到「失业/收入下降」时，对重视「自主/空间/自由」的人意味着什么？","generated_by_constrained_mapping","unreviewed"
"CC-00994","PF-D08","父母/孝亲义务","SC-S2-03","钱/财务","SC-S1-03","稳定交往","SC-S3-04","大额财务事件","NF-N1-11","家庭投入/家庭边界","Fit / conditional","N3-03/N3-04","当「父母/孝亲义务」进入「稳定交往」的「钱/财务」，遇到「大额财务事件」时，对重视「家庭投入/家庭边界」的人意味着什么？","generated_by_constrained_mapping","unreviewed"
"CC-00995","PF-D08","父母/孝亲义务","SC-S2-03","钱/财务","SC-S1-03","稳定交往","SC-S3-04","大额财务事件","NF-N1-07","公平/可靠/合作","Conditional / gate","N3-02/N3-03","当「父母/孝亲义务」进入「稳定交往」的「钱/财务」，遇到「大额财务事件」时，对重视「公平/可靠/合作」的人意味着什么？","generated_by_constrained_mapping","unreviewed"
"CC-00996","PF-D08","父母/孝亲义务","SC-S2-03","钱/财务","SC-S1-03","稳定交往","SC-S3-04","大额财务事件","NF-N1-04","自主/空间/自由","Ideal range / fit","N3-04","当「父母/孝亲义务」进入「稳定交往」的「钱/财务」，遇到「大额财务事件」时，对重视「自主/空间/自由」的人意味着什么？","generated_by_constrained_mapping","unreviewed"
"CC-00997","PF-D08","父母/孝亲义务","SC-S2-03","钱/财务","SC-S1-05","结婚/建立家庭","SC-S3-03","失业/收入下降","NF-N1-11","家庭投入/家庭边界","Fit / conditional","N3-03/N3-04","当「父母/孝亲义务」进入「结婚/建立家庭」的「钱/财务」，遇到「失业/收入下降」时，对重视「家庭投入/家庭边界」的人意味着什么？","generated_by_constrained_mapping","unreviewed"
"CC-00998","PF-D08","父母/孝亲义务","SC-S2-03","钱/财务","SC-S1-05","结婚/建立家庭","SC-S3-03","失业/收入下降","NF-N1-07","公平/可靠/合作","Conditional / gate","N3-02/N3-03","当「父母/孝亲义务」进入「结婚/建立家庭」的「钱/财务」，遇到「失业/收入下降」时，对重视「公平/可靠/合作」的人意味着什么？","generated_by_constrained_mapping","unreviewed"
"CC-00999","PF-D08","父母/孝亲义务","SC-S2-03","钱/财务","SC-S1-05","结婚/建立家庭","SC-S3-03","失业/收入下降","NF-N1-04","自主/空间/自由","Ideal range / fit","N3-04","当「父母/孝亲义务」进入「结婚/建立家庭」的「钱/财务」，遇到「失业/收入下降」时，对重视「自主/空间/自由」的人意味着什么？","generated_by_constrained_mapping","unreviewed"
"CC-01000","PF-D08","父母/孝亲义务","SC-S2-03","钱/财务","SC-S1-05","结婚/建立家庭","SC-S3-04","大额财务事件","NF-N1-11","家庭投入/家庭边界","Fit / conditional","N3-03/N3-04","当「父母/孝亲义务」进入「结婚/建立家庭」的「钱/财务」，遇到「大额财务事件」时，对重视「家庭投入/家庭边界」的人意味着什么？","generated_by_constrained_mapping","unreviewed"
"CC-01001","PF-D08","父母/孝亲义务","SC-S2-03","钱/财务","SC-S1-05","结婚/建立家庭","SC-S3-04","大额财务事件","NF-N1-07","公平/可靠/合作","Conditional / gate","N3-02/N3-03","当「父母/孝亲义务」进入「结婚/建立家庭」的「钱/财务」，遇到「大额财务事件」时，对重视「公平/可靠/合作」的人意味着什么？","generated_by_constrained_mapping","unreviewed"
"CC-01002","PF-D08","父母/孝亲义务","SC-S2-03","钱/财务","SC-S1-05","结婚/建立家庭","SC-S3-04","大额财务事件","NF-N1-04","自主/空间/自由","Ideal range / fit","N3-04","当「父母/孝亲义务」进入「结婚/建立家庭」的「钱/财务」，遇到「大额财务事件」时，对重视「自主/空间/自由」的人意味着什么？","generated_by_constrained_mapping","unreviewed"
"CC-01003","PF-D08","父母/孝亲义务","SC-S2-03","钱/财务","SC-S1-07","婴幼儿照护","SC-S3-03","失业/收入下降","NF-N1-11","家庭投入/家庭边界","Fit / conditional","N3-03/N3-04","当「父母/孝亲义务」进入「婴幼儿照护」的「钱/财务」，遇到「失业/收入下降」时，对重视「家庭投入/家庭边界」的人意味着什么？","generated_by_constrained_mapping","unreviewed"
"CC-01004","PF-D08","父母/孝亲义务","SC-S2-03","钱/财务","SC-S1-07","婴幼儿照护","SC-S3-03","失业/收入下降","NF-N1-07","公平/可靠/合作","Conditional / gate","N3-02/N3-03","当「父母/孝亲义务」进入「婴幼儿照护」的「钱/财务」，遇到「失业/收入下降」时，对重视「公平/可靠/合作」的人意味着什么？","generated_by_constrained_mapping","unreviewed"
"CC-01005","PF-D08","父母/孝亲义务","SC-S2-03","钱/财务","SC-S1-07","婴幼儿照护","SC-S3-03","失业/收入下降","NF-N1-04","自主/空间/自由","Ideal range / fit","N3-04","当「父母/孝亲义务」进入「婴幼儿照护」的「钱/财务」，遇到「失业/收入下降」时，对重视「自主/空间/自由」的人意味着什么？","generated_by_constrained_mapping","unreviewed"
"CC-01006","PF-D08","父母/孝亲义务","SC-S2-03","钱/财务","SC-S1-07","婴幼儿照护","SC-S3-04","大额财务事件","NF-N1-11","家庭投入/家庭边界","Fit / conditional","N3-03/N3-04","当「父母/孝亲义务」进入「婴幼儿照护」的「钱/财务」，遇到「大额财务事件」时，对重视「家庭投入/家庭边界」的人意味着什么？","generated_by_constrained_mapping","unreviewed"
"CC-01007","PF-D08","父母/孝亲义务","SC-S2-03","钱/财务","SC-S1-07","婴幼儿照护","SC-S3-04","大额财务事件","NF-N1-07","公平/可靠/合作","Conditional / gate","N3-02/N3-03","当「父母/孝亲义务」进入「婴幼儿照护」的「钱/财务」，遇到「大额财务事件」时，对重视「公平/可靠/合作」的人意味着什么？","generated_by_constrained_mapping","unreviewed"
"CC-01008","PF-D08","父母/孝亲义务","SC-S2-03","钱/财务","SC-S1-07","婴幼儿照护","SC-S3-04","大额财务事件","NF-N1-04","自主/空间/自由","Ideal range / fit","N3-04","当「父母/孝亲义务」进入「婴幼儿照护」的「钱/财务」，遇到「大额财务事件」时，对重视「自主/空间/自由」的人意味着什么？","generated_by_constrained_mapping","unreviewed"
"CC-01009","PF-D08","父母/孝亲义务","SC-S2-04","房/居住/地点","SC-S1-03","稳定交往","SC-S3-04","大额财务事件","NF-N1-11","家庭投入/家庭边界","Fit / conditional","N3-03/N3-04","当「父母/孝亲义务」进入「稳定交往」的「房/居住/地点」，遇到「大额财务事件」时，对重视「家庭投入/家庭边界」的人意味着什么？","generated_by_constrained_mapping","unreviewed"
"CC-01010","PF-D08","父母/孝亲义务","SC-S2-04","房/居住/地点","SC-S1-03","稳定交往","SC-S3-04","大额财务事件","NF-N1-07","公平/可靠/合作","Conditional / gate","N3-02/N3-03","当「父母/孝亲义务」进入「稳定交往」的「房/居住/地点」，遇到「大额财务事件」时，对重视「公平/可靠/合作」的人意味着什么？","generated_by_constrained_mapping","unreviewed"
"CC-01011","PF-D08","父母/孝亲义务","SC-S2-04","房/居住/地点","SC-S1-03","稳定交往","SC-S3-04","大额财务事件","NF-N1-04","自主/空间/自由","Ideal range / fit","N3-04","当「父母/孝亲义务」进入「稳定交往」的「房/居住/地点」，遇到「大额财务事件」时，对重视「自主/空间/自由」的人意味着什么？","generated_by_constrained_mapping","unreviewed"
"CC-01012","PF-D08","父母/孝亲义务","SC-S2-04","房/居住/地点","SC-S1-03","稳定交往","SC-S3-05","居住/迁移变化","NF-N1-11","家庭投入/家庭边界","Fit / conditional","N3-03/N3-04","当「父母/孝亲义务」进入「稳定交往」的「房/居住/地点」，遇到「居住/迁移变化」时，对重视「家庭投入/家庭边界」的人意味着什么？","generated_by_constrained_mapping","unreviewed"
"CC-01013","PF-D08","父母/孝亲义务","SC-S2-04","房/居住/地点","SC-S1-03","稳定交往","SC-S3-05","居住/迁移变化","NF-N1-07","公平/可靠/合作","Conditional / gate","N3-02/N3-03","当「父母/孝亲义务」进入「稳定交往」的「房/居住/地点」，遇到「居住/迁移变化」时，对重视「公平/可靠/合作」的人意味着什么？","generated_by_constrained_mapping","unreviewed"
"CC-01014","PF-D08","父母/孝亲义务","SC-S2-04","房/居住/地点","SC-S1-03","稳定交往","SC-S3-05","居住/迁移变化","NF-N1-04","自主/空间/自由","Ideal range / fit","N3-04","当「父母/孝亲义务」进入「稳定交往」的「房/居住/地点」，遇到「居住/迁移变化」时，对重视「自主/空间/自由」的人意味着什么？","generated_by_constrained_mapping","unreviewed"
"CC-01015","PF-D08","父母/孝亲义务","SC-S2-04","房/居住/地点","SC-S1-05","结婚/建立家庭","SC-S3-04","大额财务事件","NF-N1-11","家庭投入/家庭边界","Fit / conditional","N3-03/N3-04","当「父母/孝亲义务」进入「结婚/建立家庭」的「房/居住/地点」，遇到「大额财务事件」时，对重视「家庭投入/家庭边界」的人意味着什么？","generated_by_constrained_mapping","unreviewed"
"CC-01016","PF-D08","父母/孝亲义务","SC-S2-04","房/居住/地点","SC-S1-05","结婚/建立家庭","SC-S3-04","大额财务事件","NF-N1-07","公平/可靠/合作","Conditional / gate","N3-02/N3-03","当「父母/孝亲义务」进入「结婚/建立家庭」的「房/居住/地点」，遇到「大额财务事件」时，对重视「公平/可靠/合作」的人意味着什么？","generated_by_constrained_mapping","unreviewed"
"CC-01017","PF-D08","父母/孝亲义务","SC-S2-04","房/居住/地点","SC-S1-05","结婚/建立家庭","SC-S3-04","大额财务事件","NF-N1-04","自主/空间/自由","Ideal range / fit","N3-04","当「父母/孝亲义务」进入「结婚/建立家庭」的「房/居住/地点」，遇到「大额财务事件」时，对重视「自主/空间/自由」的人意味着什么？","generated_by_constrained_mapping","unreviewed"
"CC-01018","PF-D08","父母/孝亲义务","SC-S2-04","房/居住/地点","SC-S1-05","结婚/建立家庭","SC-S3-05","居住/迁移变化","NF-N1-11","家庭投入/家庭边界","Fit / conditional","N3-03/N3-04","当「父母/孝亲义务」进入「结婚/建立家庭」的「房/居住/地点」，遇到「居住/迁移变化」时，对重视「家庭投入/家庭边界」的人意味着什么？","generated_by_constrained_mapping","unreviewed"
"CC-01019","PF-D08","父母/孝亲义务","SC-S2-04","房/居住/地点","SC-S1-05","结婚/建立家庭","SC-S3-05","居住/迁移变化","NF-N1-07","公平/可靠/合作","Conditional / gate","N3-02/N3-03","当「父母/孝亲义务」进入「结婚/建立家庭」的「房/居住/地点」，遇到「居住/迁移变化」时，对重视「公平/可靠/合作」的人意味着什么？","generated_by_constrained_mapping","unreviewed"
"CC-01020","PF-D08","父母/孝亲义务","SC-S2-04","房/居住/地点","SC-S1-05","结婚/建立家庭","SC-S3-05","居住/迁移变化","NF-N1-04","自主/空间/自由","Ideal range / fit","N3-04","当「父母/孝亲义务」进入「结婚/建立家庭」的「房/居住/地点」，遇到「居住/迁移变化」时，对重视「自主/空间/自由」的人意味着什么？","generated_by_constrained_mapping","unreviewed"
"CC-01021","PF-D08","父母/孝亲义务","SC-S2-04","房/居住/地点","SC-S1-09","中年多重责任","SC-S3-04","大额财务事件","NF-N1-11","家庭投入/家庭边界","Fit / conditional","N3-03/N3-04","当「父母/孝亲义务」进入「中年多重责任」的「房/居住/地点」，遇到「大额财务事件」时，对重视「家庭投入/家庭边界」的人意味着什么？","generated_by_constrained_mapping","unreviewed"
"CC-01022","PF-D08","父母/孝亲义务","SC-S2-04","房/居住/地点","SC-S1-09","中年多重责任","SC-S3-04","大额财务事件","NF-N1-07","公平/可靠/合作","Conditional / gate","N3-02/N3-03","当「父母/孝亲义务」进入「中年多重责任」的「房/居住/地点」，遇到「大额财务事件」时，对重视「公平/可靠/合作」的人意味着什么？","generated_by_constrained_mapping","unreviewed"
"CC-01023","PF-D08","父母/孝亲义务","SC-S2-04","房/居住/地点","SC-S1-09","中年多重责任","SC-S3-04","大额财务事件","NF-N1-04","自主/空间/自由","Ideal range / fit","N3-04","当「父母/孝亲义务」进入「中年多重责任」的「房/居住/地点」，遇到「大额财务事件」时，对重视「自主/空间/自由」的人意味着什么？","generated_by_constrained_mapping","unreviewed"
"CC-01024","PF-D08","父母/孝亲义务","SC-S2-04","房/居住/地点","SC-S1-09","中年多重责任","SC-S3-05","居住/迁移变化","NF-N1-11","家庭投入/家庭边界","Fit / conditional","N3-03/N3-04","当「父母/孝亲义务」进入「中年多重责任」的「房/居住/地点」，遇到「居住/迁移变化」时，对重视「家庭投入/家庭边界」的人意味着什么？","generated_by_constrained_mapping","unreviewed"
"CC-01025","PF-D08","父母/孝亲义务","SC-S2-04","房/居住/地点","SC-S1-09","中年多重责任","SC-S3-05","居住/迁移变化","NF-N1-07","公平/可靠/合作","Conditional / gate","N3-02/N3-03","当「父母/孝亲义务」进入「中年多重责任」的「房/居住/地点」，遇到「居住/迁移变化」时，对重视「公平/可靠/合作」的人意味着什么？","generated_by_constrained_mapping","unreviewed"
"CC-01026","PF-D08","父母/孝亲义务","SC-S2-04","房/居住/地点","SC-S1-09","中年多重责任","SC-S3-05","居住/迁移变化","NF-N1-04","自主/空间/自由","Ideal range / fit","N3-04","当「父母/孝亲义务」进入「中年多重责任」的「房/居住/地点」，遇到「居住/迁移变化」时，对重视「自主/空间/自由」的人意味着什么？","generated_by_constrained_mapping","unreviewed"
"CC-01027","PF-E01","工作与赚钱能力","SC-S2-02","工作/事业/学习","SC-S1-02","恋爱/磨合","SC-S3-01","工作时间突变","NF-N1-06","经济/物质安全","Threshold + diminishing return","N3-03/N3-06","当「工作与赚钱能力」进入「恋爱/磨合」的「工作/事业/学习」，遇到「工作时间突变」时，对重视「经济/物质安全」的人意味着什么？","generated_by_constrained_mapping","unreviewed"
"CC-01028","PF-E01","工作与赚钱能力","SC-S2-02","工作/事业/学习","SC-S1-02","恋爱/磨合","SC-S3-01","工作时间突变","NF-N1-08","成长/能力/目标支持","Fit / trade-off","N3-09","当「工作与赚钱能力」进入「恋爱/磨合」的「工作/事业/学习」，遇到「工作时间突变」时，对重视「成长/能力/目标支持」的人意味着什么？","generated_by_constrained_mapping","unreviewed"
"CC-01029","PF-E01","工作与赚钱能力","SC-S2-02","工作/事业/学习","SC-S1-02","恋爱/磨合","SC-S3-01","工作时间突变","NF-N1-07","公平/可靠/合作","Conditional / gate","N3-02/N3-03","当「工作与赚钱能力」进入「恋爱/磨合」的「工作/事业/学习」，遇到「工作时间突变」时，对重视「公平/可靠/合作」的人意味着什么？","generated_by_constrained_mapping","unreviewed"
"CC-01030","PF-E01","工作与赚钱能力","SC-S2-02","工作/事业/学习","SC-S1-02","恋爱/磨合","SC-S3-02","事业机会/职业转折","NF-N1-06","经济/物质安全","Threshold + diminishing return","N3-03/N3-06","当「工作与赚钱能力」进入「恋爱/磨合」的「工作/事业/学习」，遇到「事业机会/职业转折」时，对重视「经济/物质安全」的人意味着什么？","generated_by_constrained_mapping","unreviewed"
"CC-01031","PF-E01","工作与赚钱能力","SC-S2-02","工作/事业/学习","SC-S1-02","恋爱/磨合","SC-S3-02","事业机会/职业转折","NF-N1-08","成长/能力/目标支持","Fit / trade-off","N3-09","当「工作与赚钱能力」进入「恋爱/磨合」的「工作/事业/学习」，遇到「事业机会/职业转折」时，对重视「成长/能力/目标支持」的人意味着什么？","generated_by_constrained_mapping","unreviewed"
"CC-01032","PF-E01","工作与赚钱能力","SC-S2-02","工作/事业/学习","SC-S1-02","恋爱/磨合","SC-S3-02","事业机会/职业转折","NF-N1-07","公平/可靠/合作","Conditional / gate","N3-02/N3-03","当「工作与赚钱能力」进入「恋爱/磨合」的「工作/事业/学习」，遇到「事业机会/职业转折」时，对重视「公平/可靠/合作」的人意味着什么？","generated_by_constrained_mapping","unreviewed"
"CC-01033","PF-E01","工作与赚钱能力","SC-S2-02","工作/事业/学习","SC-S1-05","结婚/建立家庭","SC-S3-01","工作时间突变","NF-N1-06","经济/物质安全","Threshold + diminishing return","N3-03/N3-06","当「工作与赚钱能力」进入「结婚/建立家庭」的「工作/事业/学习」，遇到「工作时间突变」时，对重视「经济/物质安全」的人意味着什么？","generated_by_constrained_mapping","unreviewed"
"CC-01034","PF-E01","工作与赚钱能力","SC-S2-02","工作/事业/学习","SC-S1-05","结婚/建立家庭","SC-S3-01","工作时间突变","NF-N1-08","成长/能力/目标支持","Fit / trade-off","N3-09","当「工作与赚钱能力」进入「结婚/建立家庭」的「工作/事业/学习」，遇到「工作时间突变」时，对重视「成长/能力/目标支持」的人意味着什么？","generated_by_constrained_mapping","unreviewed"
"CC-01035","PF-E01","工作与赚钱能力","SC-S2-02","工作/事业/学习","SC-S1-05","结婚/建立家庭","SC-S3-01","工作时间突变","NF-N1-07","公平/可靠/合作","Conditional / gate","N3-02/N3-03","当「工作与赚钱能力」进入「结婚/建立家庭」的「工作/事业/学习」，遇到「工作时间突变」时，对重视「公平/可靠/合作」的人意味着什么？","generated_by_constrained_mapping","unreviewed"
"CC-01036","PF-E01","工作与赚钱能力","SC-S2-02","工作/事业/学习","SC-S1-05","结婚/建立家庭","SC-S3-02","事业机会/职业转折","NF-N1-06","经济/物质安全","Threshold + diminishing return","N3-03/N3-06","当「工作与赚钱能力」进入「结婚/建立家庭」的「工作/事业/学习」，遇到「事业机会/职业转折」时，对重视「经济/物质安全」的人意味着什么？","generated_by_constrained_mapping","unreviewed"
"CC-01037","PF-E01","工作与赚钱能力","SC-S2-02","工作/事业/学习","SC-S1-05","结婚/建立家庭","SC-S3-02","事业机会/职业转折","NF-N1-08","成长/能力/目标支持","Fit / trade-off","N3-09","当「工作与赚钱能力」进入「结婚/建立家庭」的「工作/事业/学习」，遇到「事业机会/职业转折」时，对重视「成长/能力/目标支持」的人意味着什么？","generated_by_constrained_mapping","unreviewed"
"CC-01038","PF-E01","工作与赚钱能力","SC-S2-02","工作/事业/学习","SC-S1-05","结婚/建立家庭","SC-S3-02","事业机会/职业转折","NF-N1-07","公平/可靠/合作","Conditional / gate","N3-02/N3-03","当「工作与赚钱能力」进入「结婚/建立家庭」的「工作/事业/学习」，遇到「事业机会/职业转折」时，对重视「公平/可靠/合作」的人意味着什么？","generated_by_constrained_mapping","unreviewed"
"CC-01039","PF-E01","工作与赚钱能力","SC-S2-02","工作/事业/学习","SC-S1-09","中年多重责任","SC-S3-01","工作时间突变","NF-N1-06","经济/物质安全","Threshold + diminishing return","N3-03/N3-06","当「工作与赚钱能力」进入「中年多重责任」的「工作/事业/学习」，遇到「工作时间突变」时，对重视「经济/物质安全」的人意味着什么？","generated_by_constrained_mapping","unreviewed"
"CC-01040","PF-E01","工作与赚钱能力","SC-S2-02","工作/事业/学习","SC-S1-09","中年多重责任","SC-S3-01","工作时间突变","NF-N1-08","成长/能力/目标支持","Fit / trade-off","N3-09","当「工作与赚钱能力」进入「中年多重责任」的「工作/事业/学习」，遇到「工作时间突变」时，对重视「成长/能力/目标支持」的人意味着什么？","generated_by_constrained_mapping","unreviewed"
"CC-01041","PF-E01","工作与赚钱能力","SC-S2-02","工作/事业/学习","SC-S1-09","中年多重责任","SC-S3-01","工作时间突变","NF-N1-07","公平/可靠/合作","Conditional / gate","N3-02/N3-03","当「工作与赚钱能力」进入「中年多重责任」的「工作/事业/学习」，遇到「工作时间突变」时，对重视「公平/可靠/合作」的人意味着什么？","generated_by_constrained_mapping","unreviewed"
"CC-01042","PF-E01","工作与赚钱能力","SC-S2-02","工作/事业/学习","SC-S1-09","中年多重责任","SC-S3-02","事业机会/职业转折","NF-N1-06","经济/物质安全","Threshold + diminishing return","N3-03/N3-06","当「工作与赚钱能力」进入「中年多重责任」的「工作/事业/学习」，遇到「事业机会/职业转折」时，对重视「经济/物质安全」的人意味着什么？","generated_by_constrained_mapping","unreviewed"
"CC-01043","PF-E01","工作与赚钱能力","SC-S2-02","工作/事业/学习","SC-S1-09","中年多重责任","SC-S3-02","事业机会/职业转折","NF-N1-08","成长/能力/目标支持","Fit / trade-off","N3-09","当「工作与赚钱能力」进入「中年多重责任」的「工作/事业/学习」，遇到「事业机会/职业转折」时，对重视「成长/能力/目标支持」的人意味着什么？","generated_by_constrained_mapping","unreviewed"
"CC-01044","PF-E01","工作与赚钱能力","SC-S2-02","工作/事业/学习","SC-S1-09","中年多重责任","SC-S3-02","事业机会/职业转折","NF-N1-07","公平/可靠/合作","Conditional / gate","N3-02/N3-03","当「工作与赚钱能力」进入「中年多重责任」的「工作/事业/学习」，遇到「事业机会/职业转折」时，对重视「公平/可靠/合作」的人意味着什么？","generated_by_constrained_mapping","unreviewed"
"CC-01045","PF-E01","工作与赚钱能力","SC-S2-03","钱/财务","SC-S1-03","稳定交往","SC-S3-03","失业/收入下降","NF-N1-06","经济/物质安全","Threshold + diminishing return","N3-03/N3-06","当「工作与赚钱能力」进入「稳定交往」的「钱/财务」，遇到「失业/收入下降」时，对重视「经济/物质安全」的人意味着什么？","generated_by_constrained_mapping","unreviewed"
"CC-01046","PF-E01","工作与赚钱能力","SC-S2-03","钱/财务","SC-S1-03","稳定交往","SC-S3-03","失业/收入下降","NF-N1-08","成长/能力/目标支持","Fit / trade-off","N3-09","当「工作与赚钱能力」进入「稳定交往」的「钱/财务」，遇到「失业/收入下降」时，对重视「成长/能力/目标支持」的人意味着什么？","generated_by_constrained_mapping","unreviewed"
"CC-01047","PF-E01","工作与赚钱能力","SC-S2-03","钱/财务","SC-S1-03","稳定交往","SC-S3-03","失业/收入下降","NF-N1-07","公平/可靠/合作","Conditional / gate","N3-02/N3-03","当「工作与赚钱能力」进入「稳定交往」的「钱/财务」，遇到「失业/收入下降」时，对重视「公平/可靠/合作」的人意味着什么？","generated_by_constrained_mapping","unreviewed"
"CC-01048","PF-E01","工作与赚钱能力","SC-S2-03","钱/财务","SC-S1-03","稳定交往","SC-S3-04","大额财务事件","NF-N1-06","经济/物质安全","Threshold + diminishing return","N3-03/N3-06","当「工作与赚钱能力」进入「稳定交往」的「钱/财务」，遇到「大额财务事件」时，对重视「经济/物质安全」的人意味着什么？","generated_by_constrained_mapping","unreviewed"
"CC-01049","PF-E01","工作与赚钱能力","SC-S2-03","钱/财务","SC-S1-03","稳定交往","SC-S3-04","大额财务事件","NF-N1-08","成长/能力/目标支持","Fit / trade-off","N3-09","当「工作与赚钱能力」进入「稳定交往」的「钱/财务」，遇到「大额财务事件」时，对重视「成长/能力/目标支持」的人意味着什么？","generated_by_constrained_mapping","unreviewed"
"CC-01050","PF-E01","工作与赚钱能力","SC-S2-03","钱/财务","SC-S1-03","稳定交往","SC-S3-04","大额财务事件","NF-N1-07","公平/可靠/合作","Conditional / gate","N3-02/N3-03","当「工作与赚钱能力」进入「稳定交往」的「钱/财务」，遇到「大额财务事件」时，对重视「公平/可靠/合作」的人意味着什么？","generated_by_constrained_mapping","unreviewed"
"CC-01051","PF-E01","工作与赚钱能力","SC-S2-03","钱/财务","SC-S1-05","结婚/建立家庭","SC-S3-03","失业/收入下降","NF-N1-06","经济/物质安全","Threshold + diminishing return","N3-03/N3-06","当「工作与赚钱能力」进入「结婚/建立家庭」的「钱/财务」，遇到「失业/收入下降」时，对重视「经济/物质安全」的人意味着什么？","generated_by_constrained_mapping","unreviewed"
"CC-01052","PF-E01","工作与赚钱能力","SC-S2-03","钱/财务","SC-S1-05","结婚/建立家庭","SC-S3-03","失业/收入下降","NF-N1-08","成长/能力/目标支持","Fit / trade-off","N3-09","当「工作与赚钱能力」进入「结婚/建立家庭」的「钱/财务」，遇到「失业/收入下降」时，对重视「成长/能力/目标支持」的人意味着什么？","generated_by_constrained_mapping","unreviewed"
"CC-01053","PF-E01","工作与赚钱能力","SC-S2-03","钱/财务","SC-S1-05","结婚/建立家庭","SC-S3-03","失业/收入下降","NF-N1-07","公平/可靠/合作","Conditional / gate","N3-02/N3-03","当「工作与赚钱能力」进入「结婚/建立家庭」的「钱/财务」，遇到「失业/收入下降」时，对重视「公平/可靠/合作」的人意味着什么？","generated_by_constrained_mapping","unreviewed"
"CC-01054","PF-E01","工作与赚钱能力","SC-S2-03","钱/财务","SC-S1-05","结婚/建立家庭","SC-S3-04","大额财务事件","NF-N1-06","经济/物质安全","Threshold + diminishing return","N3-03/N3-06","当「工作与赚钱能力」进入「结婚/建立家庭」的「钱/财务」，遇到「大额财务事件」时，对重视「经济/物质安全」的人意味着什么？","generated_by_constrained_mapping","unreviewed"
"CC-01055","PF-E01","工作与赚钱能力","SC-S2-03","钱/财务","SC-S1-05","结婚/建立家庭","SC-S3-04","大额财务事件","NF-N1-08","成长/能力/目标支持","Fit / trade-off","N3-09","当「工作与赚钱能力」进入「结婚/建立家庭」的「钱/财务」，遇到「大额财务事件」时，对重视「成长/能力/目标支持」的人意味着什么？","generated_by_constrained_mapping","unreviewed"
"CC-01056","PF-E01","工作与赚钱能力","SC-S2-03","钱/财务","SC-S1-05","结婚/建立家庭","SC-S3-04","大额财务事件","NF-N1-07","公平/可靠/合作","Conditional / gate","N3-02/N3-03","当「工作与赚钱能力」进入「结婚/建立家庭」的「钱/财务」，遇到「大额财务事件」时，对重视「公平/可靠/合作」的人意味着什么？","generated_by_constrained_mapping","unreviewed"
"CC-01057","PF-E01","工作与赚钱能力","SC-S2-03","钱/财务","SC-S1-07","婴幼儿照护","SC-S3-03","失业/收入下降","NF-N1-06","经济/物质安全","Threshold + diminishing return","N3-03/N3-06","当「工作与赚钱能力」进入「婴幼儿照护」的「钱/财务」，遇到「失业/收入下降」时，对重视「经济/物质安全」的人意味着什么？","generated_by_constrained_mapping","unreviewed"
"CC-01058","PF-E01","工作与赚钱能力","SC-S2-03","钱/财务","SC-S1-07","婴幼儿照护","SC-S3-03","失业/收入下降","NF-N1-08","成长/能力/目标支持","Fit / trade-off","N3-09","当「工作与赚钱能力」进入「婴幼儿照护」的「钱/财务」，遇到「失业/收入下降」时，对重视「成长/能力/目标支持」的人意味着什么？","generated_by_constrained_mapping","unreviewed"
"CC-01059","PF-E01","工作与赚钱能力","SC-S2-03","钱/财务","SC-S1-07","婴幼儿照护","SC-S3-03","失业/收入下降","NF-N1-07","公平/可靠/合作","Conditional / gate","N3-02/N3-03","当「工作与赚钱能力」进入「婴幼儿照护」的「钱/财务」，遇到「失业/收入下降」时，对重视「公平/可靠/合作」的人意味着什么？","generated_by_constrained_mapping","unreviewed"
"CC-01060","PF-E01","工作与赚钱能力","SC-S2-03","钱/财务","SC-S1-07","婴幼儿照护","SC-S3-04","大额财务事件","NF-N1-06","经济/物质安全","Threshold + diminishing return","N3-03/N3-06","当「工作与赚钱能力」进入「婴幼儿照护」的「钱/财务」，遇到「大额财务事件」时，对重视「经济/物质安全」的人意味着什么？","generated_by_constrained_mapping","unreviewed"
"CC-01061","PF-E01","工作与赚钱能力","SC-S2-03","钱/财务","SC-S1-07","婴幼儿照护","SC-S3-04","大额财务事件","NF-N1-08","成长/能力/目标支持","Fit / trade-off","N3-09","当「工作与赚钱能力」进入「婴幼儿照护」的「钱/财务」，遇到「大额财务事件」时，对重视「成长/能力/目标支持」的人意味着什么？","generated_by_constrained_mapping","unreviewed"
"CC-01062","PF-E01","工作与赚钱能力","SC-S2-03","钱/财务","SC-S1-07","婴幼儿照护","SC-S3-04","大额财务事件","NF-N1-07","公平/可靠/合作","Conditional / gate","N3-02/N3-03","当「工作与赚钱能力」进入「婴幼儿照护」的「钱/财务」，遇到「大额财务事件」时，对重视「公平/可靠/合作」的人意味着什么？","generated_by_constrained_mapping","unreviewed"
"CC-01063","PF-E01","工作与赚钱能力","SC-S2-06","孩子/生育/教育","SC-S1-05","结婚/建立家庭","SC-S3-06","生育/育儿转折","NF-N1-06","经济/物质安全","Threshold + diminishing return","N3-03/N3-06","当「工作与赚钱能力」进入「结婚/建立家庭」的「孩子/生育/教育」，遇到「生育/育儿转折」时，对重视「经济/物质安全」的人意味着什么？","generated_by_constrained_mapping","unreviewed"
"CC-01064","PF-E01","工作与赚钱能力","SC-S2-06","孩子/生育/教育","SC-S1-05","结婚/建立家庭","SC-S3-06","生育/育儿转折","NF-N1-08","成长/能力/目标支持","Fit / trade-off","N3-09","当「工作与赚钱能力」进入「结婚/建立家庭」的「孩子/生育/教育」，遇到「生育/育儿转折」时，对重视「成长/能力/目标支持」的人意味着什么？","generated_by_constrained_mapping","unreviewed"
"CC-01065","PF-E01","工作与赚钱能力","SC-S2-06","孩子/生育/教育","SC-S1-05","结婚/建立家庭","SC-S3-06","生育/育儿转折","NF-N1-07","公平/可靠/合作","Conditional / gate","N3-02/N3-03","当「工作与赚钱能力」进入「结婚/建立家庭」的「孩子/生育/教育」，遇到「生育/育儿转折」时，对重视「公平/可靠/合作」的人意味着什么？","generated_by_constrained_mapping","unreviewed"
"CC-01066","PF-E01","工作与赚钱能力","SC-S2-06","孩子/生育/教育","SC-S1-05","结婚/建立家庭","SC-S3-01","工作时间突变","NF-N1-06","经济/物质安全","Threshold + diminishing return","N3-03/N3-06","当「工作与赚钱能力」进入「结婚/建立家庭」的「孩子/生育/教育」，遇到「工作时间突变」时，对重视「经济/物质安全」的人意味着什么？","generated_by_constrained_mapping","unreviewed"
"CC-01067","PF-E01","工作与赚钱能力","SC-S2-06","孩子/生育/教育","SC-S1-05","结婚/建立家庭","SC-S3-01","工作时间突变","NF-N1-08","成长/能力/目标支持","Fit / trade-off","N3-09","当「工作与赚钱能力」进入「结婚/建立家庭」的「孩子/生育/教育」，遇到「工作时间突变」时，对重视「成长/能力/目标支持」的人意味着什么？","generated_by_constrained_mapping","unreviewed"
"CC-01068","PF-E01","工作与赚钱能力","SC-S2-06","孩子/生育/教育","SC-S1-05","结婚/建立家庭","SC-S3-01","工作时间突变","NF-N1-07","公平/可靠/合作","Conditional / gate","N3-02/N3-03","当「工作与赚钱能力」进入「结婚/建立家庭」的「孩子/生育/教育」，遇到「工作时间突变」时，对重视「公平/可靠/合作」的人意味着什么？","generated_by_constrained_mapping","unreviewed"
"CC-01069","PF-E01","工作与赚钱能力","SC-S2-06","孩子/生育/教育","SC-S1-07","婴幼儿照护","SC-S3-06","生育/育儿转折","NF-N1-06","经济/物质安全","Threshold + diminishing return","N3-03/N3-06","当「工作与赚钱能力」进入「婴幼儿照护」的「孩子/生育/教育」，遇到「生育/育儿转折」时，对重视「经济/物质安全」的人意味着什么？","generated_by_constrained_mapping","unreviewed"
"CC-01070","PF-E01","工作与赚钱能力","SC-S2-06","孩子/生育/教育","SC-S1-07","婴幼儿照护","SC-S3-06","生育/育儿转折","NF-N1-08","成长/能力/目标支持","Fit / trade-off","N3-09","当「工作与赚钱能力」进入「婴幼儿照护」的「孩子/生育/教育」，遇到「生育/育儿转折」时，对重视「成长/能力/目标支持」的人意味着什么？","generated_by_constrained_mapping","unreviewed"
"CC-01071","PF-E01","工作与赚钱能力","SC-S2-06","孩子/生育/教育","SC-S1-07","婴幼儿照护","SC-S3-06","生育/育儿转折","NF-N1-07","公平/可靠/合作","Conditional / gate","N3-02/N3-03","当「工作与赚钱能力」进入「婴幼儿照护」的「孩子/生育/教育」，遇到「生育/育儿转折」时，对重视「公平/可靠/合作」的人意味着什么？","generated_by_constrained_mapping","unreviewed"
"CC-01072","PF-E01","工作与赚钱能力","SC-S2-06","孩子/生育/教育","SC-S1-07","婴幼儿照护","SC-S3-01","工作时间突变","NF-N1-06","经济/物质安全","Threshold + diminishing return","N3-03/N3-06","当「工作与赚钱能力」进入「婴幼儿照护」的「孩子/生育/教育」，遇到「工作时间突变」时，对重视「经济/物质安全」的人意味着什么？","generated_by_constrained_mapping","unreviewed"
"CC-01073","PF-E01","工作与赚钱能力","SC-S2-06","孩子/生育/教育","SC-S1-07","婴幼儿照护","SC-S3-01","工作时间突变","NF-N1-08","成长/能力/目标支持","Fit / trade-off","N3-09","当「工作与赚钱能力」进入「婴幼儿照护」的「孩子/生育/教育」，遇到「工作时间突变」时，对重视「成长/能力/目标支持」的人意味着什么？","generated_by_constrained_mapping","unreviewed"
"CC-01074","PF-E01","工作与赚钱能力","SC-S2-06","孩子/生育/教育","SC-S1-07","婴幼儿照护","SC-S3-01","工作时间突变","NF-N1-07","公平/可靠/合作","Conditional / gate","N3-02/N3-03","当「工作与赚钱能力」进入「婴幼儿照护」的「孩子/生育/教育」，遇到「工作时间突变」时，对重视「公平/可靠/合作」的人意味着什么？","generated_by_constrained_mapping","unreviewed"
"CC-01075","PF-E01","工作与赚钱能力","SC-S2-06","孩子/生育/教育","SC-S1-08","孩子成长/教育","SC-S3-06","生育/育儿转折","NF-N1-06","经济/物质安全","Threshold + diminishing return","N3-03/N3-06","当「工作与赚钱能力」进入「孩子成长/教育」的「孩子/生育/教育」，遇到「生育/育儿转折」时，对重视「经济/物质安全」的人意味着什么？","generated_by_constrained_mapping","unreviewed"
"CC-01076","PF-E01","工作与赚钱能力","SC-S2-06","孩子/生育/教育","SC-S1-08","孩子成长/教育","SC-S3-06","生育/育儿转折","NF-N1-08","成长/能力/目标支持","Fit / trade-off","N3-09","当「工作与赚钱能力」进入「孩子成长/教育」的「孩子/生育/教育」，遇到「生育/育儿转折」时，对重视「成长/能力/目标支持」的人意味着什么？","generated_by_constrained_mapping","unreviewed"
"CC-01077","PF-E01","工作与赚钱能力","SC-S2-06","孩子/生育/教育","SC-S1-08","孩子成长/教育","SC-S3-06","生育/育儿转折","NF-N1-07","公平/可靠/合作","Conditional / gate","N3-02/N3-03","当「工作与赚钱能力」进入「孩子成长/教育」的「孩子/生育/教育」，遇到「生育/育儿转折」时，对重视「公平/可靠/合作」的人意味着什么？","generated_by_constrained_mapping","unreviewed"
"CC-01078","PF-E01","工作与赚钱能力","SC-S2-06","孩子/生育/教育","SC-S1-08","孩子成长/教育","SC-S3-01","工作时间突变","NF-N1-06","经济/物质安全","Threshold + diminishing return","N3-03/N3-06","当「工作与赚钱能力」进入「孩子成长/教育」的「孩子/生育/教育」，遇到「工作时间突变」时，对重视「经济/物质安全」的人意味着什么？","generated_by_constrained_mapping","unreviewed"
"CC-01079","PF-E01","工作与赚钱能力","SC-S2-06","孩子/生育/教育","SC-S1-08","孩子成长/教育","SC-S3-01","工作时间突变","NF-N1-08","成长/能力/目标支持","Fit / trade-off","N3-09","当「工作与赚钱能力」进入「孩子成长/教育」的「孩子/生育/教育」，遇到「工作时间突变」时，对重视「成长/能力/目标支持」的人意味着什么？","generated_by_constrained_mapping","unreviewed"
"CC-01080","PF-E01","工作与赚钱能力","SC-S2-06","孩子/生育/教育","SC-S1-08","孩子成长/教育","SC-S3-01","工作时间突变","NF-N1-07","公平/可靠/合作","Conditional / gate","N3-02/N3-03","当「工作与赚钱能力」进入「孩子成长/教育」的「孩子/生育/教育」，遇到「工作时间突变」时，对重视「公平/可靠/合作」的人意味着什么？","generated_by_constrained_mapping","unreviewed"
"CC-01081","PF-E02","思考/决策能力","SC-S2-03","钱/财务","SC-S1-03","稳定交往","SC-S3-03","失业/收入下降","NF-N1-07","公平/可靠/合作","Conditional / gate","N3-02/N3-03","当「思考/决策能力」进入「稳定交往」的「钱/财务」，遇到「失业/收入下降」时，对重视「公平/可靠/合作」的人意味着什么？","generated_by_constrained_mapping","unreviewed"
"CC-01082","PF-E02","思考/决策能力","SC-S2-03","钱/财务","SC-S1-03","稳定交往","SC-S3-03","失业/收入下降","NF-N1-05","安全/信任/可预测","Gate / conditional","N3-02/N3-06","当「思考/决策能力」进入「稳定交往」的「钱/财务」，遇到「失业/收入下降」时，对重视「安全/信任/可预测」的人意味着什么？","generated_by_constrained_mapping","unreviewed"
"CC-01083","PF-E02","思考/决策能力","SC-S2-03","钱/财务","SC-S1-03","稳定交往","SC-S3-03","失业/收入下降","NF-N1-12","价值/人生方向/未来一致性","Gate / fit","N3-06/N3-07","当「思考/决策能力」进入「稳定交往」的「钱/财务」，遇到「失业/收入下降」时，对重视「价值/人生方向/未来一致性」的人意味着什么？","generated_by_constrained_mapping","unreviewed"
"CC-01084","PF-E02","思考/决策能力","SC-S2-03","钱/财务","SC-S1-03","稳定交往","SC-S3-04","大额财务事件","NF-N1-07","公平/可靠/合作","Conditional / gate","N3-02/N3-03","当「思考/决策能力」进入「稳定交往」的「钱/财务」，遇到「大额财务事件」时，对重视「公平/可靠/合作」的人意味着什么？","generated_by_constrained_mapping","unreviewed"
"CC-01085","PF-E02","思考/决策能力","SC-S2-03","钱/财务","SC-S1-03","稳定交往","SC-S3-04","大额财务事件","NF-N1-05","安全/信任/可预测","Gate / conditional","N3-02/N3-06","当「思考/决策能力」进入「稳定交往」的「钱/财务」，遇到「大额财务事件」时，对重视「安全/信任/可预测」的人意味着什么？","generated_by_constrained_mapping","unreviewed"
"CC-01086","PF-E02","思考/决策能力","SC-S2-03","钱/财务","SC-S1-03","稳定交往","SC-S3-04","大额财务事件","NF-N1-12","价值/人生方向/未来一致性","Gate / fit","N3-06/N3-07","当「思考/决策能力」进入「稳定交往」的「钱/财务」，遇到「大额财务事件」时，对重视「价值/人生方向/未来一致性」的人意味着什么？","generated_by_constrained_mapping","unreviewed"
"CC-01087","PF-E02","思考/决策能力","SC-S2-03","钱/财务","SC-S1-05","结婚/建立家庭","SC-S3-03","失业/收入下降","NF-N1-07","公平/可靠/合作","Conditional / gate","N3-02/N3-03","当「思考/决策能力」进入「结婚/建立家庭」的「钱/财务」，遇到「失业/收入下降」时，对重视「公平/可靠/合作」的人意味着什么？","generated_by_constrained_mapping","unreviewed"
"CC-01088","PF-E02","思考/决策能力","SC-S2-03","钱/财务","SC-S1-05","结婚/建立家庭","SC-S3-03","失业/收入下降","NF-N1-05","安全/信任/可预测","Gate / conditional","N3-02/N3-06","当「思考/决策能力」进入「结婚/建立家庭」的「钱/财务」，遇到「失业/收入下降」时，对重视「安全/信任/可预测」的人意味着什么？","generated_by_constrained_mapping","unreviewed"
"CC-01089","PF-E02","思考/决策能力","SC-S2-03","钱/财务","SC-S1-05","结婚/建立家庭","SC-S3-03","失业/收入下降","NF-N1-12","价值/人生方向/未来一致性","Gate / fit","N3-06/N3-07","当「思考/决策能力」进入「结婚/建立家庭」的「钱/财务」，遇到「失业/收入下降」时，对重视「价值/人生方向/未来一致性」的人意味着什么？","generated_by_constrained_mapping","unreviewed"
"CC-01090","PF-E02","思考/决策能力","SC-S2-03","钱/财务","SC-S1-05","结婚/建立家庭","SC-S3-04","大额财务事件","NF-N1-07","公平/可靠/合作","Conditional / gate","N3-02/N3-03","当「思考/决策能力」进入「结婚/建立家庭」的「钱/财务」，遇到「大额财务事件」时，对重视「公平/可靠/合作」的人意味着什么？","generated_by_constrained_mapping","unreviewed"
"CC-01091","PF-E02","思考/决策能力","SC-S2-03","钱/财务","SC-S1-05","结婚/建立家庭","SC-S3-04","大额财务事件","NF-N1-05","安全/信任/可预测","Gate / conditional","N3-02/N3-06","当「思考/决策能力」进入「结婚/建立家庭」的「钱/财务」，遇到「大额财务事件」时，对重视「安全/信任/可预测」的人意味着什么？","generated_by_constrained_mapping","unreviewed"
"CC-01092","PF-E02","思考/决策能力","SC-S2-03","钱/财务","SC-S1-05","结婚/建立家庭","SC-S3-04","大额财务事件","NF-N1-12","价值/人生方向/未来一致性","Gate / fit","N3-06/N3-07","当「思考/决策能力」进入「结婚/建立家庭」的「钱/财务」，遇到「大额财务事件」时，对重视「价值/人生方向/未来一致性」的人意味着什么？","generated_by_constrained_mapping","unreviewed"
"CC-01093","PF-E02","思考/决策能力","SC-S2-03","钱/财务","SC-S1-07","婴幼儿照护","SC-S3-03","失业/收入下降","NF-N1-07","公平/可靠/合作","Conditional / gate","N3-02/N3-03","当「思考/决策能力」进入「婴幼儿照护」的「钱/财务」，遇到「失业/收入下降」时，对重视「公平/可靠/合作」的人意味着什么？","generated_by_constrained_mapping","unreviewed"
"CC-01094","PF-E02","思考/决策能力","SC-S2-03","钱/财务","SC-S1-07","婴幼儿照护","SC-S3-03","失业/收入下降","NF-N1-05","安全/信任/可预测","Gate / conditional","N3-02/N3-06","当「思考/决策能力」进入「婴幼儿照护」的「钱/财务」，遇到「失业/收入下降」时，对重视「安全/信任/可预测」的人意味着什么？","generated_by_constrained_mapping","unreviewed"
"CC-01095","PF-E02","思考/决策能力","SC-S2-03","钱/财务","SC-S1-07","婴幼儿照护","SC-S3-03","失业/收入下降","NF-N1-12","价值/人生方向/未来一致性","Gate / fit","N3-06/N3-07","当「思考/决策能力」进入「婴幼儿照护」的「钱/财务」，遇到「失业/收入下降」时，对重视「价值/人生方向/未来一致性」的人意味着什么？","generated_by_constrained_mapping","unreviewed"
"CC-01096","PF-E02","思考/决策能力","SC-S2-03","钱/财务","SC-S1-07","婴幼儿照护","SC-S3-04","大额财务事件","NF-N1-07","公平/可靠/合作","Conditional / gate","N3-02/N3-03","当「思考/决策能力」进入「婴幼儿照护」的「钱/财务」，遇到「大额财务事件」时，对重视「公平/可靠/合作」的人意味着什么？","generated_by_constrained_mapping","unreviewed"
"CC-01097","PF-E02","思考/决策能力","SC-S2-03","钱/财务","SC-S1-07","婴幼儿照护","SC-S3-04","大额财务事件","NF-N1-05","安全/信任/可预测","Gate / conditional","N3-02/N3-06","当「思考/决策能力」进入「婴幼儿照护」的「钱/财务」，遇到「大额财务事件」时，对重视「安全/信任/可预测」的人意味着什么？","generated_by_constrained_mapping","unreviewed"
"CC-01098","PF-E02","思考/决策能力","SC-S2-03","钱/财务","SC-S1-07","婴幼儿照护","SC-S3-04","大额财务事件","NF-N1-12","价值/人生方向/未来一致性","Gate / fit","N3-06/N3-07","当「思考/决策能力」进入「婴幼儿照护」的「钱/财务」，遇到「大额财务事件」时，对重视「价值/人生方向/未来一致性」的人意味着什么？","generated_by_constrained_mapping","unreviewed"
"CC-01099","PF-E02","思考/决策能力","SC-S2-04","房/居住/地点","SC-S1-03","稳定交往","SC-S3-04","大额财务事件","NF-N1-07","公平/可靠/合作","Conditional / gate","N3-02/N3-03","当「思考/决策能力」进入「稳定交往」的「房/居住/地点」，遇到「大额财务事件」时，对重视「公平/可靠/合作」的人意味着什么？","generated_by_constrained_mapping","unreviewed"
"CC-01100","PF-E02","思考/决策能力","SC-S2-04","房/居住/地点","SC-S1-03","稳定交往","SC-S3-04","大额财务事件","NF-N1-05","安全/信任/可预测","Gate / conditional","N3-02/N3-06","当「思考/决策能力」进入「稳定交往」的「房/居住/地点」，遇到「大额财务事件」时，对重视「安全/信任/可预测」的人意味着什么？","generated_by_constrained_mapping","unreviewed"
"CC-01101","PF-E02","思考/决策能力","SC-S2-04","房/居住/地点","SC-S1-03","稳定交往","SC-S3-04","大额财务事件","NF-N1-12","价值/人生方向/未来一致性","Gate / fit","N3-06/N3-07","当「思考/决策能力」进入「稳定交往」的「房/居住/地点」，遇到「大额财务事件」时，对重视「价值/人生方向/未来一致性」的人意味着什么？","generated_by_constrained_mapping","unreviewed"
"CC-01102","PF-E02","思考/决策能力","SC-S2-04","房/居住/地点","SC-S1-03","稳定交往","SC-S3-05","居住/迁移变化","NF-N1-07","公平/可靠/合作","Conditional / gate","N3-02/N3-03","当「思考/决策能力」进入「稳定交往」的「房/居住/地点」，遇到「居住/迁移变化」时，对重视「公平/可靠/合作」的人意味着什么？","generated_by_constrained_mapping","unreviewed"
"CC-01103","PF-E02","思考/决策能力","SC-S2-04","房/居住/地点","SC-S1-03","稳定交往","SC-S3-05","居住/迁移变化","NF-N1-05","安全/信任/可预测","Gate / conditional","N3-02/N3-06","当「思考/决策能力」进入「稳定交往」的「房/居住/地点」，遇到「居住/迁移变化」时，对重视「安全/信任/可预测」的人意味着什么？","generated_by_constrained_mapping","unreviewed"
"CC-01104","PF-E02","思考/决策能力","SC-S2-04","房/居住/地点","SC-S1-03","稳定交往","SC-S3-05","居住/迁移变化","NF-N1-12","价值/人生方向/未来一致性","Gate / fit","N3-06/N3-07","当「思考/决策能力」进入「稳定交往」的「房/居住/地点」，遇到「居住/迁移变化」时，对重视「价值/人生方向/未来一致性」的人意味着什么？","generated_by_constrained_mapping","unreviewed"
"CC-01105","PF-E02","思考/决策能力","SC-S2-04","房/居住/地点","SC-S1-05","结婚/建立家庭","SC-S3-04","大额财务事件","NF-N1-07","公平/可靠/合作","Conditional / gate","N3-02/N3-03","当「思考/决策能力」进入「结婚/建立家庭」的「房/居住/地点」，遇到「大额财务事件」时，对重视「公平/可靠/合作」的人意味着什么？","generated_by_constrained_mapping","unreviewed"
"CC-01106","PF-E02","思考/决策能力","SC-S2-04","房/居住/地点","SC-S1-05","结婚/建立家庭","SC-S3-04","大额财务事件","NF-N1-05","安全/信任/可预测","Gate / conditional","N3-02/N3-06","当「思考/决策能力」进入「结婚/建立家庭」的「房/居住/地点」，遇到「大额财务事件」时，对重视「安全/信任/可预测」的人意味着什么？","generated_by_constrained_mapping","unreviewed"
"CC-01107","PF-E02","思考/决策能力","SC-S2-04","房/居住/地点","SC-S1-05","结婚/建立家庭","SC-S3-04","大额财务事件","NF-N1-12","价值/人生方向/未来一致性","Gate / fit","N3-06/N3-07","当「思考/决策能力」进入「结婚/建立家庭」的「房/居住/地点」，遇到「大额财务事件」时，对重视「价值/人生方向/未来一致性」的人意味着什么？","generated_by_constrained_mapping","unreviewed"
"CC-01108","PF-E02","思考/决策能力","SC-S2-04","房/居住/地点","SC-S1-05","结婚/建立家庭","SC-S3-05","居住/迁移变化","NF-N1-07","公平/可靠/合作","Conditional / gate","N3-02/N3-03","当「思考/决策能力」进入「结婚/建立家庭」的「房/居住/地点」，遇到「居住/迁移变化」时，对重视「公平/可靠/合作」的人意味着什么？","generated_by_constrained_mapping","unreviewed"
"CC-01109","PF-E02","思考/决策能力","SC-S2-04","房/居住/地点","SC-S1-05","结婚/建立家庭","SC-S3-05","居住/迁移变化","NF-N1-05","安全/信任/可预测","Gate / conditional","N3-02/N3-06","当「思考/决策能力」进入「结婚/建立家庭」的「房/居住/地点」，遇到「居住/迁移变化」时，对重视「安全/信任/可预测」的人意味着什么？","generated_by_constrained_mapping","unreviewed"
"CC-01110","PF-E02","思考/决策能力","SC-S2-04","房/居住/地点","SC-S1-05","结婚/建立家庭","SC-S3-05","居住/迁移变化","NF-N1-12","价值/人生方向/未来一致性","Gate / fit","N3-06/N3-07","当「思考/决策能力」进入「结婚/建立家庭」的「房/居住/地点」，遇到「居住/迁移变化」时，对重视「价值/人生方向/未来一致性」的人意味着什么？","generated_by_constrained_mapping","unreviewed"
"CC-01111","PF-E02","思考/决策能力","SC-S2-04","房/居住/地点","SC-S1-09","中年多重责任","SC-S3-04","大额财务事件","NF-N1-07","公平/可靠/合作","Conditional / gate","N3-02/N3-03","当「思考/决策能力」进入「中年多重责任」的「房/居住/地点」，遇到「大额财务事件」时，对重视「公平/可靠/合作」的人意味着什么？","generated_by_constrained_mapping","unreviewed"
"CC-01112","PF-E02","思考/决策能力","SC-S2-04","房/居住/地点","SC-S1-09","中年多重责任","SC-S3-04","大额财务事件","NF-N1-05","安全/信任/可预测","Gate / conditional","N3-02/N3-06","当「思考/决策能力」进入「中年多重责任」的「房/居住/地点」，遇到「大额财务事件」时，对重视「安全/信任/可预测」的人意味着什么？","generated_by_constrained_mapping","unreviewed"
"CC-01113","PF-E02","思考/决策能力","SC-S2-04","房/居住/地点","SC-S1-09","中年多重责任","SC-S3-04","大额财务事件","NF-N1-12","价值/人生方向/未来一致性","Gate / fit","N3-06/N3-07","当「思考/决策能力」进入「中年多重责任」的「房/居住/地点」，遇到「大额财务事件」时，对重视「价值/人生方向/未来一致性」的人意味着什么？","generated_by_constrained_mapping","unreviewed"
"CC-01114","PF-E02","思考/决策能力","SC-S2-04","房/居住/地点","SC-S1-09","中年多重责任","SC-S3-05","居住/迁移变化","NF-N1-07","公平/可靠/合作","Conditional / gate","N3-02/N3-03","当「思考/决策能力」进入「中年多重责任」的「房/居住/地点」，遇到「居住/迁移变化」时，对重视「公平/可靠/合作」的人意味着什么？","generated_by_constrained_mapping","unreviewed"
"CC-01115","PF-E02","思考/决策能力","SC-S2-04","房/居住/地点","SC-S1-09","中年多重责任","SC-S3-05","居住/迁移变化","NF-N1-05","安全/信任/可预测","Gate / conditional","N3-02/N3-06","当「思考/决策能力」进入「中年多重责任」的「房/居住/地点」，遇到「居住/迁移变化」时，对重视「安全/信任/可预测」的人意味着什么？","generated_by_constrained_mapping","unreviewed"
"CC-01116","PF-E02","思考/决策能力","SC-S2-04","房/居住/地点","SC-S1-09","中年多重责任","SC-S3-05","居住/迁移变化","NF-N1-12","价值/人生方向/未来一致性","Gate / fit","N3-06/N3-07","当「思考/决策能力」进入「中年多重责任」的「房/居住/地点」，遇到「居住/迁移变化」时，对重视「价值/人生方向/未来一致性」的人意味着什么？","generated_by_constrained_mapping","unreviewed"
"CC-01117","PF-E02","思考/决策能力","SC-S2-06","孩子/生育/教育","SC-S1-05","结婚/建立家庭","SC-S3-06","生育/育儿转折","NF-N1-07","公平/可靠/合作","Conditional / gate","N3-02/N3-03","当「思考/决策能力」进入「结婚/建立家庭」的「孩子/生育/教育」，遇到「生育/育儿转折」时，对重视「公平/可靠/合作」的人意味着什么？","generated_by_constrained_mapping","unreviewed"
"CC-01118","PF-E02","思考/决策能力","SC-S2-06","孩子/生育/教育","SC-S1-05","结婚/建立家庭","SC-S3-06","生育/育儿转折","NF-N1-05","安全/信任/可预测","Gate / conditional","N3-02/N3-06","当「思考/决策能力」进入「结婚/建立家庭」的「孩子/生育/教育」，遇到「生育/育儿转折」时，对重视「安全/信任/可预测」的人意味着什么？","generated_by_constrained_mapping","unreviewed"
"CC-01119","PF-E02","思考/决策能力","SC-S2-06","孩子/生育/教育","SC-S1-05","结婚/建立家庭","SC-S3-06","生育/育儿转折","NF-N1-12","价值/人生方向/未来一致性","Gate / fit","N3-06/N3-07","当「思考/决策能力」进入「结婚/建立家庭」的「孩子/生育/教育」，遇到「生育/育儿转折」时，对重视「价值/人生方向/未来一致性」的人意味着什么？","generated_by_constrained_mapping","unreviewed"
"CC-01120","PF-E02","思考/决策能力","SC-S2-06","孩子/生育/教育","SC-S1-05","结婚/建立家庭","SC-S3-01","工作时间突变","NF-N1-07","公平/可靠/合作","Conditional / gate","N3-02/N3-03","当「思考/决策能力」进入「结婚/建立家庭」的「孩子/生育/教育」，遇到「工作时间突变」时，对重视「公平/可靠/合作」的人意味着什么？","generated_by_constrained_mapping","unreviewed"
"CC-01121","PF-E02","思考/决策能力","SC-S2-06","孩子/生育/教育","SC-S1-05","结婚/建立家庭","SC-S3-01","工作时间突变","NF-N1-05","安全/信任/可预测","Gate / conditional","N3-02/N3-06","当「思考/决策能力」进入「结婚/建立家庭」的「孩子/生育/教育」，遇到「工作时间突变」时，对重视「安全/信任/可预测」的人意味着什么？","generated_by_constrained_mapping","unreviewed"
"CC-01122","PF-E02","思考/决策能力","SC-S2-06","孩子/生育/教育","SC-S1-05","结婚/建立家庭","SC-S3-01","工作时间突变","NF-N1-12","价值/人生方向/未来一致性","Gate / fit","N3-06/N3-07","当「思考/决策能力」进入「结婚/建立家庭」的「孩子/生育/教育」，遇到「工作时间突变」时，对重视「价值/人生方向/未来一致性」的人意味着什么？","generated_by_constrained_mapping","unreviewed"
"CC-01123","PF-E02","思考/决策能力","SC-S2-06","孩子/生育/教育","SC-S1-07","婴幼儿照护","SC-S3-06","生育/育儿转折","NF-N1-07","公平/可靠/合作","Conditional / gate","N3-02/N3-03","当「思考/决策能力」进入「婴幼儿照护」的「孩子/生育/教育」，遇到「生育/育儿转折」时，对重视「公平/可靠/合作」的人意味着什么？","generated_by_constrained_mapping","unreviewed"
"CC-01124","PF-E02","思考/决策能力","SC-S2-06","孩子/生育/教育","SC-S1-07","婴幼儿照护","SC-S3-06","生育/育儿转折","NF-N1-05","安全/信任/可预测","Gate / conditional","N3-02/N3-06","当「思考/决策能力」进入「婴幼儿照护」的「孩子/生育/教育」，遇到「生育/育儿转折」时，对重视「安全/信任/可预测」的人意味着什么？","generated_by_constrained_mapping","unreviewed"
"CC-01125","PF-E02","思考/决策能力","SC-S2-06","孩子/生育/教育","SC-S1-07","婴幼儿照护","SC-S3-06","生育/育儿转折","NF-N1-12","价值/人生方向/未来一致性","Gate / fit","N3-06/N3-07","当「思考/决策能力」进入「婴幼儿照护」的「孩子/生育/教育」，遇到「生育/育儿转折」时，对重视「价值/人生方向/未来一致性」的人意味着什么？","generated_by_constrained_mapping","unreviewed"
"CC-01126","PF-E02","思考/决策能力","SC-S2-06","孩子/生育/教育","SC-S1-07","婴幼儿照护","SC-S3-01","工作时间突变","NF-N1-07","公平/可靠/合作","Conditional / gate","N3-02/N3-03","当「思考/决策能力」进入「婴幼儿照护」的「孩子/生育/教育」，遇到「工作时间突变」时，对重视「公平/可靠/合作」的人意味着什么？","generated_by_constrained_mapping","unreviewed"
"CC-01127","PF-E02","思考/决策能力","SC-S2-06","孩子/生育/教育","SC-S1-07","婴幼儿照护","SC-S3-01","工作时间突变","NF-N1-05","安全/信任/可预测","Gate / conditional","N3-02/N3-06","当「思考/决策能力」进入「婴幼儿照护」的「孩子/生育/教育」，遇到「工作时间突变」时，对重视「安全/信任/可预测」的人意味着什么？","generated_by_constrained_mapping","unreviewed"
"CC-01128","PF-E02","思考/决策能力","SC-S2-06","孩子/生育/教育","SC-S1-07","婴幼儿照护","SC-S3-01","工作时间突变","NF-N1-12","价值/人生方向/未来一致性","Gate / fit","N3-06/N3-07","当「思考/决策能力」进入「婴幼儿照护」的「孩子/生育/教育」，遇到「工作时间突变」时，对重视「价值/人生方向/未来一致性」的人意味着什么？","generated_by_constrained_mapping","unreviewed"
"CC-01129","PF-E02","思考/决策能力","SC-S2-06","孩子/生育/教育","SC-S1-08","孩子成长/教育","SC-S3-06","生育/育儿转折","NF-N1-07","公平/可靠/合作","Conditional / gate","N3-02/N3-03","当「思考/决策能力」进入「孩子成长/教育」的「孩子/生育/教育」，遇到「生育/育儿转折」时，对重视「公平/可靠/合作」的人意味着什么？","generated_by_constrained_mapping","unreviewed"
"CC-01130","PF-E02","思考/决策能力","SC-S2-06","孩子/生育/教育","SC-S1-08","孩子成长/教育","SC-S3-06","生育/育儿转折","NF-N1-05","安全/信任/可预测","Gate / conditional","N3-02/N3-06","当「思考/决策能力」进入「孩子成长/教育」的「孩子/生育/教育」，遇到「生育/育儿转折」时，对重视「安全/信任/可预测」的人意味着什么？","generated_by_constrained_mapping","unreviewed"
"CC-01131","PF-E02","思考/决策能力","SC-S2-06","孩子/生育/教育","SC-S1-08","孩子成长/教育","SC-S3-06","生育/育儿转折","NF-N1-12","价值/人生方向/未来一致性","Gate / fit","N3-06/N3-07","当「思考/决策能力」进入「孩子成长/教育」的「孩子/生育/教育」，遇到「生育/育儿转折」时，对重视「价值/人生方向/未来一致性」的人意味着什么？","generated_by_constrained_mapping","unreviewed"
"CC-01132","PF-E02","思考/决策能力","SC-S2-06","孩子/生育/教育","SC-S1-08","孩子成长/教育","SC-S3-01","工作时间突变","NF-N1-07","公平/可靠/合作","Conditional / gate","N3-02/N3-03","当「思考/决策能力」进入「孩子成长/教育」的「孩子/生育/教育」，遇到「工作时间突变」时，对重视「公平/可靠/合作」的人意味着什么？","generated_by_constrained_mapping","unreviewed"
"CC-01133","PF-E02","思考/决策能力","SC-S2-06","孩子/生育/教育","SC-S1-08","孩子成长/教育","SC-S3-01","工作时间突变","NF-N1-05","安全/信任/可预测","Gate / conditional","N3-02/N3-06","当「思考/决策能力」进入「孩子成长/教育」的「孩子/生育/教育」，遇到「工作时间突变」时，对重视「安全/信任/可预测」的人意味着什么？","generated_by_constrained_mapping","unreviewed"
"CC-01134","PF-E02","思考/决策能力","SC-S2-06","孩子/生育/教育","SC-S1-08","孩子成长/教育","SC-S3-01","工作时间突变","NF-N1-12","价值/人生方向/未来一致性","Gate / fit","N3-06/N3-07","当「思考/决策能力」进入「孩子成长/教育」的「孩子/生育/教育」，遇到「工作时间突变」时，对重视「价值/人生方向/未来一致性」的人意味着什么？","generated_by_constrained_mapping","unreviewed"
"CC-01135","PF-E03","情绪调节能力","SC-S2-01","日常作息与生活管理","SC-S1-02","恋爱/磨合","SC-S3-01","工作时间突变","NF-N1-03","被理解/被回应/被关心","Gate or conditional","N3-01","当「情绪调节能力」进入「恋爱/磨合」的「日常作息与生活管理」，遇到「工作时间突变」时，对重视「被理解/被回应/被关心」的人意味着什么？","generated_by_constrained_mapping","unreviewed"
"CC-01136","PF-E03","情绪调节能力","SC-S2-01","日常作息与生活管理","SC-S1-02","恋爱/磨合","SC-S3-01","工作时间突变","NF-N1-05","安全/信任/可预测","Gate / conditional","N3-02/N3-06","当「情绪调节能力」进入「恋爱/磨合」的「日常作息与生活管理」，遇到「工作时间突变」时，对重视「安全/信任/可预测」的人意味着什么？","generated_by_constrained_mapping","unreviewed"
"CC-01137","PF-E03","情绪调节能力","SC-S2-01","日常作息与生活管理","SC-S1-02","恋爱/磨合","SC-S3-01","工作时间突变","NF-N1-07","公平/可靠/合作","Conditional / gate","N3-02/N3-03","当「情绪调节能力」进入「恋爱/磨合」的「日常作息与生活管理」，遇到「工作时间突变」时，对重视「公平/可靠/合作」的人意味着什么？","generated_by_constrained_mapping","unreviewed"
"CC-01138","PF-E03","情绪调节能力","SC-S2-01","日常作息与生活管理","SC-S1-02","恋爱/磨合","SC-S3-10","反复小问题累积","NF-N1-03","被理解/被回应/被关心","Gate or conditional","N3-01","当「情绪调节能力」进入「恋爱/磨合」的「日常作息与生活管理」，遇到「反复小问题累积」时，对重视「被理解/被回应/被关心」的人意味着什么？","generated_by_constrained_mapping","unreviewed"
"CC-01139","PF-E03","情绪调节能力","SC-S2-01","日常作息与生活管理","SC-S1-02","恋爱/磨合","SC-S3-10","反复小问题累积","NF-N1-05","安全/信任/可预测","Gate / conditional","N3-02/N3-06","当「情绪调节能力」进入「恋爱/磨合」的「日常作息与生活管理」，遇到「反复小问题累积」时，对重视「安全/信任/可预测」的人意味着什么？","generated_by_constrained_mapping","unreviewed"
"CC-01140","PF-E03","情绪调节能力","SC-S2-01","日常作息与生活管理","SC-S1-02","恋爱/磨合","SC-S3-10","反复小问题累积","NF-N1-07","公平/可靠/合作","Conditional / gate","N3-02/N3-03","当「情绪调节能力」进入「恋爱/磨合」的「日常作息与生活管理」，遇到「反复小问题累积」时，对重视「公平/可靠/合作」的人意味着什么？","generated_by_constrained_mapping","unreviewed"
"CC-01141","PF-E03","情绪调节能力","SC-S2-01","日常作息与生活管理","SC-S1-04","同居/婚前","SC-S3-01","工作时间突变","NF-N1-03","被理解/被回应/被关心","Gate or conditional","N3-01","当「情绪调节能力」进入「同居/婚前」的「日常作息与生活管理」，遇到「工作时间突变」时，对重视「被理解/被回应/被关心」的人意味着什么？","generated_by_constrained_mapping","unreviewed"
"CC-01142","PF-E03","情绪调节能力","SC-S2-01","日常作息与生活管理","SC-S1-04","同居/婚前","SC-S3-01","工作时间突变","NF-N1-05","安全/信任/可预测","Gate / conditional","N3-02/N3-06","当「情绪调节能力」进入「同居/婚前」的「日常作息与生活管理」，遇到「工作时间突变」时，对重视「安全/信任/可预测」的人意味着什么？","generated_by_constrained_mapping","unreviewed"
"CC-01143","PF-E03","情绪调节能力","SC-S2-01","日常作息与生活管理","SC-S1-04","同居/婚前","SC-S3-01","工作时间突变","NF-N1-07","公平/可靠/合作","Conditional / gate","N3-02/N3-03","当「情绪调节能力」进入「同居/婚前」的「日常作息与生活管理」，遇到「工作时间突变」时，对重视「公平/可靠/合作」的人意味着什么？","generated_by_constrained_mapping","unreviewed"
"CC-01144","PF-E03","情绪调节能力","SC-S2-01","日常作息与生活管理","SC-S1-04","同居/婚前","SC-S3-10","反复小问题累积","NF-N1-03","被理解/被回应/被关心","Gate or conditional","N3-01","当「情绪调节能力」进入「同居/婚前」的「日常作息与生活管理」，遇到「反复小问题累积」时，对重视「被理解/被回应/被关心」的人意味着什么？","generated_by_constrained_mapping","unreviewed"
"CC-01145","PF-E03","情绪调节能力","SC-S2-01","日常作息与生活管理","SC-S1-04","同居/婚前","SC-S3-10","反复小问题累积","NF-N1-05","安全/信任/可预测","Gate / conditional","N3-02/N3-06","当「情绪调节能力」进入「同居/婚前」的「日常作息与生活管理」，遇到「反复小问题累积」时，对重视「安全/信任/可预测」的人意味着什么？","generated_by_constrained_mapping","unreviewed"
"CC-01146","PF-E03","情绪调节能力","SC-S2-01","日常作息与生活管理","SC-S1-04","同居/婚前","SC-S3-10","反复小问题累积","NF-N1-07","公平/可靠/合作","Conditional / gate","N3-02/N3-03","当「情绪调节能力」进入「同居/婚前」的「日常作息与生活管理」，遇到「反复小问题累积」时，对重视「公平/可靠/合作」的人意味着什么？","generated_by_constrained_mapping","unreviewed"
"CC-01147","PF-E03","情绪调节能力","SC-S2-01","日常作息与生活管理","SC-S1-07","婴幼儿照护","SC-S3-01","工作时间突变","NF-N1-03","被理解/被回应/被关心","Gate or conditional","N3-01","当「情绪调节能力」进入「婴幼儿照护」的「日常作息与生活管理」，遇到「工作时间突变」时，对重视「被理解/被回应/被关心」的人意味着什么？","generated_by_constrained_mapping","unreviewed"
"CC-01148","PF-E03","情绪调节能力","SC-S2-01","日常作息与生活管理","SC-S1-07","婴幼儿照护","SC-S3-01","工作时间突变","NF-N1-05","安全/信任/可预测","Gate / conditional","N3-02/N3-06","当「情绪调节能力」进入「婴幼儿照护」的「日常作息与生活管理」，遇到「工作时间突变」时，对重视「安全/信任/可预测」的人意味着什么？","generated_by_constrained_mapping","unreviewed"
"CC-01149","PF-E03","情绪调节能力","SC-S2-01","日常作息与生活管理","SC-S1-07","婴幼儿照护","SC-S3-01","工作时间突变","NF-N1-07","公平/可靠/合作","Conditional / gate","N3-02/N3-03","当「情绪调节能力」进入「婴幼儿照护」的「日常作息与生活管理」，遇到「工作时间突变」时，对重视「公平/可靠/合作」的人意味着什么？","generated_by_constrained_mapping","unreviewed"
"CC-01150","PF-E03","情绪调节能力","SC-S2-01","日常作息与生活管理","SC-S1-07","婴幼儿照护","SC-S3-10","反复小问题累积","NF-N1-03","被理解/被回应/被关心","Gate or conditional","N3-01","当「情绪调节能力」进入「婴幼儿照护」的「日常作息与生活管理」，遇到「反复小问题累积」时，对重视「被理解/被回应/被关心」的人意味着什么？","generated_by_constrained_mapping","unreviewed"
"CC-01151","PF-E03","情绪调节能力","SC-S2-01","日常作息与生活管理","SC-S1-07","婴幼儿照护","SC-S3-10","反复小问题累积","NF-N1-05","安全/信任/可预测","Gate / conditional","N3-02/N3-06","当「情绪调节能力」进入「婴幼儿照护」的「日常作息与生活管理」，遇到「反复小问题累积」时，对重视「安全/信任/可预测」的人意味着什么？","generated_by_constrained_mapping","unreviewed"
"CC-01152","PF-E03","情绪调节能力","SC-S2-01","日常作息与生活管理","SC-S1-07","婴幼儿照护","SC-S3-10","反复小问题累积","NF-N1-07","公平/可靠/合作","Conditional / gate","N3-02/N3-03","当「情绪调节能力」进入「婴幼儿照护」的「日常作息与生活管理」，遇到「反复小问题累积」时，对重视「公平/可靠/合作」的人意味着什么？","generated_by_constrained_mapping","unreviewed"
"CC-01153","PF-E03","情绪调节能力","SC-S2-07","双方父母/原生家庭","SC-S1-05","结婚/建立家庭","SC-S3-07","父母责任变化","NF-N1-03","被理解/被回应/被关心","Gate or conditional","N3-01","当「情绪调节能力」进入「结婚/建立家庭」的「双方父母/原生家庭」，遇到「父母责任变化」时，对重视「被理解/被回应/被关心」的人意味着什么？","generated_by_constrained_mapping","unreviewed"
"CC-01154","PF-E03","情绪调节能力","SC-S2-07","双方父母/原生家庭","SC-S1-05","结婚/建立家庭","SC-S3-07","父母责任变化","NF-N1-05","安全/信任/可预测","Gate / conditional","N3-02/N3-06","当「情绪调节能力」进入「结婚/建立家庭」的「双方父母/原生家庭」，遇到「父母责任变化」时，对重视「安全/信任/可预测」的人意味着什么？","generated_by_constrained_mapping","unreviewed"
"CC-01155","PF-E03","情绪调节能力","SC-S2-07","双方父母/原生家庭","SC-S1-05","结婚/建立家庭","SC-S3-07","父母责任变化","NF-N1-07","公平/可靠/合作","Conditional / gate","N3-02/N3-03","当「情绪调节能力」进入「结婚/建立家庭」的「双方父母/原生家庭」，遇到「父母责任变化」时，对重视「公平/可靠/合作」的人意味着什么？","generated_by_constrained_mapping","unreviewed"
"CC-01156","PF-E03","情绪调节能力","SC-S2-07","双方父母/原生家庭","SC-S1-05","结婚/建立家庭","SC-S3-05","居住/迁移变化","NF-N1-03","被理解/被回应/被关心","Gate or conditional","N3-01","当「情绪调节能力」进入「结婚/建立家庭」的「双方父母/原生家庭」，遇到「居住/迁移变化」时，对重视「被理解/被回应/被关心」的人意味着什么？","generated_by_constrained_mapping","unreviewed"
"CC-01157","PF-E03","情绪调节能力","SC-S2-07","双方父母/原生家庭","SC-S1-05","结婚/建立家庭","SC-S3-05","居住/迁移变化","NF-N1-05","安全/信任/可预测","Gate / conditional","N3-02/N3-06","当「情绪调节能力」进入「结婚/建立家庭」的「双方父母/原生家庭」，遇到「居住/迁移变化」时，对重视「安全/信任/可预测」的人意味着什么？","generated_by_constrained_mapping","unreviewed"
"CC-01158","PF-E03","情绪调节能力","SC-S2-07","双方父母/原生家庭","SC-S1-05","结婚/建立家庭","SC-S3-05","居住/迁移变化","NF-N1-07","公平/可靠/合作","Conditional / gate","N3-02/N3-03","当「情绪调节能力」进入「结婚/建立家庭」的「双方父母/原生家庭」，遇到「居住/迁移变化」时，对重视「公平/可靠/合作」的人意味着什么？","generated_by_constrained_mapping","unreviewed"
"CC-01159","PF-E03","情绪调节能力","SC-S2-07","双方父母/原生家庭","SC-S1-07","婴幼儿照护","SC-S3-07","父母责任变化","NF-N1-03","被理解/被回应/被关心","Gate or conditional","N3-01","当「情绪调节能力」进入「婴幼儿照护」的「双方父母/原生家庭」，遇到「父母责任变化」时，对重视「被理解/被回应/被关心」的人意味着什么？","generated_by_constrained_mapping","unreviewed"
"CC-01160","PF-E03","情绪调节能力","SC-S2-07","双方父母/原生家庭","SC-S1-07","婴幼儿照护","SC-S3-07","父母责任变化","NF-N1-05","安全/信任/可预测","Gate / conditional","N3-02/N3-06","当「情绪调节能力」进入「婴幼儿照护」的「双方父母/原生家庭」，遇到「父母责任变化」时，对重视「安全/信任/可预测」的人意味着什么？","generated_by_constrained_mapping","unreviewed"
"CC-01161","PF-E03","情绪调节能力","SC-S2-07","双方父母/原生家庭","SC-S1-07","婴幼儿照护","SC-S3-07","父母责任变化","NF-N1-07","公平/可靠/合作","Conditional / gate","N3-02/N3-03","当「情绪调节能力」进入「婴幼儿照护」的「双方父母/原生家庭」，遇到「父母责任变化」时，对重视「公平/可靠/合作」的人意味着什么？","generated_by_constrained_mapping","unreviewed"
"CC-01162","PF-E03","情绪调节能力","SC-S2-07","双方父母/原生家庭","SC-S1-07","婴幼儿照护","SC-S3-05","居住/迁移变化","NF-N1-03","被理解/被回应/被关心","Gate or conditional","N3-01","当「情绪调节能力」进入「婴幼儿照护」的「双方父母/原生家庭」，遇到「居住/迁移变化」时，对重视「被理解/被回应/被关心」的人意味着什么？","generated_by_constrained_mapping","unreviewed"
"CC-01163","PF-E03","情绪调节能力","SC-S2-07","双方父母/原生家庭","SC-S1-07","婴幼儿照护","SC-S3-05","居住/迁移变化","NF-N1-05","安全/信任/可预测","Gate / conditional","N3-02/N3-06","当「情绪调节能力」进入「婴幼儿照护」的「双方父母/原生家庭」，遇到「居住/迁移变化」时，对重视「安全/信任/可预测」的人意味着什么？","generated_by_constrained_mapping","unreviewed"
"CC-01164","PF-E03","情绪调节能力","SC-S2-07","双方父母/原生家庭","SC-S1-07","婴幼儿照护","SC-S3-05","居住/迁移变化","NF-N1-07","公平/可靠/合作","Conditional / gate","N3-02/N3-03","当「情绪调节能力」进入「婴幼儿照护」的「双方父母/原生家庭」，遇到「居住/迁移变化」时，对重视「公平/可靠/合作」的人意味着什么？","generated_by_constrained_mapping","unreviewed"
"CC-01165","PF-E03","情绪调节能力","SC-S2-07","双方父母/原生家庭","SC-S1-09","中年多重责任","SC-S3-07","父母责任变化","NF-N1-03","被理解/被回应/被关心","Gate or conditional","N3-01","当「情绪调节能力」进入「中年多重责任」的「双方父母/原生家庭」，遇到「父母责任变化」时，对重视「被理解/被回应/被关心」的人意味着什么？","generated_by_constrained_mapping","unreviewed"
"CC-01166","PF-E03","情绪调节能力","SC-S2-07","双方父母/原生家庭","SC-S1-09","中年多重责任","SC-S3-07","父母责任变化","NF-N1-05","安全/信任/可预测","Gate / conditional","N3-02/N3-06","当「情绪调节能力」进入「中年多重责任」的「双方父母/原生家庭」，遇到「父母责任变化」时，对重视「安全/信任/可预测」的人意味着什么？","generated_by_constrained_mapping","unreviewed"
"CC-01167","PF-E03","情绪调节能力","SC-S2-07","双方父母/原生家庭","SC-S1-09","中年多重责任","SC-S3-07","父母责任变化","NF-N1-07","公平/可靠/合作","Conditional / gate","N3-02/N3-03","当「情绪调节能力」进入「中年多重责任」的「双方父母/原生家庭」，遇到「父母责任变化」时，对重视「公平/可靠/合作」的人意味着什么？","generated_by_constrained_mapping","unreviewed"
"CC-01168","PF-E03","情绪调节能力","SC-S2-07","双方父母/原生家庭","SC-S1-09","中年多重责任","SC-S3-05","居住/迁移变化","NF-N1-03","被理解/被回应/被关心","Gate or conditional","N3-01","当「情绪调节能力」进入「中年多重责任」的「双方父母/原生家庭」，遇到「居住/迁移变化」时，对重视「被理解/被回应/被关心」的人意味着什么？","generated_by_constrained_mapping","unreviewed"
"CC-01169","PF-E03","情绪调节能力","SC-S2-07","双方父母/原生家庭","SC-S1-09","中年多重责任","SC-S3-05","居住/迁移变化","NF-N1-05","安全/信任/可预测","Gate / conditional","N3-02/N3-06","当「情绪调节能力」进入「中年多重责任」的「双方父母/原生家庭」，遇到「居住/迁移变化」时，对重视「安全/信任/可预测」的人意味着什么？","generated_by_constrained_mapping","unreviewed"
"CC-01170","PF-E03","情绪调节能力","SC-S2-07","双方父母/原生家庭","SC-S1-09","中年多重责任","SC-S3-05","居住/迁移变化","NF-N1-07","公平/可靠/合作","Conditional / gate","N3-02/N3-03","当「情绪调节能力」进入「中年多重责任」的「双方父母/原生家庭」，遇到「居住/迁移变化」时，对重视「公平/可靠/合作」的人意味着什么？","generated_by_constrained_mapping","unreviewed"
"CC-01171","PF-E03","情绪调节能力","SC-S2-11","健康/疾病/照护","SC-S1-03","稳定交往","SC-S3-08","本人健康变化","NF-N1-03","被理解/被回应/被关心","Gate or conditional","N3-01","当「情绪调节能力」进入「稳定交往」的「健康/疾病/照护」，遇到「本人健康变化」时，对重视「被理解/被回应/被关心」的人意味着什么？","generated_by_constrained_mapping","unreviewed"
"CC-01172","PF-E03","情绪调节能力","SC-S2-11","健康/疾病/照护","SC-S1-03","稳定交往","SC-S3-08","本人健康变化","NF-N1-05","安全/信任/可预测","Gate / conditional","N3-02/N3-06","当「情绪调节能力」进入「稳定交往」的「健康/疾病/照护」，遇到「本人健康变化」时，对重视「安全/信任/可预测」的人意味着什么？","generated_by_constrained_mapping","unreviewed"
"CC-01173","PF-E03","情绪调节能力","SC-S2-11","健康/疾病/照护","SC-S1-03","稳定交往","SC-S3-08","本人健康变化","NF-N1-07","公平/可靠/合作","Conditional / gate","N3-02/N3-03","当「情绪调节能力」进入「稳定交往」的「健康/疾病/照护」，遇到「本人健康变化」时，对重视「公平/可靠/合作」的人意味着什么？","generated_by_constrained_mapping","unreviewed"
"CC-01174","PF-E03","情绪调节能力","SC-S2-11","健康/疾病/照护","SC-S1-03","稳定交往","SC-S3-07","父母责任变化","NF-N1-03","被理解/被回应/被关心","Gate or conditional","N3-01","当「情绪调节能力」进入「稳定交往」的「健康/疾病/照护」，遇到「父母责任变化」时，对重视「被理解/被回应/被关心」的人意味着什么？","generated_by_constrained_mapping","unreviewed"
"CC-01175","PF-E03","情绪调节能力","SC-S2-11","健康/疾病/照护","SC-S1-03","稳定交往","SC-S3-07","父母责任变化","NF-N1-05","安全/信任/可预测","Gate / conditional","N3-02/N3-06","当「情绪调节能力」进入「稳定交往」的「健康/疾病/照护」，遇到「父母责任变化」时，对重视「安全/信任/可预测」的人意味着什么？","generated_by_constrained_mapping","unreviewed"
"CC-01176","PF-E03","情绪调节能力","SC-S2-11","健康/疾病/照护","SC-S1-03","稳定交往","SC-S3-07","父母责任变化","NF-N1-07","公平/可靠/合作","Conditional / gate","N3-02/N3-03","当「情绪调节能力」进入「稳定交往」的「健康/疾病/照护」，遇到「父母责任变化」时，对重视「公平/可靠/合作」的人意味着什么？","generated_by_constrained_mapping","unreviewed"
"CC-01177","PF-E03","情绪调节能力","SC-S2-11","健康/疾病/照护","SC-S1-07","婴幼儿照护","SC-S3-08","本人健康变化","NF-N1-03","被理解/被回应/被关心","Gate or conditional","N3-01","当「情绪调节能力」进入「婴幼儿照护」的「健康/疾病/照护」，遇到「本人健康变化」时，对重视「被理解/被回应/被关心」的人意味着什么？","generated_by_constrained_mapping","unreviewed"
"CC-01178","PF-E03","情绪调节能力","SC-S2-11","健康/疾病/照护","SC-S1-07","婴幼儿照护","SC-S3-08","本人健康变化","NF-N1-05","安全/信任/可预测","Gate / conditional","N3-02/N3-06","当「情绪调节能力」进入「婴幼儿照护」的「健康/疾病/照护」，遇到「本人健康变化」时，对重视「安全/信任/可预测」的人意味着什么？","generated_by_constrained_mapping","unreviewed"
"CC-01179","PF-E03","情绪调节能力","SC-S2-11","健康/疾病/照护","SC-S1-07","婴幼儿照护","SC-S3-08","本人健康变化","NF-N1-07","公平/可靠/合作","Conditional / gate","N3-02/N3-03","当「情绪调节能力」进入「婴幼儿照护」的「健康/疾病/照护」，遇到「本人健康变化」时，对重视「公平/可靠/合作」的人意味着什么？","generated_by_constrained_mapping","unreviewed"
"CC-01180","PF-E03","情绪调节能力","SC-S2-11","健康/疾病/照护","SC-S1-07","婴幼儿照护","SC-S3-07","父母责任变化","NF-N1-03","被理解/被回应/被关心","Gate or conditional","N3-01","当「情绪调节能力」进入「婴幼儿照护」的「健康/疾病/照护」，遇到「父母责任变化」时，对重视「被理解/被回应/被关心」的人意味着什么？","generated_by_constrained_mapping","unreviewed"
"CC-01181","PF-E03","情绪调节能力","SC-S2-11","健康/疾病/照护","SC-S1-07","婴幼儿照护","SC-S3-07","父母责任变化","NF-N1-05","安全/信任/可预测","Gate / conditional","N3-02/N3-06","当「情绪调节能力」进入「婴幼儿照护」的「健康/疾病/照护」，遇到「父母责任变化」时，对重视「安全/信任/可预测」的人意味着什么？","generated_by_constrained_mapping","unreviewed"
"CC-01182","PF-E03","情绪调节能力","SC-S2-11","健康/疾病/照护","SC-S1-07","婴幼儿照护","SC-S3-07","父母责任变化","NF-N1-07","公平/可靠/合作","Conditional / gate","N3-02/N3-03","当「情绪调节能力」进入「婴幼儿照护」的「健康/疾病/照护」，遇到「父母责任变化」时，对重视「公平/可靠/合作」的人意味着什么？","generated_by_constrained_mapping","unreviewed"
"CC-01183","PF-E03","情绪调节能力","SC-S2-11","健康/疾病/照护","SC-S1-10","退休/老年/长期照护","SC-S3-08","本人健康变化","NF-N1-03","被理解/被回应/被关心","Gate or conditional","N3-01","当「情绪调节能力」进入「退休/老年/长期照护」的「健康/疾病/照护」，遇到「本人健康变化」时，对重视「被理解/被回应/被关心」的人意味着什么？","generated_by_constrained_mapping","unreviewed"
"CC-01184","PF-E03","情绪调节能力","SC-S2-11","健康/疾病/照护","SC-S1-10","退休/老年/长期照护","SC-S3-08","本人健康变化","NF-N1-05","安全/信任/可预测","Gate / conditional","N3-02/N3-06","当「情绪调节能力」进入「退休/老年/长期照护」的「健康/疾病/照护」，遇到「本人健康变化」时，对重视「安全/信任/可预测」的人意味着什么？","generated_by_constrained_mapping","unreviewed"
"CC-01185","PF-E03","情绪调节能力","SC-S2-11","健康/疾病/照护","SC-S1-10","退休/老年/长期照护","SC-S3-08","本人健康变化","NF-N1-07","公平/可靠/合作","Conditional / gate","N3-02/N3-03","当「情绪调节能力」进入「退休/老年/长期照护」的「健康/疾病/照护」，遇到「本人健康变化」时，对重视「公平/可靠/合作」的人意味着什么？","generated_by_constrained_mapping","unreviewed"
"CC-01186","PF-E03","情绪调节能力","SC-S2-11","健康/疾病/照护","SC-S1-10","退休/老年/长期照护","SC-S3-07","父母责任变化","NF-N1-03","被理解/被回应/被关心","Gate or conditional","N3-01","当「情绪调节能力」进入「退休/老年/长期照护」的「健康/疾病/照护」，遇到「父母责任变化」时，对重视「被理解/被回应/被关心」的人意味着什么？","generated_by_constrained_mapping","unreviewed"
"CC-01187","PF-E03","情绪调节能力","SC-S2-11","健康/疾病/照护","SC-S1-10","退休/老年/长期照护","SC-S3-07","父母责任变化","NF-N1-05","安全/信任/可预测","Gate / conditional","N3-02/N3-06","当「情绪调节能力」进入「退休/老年/长期照护」的「健康/疾病/照护」，遇到「父母责任变化」时，对重视「安全/信任/可预测」的人意味着什么？","generated_by_constrained_mapping","unreviewed"
"CC-01188","PF-E03","情绪调节能力","SC-S2-11","健康/疾病/照护","SC-S1-10","退休/老年/长期照护","SC-S3-07","父母责任变化","NF-N1-07","公平/可靠/合作","Conditional / gate","N3-02/N3-03","当「情绪调节能力」进入「退休/老年/长期照护」的「健康/疾病/照护」，遇到「父母责任变化」时，对重视「公平/可靠/合作」的人意味着什么？","generated_by_constrained_mapping","unreviewed"
"CC-01189","PF-E04","沟通/共情能力","SC-S2-01","日常作息与生活管理","SC-S1-02","恋爱/磨合","SC-S3-01","工作时间突变","NF-N1-03","被理解/被回应/被关心","Gate or conditional","N3-01","当「沟通/共情能力」进入「恋爱/磨合」的「日常作息与生活管理」，遇到「工作时间突变」时，对重视「被理解/被回应/被关心」的人意味着什么？","generated_by_constrained_mapping","unreviewed"
"CC-01190","PF-E04","沟通/共情能力","SC-S2-01","日常作息与生活管理","SC-S1-02","恋爱/磨合","SC-S3-01","工作时间突变","NF-N1-05","安全/信任/可预测","Gate / conditional","N3-02/N3-06","当「沟通/共情能力」进入「恋爱/磨合」的「日常作息与生活管理」，遇到「工作时间突变」时，对重视「安全/信任/可预测」的人意味着什么？","generated_by_constrained_mapping","unreviewed"
"CC-01191","PF-E04","沟通/共情能力","SC-S2-01","日常作息与生活管理","SC-S1-02","恋爱/磨合","SC-S3-01","工作时间突变","NF-N1-10","性/身体亲密","Gate / fit","N3-10","当「沟通/共情能力」进入「恋爱/磨合」的「日常作息与生活管理」，遇到「工作时间突变」时，对重视「性/身体亲密」的人意味着什么？","generated_by_constrained_mapping","unreviewed"
"CC-01192","PF-E04","沟通/共情能力","SC-S2-01","日常作息与生活管理","SC-S1-02","恋爱/磨合","SC-S3-10","反复小问题累积","NF-N1-03","被理解/被回应/被关心","Gate or conditional","N3-01","当「沟通/共情能力」进入「恋爱/磨合」的「日常作息与生活管理」，遇到「反复小问题累积」时，对重视「被理解/被回应/被关心」的人意味着什么？","generated_by_constrained_mapping","unreviewed"
"CC-01193","PF-E04","沟通/共情能力","SC-S2-01","日常作息与生活管理","SC-S1-02","恋爱/磨合","SC-S3-10","反复小问题累积","NF-N1-05","安全/信任/可预测","Gate / conditional","N3-02/N3-06","当「沟通/共情能力」进入「恋爱/磨合」的「日常作息与生活管理」，遇到「反复小问题累积」时，对重视「安全/信任/可预测」的人意味着什么？","generated_by_constrained_mapping","unreviewed"
"CC-01194","PF-E04","沟通/共情能力","SC-S2-01","日常作息与生活管理","SC-S1-02","恋爱/磨合","SC-S3-10","反复小问题累积","NF-N1-10","性/身体亲密","Gate / fit","N3-10","当「沟通/共情能力」进入「恋爱/磨合」的「日常作息与生活管理」，遇到「反复小问题累积」时，对重视「性/身体亲密」的人意味着什么？","generated_by_constrained_mapping","unreviewed"
"CC-01195","PF-E04","沟通/共情能力","SC-S2-01","日常作息与生活管理","SC-S1-04","同居/婚前","SC-S3-01","工作时间突变","NF-N1-03","被理解/被回应/被关心","Gate or conditional","N3-01","当「沟通/共情能力」进入「同居/婚前」的「日常作息与生活管理」，遇到「工作时间突变」时，对重视「被理解/被回应/被关心」的人意味着什么？","generated_by_constrained_mapping","unreviewed"
"CC-01196","PF-E04","沟通/共情能力","SC-S2-01","日常作息与生活管理","SC-S1-04","同居/婚前","SC-S3-01","工作时间突变","NF-N1-05","安全/信任/可预测","Gate / conditional","N3-02/N3-06","当「沟通/共情能力」进入「同居/婚前」的「日常作息与生活管理」，遇到「工作时间突变」时，对重视「安全/信任/可预测」的人意味着什么？","generated_by_constrained_mapping","unreviewed"
"CC-01197","PF-E04","沟通/共情能力","SC-S2-01","日常作息与生活管理","SC-S1-04","同居/婚前","SC-S3-01","工作时间突变","NF-N1-10","性/身体亲密","Gate / fit","N3-10","当「沟通/共情能力」进入「同居/婚前」的「日常作息与生活管理」，遇到「工作时间突变」时，对重视「性/身体亲密」的人意味着什么？","generated_by_constrained_mapping","unreviewed"
"CC-01198","PF-E04","沟通/共情能力","SC-S2-01","日常作息与生活管理","SC-S1-04","同居/婚前","SC-S3-10","反复小问题累积","NF-N1-03","被理解/被回应/被关心","Gate or conditional","N3-01","当「沟通/共情能力」进入「同居/婚前」的「日常作息与生活管理」，遇到「反复小问题累积」时，对重视「被理解/被回应/被关心」的人意味着什么？","generated_by_constrained_mapping","unreviewed"
"CC-01199","PF-E04","沟通/共情能力","SC-S2-01","日常作息与生活管理","SC-S1-04","同居/婚前","SC-S3-10","反复小问题累积","NF-N1-05","安全/信任/可预测","Gate / conditional","N3-02/N3-06","当「沟通/共情能力」进入「同居/婚前」的「日常作息与生活管理」，遇到「反复小问题累积」时，对重视「安全/信任/可预测」的人意味着什么？","generated_by_constrained_mapping","unreviewed"
"CC-01200","PF-E04","沟通/共情能力","SC-S2-01","日常作息与生活管理","SC-S1-04","同居/婚前","SC-S3-10","反复小问题累积","NF-N1-10","性/身体亲密","Gate / fit","N3-10","当「沟通/共情能力」进入「同居/婚前」的「日常作息与生活管理」，遇到「反复小问题累积」时，对重视「性/身体亲密」的人意味着什么？","generated_by_constrained_mapping","unreviewed"
"CC-01201","PF-E04","沟通/共情能力","SC-S2-01","日常作息与生活管理","SC-S1-07","婴幼儿照护","SC-S3-01","工作时间突变","NF-N1-03","被理解/被回应/被关心","Gate or conditional","N3-01","当「沟通/共情能力」进入「婴幼儿照护」的「日常作息与生活管理」，遇到「工作时间突变」时，对重视「被理解/被回应/被关心」的人意味着什么？","generated_by_constrained_mapping","unreviewed"
"CC-01202","PF-E04","沟通/共情能力","SC-S2-01","日常作息与生活管理","SC-S1-07","婴幼儿照护","SC-S3-01","工作时间突变","NF-N1-05","安全/信任/可预测","Gate / conditional","N3-02/N3-06","当「沟通/共情能力」进入「婴幼儿照护」的「日常作息与生活管理」，遇到「工作时间突变」时，对重视「安全/信任/可预测」的人意味着什么？","generated_by_constrained_mapping","unreviewed"
"CC-01203","PF-E04","沟通/共情能力","SC-S2-01","日常作息与生活管理","SC-S1-07","婴幼儿照护","SC-S3-01","工作时间突变","NF-N1-10","性/身体亲密","Gate / fit","N3-10","当「沟通/共情能力」进入「婴幼儿照护」的「日常作息与生活管理」，遇到「工作时间突变」时，对重视「性/身体亲密」的人意味着什么？","generated_by_constrained_mapping","unreviewed"
"CC-01204","PF-E04","沟通/共情能力","SC-S2-01","日常作息与生活管理","SC-S1-07","婴幼儿照护","SC-S3-10","反复小问题累积","NF-N1-03","被理解/被回应/被关心","Gate or conditional","N3-01","当「沟通/共情能力」进入「婴幼儿照护」的「日常作息与生活管理」，遇到「反复小问题累积」时，对重视「被理解/被回应/被关心」的人意味着什么？","generated_by_constrained_mapping","unreviewed"
"CC-01205","PF-E04","沟通/共情能力","SC-S2-01","日常作息与生活管理","SC-S1-07","婴幼儿照护","SC-S3-10","反复小问题累积","NF-N1-05","安全/信任/可预测","Gate / conditional","N3-02/N3-06","当「沟通/共情能力」进入「婴幼儿照护」的「日常作息与生活管理」，遇到「反复小问题累积」时，对重视「安全/信任/可预测」的人意味着什么？","generated_by_constrained_mapping","unreviewed"
"CC-01206","PF-E04","沟通/共情能力","SC-S2-01","日常作息与生活管理","SC-S1-07","婴幼儿照护","SC-S3-10","反复小问题累积","NF-N1-10","性/身体亲密","Gate / fit","N3-10","当「沟通/共情能力」进入「婴幼儿照护」的「日常作息与生活管理」，遇到「反复小问题累积」时，对重视「性/身体亲密」的人意味着什么？","generated_by_constrained_mapping","unreviewed"
"CC-01207","PF-E04","沟通/共情能力","SC-S2-03","钱/财务","SC-S1-03","稳定交往","SC-S3-03","失业/收入下降","NF-N1-03","被理解/被回应/被关心","Gate or conditional","N3-01","当「沟通/共情能力」进入「稳定交往」的「钱/财务」，遇到「失业/收入下降」时，对重视「被理解/被回应/被关心」的人意味着什么？","generated_by_constrained_mapping","unreviewed"
"CC-01208","PF-E04","沟通/共情能力","SC-S2-03","钱/财务","SC-S1-03","稳定交往","SC-S3-03","失业/收入下降","NF-N1-05","安全/信任/可预测","Gate / conditional","N3-02/N3-06","当「沟通/共情能力」进入「稳定交往」的「钱/财务」，遇到「失业/收入下降」时，对重视「安全/信任/可预测」的人意味着什么？","generated_by_constrained_mapping","unreviewed"
"CC-01209","PF-E04","沟通/共情能力","SC-S2-03","钱/财务","SC-S1-03","稳定交往","SC-S3-03","失业/收入下降","NF-N1-10","性/身体亲密","Gate / fit","N3-10","当「沟通/共情能力」进入「稳定交往」的「钱/财务」，遇到「失业/收入下降」时，对重视「性/身体亲密」的人意味着什么？","generated_by_constrained_mapping","unreviewed"
"CC-01210","PF-E04","沟通/共情能力","SC-S2-03","钱/财务","SC-S1-03","稳定交往","SC-S3-04","大额财务事件","NF-N1-03","被理解/被回应/被关心","Gate or conditional","N3-01","当「沟通/共情能力」进入「稳定交往」的「钱/财务」，遇到「大额财务事件」时，对重视「被理解/被回应/被关心」的人意味着什么？","generated_by_constrained_mapping","unreviewed"
"CC-01211","PF-E04","沟通/共情能力","SC-S2-03","钱/财务","SC-S1-03","稳定交往","SC-S3-04","大额财务事件","NF-N1-05","安全/信任/可预测","Gate / conditional","N3-02/N3-06","当「沟通/共情能力」进入「稳定交往」的「钱/财务」，遇到「大额财务事件」时，对重视「安全/信任/可预测」的人意味着什么？","generated_by_constrained_mapping","unreviewed"
"CC-01212","PF-E04","沟通/共情能力","SC-S2-03","钱/财务","SC-S1-03","稳定交往","SC-S3-04","大额财务事件","NF-N1-10","性/身体亲密","Gate / fit","N3-10","当「沟通/共情能力」进入「稳定交往」的「钱/财务」，遇到「大额财务事件」时，对重视「性/身体亲密」的人意味着什么？","generated_by_constrained_mapping","unreviewed"
"CC-01213","PF-E04","沟通/共情能力","SC-S2-03","钱/财务","SC-S1-05","结婚/建立家庭","SC-S3-03","失业/收入下降","NF-N1-03","被理解/被回应/被关心","Gate or conditional","N3-01","当「沟通/共情能力」进入「结婚/建立家庭」的「钱/财务」，遇到「失业/收入下降」时，对重视「被理解/被回应/被关心」的人意味着什么？","generated_by_constrained_mapping","unreviewed"
"CC-01214","PF-E04","沟通/共情能力","SC-S2-03","钱/财务","SC-S1-05","结婚/建立家庭","SC-S3-03","失业/收入下降","NF-N1-05","安全/信任/可预测","Gate / conditional","N3-02/N3-06","当「沟通/共情能力」进入「结婚/建立家庭」的「钱/财务」，遇到「失业/收入下降」时，对重视「安全/信任/可预测」的人意味着什么？","generated_by_constrained_mapping","unreviewed"
"CC-01215","PF-E04","沟通/共情能力","SC-S2-03","钱/财务","SC-S1-05","结婚/建立家庭","SC-S3-03","失业/收入下降","NF-N1-10","性/身体亲密","Gate / fit","N3-10","当「沟通/共情能力」进入「结婚/建立家庭」的「钱/财务」，遇到「失业/收入下降」时，对重视「性/身体亲密」的人意味着什么？","generated_by_constrained_mapping","unreviewed"
"CC-01216","PF-E04","沟通/共情能力","SC-S2-03","钱/财务","SC-S1-05","结婚/建立家庭","SC-S3-04","大额财务事件","NF-N1-03","被理解/被回应/被关心","Gate or conditional","N3-01","当「沟通/共情能力」进入「结婚/建立家庭」的「钱/财务」，遇到「大额财务事件」时，对重视「被理解/被回应/被关心」的人意味着什么？","generated_by_constrained_mapping","unreviewed"
"CC-01217","PF-E04","沟通/共情能力","SC-S2-03","钱/财务","SC-S1-05","结婚/建立家庭","SC-S3-04","大额财务事件","NF-N1-05","安全/信任/可预测","Gate / conditional","N3-02/N3-06","当「沟通/共情能力」进入「结婚/建立家庭」的「钱/财务」，遇到「大额财务事件」时，对重视「安全/信任/可预测」的人意味着什么？","generated_by_constrained_mapping","unreviewed"
"CC-01218","PF-E04","沟通/共情能力","SC-S2-03","钱/财务","SC-S1-05","结婚/建立家庭","SC-S3-04","大额财务事件","NF-N1-10","性/身体亲密","Gate / fit","N3-10","当「沟通/共情能力」进入「结婚/建立家庭」的「钱/财务」，遇到「大额财务事件」时，对重视「性/身体亲密」的人意味着什么？","generated_by_constrained_mapping","unreviewed"
"CC-01219","PF-E04","沟通/共情能力","SC-S2-03","钱/财务","SC-S1-07","婴幼儿照护","SC-S3-03","失业/收入下降","NF-N1-03","被理解/被回应/被关心","Gate or conditional","N3-01","当「沟通/共情能力」进入「婴幼儿照护」的「钱/财务」，遇到「失业/收入下降」时，对重视「被理解/被回应/被关心」的人意味着什么？","generated_by_constrained_mapping","unreviewed"
"CC-01220","PF-E04","沟通/共情能力","SC-S2-03","钱/财务","SC-S1-07","婴幼儿照护","SC-S3-03","失业/收入下降","NF-N1-05","安全/信任/可预测","Gate / conditional","N3-02/N3-06","当「沟通/共情能力」进入「婴幼儿照护」的「钱/财务」，遇到「失业/收入下降」时，对重视「安全/信任/可预测」的人意味着什么？","generated_by_constrained_mapping","unreviewed"
"CC-01221","PF-E04","沟通/共情能力","SC-S2-03","钱/财务","SC-S1-07","婴幼儿照护","SC-S3-03","失业/收入下降","NF-N1-10","性/身体亲密","Gate / fit","N3-10","当「沟通/共情能力」进入「婴幼儿照护」的「钱/财务」，遇到「失业/收入下降」时，对重视「性/身体亲密」的人意味着什么？","generated_by_constrained_mapping","unreviewed"
"CC-01222","PF-E04","沟通/共情能力","SC-S2-03","钱/财务","SC-S1-07","婴幼儿照护","SC-S3-04","大额财务事件","NF-N1-03","被理解/被回应/被关心","Gate or conditional","N3-01","当「沟通/共情能力」进入「婴幼儿照护」的「钱/财务」，遇到「大额财务事件」时，对重视「被理解/被回应/被关心」的人意味着什么？","generated_by_constrained_mapping","unreviewed"
"CC-01223","PF-E04","沟通/共情能力","SC-S2-03","钱/财务","SC-S1-07","婴幼儿照护","SC-S3-04","大额财务事件","NF-N1-05","安全/信任/可预测","Gate / conditional","N3-02/N3-06","当「沟通/共情能力」进入「婴幼儿照护」的「钱/财务」，遇到「大额财务事件」时，对重视「安全/信任/可预测」的人意味着什么？","generated_by_constrained_mapping","unreviewed"
"CC-01224","PF-E04","沟通/共情能力","SC-S2-03","钱/财务","SC-S1-07","婴幼儿照护","SC-S3-04","大额财务事件","NF-N1-10","性/身体亲密","Gate / fit","N3-10","当「沟通/共情能力」进入「婴幼儿照护」的「钱/财务」，遇到「大额财务事件」时，对重视「性/身体亲密」的人意味着什么？","generated_by_constrained_mapping","unreviewed"
"CC-01225","PF-E04","沟通/共情能力","SC-S2-07","双方父母/原生家庭","SC-S1-05","结婚/建立家庭","SC-S3-07","父母责任变化","NF-N1-03","被理解/被回应/被关心","Gate or conditional","N3-01","当「沟通/共情能力」进入「结婚/建立家庭」的「双方父母/原生家庭」，遇到「父母责任变化」时，对重视「被理解/被回应/被关心」的人意味着什么？","generated_by_constrained_mapping","unreviewed"
"CC-01226","PF-E04","沟通/共情能力","SC-S2-07","双方父母/原生家庭","SC-S1-05","结婚/建立家庭","SC-S3-07","父母责任变化","NF-N1-05","安全/信任/可预测","Gate / conditional","N3-02/N3-06","当「沟通/共情能力」进入「结婚/建立家庭」的「双方父母/原生家庭」，遇到「父母责任变化」时，对重视「安全/信任/可预测」的人意味着什么？","generated_by_constrained_mapping","unreviewed"
"CC-01227","PF-E04","沟通/共情能力","SC-S2-07","双方父母/原生家庭","SC-S1-05","结婚/建立家庭","SC-S3-07","父母责任变化","NF-N1-10","性/身体亲密","Gate / fit","N3-10","当「沟通/共情能力」进入「结婚/建立家庭」的「双方父母/原生家庭」，遇到「父母责任变化」时，对重视「性/身体亲密」的人意味着什么？","generated_by_constrained_mapping","unreviewed"
"CC-01228","PF-E04","沟通/共情能力","SC-S2-07","双方父母/原生家庭","SC-S1-05","结婚/建立家庭","SC-S3-05","居住/迁移变化","NF-N1-03","被理解/被回应/被关心","Gate or conditional","N3-01","当「沟通/共情能力」进入「结婚/建立家庭」的「双方父母/原生家庭」，遇到「居住/迁移变化」时，对重视「被理解/被回应/被关心」的人意味着什么？","generated_by_constrained_mapping","unreviewed"
"CC-01229","PF-E04","沟通/共情能力","SC-S2-07","双方父母/原生家庭","SC-S1-05","结婚/建立家庭","SC-S3-05","居住/迁移变化","NF-N1-05","安全/信任/可预测","Gate / conditional","N3-02/N3-06","当「沟通/共情能力」进入「结婚/建立家庭」的「双方父母/原生家庭」，遇到「居住/迁移变化」时，对重视「安全/信任/可预测」的人意味着什么？","generated_by_constrained_mapping","unreviewed"
"CC-01230","PF-E04","沟通/共情能力","SC-S2-07","双方父母/原生家庭","SC-S1-05","结婚/建立家庭","SC-S3-05","居住/迁移变化","NF-N1-10","性/身体亲密","Gate / fit","N3-10","当「沟通/共情能力」进入「结婚/建立家庭」的「双方父母/原生家庭」，遇到「居住/迁移变化」时，对重视「性/身体亲密」的人意味着什么？","generated_by_constrained_mapping","unreviewed"
"CC-01231","PF-E04","沟通/共情能力","SC-S2-07","双方父母/原生家庭","SC-S1-07","婴幼儿照护","SC-S3-07","父母责任变化","NF-N1-03","被理解/被回应/被关心","Gate or conditional","N3-01","当「沟通/共情能力」进入「婴幼儿照护」的「双方父母/原生家庭」，遇到「父母责任变化」时，对重视「被理解/被回应/被关心」的人意味着什么？","generated_by_constrained_mapping","unreviewed"
"CC-01232","PF-E04","沟通/共情能力","SC-S2-07","双方父母/原生家庭","SC-S1-07","婴幼儿照护","SC-S3-07","父母责任变化","NF-N1-05","安全/信任/可预测","Gate / conditional","N3-02/N3-06","当「沟通/共情能力」进入「婴幼儿照护」的「双方父母/原生家庭」，遇到「父母责任变化」时，对重视「安全/信任/可预测」的人意味着什么？","generated_by_constrained_mapping","unreviewed"
"CC-01233","PF-E04","沟通/共情能力","SC-S2-07","双方父母/原生家庭","SC-S1-07","婴幼儿照护","SC-S3-07","父母责任变化","NF-N1-10","性/身体亲密","Gate / fit","N3-10","当「沟通/共情能力」进入「婴幼儿照护」的「双方父母/原生家庭」，遇到「父母责任变化」时，对重视「性/身体亲密」的人意味着什么？","generated_by_constrained_mapping","unreviewed"
"CC-01234","PF-E04","沟通/共情能力","SC-S2-07","双方父母/原生家庭","SC-S1-07","婴幼儿照护","SC-S3-05","居住/迁移变化","NF-N1-03","被理解/被回应/被关心","Gate or conditional","N3-01","当「沟通/共情能力」进入「婴幼儿照护」的「双方父母/原生家庭」，遇到「居住/迁移变化」时，对重视「被理解/被回应/被关心」的人意味着什么？","generated_by_constrained_mapping","unreviewed"
"CC-01235","PF-E04","沟通/共情能力","SC-S2-07","双方父母/原生家庭","SC-S1-07","婴幼儿照护","SC-S3-05","居住/迁移变化","NF-N1-05","安全/信任/可预测","Gate / conditional","N3-02/N3-06","当「沟通/共情能力」进入「婴幼儿照护」的「双方父母/原生家庭」，遇到「居住/迁移变化」时，对重视「安全/信任/可预测」的人意味着什么？","generated_by_constrained_mapping","unreviewed"
"CC-01236","PF-E04","沟通/共情能力","SC-S2-07","双方父母/原生家庭","SC-S1-07","婴幼儿照护","SC-S3-05","居住/迁移变化","NF-N1-10","性/身体亲密","Gate / fit","N3-10","当「沟通/共情能力」进入「婴幼儿照护」的「双方父母/原生家庭」，遇到「居住/迁移变化」时，对重视「性/身体亲密」的人意味着什么？","generated_by_constrained_mapping","unreviewed"
"CC-01237","PF-E04","沟通/共情能力","SC-S2-07","双方父母/原生家庭","SC-S1-09","中年多重责任","SC-S3-07","父母责任变化","NF-N1-03","被理解/被回应/被关心","Gate or conditional","N3-01","当「沟通/共情能力」进入「中年多重责任」的「双方父母/原生家庭」，遇到「父母责任变化」时，对重视「被理解/被回应/被关心」的人意味着什么？","generated_by_constrained_mapping","unreviewed"
"CC-01238","PF-E04","沟通/共情能力","SC-S2-07","双方父母/原生家庭","SC-S1-09","中年多重责任","SC-S3-07","父母责任变化","NF-N1-05","安全/信任/可预测","Gate / conditional","N3-02/N3-06","当「沟通/共情能力」进入「中年多重责任」的「双方父母/原生家庭」，遇到「父母责任变化」时，对重视「安全/信任/可预测」的人意味着什么？","generated_by_constrained_mapping","unreviewed"
"CC-01239","PF-E04","沟通/共情能力","SC-S2-07","双方父母/原生家庭","SC-S1-09","中年多重责任","SC-S3-07","父母责任变化","NF-N1-10","性/身体亲密","Gate / fit","N3-10","当「沟通/共情能力」进入「中年多重责任」的「双方父母/原生家庭」，遇到「父母责任变化」时，对重视「性/身体亲密」的人意味着什么？","generated_by_constrained_mapping","unreviewed"
"CC-01240","PF-E04","沟通/共情能力","SC-S2-07","双方父母/原生家庭","SC-S1-09","中年多重责任","SC-S3-05","居住/迁移变化","NF-N1-03","被理解/被回应/被关心","Gate or conditional","N3-01","当「沟通/共情能力」进入「中年多重责任」的「双方父母/原生家庭」，遇到「居住/迁移变化」时，对重视「被理解/被回应/被关心」的人意味着什么？","generated_by_constrained_mapping","unreviewed"
"CC-01241","PF-E04","沟通/共情能力","SC-S2-07","双方父母/原生家庭","SC-S1-09","中年多重责任","SC-S3-05","居住/迁移变化","NF-N1-05","安全/信任/可预测","Gate / conditional","N3-02/N3-06","当「沟通/共情能力」进入「中年多重责任」的「双方父母/原生家庭」，遇到「居住/迁移变化」时，对重视「安全/信任/可预测」的人意味着什么？","generated_by_constrained_mapping","unreviewed"
"CC-01242","PF-E04","沟通/共情能力","SC-S2-07","双方父母/原生家庭","SC-S1-09","中年多重责任","SC-S3-05","居住/迁移变化","NF-N1-10","性/身体亲密","Gate / fit","N3-10","当「沟通/共情能力」进入「中年多重责任」的「双方父母/原生家庭」，遇到「居住/迁移变化」时，对重视「性/身体亲密」的人意味着什么？","generated_by_constrained_mapping","unreviewed"
"CC-01243","PF-E04","沟通/共情能力","SC-S2-10","性/身体亲密","SC-S1-02","恋爱/磨合","SC-S3-08","本人健康变化","NF-N1-03","被理解/被回应/被关心","Gate or conditional","N3-01","当「沟通/共情能力」进入「恋爱/磨合」的「性/身体亲密」，遇到「本人健康变化」时，对重视「被理解/被回应/被关心」的人意味着什么？","generated_by_constrained_mapping","unreviewed"
"CC-01244","PF-E04","沟通/共情能力","SC-S2-10","性/身体亲密","SC-S1-02","恋爱/磨合","SC-S3-08","本人健康变化","NF-N1-05","安全/信任/可预测","Gate / conditional","N3-02/N3-06","当「沟通/共情能力」进入「恋爱/磨合」的「性/身体亲密」，遇到「本人健康变化」时，对重视「安全/信任/可预测」的人意味着什么？","generated_by_constrained_mapping","unreviewed"
"CC-01245","PF-E04","沟通/共情能力","SC-S2-10","性/身体亲密","SC-S1-02","恋爱/磨合","SC-S3-08","本人健康变化","NF-N1-10","性/身体亲密","Gate / fit","N3-10","当「沟通/共情能力」进入「恋爱/磨合」的「性/身体亲密」，遇到「本人健康变化」时，对重视「性/身体亲密」的人意味着什么？","generated_by_constrained_mapping","unreviewed"
"CC-01246","PF-E04","沟通/共情能力","SC-S2-10","性/身体亲密","SC-S1-02","恋爱/磨合","SC-S3-10","反复小问题累积","NF-N1-03","被理解/被回应/被关心","Gate or conditional","N3-01","当「沟通/共情能力」进入「恋爱/磨合」的「性/身体亲密」，遇到「反复小问题累积」时，对重视「被理解/被回应/被关心」的人意味着什么？","generated_by_constrained_mapping","unreviewed"
"CC-01247","PF-E04","沟通/共情能力","SC-S2-10","性/身体亲密","SC-S1-02","恋爱/磨合","SC-S3-10","反复小问题累积","NF-N1-05","安全/信任/可预测","Gate / conditional","N3-02/N3-06","当「沟通/共情能力」进入「恋爱/磨合」的「性/身体亲密」，遇到「反复小问题累积」时，对重视「安全/信任/可预测」的人意味着什么？","generated_by_constrained_mapping","unreviewed"
"CC-01248","PF-E04","沟通/共情能力","SC-S2-10","性/身体亲密","SC-S1-02","恋爱/磨合","SC-S3-10","反复小问题累积","NF-N1-10","性/身体亲密","Gate / fit","N3-10","当「沟通/共情能力」进入「恋爱/磨合」的「性/身体亲密」，遇到「反复小问题累积」时，对重视「性/身体亲密」的人意味着什么？","generated_by_constrained_mapping","unreviewed"
"CC-01249","PF-E04","沟通/共情能力","SC-S2-10","性/身体亲密","SC-S1-05","结婚/建立家庭","SC-S3-08","本人健康变化","NF-N1-03","被理解/被回应/被关心","Gate or conditional","N3-01","当「沟通/共情能力」进入「结婚/建立家庭」的「性/身体亲密」，遇到「本人健康变化」时，对重视「被理解/被回应/被关心」的人意味着什么？","generated_by_constrained_mapping","unreviewed"
"CC-01250","PF-E04","沟通/共情能力","SC-S2-10","性/身体亲密","SC-S1-05","结婚/建立家庭","SC-S3-08","本人健康变化","NF-N1-05","安全/信任/可预测","Gate / conditional","N3-02/N3-06","当「沟通/共情能力」进入「结婚/建立家庭」的「性/身体亲密」，遇到「本人健康变化」时，对重视「安全/信任/可预测」的人意味着什么？","generated_by_constrained_mapping","unreviewed"
"CC-01251","PF-E04","沟通/共情能力","SC-S2-10","性/身体亲密","SC-S1-05","结婚/建立家庭","SC-S3-08","本人健康变化","NF-N1-10","性/身体亲密","Gate / fit","N3-10","当「沟通/共情能力」进入「结婚/建立家庭」的「性/身体亲密」，遇到「本人健康变化」时，对重视「性/身体亲密」的人意味着什么？","generated_by_constrained_mapping","unreviewed"
"CC-01252","PF-E04","沟通/共情能力","SC-S2-10","性/身体亲密","SC-S1-05","结婚/建立家庭","SC-S3-10","反复小问题累积","NF-N1-03","被理解/被回应/被关心","Gate or conditional","N3-01","当「沟通/共情能力」进入「结婚/建立家庭」的「性/身体亲密」，遇到「反复小问题累积」时，对重视「被理解/被回应/被关心」的人意味着什么？","generated_by_constrained_mapping","unreviewed"
"CC-01253","PF-E04","沟通/共情能力","SC-S2-10","性/身体亲密","SC-S1-05","结婚/建立家庭","SC-S3-10","反复小问题累积","NF-N1-05","安全/信任/可预测","Gate / conditional","N3-02/N3-06","当「沟通/共情能力」进入「结婚/建立家庭」的「性/身体亲密」，遇到「反复小问题累积」时，对重视「安全/信任/可预测」的人意味着什么？","generated_by_constrained_mapping","unreviewed"
"CC-01254","PF-E04","沟通/共情能力","SC-S2-10","性/身体亲密","SC-S1-05","结婚/建立家庭","SC-S3-10","反复小问题累积","NF-N1-10","性/身体亲密","Gate / fit","N3-10","当「沟通/共情能力」进入「结婚/建立家庭」的「性/身体亲密」，遇到「反复小问题累积」时，对重视「性/身体亲密」的人意味着什么？","generated_by_constrained_mapping","unreviewed"
"CC-01255","PF-E04","沟通/共情能力","SC-S2-10","性/身体亲密","SC-S1-07","婴幼儿照护","SC-S3-08","本人健康变化","NF-N1-03","被理解/被回应/被关心","Gate or conditional","N3-01","当「沟通/共情能力」进入「婴幼儿照护」的「性/身体亲密」，遇到「本人健康变化」时，对重视「被理解/被回应/被关心」的人意味着什么？","generated_by_constrained_mapping","unreviewed"
"CC-01256","PF-E04","沟通/共情能力","SC-S2-10","性/身体亲密","SC-S1-07","婴幼儿照护","SC-S3-08","本人健康变化","NF-N1-05","安全/信任/可预测","Gate / conditional","N3-02/N3-06","当「沟通/共情能力」进入「婴幼儿照护」的「性/身体亲密」，遇到「本人健康变化」时，对重视「安全/信任/可预测」的人意味着什么？","generated_by_constrained_mapping","unreviewed"
"CC-01257","PF-E04","沟通/共情能力","SC-S2-10","性/身体亲密","SC-S1-07","婴幼儿照护","SC-S3-08","本人健康变化","NF-N1-10","性/身体亲密","Gate / fit","N3-10","当「沟通/共情能力」进入「婴幼儿照护」的「性/身体亲密」，遇到「本人健康变化」时，对重视「性/身体亲密」的人意味着什么？","generated_by_constrained_mapping","unreviewed"
"CC-01258","PF-E04","沟通/共情能力","SC-S2-10","性/身体亲密","SC-S1-07","婴幼儿照护","SC-S3-10","反复小问题累积","NF-N1-03","被理解/被回应/被关心","Gate or conditional","N3-01","当「沟通/共情能力」进入「婴幼儿照护」的「性/身体亲密」，遇到「反复小问题累积」时，对重视「被理解/被回应/被关心」的人意味着什么？","generated_by_constrained_mapping","unreviewed"
"CC-01259","PF-E04","沟通/共情能力","SC-S2-10","性/身体亲密","SC-S1-07","婴幼儿照护","SC-S3-10","反复小问题累积","NF-N1-05","安全/信任/可预测","Gate / conditional","N3-02/N3-06","当「沟通/共情能力」进入「婴幼儿照护」的「性/身体亲密」，遇到「反复小问题累积」时，对重视「安全/信任/可预测」的人意味着什么？","generated_by_constrained_mapping","unreviewed"
"CC-01260","PF-E04","沟通/共情能力","SC-S2-10","性/身体亲密","SC-S1-07","婴幼儿照护","SC-S3-10","反复小问题累积","NF-N1-10","性/身体亲密","Gate / fit","N3-10","当「沟通/共情能力」进入「婴幼儿照护」的「性/身体亲密」，遇到「反复小问题累积」时，对重视「性/身体亲密」的人意味着什么？","generated_by_constrained_mapping","unreviewed"
"CC-01261","PF-E05","生活管理能力","SC-S2-05","家务/家庭劳动","SC-S1-04","同居/婚前","SC-S3-06","生育/育儿转折","NF-N1-07","公平/可靠/合作","Conditional / gate","N3-02/N3-03","当「生活管理能力」进入「同居/婚前」的「家务/家庭劳动」，遇到「生育/育儿转折」时，对重视「公平/可靠/合作」的人意味着什么？","generated_by_constrained_mapping","unreviewed"
"CC-01262","PF-E05","生活管理能力","SC-S2-05","家务/家庭劳动","SC-S1-04","同居/婚前","SC-S3-06","生育/育儿转折","NF-N1-05","安全/信任/可预测","Gate / conditional","N3-02/N3-06","当「生活管理能力」进入「同居/婚前」的「家务/家庭劳动」，遇到「生育/育儿转折」时，对重视「安全/信任/可预测」的人意味着什么？","generated_by_constrained_mapping","unreviewed"
"CC-01263","PF-E05","生活管理能力","SC-S2-05","家务/家庭劳动","SC-S1-04","同居/婚前","SC-S3-06","生育/育儿转折","NF-N1-11","家庭投入/家庭边界","Fit / conditional","N3-03/N3-04","当「生活管理能力」进入「同居/婚前」的「家务/家庭劳动」，遇到「生育/育儿转折」时，对重视「家庭投入/家庭边界」的人意味着什么？","generated_by_constrained_mapping","unreviewed"
"CC-01264","PF-E05","生活管理能力","SC-S2-05","家务/家庭劳动","SC-S1-04","同居/婚前","SC-S3-10","反复小问题累积","NF-N1-07","公平/可靠/合作","Conditional / gate","N3-02/N3-03","当「生活管理能力」进入「同居/婚前」的「家务/家庭劳动」，遇到「反复小问题累积」时，对重视「公平/可靠/合作」的人意味着什么？","generated_by_constrained_mapping","unreviewed"
"CC-01265","PF-E05","生活管理能力","SC-S2-05","家务/家庭劳动","SC-S1-04","同居/婚前","SC-S3-10","反复小问题累积","NF-N1-05","安全/信任/可预测","Gate / conditional","N3-02/N3-06","当「生活管理能力」进入「同居/婚前」的「家务/家庭劳动」，遇到「反复小问题累积」时，对重视「安全/信任/可预测」的人意味着什么？","generated_by_constrained_mapping","unreviewed"
"CC-01266","PF-E05","生活管理能力","SC-S2-05","家务/家庭劳动","SC-S1-04","同居/婚前","SC-S3-10","反复小问题累积","NF-N1-11","家庭投入/家庭边界","Fit / conditional","N3-03/N3-04","当「生活管理能力」进入「同居/婚前」的「家务/家庭劳动」，遇到「反复小问题累积」时，对重视「家庭投入/家庭边界」的人意味着什么？","generated_by_constrained_mapping","unreviewed"
"CC-01267","PF-E05","生活管理能力","SC-S2-05","家务/家庭劳动","SC-S1-07","婴幼儿照护","SC-S3-06","生育/育儿转折","NF-N1-07","公平/可靠/合作","Conditional / gate","N3-02/N3-03","当「生活管理能力」进入「婴幼儿照护」的「家务/家庭劳动」，遇到「生育/育儿转折」时，对重视「公平/可靠/合作」的人意味着什么？","generated_by_constrained_mapping","unreviewed"
"CC-01268","PF-E05","生活管理能力","SC-S2-05","家务/家庭劳动","SC-S1-07","婴幼儿照护","SC-S3-06","生育/育儿转折","NF-N1-05","安全/信任/可预测","Gate / conditional","N3-02/N3-06","当「生活管理能力」进入「婴幼儿照护」的「家务/家庭劳动」，遇到「生育/育儿转折」时，对重视「安全/信任/可预测」的人意味着什么？","generated_by_constrained_mapping","unreviewed"
"CC-01269","PF-E05","生活管理能力","SC-S2-05","家务/家庭劳动","SC-S1-07","婴幼儿照护","SC-S3-06","生育/育儿转折","NF-N1-11","家庭投入/家庭边界","Fit / conditional","N3-03/N3-04","当「生活管理能力」进入「婴幼儿照护」的「家务/家庭劳动」，遇到「生育/育儿转折」时，对重视「家庭投入/家庭边界」的人意味着什么？","generated_by_constrained_mapping","unreviewed"
"CC-01270","PF-E05","生活管理能力","SC-S2-05","家务/家庭劳动","SC-S1-07","婴幼儿照护","SC-S3-10","反复小问题累积","NF-N1-07","公平/可靠/合作","Conditional / gate","N3-02/N3-03","当「生活管理能力」进入「婴幼儿照护」的「家务/家庭劳动」，遇到「反复小问题累积」时，对重视「公平/可靠/合作」的人意味着什么？","generated_by_constrained_mapping","unreviewed"
"CC-01271","PF-E05","生活管理能力","SC-S2-05","家务/家庭劳动","SC-S1-07","婴幼儿照护","SC-S3-10","反复小问题累积","NF-N1-05","安全/信任/可预测","Gate / conditional","N3-02/N3-06","当「生活管理能力」进入「婴幼儿照护」的「家务/家庭劳动」，遇到「反复小问题累积」时，对重视「安全/信任/可预测」的人意味着什么？","generated_by_constrained_mapping","unreviewed"
"CC-01272","PF-E05","生活管理能力","SC-S2-05","家务/家庭劳动","SC-S1-07","婴幼儿照护","SC-S3-10","反复小问题累积","NF-N1-11","家庭投入/家庭边界","Fit / conditional","N3-03/N3-04","当「生活管理能力」进入「婴幼儿照护」的「家务/家庭劳动」，遇到「反复小问题累积」时，对重视「家庭投入/家庭边界」的人意味着什么？","generated_by_constrained_mapping","unreviewed"
"CC-01273","PF-E05","生活管理能力","SC-S2-05","家务/家庭劳动","SC-S1-09","中年多重责任","SC-S3-06","生育/育儿转折","NF-N1-07","公平/可靠/合作","Conditional / gate","N3-02/N3-03","当「生活管理能力」进入「中年多重责任」的「家务/家庭劳动」，遇到「生育/育儿转折」时，对重视「公平/可靠/合作」的人意味着什么？","generated_by_constrained_mapping","unreviewed"
"CC-01274","PF-E05","生活管理能力","SC-S2-05","家务/家庭劳动","SC-S1-09","中年多重责任","SC-S3-06","生育/育儿转折","NF-N1-05","安全/信任/可预测","Gate / conditional","N3-02/N3-06","当「生活管理能力」进入「中年多重责任」的「家务/家庭劳动」，遇到「生育/育儿转折」时，对重视「安全/信任/可预测」的人意味着什么？","generated_by_constrained_mapping","unreviewed"
"CC-01275","PF-E05","生活管理能力","SC-S2-05","家务/家庭劳动","SC-S1-09","中年多重责任","SC-S3-06","生育/育儿转折","NF-N1-11","家庭投入/家庭边界","Fit / conditional","N3-03/N3-04","当「生活管理能力」进入「中年多重责任」的「家务/家庭劳动」，遇到「生育/育儿转折」时，对重视「家庭投入/家庭边界」的人意味着什么？","generated_by_constrained_mapping","unreviewed"
"CC-01276","PF-E05","生活管理能力","SC-S2-05","家务/家庭劳动","SC-S1-09","中年多重责任","SC-S3-10","反复小问题累积","NF-N1-07","公平/可靠/合作","Conditional / gate","N3-02/N3-03","当「生活管理能力」进入「中年多重责任」的「家务/家庭劳动」，遇到「反复小问题累积」时，对重视「公平/可靠/合作」的人意味着什么？","generated_by_constrained_mapping","unreviewed"
"CC-01277","PF-E05","生活管理能力","SC-S2-05","家务/家庭劳动","SC-S1-09","中年多重责任","SC-S3-10","反复小问题累积","NF-N1-05","安全/信任/可预测","Gate / conditional","N3-02/N3-06","当「生活管理能力」进入「中年多重责任」的「家务/家庭劳动」，遇到「反复小问题累积」时，对重视「安全/信任/可预测」的人意味着什么？","generated_by_constrained_mapping","unreviewed"
"CC-01278","PF-E05","生活管理能力","SC-S2-05","家务/家庭劳动","SC-S1-09","中年多重责任","SC-S3-10","反复小问题累积","NF-N1-11","家庭投入/家庭边界","Fit / conditional","N3-03/N3-04","当「生活管理能力」进入「中年多重责任」的「家务/家庭劳动」，遇到「反复小问题累积」时，对重视「家庭投入/家庭边界」的人意味着什么？","generated_by_constrained_mapping","unreviewed"
"CC-01279","PF-E05","生活管理能力","SC-S2-01","日常作息与生活管理","SC-S1-02","恋爱/磨合","SC-S3-01","工作时间突变","NF-N1-07","公平/可靠/合作","Conditional / gate","N3-02/N3-03","当「生活管理能力」进入「恋爱/磨合」的「日常作息与生活管理」，遇到「工作时间突变」时，对重视「公平/可靠/合作」的人意味着什么？","generated_by_constrained_mapping","unreviewed"
"CC-01280","PF-E05","生活管理能力","SC-S2-01","日常作息与生活管理","SC-S1-02","恋爱/磨合","SC-S3-01","工作时间突变","NF-N1-05","安全/信任/可预测","Gate / conditional","N3-02/N3-06","当「生活管理能力」进入「恋爱/磨合」的「日常作息与生活管理」，遇到「工作时间突变」时，对重视「安全/信任/可预测」的人意味着什么？","generated_by_constrained_mapping","unreviewed"
"CC-01281","PF-E05","生活管理能力","SC-S2-01","日常作息与生活管理","SC-S1-02","恋爱/磨合","SC-S3-01","工作时间突变","NF-N1-11","家庭投入/家庭边界","Fit / conditional","N3-03/N3-04","当「生活管理能力」进入「恋爱/磨合」的「日常作息与生活管理」，遇到「工作时间突变」时，对重视「家庭投入/家庭边界」的人意味着什么？","generated_by_constrained_mapping","unreviewed"
"CC-01282","PF-E05","生活管理能力","SC-S2-01","日常作息与生活管理","SC-S1-02","恋爱/磨合","SC-S3-10","反复小问题累积","NF-N1-07","公平/可靠/合作","Conditional / gate","N3-02/N3-03","当「生活管理能力」进入「恋爱/磨合」的「日常作息与生活管理」，遇到「反复小问题累积」时，对重视「公平/可靠/合作」的人意味着什么？","generated_by_constrained_mapping","unreviewed"
"CC-01283","PF-E05","生活管理能力","SC-S2-01","日常作息与生活管理","SC-S1-02","恋爱/磨合","SC-S3-10","反复小问题累积","NF-N1-05","安全/信任/可预测","Gate / conditional","N3-02/N3-06","当「生活管理能力」进入「恋爱/磨合」的「日常作息与生活管理」，遇到「反复小问题累积」时，对重视「安全/信任/可预测」的人意味着什么？","generated_by_constrained_mapping","unreviewed"
"CC-01284","PF-E05","生活管理能力","SC-S2-01","日常作息与生活管理","SC-S1-02","恋爱/磨合","SC-S3-10","反复小问题累积","NF-N1-11","家庭投入/家庭边界","Fit / conditional","N3-03/N3-04","当「生活管理能力」进入「恋爱/磨合」的「日常作息与生活管理」，遇到「反复小问题累积」时，对重视「家庭投入/家庭边界」的人意味着什么？","generated_by_constrained_mapping","unreviewed"
"CC-01285","PF-E05","生活管理能力","SC-S2-01","日常作息与生活管理","SC-S1-04","同居/婚前","SC-S3-01","工作时间突变","NF-N1-07","公平/可靠/合作","Conditional / gate","N3-02/N3-03","当「生活管理能力」进入「同居/婚前」的「日常作息与生活管理」，遇到「工作时间突变」时，对重视「公平/可靠/合作」的人意味着什么？","generated_by_constrained_mapping","unreviewed"
"CC-01286","PF-E05","生活管理能力","SC-S2-01","日常作息与生活管理","SC-S1-04","同居/婚前","SC-S3-01","工作时间突变","NF-N1-05","安全/信任/可预测","Gate / conditional","N3-02/N3-06","当「生活管理能力」进入「同居/婚前」的「日常作息与生活管理」，遇到「工作时间突变」时，对重视「安全/信任/可预测」的人意味着什么？","generated_by_constrained_mapping","unreviewed"
"CC-01287","PF-E05","生活管理能力","SC-S2-01","日常作息与生活管理","SC-S1-04","同居/婚前","SC-S3-01","工作时间突变","NF-N1-11","家庭投入/家庭边界","Fit / conditional","N3-03/N3-04","当「生活管理能力」进入「同居/婚前」的「日常作息与生活管理」，遇到「工作时间突变」时，对重视「家庭投入/家庭边界」的人意味着什么？","generated_by_constrained_mapping","unreviewed"
"CC-01288","PF-E05","生活管理能力","SC-S2-01","日常作息与生活管理","SC-S1-04","同居/婚前","SC-S3-10","反复小问题累积","NF-N1-07","公平/可靠/合作","Conditional / gate","N3-02/N3-03","当「生活管理能力」进入「同居/婚前」的「日常作息与生活管理」，遇到「反复小问题累积」时，对重视「公平/可靠/合作」的人意味着什么？","generated_by_constrained_mapping","unreviewed"
"CC-01289","PF-E05","生活管理能力","SC-S2-01","日常作息与生活管理","SC-S1-04","同居/婚前","SC-S3-10","反复小问题累积","NF-N1-05","安全/信任/可预测","Gate / conditional","N3-02/N3-06","当「生活管理能力」进入「同居/婚前」的「日常作息与生活管理」，遇到「反复小问题累积」时，对重视「安全/信任/可预测」的人意味着什么？","generated_by_constrained_mapping","unreviewed"
"CC-01290","PF-E05","生活管理能力","SC-S2-01","日常作息与生活管理","SC-S1-04","同居/婚前","SC-S3-10","反复小问题累积","NF-N1-11","家庭投入/家庭边界","Fit / conditional","N3-03/N3-04","当「生活管理能力」进入「同居/婚前」的「日常作息与生活管理」，遇到「反复小问题累积」时，对重视「家庭投入/家庭边界」的人意味着什么？","generated_by_constrained_mapping","unreviewed"
"CC-01291","PF-E05","生活管理能力","SC-S2-01","日常作息与生活管理","SC-S1-07","婴幼儿照护","SC-S3-01","工作时间突变","NF-N1-07","公平/可靠/合作","Conditional / gate","N3-02/N3-03","当「生活管理能力」进入「婴幼儿照护」的「日常作息与生活管理」，遇到「工作时间突变」时，对重视「公平/可靠/合作」的人意味着什么？","generated_by_constrained_mapping","unreviewed"
"CC-01292","PF-E05","生活管理能力","SC-S2-01","日常作息与生活管理","SC-S1-07","婴幼儿照护","SC-S3-01","工作时间突变","NF-N1-05","安全/信任/可预测","Gate / conditional","N3-02/N3-06","当「生活管理能力」进入「婴幼儿照护」的「日常作息与生活管理」，遇到「工作时间突变」时，对重视「安全/信任/可预测」的人意味着什么？","generated_by_constrained_mapping","unreviewed"
"CC-01293","PF-E05","生活管理能力","SC-S2-01","日常作息与生活管理","SC-S1-07","婴幼儿照护","SC-S3-01","工作时间突变","NF-N1-11","家庭投入/家庭边界","Fit / conditional","N3-03/N3-04","当「生活管理能力」进入「婴幼儿照护」的「日常作息与生活管理」，遇到「工作时间突变」时，对重视「家庭投入/家庭边界」的人意味着什么？","generated_by_constrained_mapping","unreviewed"
"CC-01294","PF-E05","生活管理能力","SC-S2-01","日常作息与生活管理","SC-S1-07","婴幼儿照护","SC-S3-10","反复小问题累积","NF-N1-07","公平/可靠/合作","Conditional / gate","N3-02/N3-03","当「生活管理能力」进入「婴幼儿照护」的「日常作息与生活管理」，遇到「反复小问题累积」时，对重视「公平/可靠/合作」的人意味着什么？","generated_by_constrained_mapping","unreviewed"
"CC-01295","PF-E05","生活管理能力","SC-S2-01","日常作息与生活管理","SC-S1-07","婴幼儿照护","SC-S3-10","反复小问题累积","NF-N1-05","安全/信任/可预测","Gate / conditional","N3-02/N3-06","当「生活管理能力」进入「婴幼儿照护」的「日常作息与生活管理」，遇到「反复小问题累积」时，对重视「安全/信任/可预测」的人意味着什么？","generated_by_constrained_mapping","unreviewed"
"CC-01296","PF-E05","生活管理能力","SC-S2-01","日常作息与生活管理","SC-S1-07","婴幼儿照护","SC-S3-10","反复小问题累积","NF-N1-11","家庭投入/家庭边界","Fit / conditional","N3-03/N3-04","当「生活管理能力」进入「婴幼儿照护」的「日常作息与生活管理」，遇到「反复小问题累积」时，对重视「家庭投入/家庭边界」的人意味着什么？","generated_by_constrained_mapping","unreviewed"
"CC-01297","PF-E05","生活管理能力","SC-S2-06","孩子/生育/教育","SC-S1-05","结婚/建立家庭","SC-S3-06","生育/育儿转折","NF-N1-07","公平/可靠/合作","Conditional / gate","N3-02/N3-03","当「生活管理能力」进入「结婚/建立家庭」的「孩子/生育/教育」，遇到「生育/育儿转折」时，对重视「公平/可靠/合作」的人意味着什么？","generated_by_constrained_mapping","unreviewed"
"CC-01298","PF-E05","生活管理能力","SC-S2-06","孩子/生育/教育","SC-S1-05","结婚/建立家庭","SC-S3-06","生育/育儿转折","NF-N1-05","安全/信任/可预测","Gate / conditional","N3-02/N3-06","当「生活管理能力」进入「结婚/建立家庭」的「孩子/生育/教育」，遇到「生育/育儿转折」时，对重视「安全/信任/可预测」的人意味着什么？","generated_by_constrained_mapping","unreviewed"
"CC-01299","PF-E05","生活管理能力","SC-S2-06","孩子/生育/教育","SC-S1-05","结婚/建立家庭","SC-S3-06","生育/育儿转折","NF-N1-11","家庭投入/家庭边界","Fit / conditional","N3-03/N3-04","当「生活管理能力」进入「结婚/建立家庭」的「孩子/生育/教育」，遇到「生育/育儿转折」时，对重视「家庭投入/家庭边界」的人意味着什么？","generated_by_constrained_mapping","unreviewed"
"CC-01300","PF-E05","生活管理能力","SC-S2-06","孩子/生育/教育","SC-S1-05","结婚/建立家庭","SC-S3-01","工作时间突变","NF-N1-07","公平/可靠/合作","Conditional / gate","N3-02/N3-03","当「生活管理能力」进入「结婚/建立家庭」的「孩子/生育/教育」，遇到「工作时间突变」时，对重视「公平/可靠/合作」的人意味着什么？","generated_by_constrained_mapping","unreviewed"
"CC-01301","PF-E05","生活管理能力","SC-S2-06","孩子/生育/教育","SC-S1-05","结婚/建立家庭","SC-S3-01","工作时间突变","NF-N1-05","安全/信任/可预测","Gate / conditional","N3-02/N3-06","当「生活管理能力」进入「结婚/建立家庭」的「孩子/生育/教育」，遇到「工作时间突变」时，对重视「安全/信任/可预测」的人意味着什么？","generated_by_constrained_mapping","unreviewed"
"CC-01302","PF-E05","生活管理能力","SC-S2-06","孩子/生育/教育","SC-S1-05","结婚/建立家庭","SC-S3-01","工作时间突变","NF-N1-11","家庭投入/家庭边界","Fit / conditional","N3-03/N3-04","当「生活管理能力」进入「结婚/建立家庭」的「孩子/生育/教育」，遇到「工作时间突变」时，对重视「家庭投入/家庭边界」的人意味着什么？","generated_by_constrained_mapping","unreviewed"
"CC-01303","PF-E05","生活管理能力","SC-S2-06","孩子/生育/教育","SC-S1-07","婴幼儿照护","SC-S3-06","生育/育儿转折","NF-N1-07","公平/可靠/合作","Conditional / gate","N3-02/N3-03","当「生活管理能力」进入「婴幼儿照护」的「孩子/生育/教育」，遇到「生育/育儿转折」时，对重视「公平/可靠/合作」的人意味着什么？","generated_by_constrained_mapping","unreviewed"
"CC-01304","PF-E05","生活管理能力","SC-S2-06","孩子/生育/教育","SC-S1-07","婴幼儿照护","SC-S3-06","生育/育儿转折","NF-N1-05","安全/信任/可预测","Gate / conditional","N3-02/N3-06","当「生活管理能力」进入「婴幼儿照护」的「孩子/生育/教育」，遇到「生育/育儿转折」时，对重视「安全/信任/可预测」的人意味着什么？","generated_by_constrained_mapping","unreviewed"
"CC-01305","PF-E05","生活管理能力","SC-S2-06","孩子/生育/教育","SC-S1-07","婴幼儿照护","SC-S3-06","生育/育儿转折","NF-N1-11","家庭投入/家庭边界","Fit / conditional","N3-03/N3-04","当「生活管理能力」进入「婴幼儿照护」的「孩子/生育/教育」，遇到「生育/育儿转折」时，对重视「家庭投入/家庭边界」的人意味着什么？","generated_by_constrained_mapping","unreviewed"
"CC-01306","PF-E05","生活管理能力","SC-S2-06","孩子/生育/教育","SC-S1-07","婴幼儿照护","SC-S3-01","工作时间突变","NF-N1-07","公平/可靠/合作","Conditional / gate","N3-02/N3-03","当「生活管理能力」进入「婴幼儿照护」的「孩子/生育/教育」，遇到「工作时间突变」时，对重视「公平/可靠/合作」的人意味着什么？","generated_by_constrained_mapping","unreviewed"
"CC-01307","PF-E05","生活管理能力","SC-S2-06","孩子/生育/教育","SC-S1-07","婴幼儿照护","SC-S3-01","工作时间突变","NF-N1-05","安全/信任/可预测","Gate / conditional","N3-02/N3-06","当「生活管理能力」进入「婴幼儿照护」的「孩子/生育/教育」，遇到「工作时间突变」时，对重视「安全/信任/可预测」的人意味着什么？","generated_by_constrained_mapping","unreviewed"
"CC-01308","PF-E05","生活管理能力","SC-S2-06","孩子/生育/教育","SC-S1-07","婴幼儿照护","SC-S3-01","工作时间突变","NF-N1-11","家庭投入/家庭边界","Fit / conditional","N3-03/N3-04","当「生活管理能力」进入「婴幼儿照护」的「孩子/生育/教育」，遇到「工作时间突变」时，对重视「家庭投入/家庭边界」的人意味着什么？","generated_by_constrained_mapping","unreviewed"
"CC-01309","PF-E05","生活管理能力","SC-S2-06","孩子/生育/教育","SC-S1-08","孩子成长/教育","SC-S3-06","生育/育儿转折","NF-N1-07","公平/可靠/合作","Conditional / gate","N3-02/N3-03","当「生活管理能力」进入「孩子成长/教育」的「孩子/生育/教育」，遇到「生育/育儿转折」时，对重视「公平/可靠/合作」的人意味着什么？","generated_by_constrained_mapping","unreviewed"
"CC-01310","PF-E05","生活管理能力","SC-S2-06","孩子/生育/教育","SC-S1-08","孩子成长/教育","SC-S3-06","生育/育儿转折","NF-N1-05","安全/信任/可预测","Gate / conditional","N3-02/N3-06","当「生活管理能力」进入「孩子成长/教育」的「孩子/生育/教育」，遇到「生育/育儿转折」时，对重视「安全/信任/可预测」的人意味着什么？","generated_by_constrained_mapping","unreviewed"
"CC-01311","PF-E05","生活管理能力","SC-S2-06","孩子/生育/教育","SC-S1-08","孩子成长/教育","SC-S3-06","生育/育儿转折","NF-N1-11","家庭投入/家庭边界","Fit / conditional","N3-03/N3-04","当「生活管理能力」进入「孩子成长/教育」的「孩子/生育/教育」，遇到「生育/育儿转折」时，对重视「家庭投入/家庭边界」的人意味着什么？","generated_by_constrained_mapping","unreviewed"
"CC-01312","PF-E05","生活管理能力","SC-S2-06","孩子/生育/教育","SC-S1-08","孩子成长/教育","SC-S3-01","工作时间突变","NF-N1-07","公平/可靠/合作","Conditional / gate","N3-02/N3-03","当「生活管理能力」进入「孩子成长/教育」的「孩子/生育/教育」，遇到「工作时间突变」时，对重视「公平/可靠/合作」的人意味着什么？","generated_by_constrained_mapping","unreviewed"
"CC-01313","PF-E05","生活管理能力","SC-S2-06","孩子/生育/教育","SC-S1-08","孩子成长/教育","SC-S3-01","工作时间突变","NF-N1-05","安全/信任/可预测","Gate / conditional","N3-02/N3-06","当「生活管理能力」进入「孩子成长/教育」的「孩子/生育/教育」，遇到「工作时间突变」时，对重视「安全/信任/可预测」的人意味着什么？","generated_by_constrained_mapping","unreviewed"
"CC-01314","PF-E05","生活管理能力","SC-S2-06","孩子/生育/教育","SC-S1-08","孩子成长/教育","SC-S3-01","工作时间突变","NF-N1-11","家庭投入/家庭边界","Fit / conditional","N3-03/N3-04","当「生活管理能力」进入「孩子成长/教育」的「孩子/生育/教育」，遇到「工作时间突变」时，对重视「家庭投入/家庭边界」的人意味着什么？","generated_by_constrained_mapping","unreviewed"
"CC-01315","PF-E06","学习/修正能力","SC-S2-01","日常作息与生活管理","SC-S1-02","恋爱/磨合","SC-S3-01","工作时间突变","NF-N1-03","被理解/被回应/被关心","Gate or conditional","N3-01","当「学习/修正能力」进入「恋爱/磨合」的「日常作息与生活管理」，遇到「工作时间突变」时，对重视「被理解/被回应/被关心」的人意味着什么？","generated_by_constrained_mapping","unreviewed"
"CC-01316","PF-E06","学习/修正能力","SC-S2-01","日常作息与生活管理","SC-S1-02","恋爱/磨合","SC-S3-01","工作时间突变","NF-N1-07","公平/可靠/合作","Conditional / gate","N3-02/N3-03","当「学习/修正能力」进入「恋爱/磨合」的「日常作息与生活管理」，遇到「工作时间突变」时，对重视「公平/可靠/合作」的人意味着什么？","generated_by_constrained_mapping","unreviewed"
"CC-01317","PF-E06","学习/修正能力","SC-S2-01","日常作息与生活管理","SC-S1-02","恋爱/磨合","SC-S3-01","工作时间突变","NF-N1-05","安全/信任/可预测","Gate / conditional","N3-02/N3-06","当「学习/修正能力」进入「恋爱/磨合」的「日常作息与生活管理」，遇到「工作时间突变」时，对重视「安全/信任/可预测」的人意味着什么？","generated_by_constrained_mapping","unreviewed"
"CC-01318","PF-E06","学习/修正能力","SC-S2-01","日常作息与生活管理","SC-S1-02","恋爱/磨合","SC-S3-10","反复小问题累积","NF-N1-03","被理解/被回应/被关心","Gate or conditional","N3-01","当「学习/修正能力」进入「恋爱/磨合」的「日常作息与生活管理」，遇到「反复小问题累积」时，对重视「被理解/被回应/被关心」的人意味着什么？","generated_by_constrained_mapping","unreviewed"
"CC-01319","PF-E06","学习/修正能力","SC-S2-01","日常作息与生活管理","SC-S1-02","恋爱/磨合","SC-S3-10","反复小问题累积","NF-N1-07","公平/可靠/合作","Conditional / gate","N3-02/N3-03","当「学习/修正能力」进入「恋爱/磨合」的「日常作息与生活管理」，遇到「反复小问题累积」时，对重视「公平/可靠/合作」的人意味着什么？","generated_by_constrained_mapping","unreviewed"
"CC-01320","PF-E06","学习/修正能力","SC-S2-01","日常作息与生活管理","SC-S1-02","恋爱/磨合","SC-S3-10","反复小问题累积","NF-N1-05","安全/信任/可预测","Gate / conditional","N3-02/N3-06","当「学习/修正能力」进入「恋爱/磨合」的「日常作息与生活管理」，遇到「反复小问题累积」时，对重视「安全/信任/可预测」的人意味着什么？","generated_by_constrained_mapping","unreviewed"
"CC-01321","PF-E06","学习/修正能力","SC-S2-01","日常作息与生活管理","SC-S1-04","同居/婚前","SC-S3-01","工作时间突变","NF-N1-03","被理解/被回应/被关心","Gate or conditional","N3-01","当「学习/修正能力」进入「同居/婚前」的「日常作息与生活管理」，遇到「工作时间突变」时，对重视「被理解/被回应/被关心」的人意味着什么？","generated_by_constrained_mapping","unreviewed"
"CC-01322","PF-E06","学习/修正能力","SC-S2-01","日常作息与生活管理","SC-S1-04","同居/婚前","SC-S3-01","工作时间突变","NF-N1-07","公平/可靠/合作","Conditional / gate","N3-02/N3-03","当「学习/修正能力」进入「同居/婚前」的「日常作息与生活管理」，遇到「工作时间突变」时，对重视「公平/可靠/合作」的人意味着什么？","generated_by_constrained_mapping","unreviewed"
"CC-01323","PF-E06","学习/修正能力","SC-S2-01","日常作息与生活管理","SC-S1-04","同居/婚前","SC-S3-01","工作时间突变","NF-N1-05","安全/信任/可预测","Gate / conditional","N3-02/N3-06","当「学习/修正能力」进入「同居/婚前」的「日常作息与生活管理」，遇到「工作时间突变」时，对重视「安全/信任/可预测」的人意味着什么？","generated_by_constrained_mapping","unreviewed"
"CC-01324","PF-E06","学习/修正能力","SC-S2-01","日常作息与生活管理","SC-S1-04","同居/婚前","SC-S3-10","反复小问题累积","NF-N1-03","被理解/被回应/被关心","Gate or conditional","N3-01","当「学习/修正能力」进入「同居/婚前」的「日常作息与生活管理」，遇到「反复小问题累积」时，对重视「被理解/被回应/被关心」的人意味着什么？","generated_by_constrained_mapping","unreviewed"
"CC-01325","PF-E06","学习/修正能力","SC-S2-01","日常作息与生活管理","SC-S1-04","同居/婚前","SC-S3-10","反复小问题累积","NF-N1-07","公平/可靠/合作","Conditional / gate","N3-02/N3-03","当「学习/修正能力」进入「同居/婚前」的「日常作息与生活管理」，遇到「反复小问题累积」时，对重视「公平/可靠/合作」的人意味着什么？","generated_by_constrained_mapping","unreviewed"
"CC-01326","PF-E06","学习/修正能力","SC-S2-01","日常作息与生活管理","SC-S1-04","同居/婚前","SC-S3-10","反复小问题累积","NF-N1-05","安全/信任/可预测","Gate / conditional","N3-02/N3-06","当「学习/修正能力」进入「同居/婚前」的「日常作息与生活管理」，遇到「反复小问题累积」时，对重视「安全/信任/可预测」的人意味着什么？","generated_by_constrained_mapping","unreviewed"
"CC-01327","PF-E06","学习/修正能力","SC-S2-01","日常作息与生活管理","SC-S1-07","婴幼儿照护","SC-S3-01","工作时间突变","NF-N1-03","被理解/被回应/被关心","Gate or conditional","N3-01","当「学习/修正能力」进入「婴幼儿照护」的「日常作息与生活管理」，遇到「工作时间突变」时，对重视「被理解/被回应/被关心」的人意味着什么？","generated_by_constrained_mapping","unreviewed"
"CC-01328","PF-E06","学习/修正能力","SC-S2-01","日常作息与生活管理","SC-S1-07","婴幼儿照护","SC-S3-01","工作时间突变","NF-N1-07","公平/可靠/合作","Conditional / gate","N3-02/N3-03","当「学习/修正能力」进入「婴幼儿照护」的「日常作息与生活管理」，遇到「工作时间突变」时，对重视「公平/可靠/合作」的人意味着什么？","generated_by_constrained_mapping","unreviewed"
"CC-01329","PF-E06","学习/修正能力","SC-S2-01","日常作息与生活管理","SC-S1-07","婴幼儿照护","SC-S3-01","工作时间突变","NF-N1-05","安全/信任/可预测","Gate / conditional","N3-02/N3-06","当「学习/修正能力」进入「婴幼儿照护」的「日常作息与生活管理」，遇到「工作时间突变」时，对重视「安全/信任/可预测」的人意味着什么？","generated_by_constrained_mapping","unreviewed"
"CC-01330","PF-E06","学习/修正能力","SC-S2-01","日常作息与生活管理","SC-S1-07","婴幼儿照护","SC-S3-10","反复小问题累积","NF-N1-03","被理解/被回应/被关心","Gate or conditional","N3-01","当「学习/修正能力」进入「婴幼儿照护」的「日常作息与生活管理」，遇到「反复小问题累积」时，对重视「被理解/被回应/被关心」的人意味着什么？","generated_by_constrained_mapping","unreviewed"
"CC-01331","PF-E06","学习/修正能力","SC-S2-01","日常作息与生活管理","SC-S1-07","婴幼儿照护","SC-S3-10","反复小问题累积","NF-N1-07","公平/可靠/合作","Conditional / gate","N3-02/N3-03","当「学习/修正能力」进入「婴幼儿照护」的「日常作息与生活管理」，遇到「反复小问题累积」时，对重视「公平/可靠/合作」的人意味着什么？","generated_by_constrained_mapping","unreviewed"
"CC-01332","PF-E06","学习/修正能力","SC-S2-01","日常作息与生活管理","SC-S1-07","婴幼儿照护","SC-S3-10","反复小问题累积","NF-N1-05","安全/信任/可预测","Gate / conditional","N3-02/N3-06","当「学习/修正能力」进入「婴幼儿照护」的「日常作息与生活管理」，遇到「反复小问题累积」时，对重视「安全/信任/可预测」的人意味着什么？","generated_by_constrained_mapping","unreviewed"
"CC-01333","PF-E06","学习/修正能力","SC-S2-05","家务/家庭劳动","SC-S1-04","同居/婚前","SC-S3-06","生育/育儿转折","NF-N1-03","被理解/被回应/被关心","Gate or conditional","N3-01","当「学习/修正能力」进入「同居/婚前」的「家务/家庭劳动」，遇到「生育/育儿转折」时，对重视「被理解/被回应/被关心」的人意味着什么？","generated_by_constrained_mapping","unreviewed"
"CC-01334","PF-E06","学习/修正能力","SC-S2-05","家务/家庭劳动","SC-S1-04","同居/婚前","SC-S3-06","生育/育儿转折","NF-N1-07","公平/可靠/合作","Conditional / gate","N3-02/N3-03","当「学习/修正能力」进入「同居/婚前」的「家务/家庭劳动」，遇到「生育/育儿转折」时，对重视「公平/可靠/合作」的人意味着什么？","generated_by_constrained_mapping","unreviewed"
"CC-01335","PF-E06","学习/修正能力","SC-S2-05","家务/家庭劳动","SC-S1-04","同居/婚前","SC-S3-06","生育/育儿转折","NF-N1-05","安全/信任/可预测","Gate / conditional","N3-02/N3-06","当「学习/修正能力」进入「同居/婚前」的「家务/家庭劳动」，遇到「生育/育儿转折」时，对重视「安全/信任/可预测」的人意味着什么？","generated_by_constrained_mapping","unreviewed"
"CC-01336","PF-E06","学习/修正能力","SC-S2-05","家务/家庭劳动","SC-S1-04","同居/婚前","SC-S3-10","反复小问题累积","NF-N1-03","被理解/被回应/被关心","Gate or conditional","N3-01","当「学习/修正能力」进入「同居/婚前」的「家务/家庭劳动」，遇到「反复小问题累积」时，对重视「被理解/被回应/被关心」的人意味着什么？","generated_by_constrained_mapping","unreviewed"
"CC-01337","PF-E06","学习/修正能力","SC-S2-05","家务/家庭劳动","SC-S1-04","同居/婚前","SC-S3-10","反复小问题累积","NF-N1-07","公平/可靠/合作","Conditional / gate","N3-02/N3-03","当「学习/修正能力」进入「同居/婚前」的「家务/家庭劳动」，遇到「反复小问题累积」时，对重视「公平/可靠/合作」的人意味着什么？","generated_by_constrained_mapping","unreviewed"
"CC-01338","PF-E06","学习/修正能力","SC-S2-05","家务/家庭劳动","SC-S1-04","同居/婚前","SC-S3-10","反复小问题累积","NF-N1-05","安全/信任/可预测","Gate / conditional","N3-02/N3-06","当「学习/修正能力」进入「同居/婚前」的「家务/家庭劳动」，遇到「反复小问题累积」时，对重视「安全/信任/可预测」的人意味着什么？","generated_by_constrained_mapping","unreviewed"
"CC-01339","PF-E06","学习/修正能力","SC-S2-05","家务/家庭劳动","SC-S1-07","婴幼儿照护","SC-S3-06","生育/育儿转折","NF-N1-03","被理解/被回应/被关心","Gate or conditional","N3-01","当「学习/修正能力」进入「婴幼儿照护」的「家务/家庭劳动」，遇到「生育/育儿转折」时，对重视「被理解/被回应/被关心」的人意味着什么？","generated_by_constrained_mapping","unreviewed"
"CC-01340","PF-E06","学习/修正能力","SC-S2-05","家务/家庭劳动","SC-S1-07","婴幼儿照护","SC-S3-06","生育/育儿转折","NF-N1-07","公平/可靠/合作","Conditional / gate","N3-02/N3-03","当「学习/修正能力」进入「婴幼儿照护」的「家务/家庭劳动」，遇到「生育/育儿转折」时，对重视「公平/可靠/合作」的人意味着什么？","generated_by_constrained_mapping","unreviewed"
"CC-01341","PF-E06","学习/修正能力","SC-S2-05","家务/家庭劳动","SC-S1-07","婴幼儿照护","SC-S3-06","生育/育儿转折","NF-N1-05","安全/信任/可预测","Gate / conditional","N3-02/N3-06","当「学习/修正能力」进入「婴幼儿照护」的「家务/家庭劳动」，遇到「生育/育儿转折」时，对重视「安全/信任/可预测」的人意味着什么？","generated_by_constrained_mapping","unreviewed"
"CC-01342","PF-E06","学习/修正能力","SC-S2-05","家务/家庭劳动","SC-S1-07","婴幼儿照护","SC-S3-10","反复小问题累积","NF-N1-03","被理解/被回应/被关心","Gate or conditional","N3-01","当「学习/修正能力」进入「婴幼儿照护」的「家务/家庭劳动」，遇到「反复小问题累积」时，对重视「被理解/被回应/被关心」的人意味着什么？","generated_by_constrained_mapping","unreviewed"
"CC-01343","PF-E06","学习/修正能力","SC-S2-05","家务/家庭劳动","SC-S1-07","婴幼儿照护","SC-S3-10","反复小问题累积","NF-N1-07","公平/可靠/合作","Conditional / gate","N3-02/N3-03","当「学习/修正能力」进入「婴幼儿照护」的「家务/家庭劳动」，遇到「反复小问题累积」时，对重视「公平/可靠/合作」的人意味着什么？","generated_by_constrained_mapping","unreviewed"
"CC-01344","PF-E06","学习/修正能力","SC-S2-05","家务/家庭劳动","SC-S1-07","婴幼儿照护","SC-S3-10","反复小问题累积","NF-N1-05","安全/信任/可预测","Gate / conditional","N3-02/N3-06","当「学习/修正能力」进入「婴幼儿照护」的「家务/家庭劳动」，遇到「反复小问题累积」时，对重视「安全/信任/可预测」的人意味着什么？","generated_by_constrained_mapping","unreviewed"
"CC-01345","PF-E06","学习/修正能力","SC-S2-05","家务/家庭劳动","SC-S1-09","中年多重责任","SC-S3-06","生育/育儿转折","NF-N1-03","被理解/被回应/被关心","Gate or conditional","N3-01","当「学习/修正能力」进入「中年多重责任」的「家务/家庭劳动」，遇到「生育/育儿转折」时，对重视「被理解/被回应/被关心」的人意味着什么？","generated_by_constrained_mapping","unreviewed"
"CC-01346","PF-E06","学习/修正能力","SC-S2-05","家务/家庭劳动","SC-S1-09","中年多重责任","SC-S3-06","生育/育儿转折","NF-N1-07","公平/可靠/合作","Conditional / gate","N3-02/N3-03","当「学习/修正能力」进入「中年多重责任」的「家务/家庭劳动」，遇到「生育/育儿转折」时，对重视「公平/可靠/合作」的人意味着什么？","generated_by_constrained_mapping","unreviewed"
"CC-01347","PF-E06","学习/修正能力","SC-S2-05","家务/家庭劳动","SC-S1-09","中年多重责任","SC-S3-06","生育/育儿转折","NF-N1-05","安全/信任/可预测","Gate / conditional","N3-02/N3-06","当「学习/修正能力」进入「中年多重责任」的「家务/家庭劳动」，遇到「生育/育儿转折」时，对重视「安全/信任/可预测」的人意味着什么？","generated_by_constrained_mapping","unreviewed"
"CC-01348","PF-E06","学习/修正能力","SC-S2-05","家务/家庭劳动","SC-S1-09","中年多重责任","SC-S3-10","反复小问题累积","NF-N1-03","被理解/被回应/被关心","Gate or conditional","N3-01","当「学习/修正能力」进入「中年多重责任」的「家务/家庭劳动」，遇到「反复小问题累积」时，对重视「被理解/被回应/被关心」的人意味着什么？","generated_by_constrained_mapping","unreviewed"
"CC-01349","PF-E06","学习/修正能力","SC-S2-05","家务/家庭劳动","SC-S1-09","中年多重责任","SC-S3-10","反复小问题累积","NF-N1-07","公平/可靠/合作","Conditional / gate","N3-02/N3-03","当「学习/修正能力」进入「中年多重责任」的「家务/家庭劳动」，遇到「反复小问题累积」时，对重视「公平/可靠/合作」的人意味着什么？","generated_by_constrained_mapping","unreviewed"
"CC-01350","PF-E06","学习/修正能力","SC-S2-05","家务/家庭劳动","SC-S1-09","中年多重责任","SC-S3-10","反复小问题累积","NF-N1-05","安全/信任/可预测","Gate / conditional","N3-02/N3-06","当「学习/修正能力」进入「中年多重责任」的「家务/家庭劳动」，遇到「反复小问题累积」时，对重视「安全/信任/可预测」的人意味着什么？","generated_by_constrained_mapping","unreviewed"
"CC-01351","PF-E06","学习/修正能力","SC-S2-07","双方父母/原生家庭","SC-S1-05","结婚/建立家庭","SC-S3-07","父母责任变化","NF-N1-03","被理解/被回应/被关心","Gate or conditional","N3-01","当「学习/修正能力」进入「结婚/建立家庭」的「双方父母/原生家庭」，遇到「父母责任变化」时，对重视「被理解/被回应/被关心」的人意味着什么？","generated_by_constrained_mapping","unreviewed"
"CC-01352","PF-E06","学习/修正能力","SC-S2-07","双方父母/原生家庭","SC-S1-05","结婚/建立家庭","SC-S3-07","父母责任变化","NF-N1-07","公平/可靠/合作","Conditional / gate","N3-02/N3-03","当「学习/修正能力」进入「结婚/建立家庭」的「双方父母/原生家庭」，遇到「父母责任变化」时，对重视「公平/可靠/合作」的人意味着什么？","generated_by_constrained_mapping","unreviewed"
"CC-01353","PF-E06","学习/修正能力","SC-S2-07","双方父母/原生家庭","SC-S1-05","结婚/建立家庭","SC-S3-07","父母责任变化","NF-N1-05","安全/信任/可预测","Gate / conditional","N3-02/N3-06","当「学习/修正能力」进入「结婚/建立家庭」的「双方父母/原生家庭」，遇到「父母责任变化」时，对重视「安全/信任/可预测」的人意味着什么？","generated_by_constrained_mapping","unreviewed"
"CC-01354","PF-E06","学习/修正能力","SC-S2-07","双方父母/原生家庭","SC-S1-05","结婚/建立家庭","SC-S3-05","居住/迁移变化","NF-N1-03","被理解/被回应/被关心","Gate or conditional","N3-01","当「学习/修正能力」进入「结婚/建立家庭」的「双方父母/原生家庭」，遇到「居住/迁移变化」时，对重视「被理解/被回应/被关心」的人意味着什么？","generated_by_constrained_mapping","unreviewed"
"CC-01355","PF-E06","学习/修正能力","SC-S2-07","双方父母/原生家庭","SC-S1-05","结婚/建立家庭","SC-S3-05","居住/迁移变化","NF-N1-07","公平/可靠/合作","Conditional / gate","N3-02/N3-03","当「学习/修正能力」进入「结婚/建立家庭」的「双方父母/原生家庭」，遇到「居住/迁移变化」时，对重视「公平/可靠/合作」的人意味着什么？","generated_by_constrained_mapping","unreviewed"
"CC-01356","PF-E06","学习/修正能力","SC-S2-07","双方父母/原生家庭","SC-S1-05","结婚/建立家庭","SC-S3-05","居住/迁移变化","NF-N1-05","安全/信任/可预测","Gate / conditional","N3-02/N3-06","当「学习/修正能力」进入「结婚/建立家庭」的「双方父母/原生家庭」，遇到「居住/迁移变化」时，对重视「安全/信任/可预测」的人意味着什么？","generated_by_constrained_mapping","unreviewed"
"CC-01357","PF-E06","学习/修正能力","SC-S2-07","双方父母/原生家庭","SC-S1-07","婴幼儿照护","SC-S3-07","父母责任变化","NF-N1-03","被理解/被回应/被关心","Gate or conditional","N3-01","当「学习/修正能力」进入「婴幼儿照护」的「双方父母/原生家庭」，遇到「父母责任变化」时，对重视「被理解/被回应/被关心」的人意味着什么？","generated_by_constrained_mapping","unreviewed"
"CC-01358","PF-E06","学习/修正能力","SC-S2-07","双方父母/原生家庭","SC-S1-07","婴幼儿照护","SC-S3-07","父母责任变化","NF-N1-07","公平/可靠/合作","Conditional / gate","N3-02/N3-03","当「学习/修正能力」进入「婴幼儿照护」的「双方父母/原生家庭」，遇到「父母责任变化」时，对重视「公平/可靠/合作」的人意味着什么？","generated_by_constrained_mapping","unreviewed"
"CC-01359","PF-E06","学习/修正能力","SC-S2-07","双方父母/原生家庭","SC-S1-07","婴幼儿照护","SC-S3-07","父母责任变化","NF-N1-05","安全/信任/可预测","Gate / conditional","N3-02/N3-06","当「学习/修正能力」进入「婴幼儿照护」的「双方父母/原生家庭」，遇到「父母责任变化」时，对重视「安全/信任/可预测」的人意味着什么？","generated_by_constrained_mapping","unreviewed"
"CC-01360","PF-E06","学习/修正能力","SC-S2-07","双方父母/原生家庭","SC-S1-07","婴幼儿照护","SC-S3-05","居住/迁移变化","NF-N1-03","被理解/被回应/被关心","Gate or conditional","N3-01","当「学习/修正能力」进入「婴幼儿照护」的「双方父母/原生家庭」，遇到「居住/迁移变化」时，对重视「被理解/被回应/被关心」的人意味着什么？","generated_by_constrained_mapping","unreviewed"
"CC-01361","PF-E06","学习/修正能力","SC-S2-07","双方父母/原生家庭","SC-S1-07","婴幼儿照护","SC-S3-05","居住/迁移变化","NF-N1-07","公平/可靠/合作","Conditional / gate","N3-02/N3-03","当「学习/修正能力」进入「婴幼儿照护」的「双方父母/原生家庭」，遇到「居住/迁移变化」时，对重视「公平/可靠/合作」的人意味着什么？","generated_by_constrained_mapping","unreviewed"
"CC-01362","PF-E06","学习/修正能力","SC-S2-07","双方父母/原生家庭","SC-S1-07","婴幼儿照护","SC-S3-05","居住/迁移变化","NF-N1-05","安全/信任/可预测","Gate / conditional","N3-02/N3-06","当「学习/修正能力」进入「婴幼儿照护」的「双方父母/原生家庭」，遇到「居住/迁移变化」时，对重视「安全/信任/可预测」的人意味着什么？","generated_by_constrained_mapping","unreviewed"
"CC-01363","PF-E06","学习/修正能力","SC-S2-07","双方父母/原生家庭","SC-S1-09","中年多重责任","SC-S3-07","父母责任变化","NF-N1-03","被理解/被回应/被关心","Gate or conditional","N3-01","当「学习/修正能力」进入「中年多重责任」的「双方父母/原生家庭」，遇到「父母责任变化」时，对重视「被理解/被回应/被关心」的人意味着什么？","generated_by_constrained_mapping","unreviewed"
"CC-01364","PF-E06","学习/修正能力","SC-S2-07","双方父母/原生家庭","SC-S1-09","中年多重责任","SC-S3-07","父母责任变化","NF-N1-07","公平/可靠/合作","Conditional / gate","N3-02/N3-03","当「学习/修正能力」进入「中年多重责任」的「双方父母/原生家庭」，遇到「父母责任变化」时，对重视「公平/可靠/合作」的人意味着什么？","generated_by_constrained_mapping","unreviewed"
"CC-01365","PF-E06","学习/修正能力","SC-S2-07","双方父母/原生家庭","SC-S1-09","中年多重责任","SC-S3-07","父母责任变化","NF-N1-05","安全/信任/可预测","Gate / conditional","N3-02/N3-06","当「学习/修正能力」进入「中年多重责任」的「双方父母/原生家庭」，遇到「父母责任变化」时，对重视「安全/信任/可预测」的人意味着什么？","generated_by_constrained_mapping","unreviewed"
"CC-01366","PF-E06","学习/修正能力","SC-S2-07","双方父母/原生家庭","SC-S1-09","中年多重责任","SC-S3-05","居住/迁移变化","NF-N1-03","被理解/被回应/被关心","Gate or conditional","N3-01","当「学习/修正能力」进入「中年多重责任」的「双方父母/原生家庭」，遇到「居住/迁移变化」时，对重视「被理解/被回应/被关心」的人意味着什么？","generated_by_constrained_mapping","unreviewed"
"CC-01367","PF-E06","学习/修正能力","SC-S2-07","双方父母/原生家庭","SC-S1-09","中年多重责任","SC-S3-05","居住/迁移变化","NF-N1-07","公平/可靠/合作","Conditional / gate","N3-02/N3-03","当「学习/修正能力」进入「中年多重责任」的「双方父母/原生家庭」，遇到「居住/迁移变化」时，对重视「公平/可靠/合作」的人意味着什么？","generated_by_constrained_mapping","unreviewed"
"CC-01368","PF-E06","学习/修正能力","SC-S2-07","双方父母/原生家庭","SC-S1-09","中年多重责任","SC-S3-05","居住/迁移变化","NF-N1-05","安全/信任/可预测","Gate / conditional","N3-02/N3-06","当「学习/修正能力」进入「中年多重责任」的「双方父母/原生家庭」，遇到「居住/迁移变化」时，对重视「安全/信任/可预测」的人意味着什么？","generated_by_constrained_mapping","unreviewed"
"CC-01369","PF-F01","工作投入强度","SC-S2-02","工作/事业/学习","SC-S1-02","恋爱/磨合","SC-S3-01","工作时间突变","NF-N1-02","陪伴/连接/归属","Ideal range / conditional","N3-01/N3-05","当「工作投入强度」进入「恋爱/磨合」的「工作/事业/学习」，遇到「工作时间突变」时，对重视「陪伴/连接/归属」的人意味着什么？","generated_by_constrained_mapping","unreviewed"
"CC-01370","PF-F01","工作投入强度","SC-S2-02","工作/事业/学习","SC-S1-02","恋爱/磨合","SC-S3-01","工作时间突变","NF-N1-08","成长/能力/目标支持","Fit / trade-off","N3-09","当「工作投入强度」进入「恋爱/磨合」的「工作/事业/学习」，遇到「工作时间突变」时，对重视「成长/能力/目标支持」的人意味着什么？","generated_by_constrained_mapping","unreviewed"
"CC-01371","PF-F01","工作投入强度","SC-S2-02","工作/事业/学习","SC-S1-02","恋爱/磨合","SC-S3-01","工作时间突变","NF-N1-07","公平/可靠/合作","Conditional / gate","N3-02/N3-03","当「工作投入强度」进入「恋爱/磨合」的「工作/事业/学习」，遇到「工作时间突变」时，对重视「公平/可靠/合作」的人意味着什么？","generated_by_constrained_mapping","unreviewed"
"CC-01372","PF-F01","工作投入强度","SC-S2-02","工作/事业/学习","SC-S1-02","恋爱/磨合","SC-S3-02","事业机会/职业转折","NF-N1-02","陪伴/连接/归属","Ideal range / conditional","N3-01/N3-05","当「工作投入强度」进入「恋爱/磨合」的「工作/事业/学习」，遇到「事业机会/职业转折」时，对重视「陪伴/连接/归属」的人意味着什么？","generated_by_constrained_mapping","unreviewed"
"CC-01373","PF-F01","工作投入强度","SC-S2-02","工作/事业/学习","SC-S1-02","恋爱/磨合","SC-S3-02","事业机会/职业转折","NF-N1-08","成长/能力/目标支持","Fit / trade-off","N3-09","当「工作投入强度」进入「恋爱/磨合」的「工作/事业/学习」，遇到「事业机会/职业转折」时，对重视「成长/能力/目标支持」的人意味着什么？","generated_by_constrained_mapping","unreviewed"
"CC-01374","PF-F01","工作投入强度","SC-S2-02","工作/事业/学习","SC-S1-02","恋爱/磨合","SC-S3-02","事业机会/职业转折","NF-N1-07","公平/可靠/合作","Conditional / gate","N3-02/N3-03","当「工作投入强度」进入「恋爱/磨合」的「工作/事业/学习」，遇到「事业机会/职业转折」时，对重视「公平/可靠/合作」的人意味着什么？","generated_by_constrained_mapping","unreviewed"
"CC-01375","PF-F01","工作投入强度","SC-S2-02","工作/事业/学习","SC-S1-05","结婚/建立家庭","SC-S3-01","工作时间突变","NF-N1-02","陪伴/连接/归属","Ideal range / conditional","N3-01/N3-05","当「工作投入强度」进入「结婚/建立家庭」的「工作/事业/学习」，遇到「工作时间突变」时，对重视「陪伴/连接/归属」的人意味着什么？","generated_by_constrained_mapping","unreviewed"
"CC-01376","PF-F01","工作投入强度","SC-S2-02","工作/事业/学习","SC-S1-05","结婚/建立家庭","SC-S3-01","工作时间突变","NF-N1-08","成长/能力/目标支持","Fit / trade-off","N3-09","当「工作投入强度」进入「结婚/建立家庭」的「工作/事业/学习」，遇到「工作时间突变」时，对重视「成长/能力/目标支持」的人意味着什么？","generated_by_constrained_mapping","unreviewed"
"CC-01377","PF-F01","工作投入强度","SC-S2-02","工作/事业/学习","SC-S1-05","结婚/建立家庭","SC-S3-01","工作时间突变","NF-N1-07","公平/可靠/合作","Conditional / gate","N3-02/N3-03","当「工作投入强度」进入「结婚/建立家庭」的「工作/事业/学习」，遇到「工作时间突变」时，对重视「公平/可靠/合作」的人意味着什么？","generated_by_constrained_mapping","unreviewed"
"CC-01378","PF-F01","工作投入强度","SC-S2-02","工作/事业/学习","SC-S1-05","结婚/建立家庭","SC-S3-02","事业机会/职业转折","NF-N1-02","陪伴/连接/归属","Ideal range / conditional","N3-01/N3-05","当「工作投入强度」进入「结婚/建立家庭」的「工作/事业/学习」，遇到「事业机会/职业转折」时，对重视「陪伴/连接/归属」的人意味着什么？","generated_by_constrained_mapping","unreviewed"
"CC-01379","PF-F01","工作投入强度","SC-S2-02","工作/事业/学习","SC-S1-05","结婚/建立家庭","SC-S3-02","事业机会/职业转折","NF-N1-08","成长/能力/目标支持","Fit / trade-off","N3-09","当「工作投入强度」进入「结婚/建立家庭」的「工作/事业/学习」，遇到「事业机会/职业转折」时，对重视「成长/能力/目标支持」的人意味着什么？","generated_by_constrained_mapping","unreviewed"
"CC-01380","PF-F01","工作投入强度","SC-S2-02","工作/事业/学习","SC-S1-05","结婚/建立家庭","SC-S3-02","事业机会/职业转折","NF-N1-07","公平/可靠/合作","Conditional / gate","N3-02/N3-03","当「工作投入强度」进入「结婚/建立家庭」的「工作/事业/学习」，遇到「事业机会/职业转折」时，对重视「公平/可靠/合作」的人意味着什么？","generated_by_constrained_mapping","unreviewed"
"CC-01381","PF-F01","工作投入强度","SC-S2-02","工作/事业/学习","SC-S1-09","中年多重责任","SC-S3-01","工作时间突变","NF-N1-02","陪伴/连接/归属","Ideal range / conditional","N3-01/N3-05","当「工作投入强度」进入「中年多重责任」的「工作/事业/学习」，遇到「工作时间突变」时，对重视「陪伴/连接/归属」的人意味着什么？","generated_by_constrained_mapping","unreviewed"
"CC-01382","PF-F01","工作投入强度","SC-S2-02","工作/事业/学习","SC-S1-09","中年多重责任","SC-S3-01","工作时间突变","NF-N1-08","成长/能力/目标支持","Fit / trade-off","N3-09","当「工作投入强度」进入「中年多重责任」的「工作/事业/学习」，遇到「工作时间突变」时，对重视「成长/能力/目标支持」的人意味着什么？","generated_by_constrained_mapping","unreviewed"
"CC-01383","PF-F01","工作投入强度","SC-S2-02","工作/事业/学习","SC-S1-09","中年多重责任","SC-S3-01","工作时间突变","NF-N1-07","公平/可靠/合作","Conditional / gate","N3-02/N3-03","当「工作投入强度」进入「中年多重责任」的「工作/事业/学习」，遇到「工作时间突变」时，对重视「公平/可靠/合作」的人意味着什么？","generated_by_constrained_mapping","unreviewed"
"CC-01384","PF-F01","工作投入强度","SC-S2-02","工作/事业/学习","SC-S1-09","中年多重责任","SC-S3-02","事业机会/职业转折","NF-N1-02","陪伴/连接/归属","Ideal range / conditional","N3-01/N3-05","当「工作投入强度」进入「中年多重责任」的「工作/事业/学习」，遇到「事业机会/职业转折」时，对重视「陪伴/连接/归属」的人意味着什么？","generated_by_constrained_mapping","unreviewed"
"CC-01385","PF-F01","工作投入强度","SC-S2-02","工作/事业/学习","SC-S1-09","中年多重责任","SC-S3-02","事业机会/职业转折","NF-N1-08","成长/能力/目标支持","Fit / trade-off","N3-09","当「工作投入强度」进入「中年多重责任」的「工作/事业/学习」，遇到「事业机会/职业转折」时，对重视「成长/能力/目标支持」的人意味着什么？","generated_by_constrained_mapping","unreviewed"
"CC-01386","PF-F01","工作投入强度","SC-S2-02","工作/事业/学习","SC-S1-09","中年多重责任","SC-S3-02","事业机会/职业转折","NF-N1-07","公平/可靠/合作","Conditional / gate","N3-02/N3-03","当「工作投入强度」进入「中年多重责任」的「工作/事业/学习」，遇到「事业机会/职业转折」时，对重视「公平/可靠/合作」的人意味着什么？","generated_by_constrained_mapping","unreviewed"
"CC-01387","PF-F01","工作投入强度","SC-S2-01","日常作息与生活管理","SC-S1-02","恋爱/磨合","SC-S3-01","工作时间突变","NF-N1-02","陪伴/连接/归属","Ideal range / conditional","N3-01/N3-05","当「工作投入强度」进入「恋爱/磨合」的「日常作息与生活管理」，遇到「工作时间突变」时，对重视「陪伴/连接/归属」的人意味着什么？","generated_by_constrained_mapping","unreviewed"
"CC-01388","PF-F01","工作投入强度","SC-S2-01","日常作息与生活管理","SC-S1-02","恋爱/磨合","SC-S3-01","工作时间突变","NF-N1-08","成长/能力/目标支持","Fit / trade-off","N3-09","当「工作投入强度」进入「恋爱/磨合」的「日常作息与生活管理」，遇到「工作时间突变」时，对重视「成长/能力/目标支持」的人意味着什么？","generated_by_constrained_mapping","unreviewed"
"CC-01389","PF-F01","工作投入强度","SC-S2-01","日常作息与生活管理","SC-S1-02","恋爱/磨合","SC-S3-01","工作时间突变","NF-N1-07","公平/可靠/合作","Conditional / gate","N3-02/N3-03","当「工作投入强度」进入「恋爱/磨合」的「日常作息与生活管理」，遇到「工作时间突变」时，对重视「公平/可靠/合作」的人意味着什么？","generated_by_constrained_mapping","unreviewed"
"CC-01390","PF-F01","工作投入强度","SC-S2-01","日常作息与生活管理","SC-S1-02","恋爱/磨合","SC-S3-10","反复小问题累积","NF-N1-02","陪伴/连接/归属","Ideal range / conditional","N3-01/N3-05","当「工作投入强度」进入「恋爱/磨合」的「日常作息与生活管理」，遇到「反复小问题累积」时，对重视「陪伴/连接/归属」的人意味着什么？","generated_by_constrained_mapping","unreviewed"
"CC-01391","PF-F01","工作投入强度","SC-S2-01","日常作息与生活管理","SC-S1-02","恋爱/磨合","SC-S3-10","反复小问题累积","NF-N1-08","成长/能力/目标支持","Fit / trade-off","N3-09","当「工作投入强度」进入「恋爱/磨合」的「日常作息与生活管理」，遇到「反复小问题累积」时，对重视「成长/能力/目标支持」的人意味着什么？","generated_by_constrained_mapping","unreviewed"
"CC-01392","PF-F01","工作投入强度","SC-S2-01","日常作息与生活管理","SC-S1-02","恋爱/磨合","SC-S3-10","反复小问题累积","NF-N1-07","公平/可靠/合作","Conditional / gate","N3-02/N3-03","当「工作投入强度」进入「恋爱/磨合」的「日常作息与生活管理」，遇到「反复小问题累积」时，对重视「公平/可靠/合作」的人意味着什么？","generated_by_constrained_mapping","unreviewed"
"CC-01393","PF-F01","工作投入强度","SC-S2-01","日常作息与生活管理","SC-S1-04","同居/婚前","SC-S3-01","工作时间突变","NF-N1-02","陪伴/连接/归属","Ideal range / conditional","N3-01/N3-05","当「工作投入强度」进入「同居/婚前」的「日常作息与生活管理」，遇到「工作时间突变」时，对重视「陪伴/连接/归属」的人意味着什么？","generated_by_constrained_mapping","unreviewed"
"CC-01394","PF-F01","工作投入强度","SC-S2-01","日常作息与生活管理","SC-S1-04","同居/婚前","SC-S3-01","工作时间突变","NF-N1-08","成长/能力/目标支持","Fit / trade-off","N3-09","当「工作投入强度」进入「同居/婚前」的「日常作息与生活管理」，遇到「工作时间突变」时，对重视「成长/能力/目标支持」的人意味着什么？","generated_by_constrained_mapping","unreviewed"
"CC-01395","PF-F01","工作投入强度","SC-S2-01","日常作息与生活管理","SC-S1-04","同居/婚前","SC-S3-01","工作时间突变","NF-N1-07","公平/可靠/合作","Conditional / gate","N3-02/N3-03","当「工作投入强度」进入「同居/婚前」的「日常作息与生活管理」，遇到「工作时间突变」时，对重视「公平/可靠/合作」的人意味着什么？","generated_by_constrained_mapping","unreviewed"
"CC-01396","PF-F01","工作投入强度","SC-S2-01","日常作息与生活管理","SC-S1-04","同居/婚前","SC-S3-10","反复小问题累积","NF-N1-02","陪伴/连接/归属","Ideal range / conditional","N3-01/N3-05","当「工作投入强度」进入「同居/婚前」的「日常作息与生活管理」，遇到「反复小问题累积」时，对重视「陪伴/连接/归属」的人意味着什么？","generated_by_constrained_mapping","unreviewed"
"CC-01397","PF-F01","工作投入强度","SC-S2-01","日常作息与生活管理","SC-S1-04","同居/婚前","SC-S3-10","反复小问题累积","NF-N1-08","成长/能力/目标支持","Fit / trade-off","N3-09","当「工作投入强度」进入「同居/婚前」的「日常作息与生活管理」，遇到「反复小问题累积」时，对重视「成长/能力/目标支持」的人意味着什么？","generated_by_constrained_mapping","unreviewed"
"CC-01398","PF-F01","工作投入强度","SC-S2-01","日常作息与生活管理","SC-S1-04","同居/婚前","SC-S3-10","反复小问题累积","NF-N1-07","公平/可靠/合作","Conditional / gate","N3-02/N3-03","当「工作投入强度」进入「同居/婚前」的「日常作息与生活管理」，遇到「反复小问题累积」时，对重视「公平/可靠/合作」的人意味着什么？","generated_by_constrained_mapping","unreviewed"
"CC-01399","PF-F01","工作投入强度","SC-S2-01","日常作息与生活管理","SC-S1-07","婴幼儿照护","SC-S3-01","工作时间突变","NF-N1-02","陪伴/连接/归属","Ideal range / conditional","N3-01/N3-05","当「工作投入强度」进入「婴幼儿照护」的「日常作息与生活管理」，遇到「工作时间突变」时，对重视「陪伴/连接/归属」的人意味着什么？","generated_by_constrained_mapping","unreviewed"
"CC-01400","PF-F01","工作投入强度","SC-S2-01","日常作息与生活管理","SC-S1-07","婴幼儿照护","SC-S3-01","工作时间突变","NF-N1-08","成长/能力/目标支持","Fit / trade-off","N3-09","当「工作投入强度」进入「婴幼儿照护」的「日常作息与生活管理」，遇到「工作时间突变」时，对重视「成长/能力/目标支持」的人意味着什么？","generated_by_constrained_mapping","unreviewed"
"CC-01401","PF-F01","工作投入强度","SC-S2-01","日常作息与生活管理","SC-S1-07","婴幼儿照护","SC-S3-01","工作时间突变","NF-N1-07","公平/可靠/合作","Conditional / gate","N3-02/N3-03","当「工作投入强度」进入「婴幼儿照护」的「日常作息与生活管理」，遇到「工作时间突变」时，对重视「公平/可靠/合作」的人意味着什么？","generated_by_constrained_mapping","unreviewed"
"CC-01402","PF-F01","工作投入强度","SC-S2-01","日常作息与生活管理","SC-S1-07","婴幼儿照护","SC-S3-10","反复小问题累积","NF-N1-02","陪伴/连接/归属","Ideal range / conditional","N3-01/N3-05","当「工作投入强度」进入「婴幼儿照护」的「日常作息与生活管理」，遇到「反复小问题累积」时，对重视「陪伴/连接/归属」的人意味着什么？","generated_by_constrained_mapping","unreviewed"
"CC-01403","PF-F01","工作投入强度","SC-S2-01","日常作息与生活管理","SC-S1-07","婴幼儿照护","SC-S3-10","反复小问题累积","NF-N1-08","成长/能力/目标支持","Fit / trade-off","N3-09","当「工作投入强度」进入「婴幼儿照护」的「日常作息与生活管理」，遇到「反复小问题累积」时，对重视「成长/能力/目标支持」的人意味着什么？","generated_by_constrained_mapping","unreviewed"
"CC-01404","PF-F01","工作投入强度","SC-S2-01","日常作息与生活管理","SC-S1-07","婴幼儿照护","SC-S3-10","反复小问题累积","NF-N1-07","公平/可靠/合作","Conditional / gate","N3-02/N3-03","当「工作投入强度」进入「婴幼儿照护」的「日常作息与生活管理」，遇到「反复小问题累积」时，对重视「公平/可靠/合作」的人意味着什么？","generated_by_constrained_mapping","unreviewed"
"CC-01405","PF-F01","工作投入强度","SC-S2-06","孩子/生育/教育","SC-S1-05","结婚/建立家庭","SC-S3-06","生育/育儿转折","NF-N1-02","陪伴/连接/归属","Ideal range / conditional","N3-01/N3-05","当「工作投入强度」进入「结婚/建立家庭」的「孩子/生育/教育」，遇到「生育/育儿转折」时，对重视「陪伴/连接/归属」的人意味着什么？","generated_by_constrained_mapping","unreviewed"
"CC-01406","PF-F01","工作投入强度","SC-S2-06","孩子/生育/教育","SC-S1-05","结婚/建立家庭","SC-S3-06","生育/育儿转折","NF-N1-08","成长/能力/目标支持","Fit / trade-off","N3-09","当「工作投入强度」进入「结婚/建立家庭」的「孩子/生育/教育」，遇到「生育/育儿转折」时，对重视「成长/能力/目标支持」的人意味着什么？","generated_by_constrained_mapping","unreviewed"
"CC-01407","PF-F01","工作投入强度","SC-S2-06","孩子/生育/教育","SC-S1-05","结婚/建立家庭","SC-S3-06","生育/育儿转折","NF-N1-07","公平/可靠/合作","Conditional / gate","N3-02/N3-03","当「工作投入强度」进入「结婚/建立家庭」的「孩子/生育/教育」，遇到「生育/育儿转折」时，对重视「公平/可靠/合作」的人意味着什么？","generated_by_constrained_mapping","unreviewed"
"CC-01408","PF-F01","工作投入强度","SC-S2-06","孩子/生育/教育","SC-S1-05","结婚/建立家庭","SC-S3-01","工作时间突变","NF-N1-02","陪伴/连接/归属","Ideal range / conditional","N3-01/N3-05","当「工作投入强度」进入「结婚/建立家庭」的「孩子/生育/教育」，遇到「工作时间突变」时，对重视「陪伴/连接/归属」的人意味着什么？","generated_by_constrained_mapping","unreviewed"
"CC-01409","PF-F01","工作投入强度","SC-S2-06","孩子/生育/教育","SC-S1-05","结婚/建立家庭","SC-S3-01","工作时间突变","NF-N1-08","成长/能力/目标支持","Fit / trade-off","N3-09","当「工作投入强度」进入「结婚/建立家庭」的「孩子/生育/教育」，遇到「工作时间突变」时，对重视「成长/能力/目标支持」的人意味着什么？","generated_by_constrained_mapping","unreviewed"
"CC-01410","PF-F01","工作投入强度","SC-S2-06","孩子/生育/教育","SC-S1-05","结婚/建立家庭","SC-S3-01","工作时间突变","NF-N1-07","公平/可靠/合作","Conditional / gate","N3-02/N3-03","当「工作投入强度」进入「结婚/建立家庭」的「孩子/生育/教育」，遇到「工作时间突变」时，对重视「公平/可靠/合作」的人意味着什么？","generated_by_constrained_mapping","unreviewed"
"CC-01411","PF-F01","工作投入强度","SC-S2-06","孩子/生育/教育","SC-S1-07","婴幼儿照护","SC-S3-06","生育/育儿转折","NF-N1-02","陪伴/连接/归属","Ideal range / conditional","N3-01/N3-05","当「工作投入强度」进入「婴幼儿照护」的「孩子/生育/教育」，遇到「生育/育儿转折」时，对重视「陪伴/连接/归属」的人意味着什么？","generated_by_constrained_mapping","unreviewed"
"CC-01412","PF-F01","工作投入强度","SC-S2-06","孩子/生育/教育","SC-S1-07","婴幼儿照护","SC-S3-06","生育/育儿转折","NF-N1-08","成长/能力/目标支持","Fit / trade-off","N3-09","当「工作投入强度」进入「婴幼儿照护」的「孩子/生育/教育」，遇到「生育/育儿转折」时，对重视「成长/能力/目标支持」的人意味着什么？","generated_by_constrained_mapping","unreviewed"
"CC-01413","PF-F01","工作投入强度","SC-S2-06","孩子/生育/教育","SC-S1-07","婴幼儿照护","SC-S3-06","生育/育儿转折","NF-N1-07","公平/可靠/合作","Conditional / gate","N3-02/N3-03","当「工作投入强度」进入「婴幼儿照护」的「孩子/生育/教育」，遇到「生育/育儿转折」时，对重视「公平/可靠/合作」的人意味着什么？","generated_by_constrained_mapping","unreviewed"
"CC-01414","PF-F01","工作投入强度","SC-S2-06","孩子/生育/教育","SC-S1-07","婴幼儿照护","SC-S3-01","工作时间突变","NF-N1-02","陪伴/连接/归属","Ideal range / conditional","N3-01/N3-05","当「工作投入强度」进入「婴幼儿照护」的「孩子/生育/教育」，遇到「工作时间突变」时，对重视「陪伴/连接/归属」的人意味着什么？","generated_by_constrained_mapping","unreviewed"
"CC-01415","PF-F01","工作投入强度","SC-S2-06","孩子/生育/教育","SC-S1-07","婴幼儿照护","SC-S3-01","工作时间突变","NF-N1-08","成长/能力/目标支持","Fit / trade-off","N3-09","当「工作投入强度」进入「婴幼儿照护」的「孩子/生育/教育」，遇到「工作时间突变」时，对重视「成长/能力/目标支持」的人意味着什么？","generated_by_constrained_mapping","unreviewed"
"CC-01416","PF-F01","工作投入强度","SC-S2-06","孩子/生育/教育","SC-S1-07","婴幼儿照护","SC-S3-01","工作时间突变","NF-N1-07","公平/可靠/合作","Conditional / gate","N3-02/N3-03","当「工作投入强度」进入「婴幼儿照护」的「孩子/生育/教育」，遇到「工作时间突变」时，对重视「公平/可靠/合作」的人意味着什么？","generated_by_constrained_mapping","unreviewed"
"CC-01417","PF-F01","工作投入强度","SC-S2-06","孩子/生育/教育","SC-S1-08","孩子成长/教育","SC-S3-06","生育/育儿转折","NF-N1-02","陪伴/连接/归属","Ideal range / conditional","N3-01/N3-05","当「工作投入强度」进入「孩子成长/教育」的「孩子/生育/教育」，遇到「生育/育儿转折」时，对重视「陪伴/连接/归属」的人意味着什么？","generated_by_constrained_mapping","unreviewed"
"CC-01418","PF-F01","工作投入强度","SC-S2-06","孩子/生育/教育","SC-S1-08","孩子成长/教育","SC-S3-06","生育/育儿转折","NF-N1-08","成长/能力/目标支持","Fit / trade-off","N3-09","当「工作投入强度」进入「孩子成长/教育」的「孩子/生育/教育」，遇到「生育/育儿转折」时，对重视「成长/能力/目标支持」的人意味着什么？","generated_by_constrained_mapping","unreviewed"
"CC-01419","PF-F01","工作投入强度","SC-S2-06","孩子/生育/教育","SC-S1-08","孩子成长/教育","SC-S3-06","生育/育儿转折","NF-N1-07","公平/可靠/合作","Conditional / gate","N3-02/N3-03","当「工作投入强度」进入「孩子成长/教育」的「孩子/生育/教育」，遇到「生育/育儿转折」时，对重视「公平/可靠/合作」的人意味着什么？","generated_by_constrained_mapping","unreviewed"
"CC-01420","PF-F01","工作投入强度","SC-S2-06","孩子/生育/教育","SC-S1-08","孩子成长/教育","SC-S3-01","工作时间突变","NF-N1-02","陪伴/连接/归属","Ideal range / conditional","N3-01/N3-05","当「工作投入强度」进入「孩子成长/教育」的「孩子/生育/教育」，遇到「工作时间突变」时，对重视「陪伴/连接/归属」的人意味着什么？","generated_by_constrained_mapping","unreviewed"
"CC-01421","PF-F01","工作投入强度","SC-S2-06","孩子/生育/教育","SC-S1-08","孩子成长/教育","SC-S3-01","工作时间突变","NF-N1-08","成长/能力/目标支持","Fit / trade-off","N3-09","当「工作投入强度」进入「孩子成长/教育」的「孩子/生育/教育」，遇到「工作时间突变」时，对重视「成长/能力/目标支持」的人意味着什么？","generated_by_constrained_mapping","unreviewed"
"CC-01422","PF-F01","工作投入强度","SC-S2-06","孩子/生育/教育","SC-S1-08","孩子成长/教育","SC-S3-01","工作时间突变","NF-N1-07","公平/可靠/合作","Conditional / gate","N3-02/N3-03","当「工作投入强度」进入「孩子成长/教育」的「孩子/生育/教育」，遇到「工作时间突变」时，对重视「公平/可靠/合作」的人意味着什么？","generated_by_constrained_mapping","unreviewed"
"CC-01423","PF-F02","日常可用时间","SC-S2-01","日常作息与生活管理","SC-S1-02","恋爱/磨合","SC-S3-01","工作时间突变","NF-N1-02","陪伴/连接/归属","Ideal range / conditional","N3-01/N3-05","当「日常可用时间」进入「恋爱/磨合」的「日常作息与生活管理」，遇到「工作时间突变」时，对重视「陪伴/连接/归属」的人意味着什么？","generated_by_constrained_mapping","unreviewed"
"CC-01424","PF-F02","日常可用时间","SC-S2-01","日常作息与生活管理","SC-S1-02","恋爱/磨合","SC-S3-01","工作时间突变","NF-N1-04","自主/空间/自由","Ideal range / fit","N3-04","当「日常可用时间」进入「恋爱/磨合」的「日常作息与生活管理」，遇到「工作时间突变」时，对重视「自主/空间/自由」的人意味着什么？","generated_by_constrained_mapping","unreviewed"
"CC-01425","PF-F02","日常可用时间","SC-S2-01","日常作息与生活管理","SC-S1-02","恋爱/磨合","SC-S3-01","工作时间突变","NF-N1-11","家庭投入/家庭边界","Fit / conditional","N3-03/N3-04","当「日常可用时间」进入「恋爱/磨合」的「日常作息与生活管理」，遇到「工作时间突变」时，对重视「家庭投入/家庭边界」的人意味着什么？","generated_by_constrained_mapping","unreviewed"
"CC-01426","PF-F02","日常可用时间","SC-S2-01","日常作息与生活管理","SC-S1-02","恋爱/磨合","SC-S3-10","反复小问题累积","NF-N1-02","陪伴/连接/归属","Ideal range / conditional","N3-01/N3-05","当「日常可用时间」进入「恋爱/磨合」的「日常作息与生活管理」，遇到「反复小问题累积」时，对重视「陪伴/连接/归属」的人意味着什么？","generated_by_constrained_mapping","unreviewed"
"CC-01427","PF-F02","日常可用时间","SC-S2-01","日常作息与生活管理","SC-S1-02","恋爱/磨合","SC-S3-10","反复小问题累积","NF-N1-04","自主/空间/自由","Ideal range / fit","N3-04","当「日常可用时间」进入「恋爱/磨合」的「日常作息与生活管理」，遇到「反复小问题累积」时，对重视「自主/空间/自由」的人意味着什么？","generated_by_constrained_mapping","unreviewed"
"CC-01428","PF-F02","日常可用时间","SC-S2-01","日常作息与生活管理","SC-S1-02","恋爱/磨合","SC-S3-10","反复小问题累积","NF-N1-11","家庭投入/家庭边界","Fit / conditional","N3-03/N3-04","当「日常可用时间」进入「恋爱/磨合」的「日常作息与生活管理」，遇到「反复小问题累积」时，对重视「家庭投入/家庭边界」的人意味着什么？","generated_by_constrained_mapping","unreviewed"
"CC-01429","PF-F02","日常可用时间","SC-S2-01","日常作息与生活管理","SC-S1-04","同居/婚前","SC-S3-01","工作时间突变","NF-N1-02","陪伴/连接/归属","Ideal range / conditional","N3-01/N3-05","当「日常可用时间」进入「同居/婚前」的「日常作息与生活管理」，遇到「工作时间突变」时，对重视「陪伴/连接/归属」的人意味着什么？","generated_by_constrained_mapping","unreviewed"
"CC-01430","PF-F02","日常可用时间","SC-S2-01","日常作息与生活管理","SC-S1-04","同居/婚前","SC-S3-01","工作时间突变","NF-N1-04","自主/空间/自由","Ideal range / fit","N3-04","当「日常可用时间」进入「同居/婚前」的「日常作息与生活管理」，遇到「工作时间突变」时，对重视「自主/空间/自由」的人意味着什么？","generated_by_constrained_mapping","unreviewed"
"CC-01431","PF-F02","日常可用时间","SC-S2-01","日常作息与生活管理","SC-S1-04","同居/婚前","SC-S3-01","工作时间突变","NF-N1-11","家庭投入/家庭边界","Fit / conditional","N3-03/N3-04","当「日常可用时间」进入「同居/婚前」的「日常作息与生活管理」，遇到「工作时间突变」时，对重视「家庭投入/家庭边界」的人意味着什么？","generated_by_constrained_mapping","unreviewed"
"CC-01432","PF-F02","日常可用时间","SC-S2-01","日常作息与生活管理","SC-S1-04","同居/婚前","SC-S3-10","反复小问题累积","NF-N1-02","陪伴/连接/归属","Ideal range / conditional","N3-01/N3-05","当「日常可用时间」进入「同居/婚前」的「日常作息与生活管理」，遇到「反复小问题累积」时，对重视「陪伴/连接/归属」的人意味着什么？","generated_by_constrained_mapping","unreviewed"
"CC-01433","PF-F02","日常可用时间","SC-S2-01","日常作息与生活管理","SC-S1-04","同居/婚前","SC-S3-10","反复小问题累积","NF-N1-04","自主/空间/自由","Ideal range / fit","N3-04","当「日常可用时间」进入「同居/婚前」的「日常作息与生活管理」，遇到「反复小问题累积」时，对重视「自主/空间/自由」的人意味着什么？","generated_by_constrained_mapping","unreviewed"
"CC-01434","PF-F02","日常可用时间","SC-S2-01","日常作息与生活管理","SC-S1-04","同居/婚前","SC-S3-10","反复小问题累积","NF-N1-11","家庭投入/家庭边界","Fit / conditional","N3-03/N3-04","当「日常可用时间」进入「同居/婚前」的「日常作息与生活管理」，遇到「反复小问题累积」时，对重视「家庭投入/家庭边界」的人意味着什么？","generated_by_constrained_mapping","unreviewed"
"CC-01435","PF-F02","日常可用时间","SC-S2-01","日常作息与生活管理","SC-S1-07","婴幼儿照护","SC-S3-01","工作时间突变","NF-N1-02","陪伴/连接/归属","Ideal range / conditional","N3-01/N3-05","当「日常可用时间」进入「婴幼儿照护」的「日常作息与生活管理」，遇到「工作时间突变」时，对重视「陪伴/连接/归属」的人意味着什么？","generated_by_constrained_mapping","unreviewed"
"CC-01436","PF-F02","日常可用时间","SC-S2-01","日常作息与生活管理","SC-S1-07","婴幼儿照护","SC-S3-01","工作时间突变","NF-N1-04","自主/空间/自由","Ideal range / fit","N3-04","当「日常可用时间」进入「婴幼儿照护」的「日常作息与生活管理」，遇到「工作时间突变」时，对重视「自主/空间/自由」的人意味着什么？","generated_by_constrained_mapping","unreviewed"
"CC-01437","PF-F02","日常可用时间","SC-S2-01","日常作息与生活管理","SC-S1-07","婴幼儿照护","SC-S3-01","工作时间突变","NF-N1-11","家庭投入/家庭边界","Fit / conditional","N3-03/N3-04","当「日常可用时间」进入「婴幼儿照护」的「日常作息与生活管理」，遇到「工作时间突变」时，对重视「家庭投入/家庭边界」的人意味着什么？","generated_by_constrained_mapping","unreviewed"
"CC-01438","PF-F02","日常可用时间","SC-S2-01","日常作息与生活管理","SC-S1-07","婴幼儿照护","SC-S3-10","反复小问题累积","NF-N1-02","陪伴/连接/归属","Ideal range / conditional","N3-01/N3-05","当「日常可用时间」进入「婴幼儿照护」的「日常作息与生活管理」，遇到「反复小问题累积」时，对重视「陪伴/连接/归属」的人意味着什么？","generated_by_constrained_mapping","unreviewed"
"CC-01439","PF-F02","日常可用时间","SC-S2-01","日常作息与生活管理","SC-S1-07","婴幼儿照护","SC-S3-10","反复小问题累积","NF-N1-04","自主/空间/自由","Ideal range / fit","N3-04","当「日常可用时间」进入「婴幼儿照护」的「日常作息与生活管理」，遇到「反复小问题累积」时，对重视「自主/空间/自由」的人意味着什么？","generated_by_constrained_mapping","unreviewed"
"CC-01440","PF-F02","日常可用时间","SC-S2-01","日常作息与生活管理","SC-S1-07","婴幼儿照护","SC-S3-10","反复小问题累积","NF-N1-11","家庭投入/家庭边界","Fit / conditional","N3-03/N3-04","当「日常可用时间」进入「婴幼儿照护」的「日常作息与生活管理」，遇到「反复小问题累积」时，对重视「家庭投入/家庭边界」的人意味着什么？","generated_by_constrained_mapping","unreviewed"
"CC-01441","PF-F02","日常可用时间","SC-S2-09","兴趣/休闲/旅行","SC-S1-01","认识/相亲","SC-S3-01","工作时间突变","NF-N1-02","陪伴/连接/归属","Ideal range / conditional","N3-01/N3-05","当「日常可用时间」进入「认识/相亲」的「兴趣/休闲/旅行」，遇到「工作时间突变」时，对重视「陪伴/连接/归属」的人意味着什么？","generated_by_constrained_mapping","unreviewed"
"CC-01442","PF-F02","日常可用时间","SC-S2-09","兴趣/休闲/旅行","SC-S1-01","认识/相亲","SC-S3-01","工作时间突变","NF-N1-04","自主/空间/自由","Ideal range / fit","N3-04","当「日常可用时间」进入「认识/相亲」的「兴趣/休闲/旅行」，遇到「工作时间突变」时，对重视「自主/空间/自由」的人意味着什么？","generated_by_constrained_mapping","unreviewed"
"CC-01443","PF-F02","日常可用时间","SC-S2-09","兴趣/休闲/旅行","SC-S1-01","认识/相亲","SC-S3-01","工作时间突变","NF-N1-11","家庭投入/家庭边界","Fit / conditional","N3-03/N3-04","当「日常可用时间」进入「认识/相亲」的「兴趣/休闲/旅行」，遇到「工作时间突变」时，对重视「家庭投入/家庭边界」的人意味着什么？","generated_by_constrained_mapping","unreviewed"
"CC-01444","PF-F02","日常可用时间","SC-S2-09","兴趣/休闲/旅行","SC-S1-01","认识/相亲","SC-S3-10","反复小问题累积","NF-N1-02","陪伴/连接/归属","Ideal range / conditional","N3-01/N3-05","当「日常可用时间」进入「认识/相亲」的「兴趣/休闲/旅行」，遇到「反复小问题累积」时，对重视「陪伴/连接/归属」的人意味着什么？","generated_by_constrained_mapping","unreviewed"
"CC-01445","PF-F02","日常可用时间","SC-S2-09","兴趣/休闲/旅行","SC-S1-01","认识/相亲","SC-S3-10","反复小问题累积","NF-N1-04","自主/空间/自由","Ideal range / fit","N3-04","当「日常可用时间」进入「认识/相亲」的「兴趣/休闲/旅行」，遇到「反复小问题累积」时，对重视「自主/空间/自由」的人意味着什么？","generated_by_constrained_mapping","unreviewed"
"CC-01446","PF-F02","日常可用时间","SC-S2-09","兴趣/休闲/旅行","SC-S1-01","认识/相亲","SC-S3-10","反复小问题累积","NF-N1-11","家庭投入/家庭边界","Fit / conditional","N3-03/N3-04","当「日常可用时间」进入「认识/相亲」的「兴趣/休闲/旅行」，遇到「反复小问题累积」时，对重视「家庭投入/家庭边界」的人意味着什么？","generated_by_constrained_mapping","unreviewed"
"CC-01447","PF-F02","日常可用时间","SC-S2-09","兴趣/休闲/旅行","SC-S1-03","稳定交往","SC-S3-01","工作时间突变","NF-N1-02","陪伴/连接/归属","Ideal range / conditional","N3-01/N3-05","当「日常可用时间」进入「稳定交往」的「兴趣/休闲/旅行」，遇到「工作时间突变」时，对重视「陪伴/连接/归属」的人意味着什么？","generated_by_constrained_mapping","unreviewed"
"CC-01448","PF-F02","日常可用时间","SC-S2-09","兴趣/休闲/旅行","SC-S1-03","稳定交往","SC-S3-01","工作时间突变","NF-N1-04","自主/空间/自由","Ideal range / fit","N3-04","当「日常可用时间」进入「稳定交往」的「兴趣/休闲/旅行」，遇到「工作时间突变」时，对重视「自主/空间/自由」的人意味着什么？","generated_by_constrained_mapping","unreviewed"
"CC-01449","PF-F02","日常可用时间","SC-S2-09","兴趣/休闲/旅行","SC-S1-03","稳定交往","SC-S3-01","工作时间突变","NF-N1-11","家庭投入/家庭边界","Fit / conditional","N3-03/N3-04","当「日常可用时间」进入「稳定交往」的「兴趣/休闲/旅行」，遇到「工作时间突变」时，对重视「家庭投入/家庭边界」的人意味着什么？","generated_by_constrained_mapping","unreviewed"
"CC-01450","PF-F02","日常可用时间","SC-S2-09","兴趣/休闲/旅行","SC-S1-03","稳定交往","SC-S3-10","反复小问题累积","NF-N1-02","陪伴/连接/归属","Ideal range / conditional","N3-01/N3-05","当「日常可用时间」进入「稳定交往」的「兴趣/休闲/旅行」，遇到「反复小问题累积」时，对重视「陪伴/连接/归属」的人意味着什么？","generated_by_constrained_mapping","unreviewed"
"CC-01451","PF-F02","日常可用时间","SC-S2-09","兴趣/休闲/旅行","SC-S1-03","稳定交往","SC-S3-10","反复小问题累积","NF-N1-04","自主/空间/自由","Ideal range / fit","N3-04","当「日常可用时间」进入「稳定交往」的「兴趣/休闲/旅行」，遇到「反复小问题累积」时，对重视「自主/空间/自由」的人意味着什么？","generated_by_constrained_mapping","unreviewed"
"CC-01452","PF-F02","日常可用时间","SC-S2-09","兴趣/休闲/旅行","SC-S1-03","稳定交往","SC-S3-10","反复小问题累积","NF-N1-11","家庭投入/家庭边界","Fit / conditional","N3-03/N3-04","当「日常可用时间」进入「稳定交往」的「兴趣/休闲/旅行」，遇到「反复小问题累积」时，对重视「家庭投入/家庭边界」的人意味着什么？","generated_by_constrained_mapping","unreviewed"
"CC-01453","PF-F02","日常可用时间","SC-S2-09","兴趣/休闲/旅行","SC-S1-07","婴幼儿照护","SC-S3-01","工作时间突变","NF-N1-02","陪伴/连接/归属","Ideal range / conditional","N3-01/N3-05","当「日常可用时间」进入「婴幼儿照护」的「兴趣/休闲/旅行」，遇到「工作时间突变」时，对重视「陪伴/连接/归属」的人意味着什么？","generated_by_constrained_mapping","unreviewed"
"CC-01454","PF-F02","日常可用时间","SC-S2-09","兴趣/休闲/旅行","SC-S1-07","婴幼儿照护","SC-S3-01","工作时间突变","NF-N1-04","自主/空间/自由","Ideal range / fit","N3-04","当「日常可用时间」进入「婴幼儿照护」的「兴趣/休闲/旅行」，遇到「工作时间突变」时，对重视「自主/空间/自由」的人意味着什么？","generated_by_constrained_mapping","unreviewed"
"CC-01455","PF-F02","日常可用时间","SC-S2-09","兴趣/休闲/旅行","SC-S1-07","婴幼儿照护","SC-S3-01","工作时间突变","NF-N1-11","家庭投入/家庭边界","Fit / conditional","N3-03/N3-04","当「日常可用时间」进入「婴幼儿照护」的「兴趣/休闲/旅行」，遇到「工作时间突变」时，对重视「家庭投入/家庭边界」的人意味着什么？","generated_by_constrained_mapping","unreviewed"
"CC-01456","PF-F02","日常可用时间","SC-S2-09","兴趣/休闲/旅行","SC-S1-07","婴幼儿照护","SC-S3-10","反复小问题累积","NF-N1-02","陪伴/连接/归属","Ideal range / conditional","N3-01/N3-05","当「日常可用时间」进入「婴幼儿照护」的「兴趣/休闲/旅行」，遇到「反复小问题累积」时，对重视「陪伴/连接/归属」的人意味着什么？","generated_by_constrained_mapping","unreviewed"
"CC-01457","PF-F02","日常可用时间","SC-S2-09","兴趣/休闲/旅行","SC-S1-07","婴幼儿照护","SC-S3-10","反复小问题累积","NF-N1-04","自主/空间/自由","Ideal range / fit","N3-04","当「日常可用时间」进入「婴幼儿照护」的「兴趣/休闲/旅行」，遇到「反复小问题累积」时，对重视「自主/空间/自由」的人意味着什么？","generated_by_constrained_mapping","unreviewed"
"CC-01458","PF-F02","日常可用时间","SC-S2-09","兴趣/休闲/旅行","SC-S1-07","婴幼儿照护","SC-S3-10","反复小问题累积","NF-N1-11","家庭投入/家庭边界","Fit / conditional","N3-03/N3-04","当「日常可用时间」进入「婴幼儿照护」的「兴趣/休闲/旅行」，遇到「反复小问题累积」时，对重视「家庭投入/家庭边界」的人意味着什么？","generated_by_constrained_mapping","unreviewed"
"CC-01459","PF-F02","日常可用时间","SC-S2-06","孩子/生育/教育","SC-S1-05","结婚/建立家庭","SC-S3-06","生育/育儿转折","NF-N1-02","陪伴/连接/归属","Ideal range / conditional","N3-01/N3-05","当「日常可用时间」进入「结婚/建立家庭」的「孩子/生育/教育」，遇到「生育/育儿转折」时，对重视「陪伴/连接/归属」的人意味着什么？","generated_by_constrained_mapping","unreviewed"
"CC-01460","PF-F02","日常可用时间","SC-S2-06","孩子/生育/教育","SC-S1-05","结婚/建立家庭","SC-S3-06","生育/育儿转折","NF-N1-04","自主/空间/自由","Ideal range / fit","N3-04","当「日常可用时间」进入「结婚/建立家庭」的「孩子/生育/教育」，遇到「生育/育儿转折」时，对重视「自主/空间/自由」的人意味着什么？","generated_by_constrained_mapping","unreviewed"
"CC-01461","PF-F02","日常可用时间","SC-S2-06","孩子/生育/教育","SC-S1-05","结婚/建立家庭","SC-S3-06","生育/育儿转折","NF-N1-11","家庭投入/家庭边界","Fit / conditional","N3-03/N3-04","当「日常可用时间」进入「结婚/建立家庭」的「孩子/生育/教育」，遇到「生育/育儿转折」时，对重视「家庭投入/家庭边界」的人意味着什么？","generated_by_constrained_mapping","unreviewed"
"CC-01462","PF-F02","日常可用时间","SC-S2-06","孩子/生育/教育","SC-S1-05","结婚/建立家庭","SC-S3-01","工作时间突变","NF-N1-02","陪伴/连接/归属","Ideal range / conditional","N3-01/N3-05","当「日常可用时间」进入「结婚/建立家庭」的「孩子/生育/教育」，遇到「工作时间突变」时，对重视「陪伴/连接/归属」的人意味着什么？","generated_by_constrained_mapping","unreviewed"
"CC-01463","PF-F02","日常可用时间","SC-S2-06","孩子/生育/教育","SC-S1-05","结婚/建立家庭","SC-S3-01","工作时间突变","NF-N1-04","自主/空间/自由","Ideal range / fit","N3-04","当「日常可用时间」进入「结婚/建立家庭」的「孩子/生育/教育」，遇到「工作时间突变」时，对重视「自主/空间/自由」的人意味着什么？","generated_by_constrained_mapping","unreviewed"
"CC-01464","PF-F02","日常可用时间","SC-S2-06","孩子/生育/教育","SC-S1-05","结婚/建立家庭","SC-S3-01","工作时间突变","NF-N1-11","家庭投入/家庭边界","Fit / conditional","N3-03/N3-04","当「日常可用时间」进入「结婚/建立家庭」的「孩子/生育/教育」，遇到「工作时间突变」时，对重视「家庭投入/家庭边界」的人意味着什么？","generated_by_constrained_mapping","unreviewed"
"CC-01465","PF-F02","日常可用时间","SC-S2-06","孩子/生育/教育","SC-S1-07","婴幼儿照护","SC-S3-06","生育/育儿转折","NF-N1-02","陪伴/连接/归属","Ideal range / conditional","N3-01/N3-05","当「日常可用时间」进入「婴幼儿照护」的「孩子/生育/教育」，遇到「生育/育儿转折」时，对重视「陪伴/连接/归属」的人意味着什么？","generated_by_constrained_mapping","unreviewed"
"CC-01466","PF-F02","日常可用时间","SC-S2-06","孩子/生育/教育","SC-S1-07","婴幼儿照护","SC-S3-06","生育/育儿转折","NF-N1-04","自主/空间/自由","Ideal range / fit","N3-04","当「日常可用时间」进入「婴幼儿照护」的「孩子/生育/教育」，遇到「生育/育儿转折」时，对重视「自主/空间/自由」的人意味着什么？","generated_by_constrained_mapping","unreviewed"
"CC-01467","PF-F02","日常可用时间","SC-S2-06","孩子/生育/教育","SC-S1-07","婴幼儿照护","SC-S3-06","生育/育儿转折","NF-N1-11","家庭投入/家庭边界","Fit / conditional","N3-03/N3-04","当「日常可用时间」进入「婴幼儿照护」的「孩子/生育/教育」，遇到「生育/育儿转折」时，对重视「家庭投入/家庭边界」的人意味着什么？","generated_by_constrained_mapping","unreviewed"
"CC-01468","PF-F02","日常可用时间","SC-S2-06","孩子/生育/教育","SC-S1-07","婴幼儿照护","SC-S3-01","工作时间突变","NF-N1-02","陪伴/连接/归属","Ideal range / conditional","N3-01/N3-05","当「日常可用时间」进入「婴幼儿照护」的「孩子/生育/教育」，遇到「工作时间突变」时，对重视「陪伴/连接/归属」的人意味着什么？","generated_by_constrained_mapping","unreviewed"
"CC-01469","PF-F02","日常可用时间","SC-S2-06","孩子/生育/教育","SC-S1-07","婴幼儿照护","SC-S3-01","工作时间突变","NF-N1-04","自主/空间/自由","Ideal range / fit","N3-04","当「日常可用时间」进入「婴幼儿照护」的「孩子/生育/教育」，遇到「工作时间突变」时，对重视「自主/空间/自由」的人意味着什么？","generated_by_constrained_mapping","unreviewed"
"CC-01470","PF-F02","日常可用时间","SC-S2-06","孩子/生育/教育","SC-S1-07","婴幼儿照护","SC-S3-01","工作时间突变","NF-N1-11","家庭投入/家庭边界","Fit / conditional","N3-03/N3-04","当「日常可用时间」进入「婴幼儿照护」的「孩子/生育/教育」，遇到「工作时间突变」时，对重视「家庭投入/家庭边界」的人意味着什么？","generated_by_constrained_mapping","unreviewed"
"CC-01471","PF-F02","日常可用时间","SC-S2-06","孩子/生育/教育","SC-S1-08","孩子成长/教育","SC-S3-06","生育/育儿转折","NF-N1-02","陪伴/连接/归属","Ideal range / conditional","N3-01/N3-05","当「日常可用时间」进入「孩子成长/教育」的「孩子/生育/教育」，遇到「生育/育儿转折」时，对重视「陪伴/连接/归属」的人意味着什么？","generated_by_constrained_mapping","unreviewed"
"CC-01472","PF-F02","日常可用时间","SC-S2-06","孩子/生育/教育","SC-S1-08","孩子成长/教育","SC-S3-06","生育/育儿转折","NF-N1-04","自主/空间/自由","Ideal range / fit","N3-04","当「日常可用时间」进入「孩子成长/教育」的「孩子/生育/教育」，遇到「生育/育儿转折」时，对重视「自主/空间/自由」的人意味着什么？","generated_by_constrained_mapping","unreviewed"
"CC-01473","PF-F02","日常可用时间","SC-S2-06","孩子/生育/教育","SC-S1-08","孩子成长/教育","SC-S3-06","生育/育儿转折","NF-N1-11","家庭投入/家庭边界","Fit / conditional","N3-03/N3-04","当「日常可用时间」进入「孩子成长/教育」的「孩子/生育/教育」，遇到「生育/育儿转折」时，对重视「家庭投入/家庭边界」的人意味着什么？","generated_by_constrained_mapping","unreviewed"
"CC-01474","PF-F02","日常可用时间","SC-S2-06","孩子/生育/教育","SC-S1-08","孩子成长/教育","SC-S3-01","工作时间突变","NF-N1-02","陪伴/连接/归属","Ideal range / conditional","N3-01/N3-05","当「日常可用时间」进入「孩子成长/教育」的「孩子/生育/教育」，遇到「工作时间突变」时，对重视「陪伴/连接/归属」的人意味着什么？","generated_by_constrained_mapping","unreviewed"
"CC-01475","PF-F02","日常可用时间","SC-S2-06","孩子/生育/教育","SC-S1-08","孩子成长/教育","SC-S3-01","工作时间突变","NF-N1-04","自主/空间/自由","Ideal range / fit","N3-04","当「日常可用时间」进入「孩子成长/教育」的「孩子/生育/教育」，遇到「工作时间突变」时，对重视「自主/空间/自由」的人意味着什么？","generated_by_constrained_mapping","unreviewed"
"CC-01476","PF-F02","日常可用时间","SC-S2-06","孩子/生育/教育","SC-S1-08","孩子成长/教育","SC-S3-01","工作时间突变","NF-N1-11","家庭投入/家庭边界","Fit / conditional","N3-03/N3-04","当「日常可用时间」进入「孩子成长/教育」的「孩子/生育/教育」，遇到「工作时间突变」时，对重视「家庭投入/家庭边界」的人意味着什么？","generated_by_constrained_mapping","unreviewed"
"CC-01477","PF-F03","消费/储蓄方式","SC-S2-03","钱/财务","SC-S1-03","稳定交往","SC-S3-03","失业/收入下降","NF-N1-06","经济/物质安全","Threshold + diminishing return","N3-03/N3-06","当「消费/储蓄方式」进入「稳定交往」的「钱/财务」，遇到「失业/收入下降」时，对重视「经济/物质安全」的人意味着什么？","generated_by_constrained_mapping","unreviewed"
"CC-01478","PF-F03","消费/储蓄方式","SC-S2-03","钱/财务","SC-S1-03","稳定交往","SC-S3-03","失业/收入下降","NF-N1-05","安全/信任/可预测","Gate / conditional","N3-02/N3-06","当「消费/储蓄方式」进入「稳定交往」的「钱/财务」，遇到「失业/收入下降」时，对重视「安全/信任/可预测」的人意味着什么？","generated_by_constrained_mapping","unreviewed"
"CC-01479","PF-F03","消费/储蓄方式","SC-S2-03","钱/财务","SC-S1-03","稳定交往","SC-S3-03","失业/收入下降","NF-N1-09","活力/新鲜感/有趣/共同体验","Ideal range","N3-05/N3-06","当「消费/储蓄方式」进入「稳定交往」的「钱/财务」，遇到「失业/收入下降」时，对重视「活力/新鲜感/有趣/共同体验」的人意味着什么？","generated_by_constrained_mapping","unreviewed"
"CC-01480","PF-F03","消费/储蓄方式","SC-S2-03","钱/财务","SC-S1-03","稳定交往","SC-S3-04","大额财务事件","NF-N1-06","经济/物质安全","Threshold + diminishing return","N3-03/N3-06","当「消费/储蓄方式」进入「稳定交往」的「钱/财务」，遇到「大额财务事件」时，对重视「经济/物质安全」的人意味着什么？","generated_by_constrained_mapping","unreviewed"
"CC-01481","PF-F03","消费/储蓄方式","SC-S2-03","钱/财务","SC-S1-03","稳定交往","SC-S3-04","大额财务事件","NF-N1-05","安全/信任/可预测","Gate / conditional","N3-02/N3-06","当「消费/储蓄方式」进入「稳定交往」的「钱/财务」，遇到「大额财务事件」时，对重视「安全/信任/可预测」的人意味着什么？","generated_by_constrained_mapping","unreviewed"
"CC-01482","PF-F03","消费/储蓄方式","SC-S2-03","钱/财务","SC-S1-03","稳定交往","SC-S3-04","大额财务事件","NF-N1-09","活力/新鲜感/有趣/共同体验","Ideal range","N3-05/N3-06","当「消费/储蓄方式」进入「稳定交往」的「钱/财务」，遇到「大额财务事件」时，对重视「活力/新鲜感/有趣/共同体验」的人意味着什么？","generated_by_constrained_mapping","unreviewed"
"CC-01483","PF-F03","消费/储蓄方式","SC-S2-03","钱/财务","SC-S1-05","结婚/建立家庭","SC-S3-03","失业/收入下降","NF-N1-06","经济/物质安全","Threshold + diminishing return","N3-03/N3-06","当「消费/储蓄方式」进入「结婚/建立家庭」的「钱/财务」，遇到「失业/收入下降」时，对重视「经济/物质安全」的人意味着什么？","generated_by_constrained_mapping","unreviewed"
"CC-01484","PF-F03","消费/储蓄方式","SC-S2-03","钱/财务","SC-S1-05","结婚/建立家庭","SC-S3-03","失业/收入下降","NF-N1-05","安全/信任/可预测","Gate / conditional","N3-02/N3-06","当「消费/储蓄方式」进入「结婚/建立家庭」的「钱/财务」，遇到「失业/收入下降」时，对重视「安全/信任/可预测」的人意味着什么？","generated_by_constrained_mapping","unreviewed"
"CC-01485","PF-F03","消费/储蓄方式","SC-S2-03","钱/财务","SC-S1-05","结婚/建立家庭","SC-S3-03","失业/收入下降","NF-N1-09","活力/新鲜感/有趣/共同体验","Ideal range","N3-05/N3-06","当「消费/储蓄方式」进入「结婚/建立家庭」的「钱/财务」，遇到「失业/收入下降」时，对重视「活力/新鲜感/有趣/共同体验」的人意味着什么？","generated_by_constrained_mapping","unreviewed"
"CC-01486","PF-F03","消费/储蓄方式","SC-S2-03","钱/财务","SC-S1-05","结婚/建立家庭","SC-S3-04","大额财务事件","NF-N1-06","经济/物质安全","Threshold + diminishing return","N3-03/N3-06","当「消费/储蓄方式」进入「结婚/建立家庭」的「钱/财务」，遇到「大额财务事件」时，对重视「经济/物质安全」的人意味着什么？","generated_by_constrained_mapping","unreviewed"
"CC-01487","PF-F03","消费/储蓄方式","SC-S2-03","钱/财务","SC-S1-05","结婚/建立家庭","SC-S3-04","大额财务事件","NF-N1-05","安全/信任/可预测","Gate / conditional","N3-02/N3-06","当「消费/储蓄方式」进入「结婚/建立家庭」的「钱/财务」，遇到「大额财务事件」时，对重视「安全/信任/可预测」的人意味着什么？","generated_by_constrained_mapping","unreviewed"
"CC-01488","PF-F03","消费/储蓄方式","SC-S2-03","钱/财务","SC-S1-05","结婚/建立家庭","SC-S3-04","大额财务事件","NF-N1-09","活力/新鲜感/有趣/共同体验","Ideal range","N3-05/N3-06","当「消费/储蓄方式」进入「结婚/建立家庭」的「钱/财务」，遇到「大额财务事件」时，对重视「活力/新鲜感/有趣/共同体验」的人意味着什么？","generated_by_constrained_mapping","unreviewed"
"CC-01489","PF-F03","消费/储蓄方式","SC-S2-03","钱/财务","SC-S1-07","婴幼儿照护","SC-S3-03","失业/收入下降","NF-N1-06","经济/物质安全","Threshold + diminishing return","N3-03/N3-06","当「消费/储蓄方式」进入「婴幼儿照护」的「钱/财务」，遇到「失业/收入下降」时，对重视「经济/物质安全」的人意味着什么？","generated_by_constrained_mapping","unreviewed"
"CC-01490","PF-F03","消费/储蓄方式","SC-S2-03","钱/财务","SC-S1-07","婴幼儿照护","SC-S3-03","失业/收入下降","NF-N1-05","安全/信任/可预测","Gate / conditional","N3-02/N3-06","当「消费/储蓄方式」进入「婴幼儿照护」的「钱/财务」，遇到「失业/收入下降」时，对重视「安全/信任/可预测」的人意味着什么？","generated_by_constrained_mapping","unreviewed"
"CC-01491","PF-F03","消费/储蓄方式","SC-S2-03","钱/财务","SC-S1-07","婴幼儿照护","SC-S3-03","失业/收入下降","NF-N1-09","活力/新鲜感/有趣/共同体验","Ideal range","N3-05/N3-06","当「消费/储蓄方式」进入「婴幼儿照护」的「钱/财务」，遇到「失业/收入下降」时，对重视「活力/新鲜感/有趣/共同体验」的人意味着什么？","generated_by_constrained_mapping","unreviewed"
"CC-01492","PF-F03","消费/储蓄方式","SC-S2-03","钱/财务","SC-S1-07","婴幼儿照护","SC-S3-04","大额财务事件","NF-N1-06","经济/物质安全","Threshold + diminishing return","N3-03/N3-06","当「消费/储蓄方式」进入「婴幼儿照护」的「钱/财务」，遇到「大额财务事件」时，对重视「经济/物质安全」的人意味着什么？","generated_by_constrained_mapping","unreviewed"
"CC-01493","PF-F03","消费/储蓄方式","SC-S2-03","钱/财务","SC-S1-07","婴幼儿照护","SC-S3-04","大额财务事件","NF-N1-05","安全/信任/可预测","Gate / conditional","N3-02/N3-06","当「消费/储蓄方式」进入「婴幼儿照护」的「钱/财务」，遇到「大额财务事件」时，对重视「安全/信任/可预测」的人意味着什么？","generated_by_constrained_mapping","unreviewed"
"CC-01494","PF-F03","消费/储蓄方式","SC-S2-03","钱/财务","SC-S1-07","婴幼儿照护","SC-S3-04","大额财务事件","NF-N1-09","活力/新鲜感/有趣/共同体验","Ideal range","N3-05/N3-06","当「消费/储蓄方式」进入「婴幼儿照护」的「钱/财务」，遇到「大额财务事件」时，对重视「活力/新鲜感/有趣/共同体验」的人意味着什么？","generated_by_constrained_mapping","unreviewed"
"CC-01495","PF-F03","消费/储蓄方式","SC-S2-04","房/居住/地点","SC-S1-03","稳定交往","SC-S3-04","大额财务事件","NF-N1-06","经济/物质安全","Threshold + diminishing return","N3-03/N3-06","当「消费/储蓄方式」进入「稳定交往」的「房/居住/地点」，遇到「大额财务事件」时，对重视「经济/物质安全」的人意味着什么？","generated_by_constrained_mapping","unreviewed"
"CC-01496","PF-F03","消费/储蓄方式","SC-S2-04","房/居住/地点","SC-S1-03","稳定交往","SC-S3-04","大额财务事件","NF-N1-05","安全/信任/可预测","Gate / conditional","N3-02/N3-06","当「消费/储蓄方式」进入「稳定交往」的「房/居住/地点」，遇到「大额财务事件」时，对重视「安全/信任/可预测」的人意味着什么？","generated_by_constrained_mapping","unreviewed"
"CC-01497","PF-F03","消费/储蓄方式","SC-S2-04","房/居住/地点","SC-S1-03","稳定交往","SC-S3-04","大额财务事件","NF-N1-09","活力/新鲜感/有趣/共同体验","Ideal range","N3-05/N3-06","当「消费/储蓄方式」进入「稳定交往」的「房/居住/地点」，遇到「大额财务事件」时，对重视「活力/新鲜感/有趣/共同体验」的人意味着什么？","generated_by_constrained_mapping","unreviewed"
"CC-01498","PF-F03","消费/储蓄方式","SC-S2-04","房/居住/地点","SC-S1-03","稳定交往","SC-S3-05","居住/迁移变化","NF-N1-06","经济/物质安全","Threshold + diminishing return","N3-03/N3-06","当「消费/储蓄方式」进入「稳定交往」的「房/居住/地点」，遇到「居住/迁移变化」时，对重视「经济/物质安全」的人意味着什么？","generated_by_constrained_mapping","unreviewed"
"CC-01499","PF-F03","消费/储蓄方式","SC-S2-04","房/居住/地点","SC-S1-03","稳定交往","SC-S3-05","居住/迁移变化","NF-N1-05","安全/信任/可预测","Gate / conditional","N3-02/N3-06","当「消费/储蓄方式」进入「稳定交往」的「房/居住/地点」，遇到「居住/迁移变化」时，对重视「安全/信任/可预测」的人意味着什么？","generated_by_constrained_mapping","unreviewed"
"CC-01500","PF-F03","消费/储蓄方式","SC-S2-04","房/居住/地点","SC-S1-03","稳定交往","SC-S3-05","居住/迁移变化","NF-N1-09","活力/新鲜感/有趣/共同体验","Ideal range","N3-05/N3-06","当「消费/储蓄方式」进入「稳定交往」的「房/居住/地点」，遇到「居住/迁移变化」时，对重视「活力/新鲜感/有趣/共同体验」的人意味着什么？","generated_by_constrained_mapping","unreviewed"
"CC-01501","PF-F03","消费/储蓄方式","SC-S2-04","房/居住/地点","SC-S1-05","结婚/建立家庭","SC-S3-04","大额财务事件","NF-N1-06","经济/物质安全","Threshold + diminishing return","N3-03/N3-06","当「消费/储蓄方式」进入「结婚/建立家庭」的「房/居住/地点」，遇到「大额财务事件」时，对重视「经济/物质安全」的人意味着什么？","generated_by_constrained_mapping","unreviewed"
"CC-01502","PF-F03","消费/储蓄方式","SC-S2-04","房/居住/地点","SC-S1-05","结婚/建立家庭","SC-S3-04","大额财务事件","NF-N1-05","安全/信任/可预测","Gate / conditional","N3-02/N3-06","当「消费/储蓄方式」进入「结婚/建立家庭」的「房/居住/地点」，遇到「大额财务事件」时，对重视「安全/信任/可预测」的人意味着什么？","generated_by_constrained_mapping","unreviewed"
"CC-01503","PF-F03","消费/储蓄方式","SC-S2-04","房/居住/地点","SC-S1-05","结婚/建立家庭","SC-S3-04","大额财务事件","NF-N1-09","活力/新鲜感/有趣/共同体验","Ideal range","N3-05/N3-06","当「消费/储蓄方式」进入「结婚/建立家庭」的「房/居住/地点」，遇到「大额财务事件」时，对重视「活力/新鲜感/有趣/共同体验」的人意味着什么？","generated_by_constrained_mapping","unreviewed"
"CC-01504","PF-F03","消费/储蓄方式","SC-S2-04","房/居住/地点","SC-S1-05","结婚/建立家庭","SC-S3-05","居住/迁移变化","NF-N1-06","经济/物质安全","Threshold + diminishing return","N3-03/N3-06","当「消费/储蓄方式」进入「结婚/建立家庭」的「房/居住/地点」，遇到「居住/迁移变化」时，对重视「经济/物质安全」的人意味着什么？","generated_by_constrained_mapping","unreviewed"
"CC-01505","PF-F03","消费/储蓄方式","SC-S2-04","房/居住/地点","SC-S1-05","结婚/建立家庭","SC-S3-05","居住/迁移变化","NF-N1-05","安全/信任/可预测","Gate / conditional","N3-02/N3-06","当「消费/储蓄方式」进入「结婚/建立家庭」的「房/居住/地点」，遇到「居住/迁移变化」时，对重视「安全/信任/可预测」的人意味着什么？","generated_by_constrained_mapping","unreviewed"
"CC-01506","PF-F03","消费/储蓄方式","SC-S2-04","房/居住/地点","SC-S1-05","结婚/建立家庭","SC-S3-05","居住/迁移变化","NF-N1-09","活力/新鲜感/有趣/共同体验","Ideal range","N3-05/N3-06","当「消费/储蓄方式」进入「结婚/建立家庭」的「房/居住/地点」，遇到「居住/迁移变化」时，对重视「活力/新鲜感/有趣/共同体验」的人意味着什么？","generated_by_constrained_mapping","unreviewed"
"CC-01507","PF-F03","消费/储蓄方式","SC-S2-04","房/居住/地点","SC-S1-09","中年多重责任","SC-S3-04","大额财务事件","NF-N1-06","经济/物质安全","Threshold + diminishing return","N3-03/N3-06","当「消费/储蓄方式」进入「中年多重责任」的「房/居住/地点」，遇到「大额财务事件」时，对重视「经济/物质安全」的人意味着什么？","generated_by_constrained_mapping","unreviewed"
"CC-01508","PF-F03","消费/储蓄方式","SC-S2-04","房/居住/地点","SC-S1-09","中年多重责任","SC-S3-04","大额财务事件","NF-N1-05","安全/信任/可预测","Gate / conditional","N3-02/N3-06","当「消费/储蓄方式」进入「中年多重责任」的「房/居住/地点」，遇到「大额财务事件」时，对重视「安全/信任/可预测」的人意味着什么？","generated_by_constrained_mapping","unreviewed"
"CC-01509","PF-F03","消费/储蓄方式","SC-S2-04","房/居住/地点","SC-S1-09","中年多重责任","SC-S3-04","大额财务事件","NF-N1-09","活力/新鲜感/有趣/共同体验","Ideal range","N3-05/N3-06","当「消费/储蓄方式」进入「中年多重责任」的「房/居住/地点」，遇到「大额财务事件」时，对重视「活力/新鲜感/有趣/共同体验」的人意味着什么？","generated_by_constrained_mapping","unreviewed"
"CC-01510","PF-F03","消费/储蓄方式","SC-S2-04","房/居住/地点","SC-S1-09","中年多重责任","SC-S3-05","居住/迁移变化","NF-N1-06","经济/物质安全","Threshold + diminishing return","N3-03/N3-06","当「消费/储蓄方式」进入「中年多重责任」的「房/居住/地点」，遇到「居住/迁移变化」时，对重视「经济/物质安全」的人意味着什么？","generated_by_constrained_mapping","unreviewed"
"CC-01511","PF-F03","消费/储蓄方式","SC-S2-04","房/居住/地点","SC-S1-09","中年多重责任","SC-S3-05","居住/迁移变化","NF-N1-05","安全/信任/可预测","Gate / conditional","N3-02/N3-06","当「消费/储蓄方式」进入「中年多重责任」的「房/居住/地点」，遇到「居住/迁移变化」时，对重视「安全/信任/可预测」的人意味着什么？","generated_by_constrained_mapping","unreviewed"
"CC-01512","PF-F03","消费/储蓄方式","SC-S2-04","房/居住/地点","SC-S1-09","中年多重责任","SC-S3-05","居住/迁移变化","NF-N1-09","活力/新鲜感/有趣/共同体验","Ideal range","N3-05/N3-06","当「消费/储蓄方式」进入「中年多重责任」的「房/居住/地点」，遇到「居住/迁移变化」时，对重视「活力/新鲜感/有趣/共同体验」的人意味着什么？","generated_by_constrained_mapping","unreviewed"
"CC-01513","PF-F03","消费/储蓄方式","SC-S2-09","兴趣/休闲/旅行","SC-S1-01","认识/相亲","SC-S3-01","工作时间突变","NF-N1-06","经济/物质安全","Threshold + diminishing return","N3-03/N3-06","当「消费/储蓄方式」进入「认识/相亲」的「兴趣/休闲/旅行」，遇到「工作时间突变」时，对重视「经济/物质安全」的人意味着什么？","generated_by_constrained_mapping","unreviewed"
"CC-01514","PF-F03","消费/储蓄方式","SC-S2-09","兴趣/休闲/旅行","SC-S1-01","认识/相亲","SC-S3-01","工作时间突变","NF-N1-05","安全/信任/可预测","Gate / conditional","N3-02/N3-06","当「消费/储蓄方式」进入「认识/相亲」的「兴趣/休闲/旅行」，遇到「工作时间突变」时，对重视「安全/信任/可预测」的人意味着什么？","generated_by_constrained_mapping","unreviewed"
"CC-01515","PF-F03","消费/储蓄方式","SC-S2-09","兴趣/休闲/旅行","SC-S1-01","认识/相亲","SC-S3-01","工作时间突变","NF-N1-09","活力/新鲜感/有趣/共同体验","Ideal range","N3-05/N3-06","当「消费/储蓄方式」进入「认识/相亲」的「兴趣/休闲/旅行」，遇到「工作时间突变」时，对重视「活力/新鲜感/有趣/共同体验」的人意味着什么？","generated_by_constrained_mapping","unreviewed"
"CC-01516","PF-F03","消费/储蓄方式","SC-S2-09","兴趣/休闲/旅行","SC-S1-01","认识/相亲","SC-S3-10","反复小问题累积","NF-N1-06","经济/物质安全","Threshold + diminishing return","N3-03/N3-06","当「消费/储蓄方式」进入「认识/相亲」的「兴趣/休闲/旅行」，遇到「反复小问题累积」时，对重视「经济/物质安全」的人意味着什么？","generated_by_constrained_mapping","unreviewed"
"CC-01517","PF-F03","消费/储蓄方式","SC-S2-09","兴趣/休闲/旅行","SC-S1-01","认识/相亲","SC-S3-10","反复小问题累积","NF-N1-05","安全/信任/可预测","Gate / conditional","N3-02/N3-06","当「消费/储蓄方式」进入「认识/相亲」的「兴趣/休闲/旅行」，遇到「反复小问题累积」时，对重视「安全/信任/可预测」的人意味着什么？","generated_by_constrained_mapping","unreviewed"
"CC-01518","PF-F03","消费/储蓄方式","SC-S2-09","兴趣/休闲/旅行","SC-S1-01","认识/相亲","SC-S3-10","反复小问题累积","NF-N1-09","活力/新鲜感/有趣/共同体验","Ideal range","N3-05/N3-06","当「消费/储蓄方式」进入「认识/相亲」的「兴趣/休闲/旅行」，遇到「反复小问题累积」时，对重视「活力/新鲜感/有趣/共同体验」的人意味着什么？","generated_by_constrained_mapping","unreviewed"
"CC-01519","PF-F03","消费/储蓄方式","SC-S2-09","兴趣/休闲/旅行","SC-S1-03","稳定交往","SC-S3-01","工作时间突变","NF-N1-06","经济/物质安全","Threshold + diminishing return","N3-03/N3-06","当「消费/储蓄方式」进入「稳定交往」的「兴趣/休闲/旅行」，遇到「工作时间突变」时，对重视「经济/物质安全」的人意味着什么？","generated_by_constrained_mapping","unreviewed"
"CC-01520","PF-F03","消费/储蓄方式","SC-S2-09","兴趣/休闲/旅行","SC-S1-03","稳定交往","SC-S3-01","工作时间突变","NF-N1-05","安全/信任/可预测","Gate / conditional","N3-02/N3-06","当「消费/储蓄方式」进入「稳定交往」的「兴趣/休闲/旅行」，遇到「工作时间突变」时，对重视「安全/信任/可预测」的人意味着什么？","generated_by_constrained_mapping","unreviewed"
"CC-01521","PF-F03","消费/储蓄方式","SC-S2-09","兴趣/休闲/旅行","SC-S1-03","稳定交往","SC-S3-01","工作时间突变","NF-N1-09","活力/新鲜感/有趣/共同体验","Ideal range","N3-05/N3-06","当「消费/储蓄方式」进入「稳定交往」的「兴趣/休闲/旅行」，遇到「工作时间突变」时，对重视「活力/新鲜感/有趣/共同体验」的人意味着什么？","generated_by_constrained_mapping","unreviewed"
"CC-01522","PF-F03","消费/储蓄方式","SC-S2-09","兴趣/休闲/旅行","SC-S1-03","稳定交往","SC-S3-10","反复小问题累积","NF-N1-06","经济/物质安全","Threshold + diminishing return","N3-03/N3-06","当「消费/储蓄方式」进入「稳定交往」的「兴趣/休闲/旅行」，遇到「反复小问题累积」时，对重视「经济/物质安全」的人意味着什么？","generated_by_constrained_mapping","unreviewed"
"CC-01523","PF-F03","消费/储蓄方式","SC-S2-09","兴趣/休闲/旅行","SC-S1-03","稳定交往","SC-S3-10","反复小问题累积","NF-N1-05","安全/信任/可预测","Gate / conditional","N3-02/N3-06","当「消费/储蓄方式」进入「稳定交往」的「兴趣/休闲/旅行」，遇到「反复小问题累积」时，对重视「安全/信任/可预测」的人意味着什么？","generated_by_constrained_mapping","unreviewed"
"CC-01524","PF-F03","消费/储蓄方式","SC-S2-09","兴趣/休闲/旅行","SC-S1-03","稳定交往","SC-S3-10","反复小问题累积","NF-N1-09","活力/新鲜感/有趣/共同体验","Ideal range","N3-05/N3-06","当「消费/储蓄方式」进入「稳定交往」的「兴趣/休闲/旅行」，遇到「反复小问题累积」时，对重视「活力/新鲜感/有趣/共同体验」的人意味着什么？","generated_by_constrained_mapping","unreviewed"
"CC-01525","PF-F03","消费/储蓄方式","SC-S2-09","兴趣/休闲/旅行","SC-S1-07","婴幼儿照护","SC-S3-01","工作时间突变","NF-N1-06","经济/物质安全","Threshold + diminishing return","N3-03/N3-06","当「消费/储蓄方式」进入「婴幼儿照护」的「兴趣/休闲/旅行」，遇到「工作时间突变」时，对重视「经济/物质安全」的人意味着什么？","generated_by_constrained_mapping","unreviewed"
"CC-01526","PF-F03","消费/储蓄方式","SC-S2-09","兴趣/休闲/旅行","SC-S1-07","婴幼儿照护","SC-S3-01","工作时间突变","NF-N1-05","安全/信任/可预测","Gate / conditional","N3-02/N3-06","当「消费/储蓄方式」进入「婴幼儿照护」的「兴趣/休闲/旅行」，遇到「工作时间突变」时，对重视「安全/信任/可预测」的人意味着什么？","generated_by_constrained_mapping","unreviewed"
"CC-01527","PF-F03","消费/储蓄方式","SC-S2-09","兴趣/休闲/旅行","SC-S1-07","婴幼儿照护","SC-S3-01","工作时间突变","NF-N1-09","活力/新鲜感/有趣/共同体验","Ideal range","N3-05/N3-06","当「消费/储蓄方式」进入「婴幼儿照护」的「兴趣/休闲/旅行」，遇到「工作时间突变」时，对重视「活力/新鲜感/有趣/共同体验」的人意味着什么？","generated_by_constrained_mapping","unreviewed"
"CC-01528","PF-F03","消费/储蓄方式","SC-S2-09","兴趣/休闲/旅行","SC-S1-07","婴幼儿照护","SC-S3-10","反复小问题累积","NF-N1-06","经济/物质安全","Threshold + diminishing return","N3-03/N3-06","当「消费/储蓄方式」进入「婴幼儿照护」的「兴趣/休闲/旅行」，遇到「反复小问题累积」时，对重视「经济/物质安全」的人意味着什么？","generated_by_constrained_mapping","unreviewed"
"CC-01529","PF-F03","消费/储蓄方式","SC-S2-09","兴趣/休闲/旅行","SC-S1-07","婴幼儿照护","SC-S3-10","反复小问题累积","NF-N1-05","安全/信任/可预测","Gate / conditional","N3-02/N3-06","当「消费/储蓄方式」进入「婴幼儿照护」的「兴趣/休闲/旅行」，遇到「反复小问题累积」时，对重视「安全/信任/可预测」的人意味着什么？","generated_by_constrained_mapping","unreviewed"
"CC-01530","PF-F03","消费/储蓄方式","SC-S2-09","兴趣/休闲/旅行","SC-S1-07","婴幼儿照护","SC-S3-10","反复小问题累积","NF-N1-09","活力/新鲜感/有趣/共同体验","Ideal range","N3-05/N3-06","当「消费/储蓄方式」进入「婴幼儿照护」的「兴趣/休闲/旅行」，遇到「反复小问题累积」时，对重视「活力/新鲜感/有趣/共同体验」的人意味着什么？","generated_by_constrained_mapping","unreviewed"
"CC-01531","PF-F04","社交密度","SC-S2-08","社交/朋友/个人空间","SC-S1-01","认识/相亲","SC-S3-09","社交/边界事件","NF-N1-09","活力/新鲜感/有趣/共同体验","Ideal range","N3-05/N3-06","当「社交密度」进入「认识/相亲」的「社交/朋友/个人空间」，遇到「社交/边界事件」时，对重视「活力/新鲜感/有趣/共同体验」的人意味着什么？","generated_by_constrained_mapping","unreviewed"
"CC-01532","PF-F04","社交密度","SC-S2-08","社交/朋友/个人空间","SC-S1-01","认识/相亲","SC-S3-09","社交/边界事件","NF-N1-04","自主/空间/自由","Ideal range / fit","N3-04","当「社交密度」进入「认识/相亲」的「社交/朋友/个人空间」，遇到「社交/边界事件」时，对重视「自主/空间/自由」的人意味着什么？","generated_by_constrained_mapping","unreviewed"
"CC-01533","PF-F04","社交密度","SC-S2-08","社交/朋友/个人空间","SC-S1-01","认识/相亲","SC-S3-09","社交/边界事件","NF-N1-02","陪伴/连接/归属","Ideal range / conditional","N3-01/N3-05","当「社交密度」进入「认识/相亲」的「社交/朋友/个人空间」，遇到「社交/边界事件」时，对重视「陪伴/连接/归属」的人意味着什么？","generated_by_constrained_mapping","unreviewed"
"CC-01534","PF-F04","社交密度","SC-S2-08","社交/朋友/个人空间","SC-S1-01","认识/相亲","SC-S3-10","反复小问题累积","NF-N1-09","活力/新鲜感/有趣/共同体验","Ideal range","N3-05/N3-06","当「社交密度」进入「认识/相亲」的「社交/朋友/个人空间」，遇到「反复小问题累积」时，对重视「活力/新鲜感/有趣/共同体验」的人意味着什么？","generated_by_constrained_mapping","unreviewed"
"CC-01535","PF-F04","社交密度","SC-S2-08","社交/朋友/个人空间","SC-S1-01","认识/相亲","SC-S3-10","反复小问题累积","NF-N1-04","自主/空间/自由","Ideal range / fit","N3-04","当「社交密度」进入「认识/相亲」的「社交/朋友/个人空间」，遇到「反复小问题累积」时，对重视「自主/空间/自由」的人意味着什么？","generated_by_constrained_mapping","unreviewed"
"CC-01536","PF-F04","社交密度","SC-S2-08","社交/朋友/个人空间","SC-S1-01","认识/相亲","SC-S3-10","反复小问题累积","NF-N1-02","陪伴/连接/归属","Ideal range / conditional","N3-01/N3-05","当「社交密度」进入「认识/相亲」的「社交/朋友/个人空间」，遇到「反复小问题累积」时，对重视「陪伴/连接/归属」的人意味着什么？","generated_by_constrained_mapping","unreviewed"
"CC-01537","PF-F04","社交密度","SC-S2-08","社交/朋友/个人空间","SC-S1-03","稳定交往","SC-S3-09","社交/边界事件","NF-N1-09","活力/新鲜感/有趣/共同体验","Ideal range","N3-05/N3-06","当「社交密度」进入「稳定交往」的「社交/朋友/个人空间」，遇到「社交/边界事件」时，对重视「活力/新鲜感/有趣/共同体验」的人意味着什么？","generated_by_constrained_mapping","unreviewed"
"CC-01538","PF-F04","社交密度","SC-S2-08","社交/朋友/个人空间","SC-S1-03","稳定交往","SC-S3-09","社交/边界事件","NF-N1-04","自主/空间/自由","Ideal range / fit","N3-04","当「社交密度」进入「稳定交往」的「社交/朋友/个人空间」，遇到「社交/边界事件」时，对重视「自主/空间/自由」的人意味着什么？","generated_by_constrained_mapping","unreviewed"
"CC-01539","PF-F04","社交密度","SC-S2-08","社交/朋友/个人空间","SC-S1-03","稳定交往","SC-S3-09","社交/边界事件","NF-N1-02","陪伴/连接/归属","Ideal range / conditional","N3-01/N3-05","当「社交密度」进入「稳定交往」的「社交/朋友/个人空间」，遇到「社交/边界事件」时，对重视「陪伴/连接/归属」的人意味着什么？","generated_by_constrained_mapping","unreviewed"
"CC-01540","PF-F04","社交密度","SC-S2-08","社交/朋友/个人空间","SC-S1-03","稳定交往","SC-S3-10","反复小问题累积","NF-N1-09","活力/新鲜感/有趣/共同体验","Ideal range","N3-05/N3-06","当「社交密度」进入「稳定交往」的「社交/朋友/个人空间」，遇到「反复小问题累积」时，对重视「活力/新鲜感/有趣/共同体验」的人意味着什么？","generated_by_constrained_mapping","unreviewed"
"CC-01541","PF-F04","社交密度","SC-S2-08","社交/朋友/个人空间","SC-S1-03","稳定交往","SC-S3-10","反复小问题累积","NF-N1-04","自主/空间/自由","Ideal range / fit","N3-04","当「社交密度」进入「稳定交往」的「社交/朋友/个人空间」，遇到「反复小问题累积」时，对重视「自主/空间/自由」的人意味着什么？","generated_by_constrained_mapping","unreviewed"
"CC-01542","PF-F04","社交密度","SC-S2-08","社交/朋友/个人空间","SC-S1-03","稳定交往","SC-S3-10","反复小问题累积","NF-N1-02","陪伴/连接/归属","Ideal range / conditional","N3-01/N3-05","当「社交密度」进入「稳定交往」的「社交/朋友/个人空间」，遇到「反复小问题累积」时，对重视「陪伴/连接/归属」的人意味着什么？","generated_by_constrained_mapping","unreviewed"
"CC-01543","PF-F04","社交密度","SC-S2-08","社交/朋友/个人空间","SC-S1-05","结婚/建立家庭","SC-S3-09","社交/边界事件","NF-N1-09","活力/新鲜感/有趣/共同体验","Ideal range","N3-05/N3-06","当「社交密度」进入「结婚/建立家庭」的「社交/朋友/个人空间」，遇到「社交/边界事件」时，对重视「活力/新鲜感/有趣/共同体验」的人意味着什么？","generated_by_constrained_mapping","unreviewed"
"CC-01544","PF-F04","社交密度","SC-S2-08","社交/朋友/个人空间","SC-S1-05","结婚/建立家庭","SC-S3-09","社交/边界事件","NF-N1-04","自主/空间/自由","Ideal range / fit","N3-04","当「社交密度」进入「结婚/建立家庭」的「社交/朋友/个人空间」，遇到「社交/边界事件」时，对重视「自主/空间/自由」的人意味着什么？","generated_by_constrained_mapping","unreviewed"
"CC-01545","PF-F04","社交密度","SC-S2-08","社交/朋友/个人空间","SC-S1-05","结婚/建立家庭","SC-S3-09","社交/边界事件","NF-N1-02","陪伴/连接/归属","Ideal range / conditional","N3-01/N3-05","当「社交密度」进入「结婚/建立家庭」的「社交/朋友/个人空间」，遇到「社交/边界事件」时，对重视「陪伴/连接/归属」的人意味着什么？","generated_by_constrained_mapping","unreviewed"
"CC-01546","PF-F04","社交密度","SC-S2-08","社交/朋友/个人空间","SC-S1-05","结婚/建立家庭","SC-S3-10","反复小问题累积","NF-N1-09","活力/新鲜感/有趣/共同体验","Ideal range","N3-05/N3-06","当「社交密度」进入「结婚/建立家庭」的「社交/朋友/个人空间」，遇到「反复小问题累积」时，对重视「活力/新鲜感/有趣/共同体验」的人意味着什么？","generated_by_constrained_mapping","unreviewed"
"CC-01547","PF-F04","社交密度","SC-S2-08","社交/朋友/个人空间","SC-S1-05","结婚/建立家庭","SC-S3-10","反复小问题累积","NF-N1-04","自主/空间/自由","Ideal range / fit","N3-04","当「社交密度」进入「结婚/建立家庭」的「社交/朋友/个人空间」，遇到「反复小问题累积」时，对重视「自主/空间/自由」的人意味着什么？","generated_by_constrained_mapping","unreviewed"
"CC-01548","PF-F04","社交密度","SC-S2-08","社交/朋友/个人空间","SC-S1-05","结婚/建立家庭","SC-S3-10","反复小问题累积","NF-N1-02","陪伴/连接/归属","Ideal range / conditional","N3-01/N3-05","当「社交密度」进入「结婚/建立家庭」的「社交/朋友/个人空间」，遇到「反复小问题累积」时，对重视「陪伴/连接/归属」的人意味着什么？","generated_by_constrained_mapping","unreviewed"
"CC-01549","PF-F04","社交密度","SC-S2-01","日常作息与生活管理","SC-S1-02","恋爱/磨合","SC-S3-01","工作时间突变","NF-N1-09","活力/新鲜感/有趣/共同体验","Ideal range","N3-05/N3-06","当「社交密度」进入「恋爱/磨合」的「日常作息与生活管理」，遇到「工作时间突变」时，对重视「活力/新鲜感/有趣/共同体验」的人意味着什么？","generated_by_constrained_mapping","unreviewed"
"CC-01550","PF-F04","社交密度","SC-S2-01","日常作息与生活管理","SC-S1-02","恋爱/磨合","SC-S3-01","工作时间突变","NF-N1-04","自主/空间/自由","Ideal range / fit","N3-04","当「社交密度」进入「恋爱/磨合」的「日常作息与生活管理」，遇到「工作时间突变」时，对重视「自主/空间/自由」的人意味着什么？","generated_by_constrained_mapping","unreviewed"
"CC-01551","PF-F04","社交密度","SC-S2-01","日常作息与生活管理","SC-S1-02","恋爱/磨合","SC-S3-01","工作时间突变","NF-N1-02","陪伴/连接/归属","Ideal range / conditional","N3-01/N3-05","当「社交密度」进入「恋爱/磨合」的「日常作息与生活管理」，遇到「工作时间突变」时，对重视「陪伴/连接/归属」的人意味着什么？","generated_by_constrained_mapping","unreviewed"
"CC-01552","PF-F04","社交密度","SC-S2-01","日常作息与生活管理","SC-S1-02","恋爱/磨合","SC-S3-10","反复小问题累积","NF-N1-09","活力/新鲜感/有趣/共同体验","Ideal range","N3-05/N3-06","当「社交密度」进入「恋爱/磨合」的「日常作息与生活管理」，遇到「反复小问题累积」时，对重视「活力/新鲜感/有趣/共同体验」的人意味着什么？","generated_by_constrained_mapping","unreviewed"
"CC-01553","PF-F04","社交密度","SC-S2-01","日常作息与生活管理","SC-S1-02","恋爱/磨合","SC-S3-10","反复小问题累积","NF-N1-04","自主/空间/自由","Ideal range / fit","N3-04","当「社交密度」进入「恋爱/磨合」的「日常作息与生活管理」，遇到「反复小问题累积」时，对重视「自主/空间/自由」的人意味着什么？","generated_by_constrained_mapping","unreviewed"
"CC-01554","PF-F04","社交密度","SC-S2-01","日常作息与生活管理","SC-S1-02","恋爱/磨合","SC-S3-10","反复小问题累积","NF-N1-02","陪伴/连接/归属","Ideal range / conditional","N3-01/N3-05","当「社交密度」进入「恋爱/磨合」的「日常作息与生活管理」，遇到「反复小问题累积」时，对重视「陪伴/连接/归属」的人意味着什么？","generated_by_constrained_mapping","unreviewed"
"CC-01555","PF-F04","社交密度","SC-S2-01","日常作息与生活管理","SC-S1-04","同居/婚前","SC-S3-01","工作时间突变","NF-N1-09","活力/新鲜感/有趣/共同体验","Ideal range","N3-05/N3-06","当「社交密度」进入「同居/婚前」的「日常作息与生活管理」，遇到「工作时间突变」时，对重视「活力/新鲜感/有趣/共同体验」的人意味着什么？","generated_by_constrained_mapping","unreviewed"
"CC-01556","PF-F04","社交密度","SC-S2-01","日常作息与生活管理","SC-S1-04","同居/婚前","SC-S3-01","工作时间突变","NF-N1-04","自主/空间/自由","Ideal range / fit","N3-04","当「社交密度」进入「同居/婚前」的「日常作息与生活管理」，遇到「工作时间突变」时，对重视「自主/空间/自由」的人意味着什么？","generated_by_constrained_mapping","unreviewed"
"CC-01557","PF-F04","社交密度","SC-S2-01","日常作息与生活管理","SC-S1-04","同居/婚前","SC-S3-01","工作时间突变","NF-N1-02","陪伴/连接/归属","Ideal range / conditional","N3-01/N3-05","当「社交密度」进入「同居/婚前」的「日常作息与生活管理」，遇到「工作时间突变」时，对重视「陪伴/连接/归属」的人意味着什么？","generated_by_constrained_mapping","unreviewed"
"CC-01558","PF-F04","社交密度","SC-S2-01","日常作息与生活管理","SC-S1-04","同居/婚前","SC-S3-10","反复小问题累积","NF-N1-09","活力/新鲜感/有趣/共同体验","Ideal range","N3-05/N3-06","当「社交密度」进入「同居/婚前」的「日常作息与生活管理」，遇到「反复小问题累积」时，对重视「活力/新鲜感/有趣/共同体验」的人意味着什么？","generated_by_constrained_mapping","unreviewed"
"CC-01559","PF-F04","社交密度","SC-S2-01","日常作息与生活管理","SC-S1-04","同居/婚前","SC-S3-10","反复小问题累积","NF-N1-04","自主/空间/自由","Ideal range / fit","N3-04","当「社交密度」进入「同居/婚前」的「日常作息与生活管理」，遇到「反复小问题累积」时，对重视「自主/空间/自由」的人意味着什么？","generated_by_constrained_mapping","unreviewed"
"CC-01560","PF-F04","社交密度","SC-S2-01","日常作息与生活管理","SC-S1-04","同居/婚前","SC-S3-10","反复小问题累积","NF-N1-02","陪伴/连接/归属","Ideal range / conditional","N3-01/N3-05","当「社交密度」进入「同居/婚前」的「日常作息与生活管理」，遇到「反复小问题累积」时，对重视「陪伴/连接/归属」的人意味着什么？","generated_by_constrained_mapping","unreviewed"
"CC-01561","PF-F04","社交密度","SC-S2-01","日常作息与生活管理","SC-S1-07","婴幼儿照护","SC-S3-01","工作时间突变","NF-N1-09","活力/新鲜感/有趣/共同体验","Ideal range","N3-05/N3-06","当「社交密度」进入「婴幼儿照护」的「日常作息与生活管理」，遇到「工作时间突变」时，对重视「活力/新鲜感/有趣/共同体验」的人意味着什么？","generated_by_constrained_mapping","unreviewed"
"CC-01562","PF-F04","社交密度","SC-S2-01","日常作息与生活管理","SC-S1-07","婴幼儿照护","SC-S3-01","工作时间突变","NF-N1-04","自主/空间/自由","Ideal range / fit","N3-04","当「社交密度」进入「婴幼儿照护」的「日常作息与生活管理」，遇到「工作时间突变」时，对重视「自主/空间/自由」的人意味着什么？","generated_by_constrained_mapping","unreviewed"
"CC-01563","PF-F04","社交密度","SC-S2-01","日常作息与生活管理","SC-S1-07","婴幼儿照护","SC-S3-01","工作时间突变","NF-N1-02","陪伴/连接/归属","Ideal range / conditional","N3-01/N3-05","当「社交密度」进入「婴幼儿照护」的「日常作息与生活管理」，遇到「工作时间突变」时，对重视「陪伴/连接/归属」的人意味着什么？","generated_by_constrained_mapping","unreviewed"
"CC-01564","PF-F04","社交密度","SC-S2-01","日常作息与生活管理","SC-S1-07","婴幼儿照护","SC-S3-10","反复小问题累积","NF-N1-09","活力/新鲜感/有趣/共同体验","Ideal range","N3-05/N3-06","当「社交密度」进入「婴幼儿照护」的「日常作息与生活管理」，遇到「反复小问题累积」时，对重视「活力/新鲜感/有趣/共同体验」的人意味着什么？","generated_by_constrained_mapping","unreviewed"
"CC-01565","PF-F04","社交密度","SC-S2-01","日常作息与生活管理","SC-S1-07","婴幼儿照护","SC-S3-10","反复小问题累积","NF-N1-04","自主/空间/自由","Ideal range / fit","N3-04","当「社交密度」进入「婴幼儿照护」的「日常作息与生活管理」，遇到「反复小问题累积」时，对重视「自主/空间/自由」的人意味着什么？","generated_by_constrained_mapping","unreviewed"
"CC-01566","PF-F04","社交密度","SC-S2-01","日常作息与生活管理","SC-S1-07","婴幼儿照护","SC-S3-10","反复小问题累积","NF-N1-02","陪伴/连接/归属","Ideal range / conditional","N3-01/N3-05","当「社交密度」进入「婴幼儿照护」的「日常作息与生活管理」，遇到「反复小问题累积」时，对重视「陪伴/连接/归属」的人意味着什么？","generated_by_constrained_mapping","unreviewed"
"CC-01567","PF-F04","社交密度","SC-S2-09","兴趣/休闲/旅行","SC-S1-01","认识/相亲","SC-S3-01","工作时间突变","NF-N1-09","活力/新鲜感/有趣/共同体验","Ideal range","N3-05/N3-06","当「社交密度」进入「认识/相亲」的「兴趣/休闲/旅行」，遇到「工作时间突变」时，对重视「活力/新鲜感/有趣/共同体验」的人意味着什么？","generated_by_constrained_mapping","unreviewed"
"CC-01568","PF-F04","社交密度","SC-S2-09","兴趣/休闲/旅行","SC-S1-01","认识/相亲","SC-S3-01","工作时间突变","NF-N1-04","自主/空间/自由","Ideal range / fit","N3-04","当「社交密度」进入「认识/相亲」的「兴趣/休闲/旅行」，遇到「工作时间突变」时，对重视「自主/空间/自由」的人意味着什么？","generated_by_constrained_mapping","unreviewed"
"CC-01569","PF-F04","社交密度","SC-S2-09","兴趣/休闲/旅行","SC-S1-01","认识/相亲","SC-S3-01","工作时间突变","NF-N1-02","陪伴/连接/归属","Ideal range / conditional","N3-01/N3-05","当「社交密度」进入「认识/相亲」的「兴趣/休闲/旅行」，遇到「工作时间突变」时，对重视「陪伴/连接/归属」的人意味着什么？","generated_by_constrained_mapping","unreviewed"
"CC-01570","PF-F04","社交密度","SC-S2-09","兴趣/休闲/旅行","SC-S1-01","认识/相亲","SC-S3-10","反复小问题累积","NF-N1-09","活力/新鲜感/有趣/共同体验","Ideal range","N3-05/N3-06","当「社交密度」进入「认识/相亲」的「兴趣/休闲/旅行」，遇到「反复小问题累积」时，对重视「活力/新鲜感/有趣/共同体验」的人意味着什么？","generated_by_constrained_mapping","unreviewed"
"CC-01571","PF-F04","社交密度","SC-S2-09","兴趣/休闲/旅行","SC-S1-01","认识/相亲","SC-S3-10","反复小问题累积","NF-N1-04","自主/空间/自由","Ideal range / fit","N3-04","当「社交密度」进入「认识/相亲」的「兴趣/休闲/旅行」，遇到「反复小问题累积」时，对重视「自主/空间/自由」的人意味着什么？","generated_by_constrained_mapping","unreviewed"
"CC-01572","PF-F04","社交密度","SC-S2-09","兴趣/休闲/旅行","SC-S1-01","认识/相亲","SC-S3-10","反复小问题累积","NF-N1-02","陪伴/连接/归属","Ideal range / conditional","N3-01/N3-05","当「社交密度」进入「认识/相亲」的「兴趣/休闲/旅行」，遇到「反复小问题累积」时，对重视「陪伴/连接/归属」的人意味着什么？","generated_by_constrained_mapping","unreviewed"
"CC-01573","PF-F04","社交密度","SC-S2-09","兴趣/休闲/旅行","SC-S1-03","稳定交往","SC-S3-01","工作时间突变","NF-N1-09","活力/新鲜感/有趣/共同体验","Ideal range","N3-05/N3-06","当「社交密度」进入「稳定交往」的「兴趣/休闲/旅行」，遇到「工作时间突变」时，对重视「活力/新鲜感/有趣/共同体验」的人意味着什么？","generated_by_constrained_mapping","unreviewed"
"CC-01574","PF-F04","社交密度","SC-S2-09","兴趣/休闲/旅行","SC-S1-03","稳定交往","SC-S3-01","工作时间突变","NF-N1-04","自主/空间/自由","Ideal range / fit","N3-04","当「社交密度」进入「稳定交往」的「兴趣/休闲/旅行」，遇到「工作时间突变」时，对重视「自主/空间/自由」的人意味着什么？","generated_by_constrained_mapping","unreviewed"
"CC-01575","PF-F04","社交密度","SC-S2-09","兴趣/休闲/旅行","SC-S1-03","稳定交往","SC-S3-01","工作时间突变","NF-N1-02","陪伴/连接/归属","Ideal range / conditional","N3-01/N3-05","当「社交密度」进入「稳定交往」的「兴趣/休闲/旅行」，遇到「工作时间突变」时，对重视「陪伴/连接/归属」的人意味着什么？","generated_by_constrained_mapping","unreviewed"
"CC-01576","PF-F04","社交密度","SC-S2-09","兴趣/休闲/旅行","SC-S1-03","稳定交往","SC-S3-10","反复小问题累积","NF-N1-09","活力/新鲜感/有趣/共同体验","Ideal range","N3-05/N3-06","当「社交密度」进入「稳定交往」的「兴趣/休闲/旅行」，遇到「反复小问题累积」时，对重视「活力/新鲜感/有趣/共同体验」的人意味着什么？","generated_by_constrained_mapping","unreviewed"
"CC-01577","PF-F04","社交密度","SC-S2-09","兴趣/休闲/旅行","SC-S1-03","稳定交往","SC-S3-10","反复小问题累积","NF-N1-04","自主/空间/自由","Ideal range / fit","N3-04","当「社交密度」进入「稳定交往」的「兴趣/休闲/旅行」，遇到「反复小问题累积」时，对重视「自主/空间/自由」的人意味着什么？","generated_by_constrained_mapping","unreviewed"
"CC-01578","PF-F04","社交密度","SC-S2-09","兴趣/休闲/旅行","SC-S1-03","稳定交往","SC-S3-10","反复小问题累积","NF-N1-02","陪伴/连接/归属","Ideal range / conditional","N3-01/N3-05","当「社交密度」进入「稳定交往」的「兴趣/休闲/旅行」，遇到「反复小问题累积」时，对重视「陪伴/连接/归属」的人意味着什么？","generated_by_constrained_mapping","unreviewed"
"CC-01579","PF-F04","社交密度","SC-S2-09","兴趣/休闲/旅行","SC-S1-07","婴幼儿照护","SC-S3-01","工作时间突变","NF-N1-09","活力/新鲜感/有趣/共同体验","Ideal range","N3-05/N3-06","当「社交密度」进入「婴幼儿照护」的「兴趣/休闲/旅行」，遇到「工作时间突变」时，对重视「活力/新鲜感/有趣/共同体验」的人意味着什么？","generated_by_constrained_mapping","unreviewed"
"CC-01580","PF-F04","社交密度","SC-S2-09","兴趣/休闲/旅行","SC-S1-07","婴幼儿照护","SC-S3-01","工作时间突变","NF-N1-04","自主/空间/自由","Ideal range / fit","N3-04","当「社交密度」进入「婴幼儿照护」的「兴趣/休闲/旅行」，遇到「工作时间突变」时，对重视「自主/空间/自由」的人意味着什么？","generated_by_constrained_mapping","unreviewed"
"CC-01581","PF-F04","社交密度","SC-S2-09","兴趣/休闲/旅行","SC-S1-07","婴幼儿照护","SC-S3-01","工作时间突变","NF-N1-02","陪伴/连接/归属","Ideal range / conditional","N3-01/N3-05","当「社交密度」进入「婴幼儿照护」的「兴趣/休闲/旅行」，遇到「工作时间突变」时，对重视「陪伴/连接/归属」的人意味着什么？","generated_by_constrained_mapping","unreviewed"
"CC-01582","PF-F04","社交密度","SC-S2-09","兴趣/休闲/旅行","SC-S1-07","婴幼儿照护","SC-S3-10","反复小问题累积","NF-N1-09","活力/新鲜感/有趣/共同体验","Ideal range","N3-05/N3-06","当「社交密度」进入「婴幼儿照护」的「兴趣/休闲/旅行」，遇到「反复小问题累积」时，对重视「活力/新鲜感/有趣/共同体验」的人意味着什么？","generated_by_constrained_mapping","unreviewed"
"CC-01583","PF-F04","社交密度","SC-S2-09","兴趣/休闲/旅行","SC-S1-07","婴幼儿照护","SC-S3-10","反复小问题累积","NF-N1-04","自主/空间/自由","Ideal range / fit","N3-04","当「社交密度」进入「婴幼儿照护」的「兴趣/休闲/旅行」，遇到「反复小问题累积」时，对重视「自主/空间/自由」的人意味着什么？","generated_by_constrained_mapping","unreviewed"
"CC-01584","PF-F04","社交密度","SC-S2-09","兴趣/休闲/旅行","SC-S1-07","婴幼儿照护","SC-S3-10","反复小问题累积","NF-N1-02","陪伴/连接/归属","Ideal range / conditional","N3-01/N3-05","当「社交密度」进入「婴幼儿照护」的「兴趣/休闲/旅行」，遇到「反复小问题累积」时，对重视「陪伴/连接/归属」的人意味着什么？","generated_by_constrained_mapping","unreviewed"
"CC-01585","PF-F05","运动/健康投入","SC-S2-09","兴趣/休闲/旅行","SC-S1-01","认识/相亲","SC-S3-01","工作时间突变","NF-N1-09","活力/新鲜感/有趣/共同体验","Ideal range","N3-05/N3-06","当「运动/健康投入」进入「认识/相亲」的「兴趣/休闲/旅行」，遇到「工作时间突变」时，对重视「活力/新鲜感/有趣/共同体验」的人意味着什么？","generated_by_constrained_mapping","unreviewed"
"CC-01586","PF-F05","运动/健康投入","SC-S2-09","兴趣/休闲/旅行","SC-S1-01","认识/相亲","SC-S3-01","工作时间突变","NF-N1-04","自主/空间/自由","Ideal range / fit","N3-04","当「运动/健康投入」进入「认识/相亲」的「兴趣/休闲/旅行」，遇到「工作时间突变」时，对重视「自主/空间/自由」的人意味着什么？","generated_by_constrained_mapping","unreviewed"
"CC-01587","PF-F05","运动/健康投入","SC-S2-09","兴趣/休闲/旅行","SC-S1-01","认识/相亲","SC-S3-01","工作时间突变","NF-N1-02","陪伴/连接/归属","Ideal range / conditional","N3-01/N3-05","当「运动/健康投入」进入「认识/相亲」的「兴趣/休闲/旅行」，遇到「工作时间突变」时，对重视「陪伴/连接/归属」的人意味着什么？","generated_by_constrained_mapping","unreviewed"
"CC-01588","PF-F05","运动/健康投入","SC-S2-09","兴趣/休闲/旅行","SC-S1-01","认识/相亲","SC-S3-10","反复小问题累积","NF-N1-09","活力/新鲜感/有趣/共同体验","Ideal range","N3-05/N3-06","当「运动/健康投入」进入「认识/相亲」的「兴趣/休闲/旅行」，遇到「反复小问题累积」时，对重视「活力/新鲜感/有趣/共同体验」的人意味着什么？","generated_by_constrained_mapping","unreviewed"
"CC-01589","PF-F05","运动/健康投入","SC-S2-09","兴趣/休闲/旅行","SC-S1-01","认识/相亲","SC-S3-10","反复小问题累积","NF-N1-04","自主/空间/自由","Ideal range / fit","N3-04","当「运动/健康投入」进入「认识/相亲」的「兴趣/休闲/旅行」，遇到「反复小问题累积」时，对重视「自主/空间/自由」的人意味着什么？","generated_by_constrained_mapping","unreviewed"
"CC-01590","PF-F05","运动/健康投入","SC-S2-09","兴趣/休闲/旅行","SC-S1-01","认识/相亲","SC-S3-10","反复小问题累积","NF-N1-02","陪伴/连接/归属","Ideal range / conditional","N3-01/N3-05","当「运动/健康投入」进入「认识/相亲」的「兴趣/休闲/旅行」，遇到「反复小问题累积」时，对重视「陪伴/连接/归属」的人意味着什么？","generated_by_constrained_mapping","unreviewed"
"CC-01591","PF-F05","运动/健康投入","SC-S2-09","兴趣/休闲/旅行","SC-S1-03","稳定交往","SC-S3-01","工作时间突变","NF-N1-09","活力/新鲜感/有趣/共同体验","Ideal range","N3-05/N3-06","当「运动/健康投入」进入「稳定交往」的「兴趣/休闲/旅行」，遇到「工作时间突变」时，对重视「活力/新鲜感/有趣/共同体验」的人意味着什么？","generated_by_constrained_mapping","unreviewed"
"CC-01592","PF-F05","运动/健康投入","SC-S2-09","兴趣/休闲/旅行","SC-S1-03","稳定交往","SC-S3-01","工作时间突变","NF-N1-04","自主/空间/自由","Ideal range / fit","N3-04","当「运动/健康投入」进入「稳定交往」的「兴趣/休闲/旅行」，遇到「工作时间突变」时，对重视「自主/空间/自由」的人意味着什么？","generated_by_constrained_mapping","unreviewed"
"CC-01593","PF-F05","运动/健康投入","SC-S2-09","兴趣/休闲/旅行","SC-S1-03","稳定交往","SC-S3-01","工作时间突变","NF-N1-02","陪伴/连接/归属","Ideal range / conditional","N3-01/N3-05","当「运动/健康投入」进入「稳定交往」的「兴趣/休闲/旅行」，遇到「工作时间突变」时，对重视「陪伴/连接/归属」的人意味着什么？","generated_by_constrained_mapping","unreviewed"
"CC-01594","PF-F05","运动/健康投入","SC-S2-09","兴趣/休闲/旅行","SC-S1-03","稳定交往","SC-S3-10","反复小问题累积","NF-N1-09","活力/新鲜感/有趣/共同体验","Ideal range","N3-05/N3-06","当「运动/健康投入」进入「稳定交往」的「兴趣/休闲/旅行」，遇到「反复小问题累积」时，对重视「活力/新鲜感/有趣/共同体验」的人意味着什么？","generated_by_constrained_mapping","unreviewed"
"CC-01595","PF-F05","运动/健康投入","SC-S2-09","兴趣/休闲/旅行","SC-S1-03","稳定交往","SC-S3-10","反复小问题累积","NF-N1-04","自主/空间/自由","Ideal range / fit","N3-04","当「运动/健康投入」进入「稳定交往」的「兴趣/休闲/旅行」，遇到「反复小问题累积」时，对重视「自主/空间/自由」的人意味着什么？","generated_by_constrained_mapping","unreviewed"
"CC-01596","PF-F05","运动/健康投入","SC-S2-09","兴趣/休闲/旅行","SC-S1-03","稳定交往","SC-S3-10","反复小问题累积","NF-N1-02","陪伴/连接/归属","Ideal range / conditional","N3-01/N3-05","当「运动/健康投入」进入「稳定交往」的「兴趣/休闲/旅行」，遇到「反复小问题累积」时，对重视「陪伴/连接/归属」的人意味着什么？","generated_by_constrained_mapping","unreviewed"
"CC-01597","PF-F05","运动/健康投入","SC-S2-09","兴趣/休闲/旅行","SC-S1-07","婴幼儿照护","SC-S3-01","工作时间突变","NF-N1-09","活力/新鲜感/有趣/共同体验","Ideal range","N3-05/N3-06","当「运动/健康投入」进入「婴幼儿照护」的「兴趣/休闲/旅行」，遇到「工作时间突变」时，对重视「活力/新鲜感/有趣/共同体验」的人意味着什么？","generated_by_constrained_mapping","unreviewed"
"CC-01598","PF-F05","运动/健康投入","SC-S2-09","兴趣/休闲/旅行","SC-S1-07","婴幼儿照护","SC-S3-01","工作时间突变","NF-N1-04","自主/空间/自由","Ideal range / fit","N3-04","当「运动/健康投入」进入「婴幼儿照护」的「兴趣/休闲/旅行」，遇到「工作时间突变」时，对重视「自主/空间/自由」的人意味着什么？","generated_by_constrained_mapping","unreviewed"
"CC-01599","PF-F05","运动/健康投入","SC-S2-09","兴趣/休闲/旅行","SC-S1-07","婴幼儿照护","SC-S3-01","工作时间突变","NF-N1-02","陪伴/连接/归属","Ideal range / conditional","N3-01/N3-05","当「运动/健康投入」进入「婴幼儿照护」的「兴趣/休闲/旅行」，遇到「工作时间突变」时，对重视「陪伴/连接/归属」的人意味着什么？","generated_by_constrained_mapping","unreviewed"
"CC-01600","PF-F05","运动/健康投入","SC-S2-09","兴趣/休闲/旅行","SC-S1-07","婴幼儿照护","SC-S3-10","反复小问题累积","NF-N1-09","活力/新鲜感/有趣/共同体验","Ideal range","N3-05/N3-06","当「运动/健康投入」进入「婴幼儿照护」的「兴趣/休闲/旅行」，遇到「反复小问题累积」时，对重视「活力/新鲜感/有趣/共同体验」的人意味着什么？","generated_by_constrained_mapping","unreviewed"
"CC-01601","PF-F05","运动/健康投入","SC-S2-09","兴趣/休闲/旅行","SC-S1-07","婴幼儿照护","SC-S3-10","反复小问题累积","NF-N1-04","自主/空间/自由","Ideal range / fit","N3-04","当「运动/健康投入」进入「婴幼儿照护」的「兴趣/休闲/旅行」，遇到「反复小问题累积」时，对重视「自主/空间/自由」的人意味着什么？","generated_by_constrained_mapping","unreviewed"
"CC-01602","PF-F05","运动/健康投入","SC-S2-09","兴趣/休闲/旅行","SC-S1-07","婴幼儿照护","SC-S3-10","反复小问题累积","NF-N1-02","陪伴/连接/归属","Ideal range / conditional","N3-01/N3-05","当「运动/健康投入」进入「婴幼儿照护」的「兴趣/休闲/旅行」，遇到「反复小问题累积」时，对重视「陪伴/连接/归属」的人意味着什么？","generated_by_constrained_mapping","unreviewed"
"CC-01603","PF-F05","运动/健康投入","SC-S2-01","日常作息与生活管理","SC-S1-02","恋爱/磨合","SC-S3-01","工作时间突变","NF-N1-09","活力/新鲜感/有趣/共同体验","Ideal range","N3-05/N3-06","当「运动/健康投入」进入「恋爱/磨合」的「日常作息与生活管理」，遇到「工作时间突变」时，对重视「活力/新鲜感/有趣/共同体验」的人意味着什么？","generated_by_constrained_mapping","unreviewed"
"CC-01604","PF-F05","运动/健康投入","SC-S2-01","日常作息与生活管理","SC-S1-02","恋爱/磨合","SC-S3-01","工作时间突变","NF-N1-04","自主/空间/自由","Ideal range / fit","N3-04","当「运动/健康投入」进入「恋爱/磨合」的「日常作息与生活管理」，遇到「工作时间突变」时，对重视「自主/空间/自由」的人意味着什么？","generated_by_constrained_mapping","unreviewed"
"CC-01605","PF-F05","运动/健康投入","SC-S2-01","日常作息与生活管理","SC-S1-02","恋爱/磨合","SC-S3-01","工作时间突变","NF-N1-02","陪伴/连接/归属","Ideal range / conditional","N3-01/N3-05","当「运动/健康投入」进入「恋爱/磨合」的「日常作息与生活管理」，遇到「工作时间突变」时，对重视「陪伴/连接/归属」的人意味着什么？","generated_by_constrained_mapping","unreviewed"
"CC-01606","PF-F05","运动/健康投入","SC-S2-01","日常作息与生活管理","SC-S1-02","恋爱/磨合","SC-S3-10","反复小问题累积","NF-N1-09","活力/新鲜感/有趣/共同体验","Ideal range","N3-05/N3-06","当「运动/健康投入」进入「恋爱/磨合」的「日常作息与生活管理」，遇到「反复小问题累积」时，对重视「活力/新鲜感/有趣/共同体验」的人意味着什么？","generated_by_constrained_mapping","unreviewed"
"CC-01607","PF-F05","运动/健康投入","SC-S2-01","日常作息与生活管理","SC-S1-02","恋爱/磨合","SC-S3-10","反复小问题累积","NF-N1-04","自主/空间/自由","Ideal range / fit","N3-04","当「运动/健康投入」进入「恋爱/磨合」的「日常作息与生活管理」，遇到「反复小问题累积」时，对重视「自主/空间/自由」的人意味着什么？","generated_by_constrained_mapping","unreviewed"
"CC-01608","PF-F05","运动/健康投入","SC-S2-01","日常作息与生活管理","SC-S1-02","恋爱/磨合","SC-S3-10","反复小问题累积","NF-N1-02","陪伴/连接/归属","Ideal range / conditional","N3-01/N3-05","当「运动/健康投入」进入「恋爱/磨合」的「日常作息与生活管理」，遇到「反复小问题累积」时，对重视「陪伴/连接/归属」的人意味着什么？","generated_by_constrained_mapping","unreviewed"
"CC-01609","PF-F05","运动/健康投入","SC-S2-01","日常作息与生活管理","SC-S1-04","同居/婚前","SC-S3-01","工作时间突变","NF-N1-09","活力/新鲜感/有趣/共同体验","Ideal range","N3-05/N3-06","当「运动/健康投入」进入「同居/婚前」的「日常作息与生活管理」，遇到「工作时间突变」时，对重视「活力/新鲜感/有趣/共同体验」的人意味着什么？","generated_by_constrained_mapping","unreviewed"
"CC-01610","PF-F05","运动/健康投入","SC-S2-01","日常作息与生活管理","SC-S1-04","同居/婚前","SC-S3-01","工作时间突变","NF-N1-04","自主/空间/自由","Ideal range / fit","N3-04","当「运动/健康投入」进入「同居/婚前」的「日常作息与生活管理」，遇到「工作时间突变」时，对重视「自主/空间/自由」的人意味着什么？","generated_by_constrained_mapping","unreviewed"
"CC-01611","PF-F05","运动/健康投入","SC-S2-01","日常作息与生活管理","SC-S1-04","同居/婚前","SC-S3-01","工作时间突变","NF-N1-02","陪伴/连接/归属","Ideal range / conditional","N3-01/N3-05","当「运动/健康投入」进入「同居/婚前」的「日常作息与生活管理」，遇到「工作时间突变」时，对重视「陪伴/连接/归属」的人意味着什么？","generated_by_constrained_mapping","unreviewed"
"CC-01612","PF-F05","运动/健康投入","SC-S2-01","日常作息与生活管理","SC-S1-04","同居/婚前","SC-S3-10","反复小问题累积","NF-N1-09","活力/新鲜感/有趣/共同体验","Ideal range","N3-05/N3-06","当「运动/健康投入」进入「同居/婚前」的「日常作息与生活管理」，遇到「反复小问题累积」时，对重视「活力/新鲜感/有趣/共同体验」的人意味着什么？","generated_by_constrained_mapping","unreviewed"
"CC-01613","PF-F05","运动/健康投入","SC-S2-01","日常作息与生活管理","SC-S1-04","同居/婚前","SC-S3-10","反复小问题累积","NF-N1-04","自主/空间/自由","Ideal range / fit","N3-04","当「运动/健康投入」进入「同居/婚前」的「日常作息与生活管理」，遇到「反复小问题累积」时，对重视「自主/空间/自由」的人意味着什么？","generated_by_constrained_mapping","unreviewed"
"CC-01614","PF-F05","运动/健康投入","SC-S2-01","日常作息与生活管理","SC-S1-04","同居/婚前","SC-S3-10","反复小问题累积","NF-N1-02","陪伴/连接/归属","Ideal range / conditional","N3-01/N3-05","当「运动/健康投入」进入「同居/婚前」的「日常作息与生活管理」，遇到「反复小问题累积」时，对重视「陪伴/连接/归属」的人意味着什么？","generated_by_constrained_mapping","unreviewed"
"CC-01615","PF-F05","运动/健康投入","SC-S2-01","日常作息与生活管理","SC-S1-07","婴幼儿照护","SC-S3-01","工作时间突变","NF-N1-09","活力/新鲜感/有趣/共同体验","Ideal range","N3-05/N3-06","当「运动/健康投入」进入「婴幼儿照护」的「日常作息与生活管理」，遇到「工作时间突变」时，对重视「活力/新鲜感/有趣/共同体验」的人意味着什么？","generated_by_constrained_mapping","unreviewed"
"CC-01616","PF-F05","运动/健康投入","SC-S2-01","日常作息与生活管理","SC-S1-07","婴幼儿照护","SC-S3-01","工作时间突变","NF-N1-04","自主/空间/自由","Ideal range / fit","N3-04","当「运动/健康投入」进入「婴幼儿照护」的「日常作息与生活管理」，遇到「工作时间突变」时，对重视「自主/空间/自由」的人意味着什么？","generated_by_constrained_mapping","unreviewed"
"CC-01617","PF-F05","运动/健康投入","SC-S2-01","日常作息与生活管理","SC-S1-07","婴幼儿照护","SC-S3-01","工作时间突变","NF-N1-02","陪伴/连接/归属","Ideal range / conditional","N3-01/N3-05","当「运动/健康投入」进入「婴幼儿照护」的「日常作息与生活管理」，遇到「工作时间突变」时，对重视「陪伴/连接/归属」的人意味着什么？","generated_by_constrained_mapping","unreviewed"
"CC-01618","PF-F05","运动/健康投入","SC-S2-01","日常作息与生活管理","SC-S1-07","婴幼儿照护","SC-S3-10","反复小问题累积","NF-N1-09","活力/新鲜感/有趣/共同体验","Ideal range","N3-05/N3-06","当「运动/健康投入」进入「婴幼儿照护」的「日常作息与生活管理」，遇到「反复小问题累积」时，对重视「活力/新鲜感/有趣/共同体验」的人意味着什么？","generated_by_constrained_mapping","unreviewed"
"CC-01619","PF-F05","运动/健康投入","SC-S2-01","日常作息与生活管理","SC-S1-07","婴幼儿照护","SC-S3-10","反复小问题累积","NF-N1-04","自主/空间/自由","Ideal range / fit","N3-04","当「运动/健康投入」进入「婴幼儿照护」的「日常作息与生活管理」，遇到「反复小问题累积」时，对重视「自主/空间/自由」的人意味着什么？","generated_by_constrained_mapping","unreviewed"
"CC-01620","PF-F05","运动/健康投入","SC-S2-01","日常作息与生活管理","SC-S1-07","婴幼儿照护","SC-S3-10","反复小问题累积","NF-N1-02","陪伴/连接/归属","Ideal range / conditional","N3-01/N3-05","当「运动/健康投入」进入「婴幼儿照护」的「日常作息与生活管理」，遇到「反复小问题累积」时，对重视「陪伴/连接/归属」的人意味着什么？","generated_by_constrained_mapping","unreviewed"
"CC-01621","PF-F05","运动/健康投入","SC-S2-11","健康/疾病/照护","SC-S1-03","稳定交往","SC-S3-08","本人健康变化","NF-N1-09","活力/新鲜感/有趣/共同体验","Ideal range","N3-05/N3-06","当「运动/健康投入」进入「稳定交往」的「健康/疾病/照护」，遇到「本人健康变化」时，对重视「活力/新鲜感/有趣/共同体验」的人意味着什么？","generated_by_constrained_mapping","unreviewed"
"CC-01622","PF-F05","运动/健康投入","SC-S2-11","健康/疾病/照护","SC-S1-03","稳定交往","SC-S3-08","本人健康变化","NF-N1-04","自主/空间/自由","Ideal range / fit","N3-04","当「运动/健康投入」进入「稳定交往」的「健康/疾病/照护」，遇到「本人健康变化」时，对重视「自主/空间/自由」的人意味着什么？","generated_by_constrained_mapping","unreviewed"
"CC-01623","PF-F05","运动/健康投入","SC-S2-11","健康/疾病/照护","SC-S1-03","稳定交往","SC-S3-08","本人健康变化","NF-N1-02","陪伴/连接/归属","Ideal range / conditional","N3-01/N3-05","当「运动/健康投入」进入「稳定交往」的「健康/疾病/照护」，遇到「本人健康变化」时，对重视「陪伴/连接/归属」的人意味着什么？","generated_by_constrained_mapping","unreviewed"
"CC-01624","PF-F05","运动/健康投入","SC-S2-11","健康/疾病/照护","SC-S1-03","稳定交往","SC-S3-07","父母责任变化","NF-N1-09","活力/新鲜感/有趣/共同体验","Ideal range","N3-05/N3-06","当「运动/健康投入」进入「稳定交往」的「健康/疾病/照护」，遇到「父母责任变化」时，对重视「活力/新鲜感/有趣/共同体验」的人意味着什么？","generated_by_constrained_mapping","unreviewed"
"CC-01625","PF-F05","运动/健康投入","SC-S2-11","健康/疾病/照护","SC-S1-03","稳定交往","SC-S3-07","父母责任变化","NF-N1-04","自主/空间/自由","Ideal range / fit","N3-04","当「运动/健康投入」进入「稳定交往」的「健康/疾病/照护」，遇到「父母责任变化」时，对重视「自主/空间/自由」的人意味着什么？","generated_by_constrained_mapping","unreviewed"
"CC-01626","PF-F05","运动/健康投入","SC-S2-11","健康/疾病/照护","SC-S1-03","稳定交往","SC-S3-07","父母责任变化","NF-N1-02","陪伴/连接/归属","Ideal range / conditional","N3-01/N3-05","当「运动/健康投入」进入「稳定交往」的「健康/疾病/照护」，遇到「父母责任变化」时，对重视「陪伴/连接/归属」的人意味着什么？","generated_by_constrained_mapping","unreviewed"
"CC-01627","PF-F05","运动/健康投入","SC-S2-11","健康/疾病/照护","SC-S1-07","婴幼儿照护","SC-S3-08","本人健康变化","NF-N1-09","活力/新鲜感/有趣/共同体验","Ideal range","N3-05/N3-06","当「运动/健康投入」进入「婴幼儿照护」的「健康/疾病/照护」，遇到「本人健康变化」时，对重视「活力/新鲜感/有趣/共同体验」的人意味着什么？","generated_by_constrained_mapping","unreviewed"
"CC-01628","PF-F05","运动/健康投入","SC-S2-11","健康/疾病/照护","SC-S1-07","婴幼儿照护","SC-S3-08","本人健康变化","NF-N1-04","自主/空间/自由","Ideal range / fit","N3-04","当「运动/健康投入」进入「婴幼儿照护」的「健康/疾病/照护」，遇到「本人健康变化」时，对重视「自主/空间/自由」的人意味着什么？","generated_by_constrained_mapping","unreviewed"
"CC-01629","PF-F05","运动/健康投入","SC-S2-11","健康/疾病/照护","SC-S1-07","婴幼儿照护","SC-S3-08","本人健康变化","NF-N1-02","陪伴/连接/归属","Ideal range / conditional","N3-01/N3-05","当「运动/健康投入」进入「婴幼儿照护」的「健康/疾病/照护」，遇到「本人健康变化」时，对重视「陪伴/连接/归属」的人意味着什么？","generated_by_constrained_mapping","unreviewed"
"CC-01630","PF-F05","运动/健康投入","SC-S2-11","健康/疾病/照护","SC-S1-07","婴幼儿照护","SC-S3-07","父母责任变化","NF-N1-09","活力/新鲜感/有趣/共同体验","Ideal range","N3-05/N3-06","当「运动/健康投入」进入「婴幼儿照护」的「健康/疾病/照护」，遇到「父母责任变化」时，对重视「活力/新鲜感/有趣/共同体验」的人意味着什么？","generated_by_constrained_mapping","unreviewed"
"CC-01631","PF-F05","运动/健康投入","SC-S2-11","健康/疾病/照护","SC-S1-07","婴幼儿照护","SC-S3-07","父母责任变化","NF-N1-04","自主/空间/自由","Ideal range / fit","N3-04","当「运动/健康投入」进入「婴幼儿照护」的「健康/疾病/照护」，遇到「父母责任变化」时，对重视「自主/空间/自由」的人意味着什么？","generated_by_constrained_mapping","unreviewed"
"CC-01632","PF-F05","运动/健康投入","SC-S2-11","健康/疾病/照护","SC-S1-07","婴幼儿照护","SC-S3-07","父母责任变化","NF-N1-02","陪伴/连接/归属","Ideal range / conditional","N3-01/N3-05","当「运动/健康投入」进入「婴幼儿照护」的「健康/疾病/照护」，遇到「父母责任变化」时，对重视「陪伴/连接/归属」的人意味着什么？","generated_by_constrained_mapping","unreviewed"
"CC-01633","PF-F05","运动/健康投入","SC-S2-11","健康/疾病/照护","SC-S1-10","退休/老年/长期照护","SC-S3-08","本人健康变化","NF-N1-09","活力/新鲜感/有趣/共同体验","Ideal range","N3-05/N3-06","当「运动/健康投入」进入「退休/老年/长期照护」的「健康/疾病/照护」，遇到「本人健康变化」时，对重视「活力/新鲜感/有趣/共同体验」的人意味着什么？","generated_by_constrained_mapping","unreviewed"
"CC-01634","PF-F05","运动/健康投入","SC-S2-11","健康/疾病/照护","SC-S1-10","退休/老年/长期照护","SC-S3-08","本人健康变化","NF-N1-04","自主/空间/自由","Ideal range / fit","N3-04","当「运动/健康投入」进入「退休/老年/长期照护」的「健康/疾病/照护」，遇到「本人健康变化」时，对重视「自主/空间/自由」的人意味着什么？","generated_by_constrained_mapping","unreviewed"
"CC-01635","PF-F05","运动/健康投入","SC-S2-11","健康/疾病/照护","SC-S1-10","退休/老年/长期照护","SC-S3-08","本人健康变化","NF-N1-02","陪伴/连接/归属","Ideal range / conditional","N3-01/N3-05","当「运动/健康投入」进入「退休/老年/长期照护」的「健康/疾病/照护」，遇到「本人健康变化」时，对重视「陪伴/连接/归属」的人意味着什么？","generated_by_constrained_mapping","unreviewed"
"CC-01636","PF-F05","运动/健康投入","SC-S2-11","健康/疾病/照护","SC-S1-10","退休/老年/长期照护","SC-S3-07","父母责任变化","NF-N1-09","活力/新鲜感/有趣/共同体验","Ideal range","N3-05/N3-06","当「运动/健康投入」进入「退休/老年/长期照护」的「健康/疾病/照护」，遇到「父母责任变化」时，对重视「活力/新鲜感/有趣/共同体验」的人意味着什么？","generated_by_constrained_mapping","unreviewed"
"CC-01637","PF-F05","运动/健康投入","SC-S2-11","健康/疾病/照护","SC-S1-10","退休/老年/长期照护","SC-S3-07","父母责任变化","NF-N1-04","自主/空间/自由","Ideal range / fit","N3-04","当「运动/健康投入」进入「退休/老年/长期照护」的「健康/疾病/照护」，遇到「父母责任变化」时，对重视「自主/空间/自由」的人意味着什么？","generated_by_constrained_mapping","unreviewed"
"CC-01638","PF-F05","运动/健康投入","SC-S2-11","健康/疾病/照护","SC-S1-10","退休/老年/长期照护","SC-S3-07","父母责任变化","NF-N1-02","陪伴/连接/归属","Ideal range / conditional","N3-01/N3-05","当「运动/健康投入」进入「退休/老年/长期照护」的「健康/疾病/照护」，遇到「父母责任变化」时，对重视「陪伴/连接/归属」的人意味着什么？","generated_by_constrained_mapping","unreviewed"
"CC-01639","PF-F06","作息/日常节奏","SC-S2-01","日常作息与生活管理","SC-S1-02","恋爱/磨合","SC-S3-01","工作时间突变","NF-N1-05","安全/信任/可预测","Gate / conditional","N3-02/N3-06","当「作息/日常节奏」进入「恋爱/磨合」的「日常作息与生活管理」，遇到「工作时间突变」时，对重视「安全/信任/可预测」的人意味着什么？","generated_by_constrained_mapping","unreviewed"
"CC-01640","PF-F06","作息/日常节奏","SC-S2-01","日常作息与生活管理","SC-S1-02","恋爱/磨合","SC-S3-01","工作时间突变","NF-N1-02","陪伴/连接/归属","Ideal range / conditional","N3-01/N3-05","当「作息/日常节奏」进入「恋爱/磨合」的「日常作息与生活管理」，遇到「工作时间突变」时，对重视「陪伴/连接/归属」的人意味着什么？","generated_by_constrained_mapping","unreviewed"
"CC-01641","PF-F06","作息/日常节奏","SC-S2-01","日常作息与生活管理","SC-S1-02","恋爱/磨合","SC-S3-01","工作时间突变","NF-N1-04","自主/空间/自由","Ideal range / fit","N3-04","当「作息/日常节奏」进入「恋爱/磨合」的「日常作息与生活管理」，遇到「工作时间突变」时，对重视「自主/空间/自由」的人意味着什么？","generated_by_constrained_mapping","unreviewed"
"CC-01642","PF-F06","作息/日常节奏","SC-S2-01","日常作息与生活管理","SC-S1-02","恋爱/磨合","SC-S3-10","反复小问题累积","NF-N1-05","安全/信任/可预测","Gate / conditional","N3-02/N3-06","当「作息/日常节奏」进入「恋爱/磨合」的「日常作息与生活管理」，遇到「反复小问题累积」时，对重视「安全/信任/可预测」的人意味着什么？","generated_by_constrained_mapping","unreviewed"
"CC-01643","PF-F06","作息/日常节奏","SC-S2-01","日常作息与生活管理","SC-S1-02","恋爱/磨合","SC-S3-10","反复小问题累积","NF-N1-02","陪伴/连接/归属","Ideal range / conditional","N3-01/N3-05","当「作息/日常节奏」进入「恋爱/磨合」的「日常作息与生活管理」，遇到「反复小问题累积」时，对重视「陪伴/连接/归属」的人意味着什么？","generated_by_constrained_mapping","unreviewed"
"CC-01644","PF-F06","作息/日常节奏","SC-S2-01","日常作息与生活管理","SC-S1-02","恋爱/磨合","SC-S3-10","反复小问题累积","NF-N1-04","自主/空间/自由","Ideal range / fit","N3-04","当「作息/日常节奏」进入「恋爱/磨合」的「日常作息与生活管理」，遇到「反复小问题累积」时，对重视「自主/空间/自由」的人意味着什么？","generated_by_constrained_mapping","unreviewed"
"CC-01645","PF-F06","作息/日常节奏","SC-S2-01","日常作息与生活管理","SC-S1-04","同居/婚前","SC-S3-01","工作时间突变","NF-N1-05","安全/信任/可预测","Gate / conditional","N3-02/N3-06","当「作息/日常节奏」进入「同居/婚前」的「日常作息与生活管理」，遇到「工作时间突变」时，对重视「安全/信任/可预测」的人意味着什么？","generated_by_constrained_mapping","unreviewed"
"CC-01646","PF-F06","作息/日常节奏","SC-S2-01","日常作息与生活管理","SC-S1-04","同居/婚前","SC-S3-01","工作时间突变","NF-N1-02","陪伴/连接/归属","Ideal range / conditional","N3-01/N3-05","当「作息/日常节奏」进入「同居/婚前」的「日常作息与生活管理」，遇到「工作时间突变」时，对重视「陪伴/连接/归属」的人意味着什么？","generated_by_constrained_mapping","unreviewed"
"CC-01647","PF-F06","作息/日常节奏","SC-S2-01","日常作息与生活管理","SC-S1-04","同居/婚前","SC-S3-01","工作时间突变","NF-N1-04","自主/空间/自由","Ideal range / fit","N3-04","当「作息/日常节奏」进入「同居/婚前」的「日常作息与生活管理」，遇到「工作时间突变」时，对重视「自主/空间/自由」的人意味着什么？","generated_by_constrained_mapping","unreviewed"
"CC-01648","PF-F06","作息/日常节奏","SC-S2-01","日常作息与生活管理","SC-S1-04","同居/婚前","SC-S3-10","反复小问题累积","NF-N1-05","安全/信任/可预测","Gate / conditional","N3-02/N3-06","当「作息/日常节奏」进入「同居/婚前」的「日常作息与生活管理」，遇到「反复小问题累积」时，对重视「安全/信任/可预测」的人意味着什么？","generated_by_constrained_mapping","unreviewed"
"CC-01649","PF-F06","作息/日常节奏","SC-S2-01","日常作息与生活管理","SC-S1-04","同居/婚前","SC-S3-10","反复小问题累积","NF-N1-02","陪伴/连接/归属","Ideal range / conditional","N3-01/N3-05","当「作息/日常节奏」进入「同居/婚前」的「日常作息与生活管理」，遇到「反复小问题累积」时，对重视「陪伴/连接/归属」的人意味着什么？","generated_by_constrained_mapping","unreviewed"
"CC-01650","PF-F06","作息/日常节奏","SC-S2-01","日常作息与生活管理","SC-S1-04","同居/婚前","SC-S3-10","反复小问题累积","NF-N1-04","自主/空间/自由","Ideal range / fit","N3-04","当「作息/日常节奏」进入「同居/婚前」的「日常作息与生活管理」，遇到「反复小问题累积」时，对重视「自主/空间/自由」的人意味着什么？","generated_by_constrained_mapping","unreviewed"
"CC-01651","PF-F06","作息/日常节奏","SC-S2-01","日常作息与生活管理","SC-S1-07","婴幼儿照护","SC-S3-01","工作时间突变","NF-N1-05","安全/信任/可预测","Gate / conditional","N3-02/N3-06","当「作息/日常节奏」进入「婴幼儿照护」的「日常作息与生活管理」，遇到「工作时间突变」时，对重视「安全/信任/可预测」的人意味着什么？","generated_by_constrained_mapping","unreviewed"
"CC-01652","PF-F06","作息/日常节奏","SC-S2-01","日常作息与生活管理","SC-S1-07","婴幼儿照护","SC-S3-01","工作时间突变","NF-N1-02","陪伴/连接/归属","Ideal range / conditional","N3-01/N3-05","当「作息/日常节奏」进入「婴幼儿照护」的「日常作息与生活管理」，遇到「工作时间突变」时，对重视「陪伴/连接/归属」的人意味着什么？","generated_by_constrained_mapping","unreviewed"
"CC-01653","PF-F06","作息/日常节奏","SC-S2-01","日常作息与生活管理","SC-S1-07","婴幼儿照护","SC-S3-01","工作时间突变","NF-N1-04","自主/空间/自由","Ideal range / fit","N3-04","当「作息/日常节奏」进入「婴幼儿照护」的「日常作息与生活管理」，遇到「工作时间突变」时，对重视「自主/空间/自由」的人意味着什么？","generated_by_constrained_mapping","unreviewed"
"CC-01654","PF-F06","作息/日常节奏","SC-S2-01","日常作息与生活管理","SC-S1-07","婴幼儿照护","SC-S3-10","反复小问题累积","NF-N1-05","安全/信任/可预测","Gate / conditional","N3-02/N3-06","当「作息/日常节奏」进入「婴幼儿照护」的「日常作息与生活管理」，遇到「反复小问题累积」时，对重视「安全/信任/可预测」的人意味着什么？","generated_by_constrained_mapping","unreviewed"
"CC-01655","PF-F06","作息/日常节奏","SC-S2-01","日常作息与生活管理","SC-S1-07","婴幼儿照护","SC-S3-10","反复小问题累积","NF-N1-02","陪伴/连接/归属","Ideal range / conditional","N3-01/N3-05","当「作息/日常节奏」进入「婴幼儿照护」的「日常作息与生活管理」，遇到「反复小问题累积」时，对重视「陪伴/连接/归属」的人意味着什么？","generated_by_constrained_mapping","unreviewed"
"CC-01656","PF-F06","作息/日常节奏","SC-S2-01","日常作息与生活管理","SC-S1-07","婴幼儿照护","SC-S3-10","反复小问题累积","NF-N1-04","自主/空间/自由","Ideal range / fit","N3-04","当「作息/日常节奏」进入「婴幼儿照护」的「日常作息与生活管理」，遇到「反复小问题累积」时，对重视「自主/空间/自由」的人意味着什么？","generated_by_constrained_mapping","unreviewed"
"CC-01657","PF-F06","作息/日常节奏","SC-S2-11","健康/疾病/照护","SC-S1-03","稳定交往","SC-S3-08","本人健康变化","NF-N1-05","安全/信任/可预测","Gate / conditional","N3-02/N3-06","当「作息/日常节奏」进入「稳定交往」的「健康/疾病/照护」，遇到「本人健康变化」时，对重视「安全/信任/可预测」的人意味着什么？","generated_by_constrained_mapping","unreviewed"
"CC-01658","PF-F06","作息/日常节奏","SC-S2-11","健康/疾病/照护","SC-S1-03","稳定交往","SC-S3-08","本人健康变化","NF-N1-02","陪伴/连接/归属","Ideal range / conditional","N3-01/N3-05","当「作息/日常节奏」进入「稳定交往」的「健康/疾病/照护」，遇到「本人健康变化」时，对重视「陪伴/连接/归属」的人意味着什么？","generated_by_constrained_mapping","unreviewed"
"CC-01659","PF-F06","作息/日常节奏","SC-S2-11","健康/疾病/照护","SC-S1-03","稳定交往","SC-S3-08","本人健康变化","NF-N1-04","自主/空间/自由","Ideal range / fit","N3-04","当「作息/日常节奏」进入「稳定交往」的「健康/疾病/照护」，遇到「本人健康变化」时，对重视「自主/空间/自由」的人意味着什么？","generated_by_constrained_mapping","unreviewed"
"CC-01660","PF-F06","作息/日常节奏","SC-S2-11","健康/疾病/照护","SC-S1-03","稳定交往","SC-S3-07","父母责任变化","NF-N1-05","安全/信任/可预测","Gate / conditional","N3-02/N3-06","当「作息/日常节奏」进入「稳定交往」的「健康/疾病/照护」，遇到「父母责任变化」时，对重视「安全/信任/可预测」的人意味着什么？","generated_by_constrained_mapping","unreviewed"
"CC-01661","PF-F06","作息/日常节奏","SC-S2-11","健康/疾病/照护","SC-S1-03","稳定交往","SC-S3-07","父母责任变化","NF-N1-02","陪伴/连接/归属","Ideal range / conditional","N3-01/N3-05","当「作息/日常节奏」进入「稳定交往」的「健康/疾病/照护」，遇到「父母责任变化」时，对重视「陪伴/连接/归属」的人意味着什么？","generated_by_constrained_mapping","unreviewed"
"CC-01662","PF-F06","作息/日常节奏","SC-S2-11","健康/疾病/照护","SC-S1-03","稳定交往","SC-S3-07","父母责任变化","NF-N1-04","自主/空间/自由","Ideal range / fit","N3-04","当「作息/日常节奏」进入「稳定交往」的「健康/疾病/照护」，遇到「父母责任变化」时，对重视「自主/空间/自由」的人意味着什么？","generated_by_constrained_mapping","unreviewed"
"CC-01663","PF-F06","作息/日常节奏","SC-S2-11","健康/疾病/照护","SC-S1-07","婴幼儿照护","SC-S3-08","本人健康变化","NF-N1-05","安全/信任/可预测","Gate / conditional","N3-02/N3-06","当「作息/日常节奏」进入「婴幼儿照护」的「健康/疾病/照护」，遇到「本人健康变化」时，对重视「安全/信任/可预测」的人意味着什么？","generated_by_constrained_mapping","unreviewed"
"CC-01664","PF-F06","作息/日常节奏","SC-S2-11","健康/疾病/照护","SC-S1-07","婴幼儿照护","SC-S3-08","本人健康变化","NF-N1-02","陪伴/连接/归属","Ideal range / conditional","N3-01/N3-05","当「作息/日常节奏」进入「婴幼儿照护」的「健康/疾病/照护」，遇到「本人健康变化」时，对重视「陪伴/连接/归属」的人意味着什么？","generated_by_constrained_mapping","unreviewed"
"CC-01665","PF-F06","作息/日常节奏","SC-S2-11","健康/疾病/照护","SC-S1-07","婴幼儿照护","SC-S3-08","本人健康变化","NF-N1-04","自主/空间/自由","Ideal range / fit","N3-04","当「作息/日常节奏」进入「婴幼儿照护」的「健康/疾病/照护」，遇到「本人健康变化」时，对重视「自主/空间/自由」的人意味着什么？","generated_by_constrained_mapping","unreviewed"
"CC-01666","PF-F06","作息/日常节奏","SC-S2-11","健康/疾病/照护","SC-S1-07","婴幼儿照护","SC-S3-07","父母责任变化","NF-N1-05","安全/信任/可预测","Gate / conditional","N3-02/N3-06","当「作息/日常节奏」进入「婴幼儿照护」的「健康/疾病/照护」，遇到「父母责任变化」时，对重视「安全/信任/可预测」的人意味着什么？","generated_by_constrained_mapping","unreviewed"
"CC-01667","PF-F06","作息/日常节奏","SC-S2-11","健康/疾病/照护","SC-S1-07","婴幼儿照护","SC-S3-07","父母责任变化","NF-N1-02","陪伴/连接/归属","Ideal range / conditional","N3-01/N3-05","当「作息/日常节奏」进入「婴幼儿照护」的「健康/疾病/照护」，遇到「父母责任变化」时，对重视「陪伴/连接/归属」的人意味着什么？","generated_by_constrained_mapping","unreviewed"
"CC-01668","PF-F06","作息/日常节奏","SC-S2-11","健康/疾病/照护","SC-S1-07","婴幼儿照护","SC-S3-07","父母责任变化","NF-N1-04","自主/空间/自由","Ideal range / fit","N3-04","当「作息/日常节奏」进入「婴幼儿照护」的「健康/疾病/照护」，遇到「父母责任变化」时，对重视「自主/空间/自由」的人意味着什么？","generated_by_constrained_mapping","unreviewed"
"CC-01669","PF-F06","作息/日常节奏","SC-S2-11","健康/疾病/照护","SC-S1-10","退休/老年/长期照护","SC-S3-08","本人健康变化","NF-N1-05","安全/信任/可预测","Gate / conditional","N3-02/N3-06","当「作息/日常节奏」进入「退休/老年/长期照护」的「健康/疾病/照护」，遇到「本人健康变化」时，对重视「安全/信任/可预测」的人意味着什么？","generated_by_constrained_mapping","unreviewed"
"CC-01670","PF-F06","作息/日常节奏","SC-S2-11","健康/疾病/照护","SC-S1-10","退休/老年/长期照护","SC-S3-08","本人健康变化","NF-N1-02","陪伴/连接/归属","Ideal range / conditional","N3-01/N3-05","当「作息/日常节奏」进入「退休/老年/长期照护」的「健康/疾病/照护」，遇到「本人健康变化」时，对重视「陪伴/连接/归属」的人意味着什么？","generated_by_constrained_mapping","unreviewed"
"CC-01671","PF-F06","作息/日常节奏","SC-S2-11","健康/疾病/照护","SC-S1-10","退休/老年/长期照护","SC-S3-08","本人健康变化","NF-N1-04","自主/空间/自由","Ideal range / fit","N3-04","当「作息/日常节奏」进入「退休/老年/长期照护」的「健康/疾病/照护」，遇到「本人健康变化」时，对重视「自主/空间/自由」的人意味着什么？","generated_by_constrained_mapping","unreviewed"
"CC-01672","PF-F06","作息/日常节奏","SC-S2-11","健康/疾病/照护","SC-S1-10","退休/老年/长期照护","SC-S3-07","父母责任变化","NF-N1-05","安全/信任/可预测","Gate / conditional","N3-02/N3-06","当「作息/日常节奏」进入「退休/老年/长期照护」的「健康/疾病/照护」，遇到「父母责任变化」时，对重视「安全/信任/可预测」的人意味着什么？","generated_by_constrained_mapping","unreviewed"
"CC-01673","PF-F06","作息/日常节奏","SC-S2-11","健康/疾病/照护","SC-S1-10","退休/老年/长期照护","SC-S3-07","父母责任变化","NF-N1-02","陪伴/连接/归属","Ideal range / conditional","N3-01/N3-05","当「作息/日常节奏」进入「退休/老年/长期照护」的「健康/疾病/照护」，遇到「父母责任变化」时，对重视「陪伴/连接/归属」的人意味着什么？","generated_by_constrained_mapping","unreviewed"
"CC-01674","PF-F06","作息/日常节奏","SC-S2-11","健康/疾病/照护","SC-S1-10","退休/老年/长期照护","SC-S3-07","父母责任变化","NF-N1-04","自主/空间/自由","Ideal range / fit","N3-04","当「作息/日常节奏」进入「退休/老年/长期照护」的「健康/疾病/照护」，遇到「父母责任变化」时，对重视「自主/空间/自由」的人意味着什么？","generated_by_constrained_mapping","unreviewed"
"CC-01675","PF-F06","作息/日常节奏","SC-S2-05","家务/家庭劳动","SC-S1-04","同居/婚前","SC-S3-06","生育/育儿转折","NF-N1-05","安全/信任/可预测","Gate / conditional","N3-02/N3-06","当「作息/日常节奏」进入「同居/婚前」的「家务/家庭劳动」，遇到「生育/育儿转折」时，对重视「安全/信任/可预测」的人意味着什么？","generated_by_constrained_mapping","unreviewed"
"CC-01676","PF-F06","作息/日常节奏","SC-S2-05","家务/家庭劳动","SC-S1-04","同居/婚前","SC-S3-06","生育/育儿转折","NF-N1-02","陪伴/连接/归属","Ideal range / conditional","N3-01/N3-05","当「作息/日常节奏」进入「同居/婚前」的「家务/家庭劳动」，遇到「生育/育儿转折」时，对重视「陪伴/连接/归属」的人意味着什么？","generated_by_constrained_mapping","unreviewed"
"CC-01677","PF-F06","作息/日常节奏","SC-S2-05","家务/家庭劳动","SC-S1-04","同居/婚前","SC-S3-06","生育/育儿转折","NF-N1-04","自主/空间/自由","Ideal range / fit","N3-04","当「作息/日常节奏」进入「同居/婚前」的「家务/家庭劳动」，遇到「生育/育儿转折」时，对重视「自主/空间/自由」的人意味着什么？","generated_by_constrained_mapping","unreviewed"
"CC-01678","PF-F06","作息/日常节奏","SC-S2-05","家务/家庭劳动","SC-S1-04","同居/婚前","SC-S3-10","反复小问题累积","NF-N1-05","安全/信任/可预测","Gate / conditional","N3-02/N3-06","当「作息/日常节奏」进入「同居/婚前」的「家务/家庭劳动」，遇到「反复小问题累积」时，对重视「安全/信任/可预测」的人意味着什么？","generated_by_constrained_mapping","unreviewed"
"CC-01679","PF-F06","作息/日常节奏","SC-S2-05","家务/家庭劳动","SC-S1-04","同居/婚前","SC-S3-10","反复小问题累积","NF-N1-02","陪伴/连接/归属","Ideal range / conditional","N3-01/N3-05","当「作息/日常节奏」进入「同居/婚前」的「家务/家庭劳动」，遇到「反复小问题累积」时，对重视「陪伴/连接/归属」的人意味着什么？","generated_by_constrained_mapping","unreviewed"
"CC-01680","PF-F06","作息/日常节奏","SC-S2-05","家务/家庭劳动","SC-S1-04","同居/婚前","SC-S3-10","反复小问题累积","NF-N1-04","自主/空间/自由","Ideal range / fit","N3-04","当「作息/日常节奏」进入「同居/婚前」的「家务/家庭劳动」，遇到「反复小问题累积」时，对重视「自主/空间/自由」的人意味着什么？","generated_by_constrained_mapping","unreviewed"
"CC-01681","PF-F06","作息/日常节奏","SC-S2-05","家务/家庭劳动","SC-S1-07","婴幼儿照护","SC-S3-06","生育/育儿转折","NF-N1-05","安全/信任/可预测","Gate / conditional","N3-02/N3-06","当「作息/日常节奏」进入「婴幼儿照护」的「家务/家庭劳动」，遇到「生育/育儿转折」时，对重视「安全/信任/可预测」的人意味着什么？","generated_by_constrained_mapping","unreviewed"
"CC-01682","PF-F06","作息/日常节奏","SC-S2-05","家务/家庭劳动","SC-S1-07","婴幼儿照护","SC-S3-06","生育/育儿转折","NF-N1-02","陪伴/连接/归属","Ideal range / conditional","N3-01/N3-05","当「作息/日常节奏」进入「婴幼儿照护」的「家务/家庭劳动」，遇到「生育/育儿转折」时，对重视「陪伴/连接/归属」的人意味着什么？","generated_by_constrained_mapping","unreviewed"
"CC-01683","PF-F06","作息/日常节奏","SC-S2-05","家务/家庭劳动","SC-S1-07","婴幼儿照护","SC-S3-06","生育/育儿转折","NF-N1-04","自主/空间/自由","Ideal range / fit","N3-04","当「作息/日常节奏」进入「婴幼儿照护」的「家务/家庭劳动」，遇到「生育/育儿转折」时，对重视「自主/空间/自由」的人意味着什么？","generated_by_constrained_mapping","unreviewed"
"CC-01684","PF-F06","作息/日常节奏","SC-S2-05","家务/家庭劳动","SC-S1-07","婴幼儿照护","SC-S3-10","反复小问题累积","NF-N1-05","安全/信任/可预测","Gate / conditional","N3-02/N3-06","当「作息/日常节奏」进入「婴幼儿照护」的「家务/家庭劳动」，遇到「反复小问题累积」时，对重视「安全/信任/可预测」的人意味着什么？","generated_by_constrained_mapping","unreviewed"
"CC-01685","PF-F06","作息/日常节奏","SC-S2-05","家务/家庭劳动","SC-S1-07","婴幼儿照护","SC-S3-10","反复小问题累积","NF-N1-02","陪伴/连接/归属","Ideal range / conditional","N3-01/N3-05","当「作息/日常节奏」进入「婴幼儿照护」的「家务/家庭劳动」，遇到「反复小问题累积」时，对重视「陪伴/连接/归属」的人意味着什么？","generated_by_constrained_mapping","unreviewed"
"CC-01686","PF-F06","作息/日常节奏","SC-S2-05","家务/家庭劳动","SC-S1-07","婴幼儿照护","SC-S3-10","反复小问题累积","NF-N1-04","自主/空间/自由","Ideal range / fit","N3-04","当「作息/日常节奏」进入「婴幼儿照护」的「家务/家庭劳动」，遇到「反复小问题累积」时，对重视「自主/空间/自由」的人意味着什么？","generated_by_constrained_mapping","unreviewed"
"CC-01687","PF-F06","作息/日常节奏","SC-S2-05","家务/家庭劳动","SC-S1-09","中年多重责任","SC-S3-06","生育/育儿转折","NF-N1-05","安全/信任/可预测","Gate / conditional","N3-02/N3-06","当「作息/日常节奏」进入「中年多重责任」的「家务/家庭劳动」，遇到「生育/育儿转折」时，对重视「安全/信任/可预测」的人意味着什么？","generated_by_constrained_mapping","unreviewed"
"CC-01688","PF-F06","作息/日常节奏","SC-S2-05","家务/家庭劳动","SC-S1-09","中年多重责任","SC-S3-06","生育/育儿转折","NF-N1-02","陪伴/连接/归属","Ideal range / conditional","N3-01/N3-05","当「作息/日常节奏」进入「中年多重责任」的「家务/家庭劳动」，遇到「生育/育儿转折」时，对重视「陪伴/连接/归属」的人意味着什么？","generated_by_constrained_mapping","unreviewed"
"CC-01689","PF-F06","作息/日常节奏","SC-S2-05","家务/家庭劳动","SC-S1-09","中年多重责任","SC-S3-06","生育/育儿转折","NF-N1-04","自主/空间/自由","Ideal range / fit","N3-04","当「作息/日常节奏」进入「中年多重责任」的「家务/家庭劳动」，遇到「生育/育儿转折」时，对重视「自主/空间/自由」的人意味着什么？","generated_by_constrained_mapping","unreviewed"
"CC-01690","PF-F06","作息/日常节奏","SC-S2-05","家务/家庭劳动","SC-S1-09","中年多重责任","SC-S3-10","反复小问题累积","NF-N1-05","安全/信任/可预测","Gate / conditional","N3-02/N3-06","当「作息/日常节奏」进入「中年多重责任」的「家务/家庭劳动」，遇到「反复小问题累积」时，对重视「安全/信任/可预测」的人意味着什么？","generated_by_constrained_mapping","unreviewed"
"CC-01691","PF-F06","作息/日常节奏","SC-S2-05","家务/家庭劳动","SC-S1-09","中年多重责任","SC-S3-10","反复小问题累积","NF-N1-02","陪伴/连接/归属","Ideal range / conditional","N3-01/N3-05","当「作息/日常节奏」进入「中年多重责任」的「家务/家庭劳动」，遇到「反复小问题累积」时，对重视「陪伴/连接/归属」的人意味着什么？","generated_by_constrained_mapping","unreviewed"
"CC-01692","PF-F06","作息/日常节奏","SC-S2-05","家务/家庭劳动","SC-S1-09","中年多重责任","SC-S3-10","反复小问题累积","NF-N1-04","自主/空间/自由","Ideal range / fit","N3-04","当「作息/日常节奏」进入「中年多重责任」的「家务/家庭劳动」，遇到「反复小问题累积」时，对重视「自主/空间/自由」的人意味着什么？","generated_by_constrained_mapping","unreviewed"
"CC-01693","PF-F07","兴趣/体验投入","SC-S2-09","兴趣/休闲/旅行","SC-S1-01","认识/相亲","SC-S3-01","工作时间突变","NF-N1-09","活力/新鲜感/有趣/共同体验","Ideal range","N3-05/N3-06","当「兴趣/体验投入」进入「认识/相亲」的「兴趣/休闲/旅行」，遇到「工作时间突变」时，对重视「活力/新鲜感/有趣/共同体验」的人意味着什么？","generated_by_constrained_mapping","unreviewed"
"CC-01694","PF-F07","兴趣/体验投入","SC-S2-09","兴趣/休闲/旅行","SC-S1-01","认识/相亲","SC-S3-01","工作时间突变","NF-N1-04","自主/空间/自由","Ideal range / fit","N3-04","当「兴趣/体验投入」进入「认识/相亲」的「兴趣/休闲/旅行」，遇到「工作时间突变」时，对重视「自主/空间/自由」的人意味着什么？","generated_by_constrained_mapping","unreviewed"
"CC-01695","PF-F07","兴趣/体验投入","SC-S2-09","兴趣/休闲/旅行","SC-S1-01","认识/相亲","SC-S3-01","工作时间突变","NF-N1-02","陪伴/连接/归属","Ideal range / conditional","N3-01/N3-05","当「兴趣/体验投入」进入「认识/相亲」的「兴趣/休闲/旅行」，遇到「工作时间突变」时，对重视「陪伴/连接/归属」的人意味着什么？","generated_by_constrained_mapping","unreviewed"
"CC-01696","PF-F07","兴趣/体验投入","SC-S2-09","兴趣/休闲/旅行","SC-S1-01","认识/相亲","SC-S3-10","反复小问题累积","NF-N1-09","活力/新鲜感/有趣/共同体验","Ideal range","N3-05/N3-06","当「兴趣/体验投入」进入「认识/相亲」的「兴趣/休闲/旅行」，遇到「反复小问题累积」时，对重视「活力/新鲜感/有趣/共同体验」的人意味着什么？","generated_by_constrained_mapping","unreviewed"
"CC-01697","PF-F07","兴趣/体验投入","SC-S2-09","兴趣/休闲/旅行","SC-S1-01","认识/相亲","SC-S3-10","反复小问题累积","NF-N1-04","自主/空间/自由","Ideal range / fit","N3-04","当「兴趣/体验投入」进入「认识/相亲」的「兴趣/休闲/旅行」，遇到「反复小问题累积」时，对重视「自主/空间/自由」的人意味着什么？","generated_by_constrained_mapping","unreviewed"
"CC-01698","PF-F07","兴趣/体验投入","SC-S2-09","兴趣/休闲/旅行","SC-S1-01","认识/相亲","SC-S3-10","反复小问题累积","NF-N1-02","陪伴/连接/归属","Ideal range / conditional","N3-01/N3-05","当「兴趣/体验投入」进入「认识/相亲」的「兴趣/休闲/旅行」，遇到「反复小问题累积」时，对重视「陪伴/连接/归属」的人意味着什么？","generated_by_constrained_mapping","unreviewed"
"CC-01699","PF-F07","兴趣/体验投入","SC-S2-09","兴趣/休闲/旅行","SC-S1-03","稳定交往","SC-S3-01","工作时间突变","NF-N1-09","活力/新鲜感/有趣/共同体验","Ideal range","N3-05/N3-06","当「兴趣/体验投入」进入「稳定交往」的「兴趣/休闲/旅行」，遇到「工作时间突变」时，对重视「活力/新鲜感/有趣/共同体验」的人意味着什么？","generated_by_constrained_mapping","unreviewed"
"CC-01700","PF-F07","兴趣/体验投入","SC-S2-09","兴趣/休闲/旅行","SC-S1-03","稳定交往","SC-S3-01","工作时间突变","NF-N1-04","自主/空间/自由","Ideal range / fit","N3-04","当「兴趣/体验投入」进入「稳定交往」的「兴趣/休闲/旅行」，遇到「工作时间突变」时，对重视「自主/空间/自由」的人意味着什么？","generated_by_constrained_mapping","unreviewed"
"CC-01701","PF-F07","兴趣/体验投入","SC-S2-09","兴趣/休闲/旅行","SC-S1-03","稳定交往","SC-S3-01","工作时间突变","NF-N1-02","陪伴/连接/归属","Ideal range / conditional","N3-01/N3-05","当「兴趣/体验投入」进入「稳定交往」的「兴趣/休闲/旅行」，遇到「工作时间突变」时，对重视「陪伴/连接/归属」的人意味着什么？","generated_by_constrained_mapping","unreviewed"
"CC-01702","PF-F07","兴趣/体验投入","SC-S2-09","兴趣/休闲/旅行","SC-S1-03","稳定交往","SC-S3-10","反复小问题累积","NF-N1-09","活力/新鲜感/有趣/共同体验","Ideal range","N3-05/N3-06","当「兴趣/体验投入」进入「稳定交往」的「兴趣/休闲/旅行」，遇到「反复小问题累积」时，对重视「活力/新鲜感/有趣/共同体验」的人意味着什么？","generated_by_constrained_mapping","unreviewed"
"CC-01703","PF-F07","兴趣/体验投入","SC-S2-09","兴趣/休闲/旅行","SC-S1-03","稳定交往","SC-S3-10","反复小问题累积","NF-N1-04","自主/空间/自由","Ideal range / fit","N3-04","当「兴趣/体验投入」进入「稳定交往」的「兴趣/休闲/旅行」，遇到「反复小问题累积」时，对重视「自主/空间/自由」的人意味着什么？","generated_by_constrained_mapping","unreviewed"
"CC-01704","PF-F07","兴趣/体验投入","SC-S2-09","兴趣/休闲/旅行","SC-S1-03","稳定交往","SC-S3-10","反复小问题累积","NF-N1-02","陪伴/连接/归属","Ideal range / conditional","N3-01/N3-05","当「兴趣/体验投入」进入「稳定交往」的「兴趣/休闲/旅行」，遇到「反复小问题累积」时，对重视「陪伴/连接/归属」的人意味着什么？","generated_by_constrained_mapping","unreviewed"
"CC-01705","PF-F07","兴趣/体验投入","SC-S2-09","兴趣/休闲/旅行","SC-S1-07","婴幼儿照护","SC-S3-01","工作时间突变","NF-N1-09","活力/新鲜感/有趣/共同体验","Ideal range","N3-05/N3-06","当「兴趣/体验投入」进入「婴幼儿照护」的「兴趣/休闲/旅行」，遇到「工作时间突变」时，对重视「活力/新鲜感/有趣/共同体验」的人意味着什么？","generated_by_constrained_mapping","unreviewed"
"CC-01706","PF-F07","兴趣/体验投入","SC-S2-09","兴趣/休闲/旅行","SC-S1-07","婴幼儿照护","SC-S3-01","工作时间突变","NF-N1-04","自主/空间/自由","Ideal range / fit","N3-04","当「兴趣/体验投入」进入「婴幼儿照护」的「兴趣/休闲/旅行」，遇到「工作时间突变」时，对重视「自主/空间/自由」的人意味着什么？","generated_by_constrained_mapping","unreviewed"
"CC-01707","PF-F07","兴趣/体验投入","SC-S2-09","兴趣/休闲/旅行","SC-S1-07","婴幼儿照护","SC-S3-01","工作时间突变","NF-N1-02","陪伴/连接/归属","Ideal range / conditional","N3-01/N3-05","当「兴趣/体验投入」进入「婴幼儿照护」的「兴趣/休闲/旅行」，遇到「工作时间突变」时，对重视「陪伴/连接/归属」的人意味着什么？","generated_by_constrained_mapping","unreviewed"
"CC-01708","PF-F07","兴趣/体验投入","SC-S2-09","兴趣/休闲/旅行","SC-S1-07","婴幼儿照护","SC-S3-10","反复小问题累积","NF-N1-09","活力/新鲜感/有趣/共同体验","Ideal range","N3-05/N3-06","当「兴趣/体验投入」进入「婴幼儿照护」的「兴趣/休闲/旅行」，遇到「反复小问题累积」时，对重视「活力/新鲜感/有趣/共同体验」的人意味着什么？","generated_by_constrained_mapping","unreviewed"
"CC-01709","PF-F07","兴趣/体验投入","SC-S2-09","兴趣/休闲/旅行","SC-S1-07","婴幼儿照护","SC-S3-10","反复小问题累积","NF-N1-04","自主/空间/自由","Ideal range / fit","N3-04","当「兴趣/体验投入」进入「婴幼儿照护」的「兴趣/休闲/旅行」，遇到「反复小问题累积」时，对重视「自主/空间/自由」的人意味着什么？","generated_by_constrained_mapping","unreviewed"
"CC-01710","PF-F07","兴趣/体验投入","SC-S2-09","兴趣/休闲/旅行","SC-S1-07","婴幼儿照护","SC-S3-10","反复小问题累积","NF-N1-02","陪伴/连接/归属","Ideal range / conditional","N3-01/N3-05","当「兴趣/体验投入」进入「婴幼儿照护」的「兴趣/休闲/旅行」，遇到「反复小问题累积」时，对重视「陪伴/连接/归属」的人意味着什么？","generated_by_constrained_mapping","unreviewed"
"CC-01711","PF-F07","兴趣/体验投入","SC-S2-08","社交/朋友/个人空间","SC-S1-01","认识/相亲","SC-S3-09","社交/边界事件","NF-N1-09","活力/新鲜感/有趣/共同体验","Ideal range","N3-05/N3-06","当「兴趣/体验投入」进入「认识/相亲」的「社交/朋友/个人空间」，遇到「社交/边界事件」时，对重视「活力/新鲜感/有趣/共同体验」的人意味着什么？","generated_by_constrained_mapping","unreviewed"
"CC-01712","PF-F07","兴趣/体验投入","SC-S2-08","社交/朋友/个人空间","SC-S1-01","认识/相亲","SC-S3-09","社交/边界事件","NF-N1-04","自主/空间/自由","Ideal range / fit","N3-04","当「兴趣/体验投入」进入「认识/相亲」的「社交/朋友/个人空间」，遇到「社交/边界事件」时，对重视「自主/空间/自由」的人意味着什么？","generated_by_constrained_mapping","unreviewed"
"CC-01713","PF-F07","兴趣/体验投入","SC-S2-08","社交/朋友/个人空间","SC-S1-01","认识/相亲","SC-S3-09","社交/边界事件","NF-N1-02","陪伴/连接/归属","Ideal range / conditional","N3-01/N3-05","当「兴趣/体验投入」进入「认识/相亲」的「社交/朋友/个人空间」，遇到「社交/边界事件」时，对重视「陪伴/连接/归属」的人意味着什么？","generated_by_constrained_mapping","unreviewed"
"CC-01714","PF-F07","兴趣/体验投入","SC-S2-08","社交/朋友/个人空间","SC-S1-01","认识/相亲","SC-S3-10","反复小问题累积","NF-N1-09","活力/新鲜感/有趣/共同体验","Ideal range","N3-05/N3-06","当「兴趣/体验投入」进入「认识/相亲」的「社交/朋友/个人空间」，遇到「反复小问题累积」时，对重视「活力/新鲜感/有趣/共同体验」的人意味着什么？","generated_by_constrained_mapping","unreviewed"
"CC-01715","PF-F07","兴趣/体验投入","SC-S2-08","社交/朋友/个人空间","SC-S1-01","认识/相亲","SC-S3-10","反复小问题累积","NF-N1-04","自主/空间/自由","Ideal range / fit","N3-04","当「兴趣/体验投入」进入「认识/相亲」的「社交/朋友/个人空间」，遇到「反复小问题累积」时，对重视「自主/空间/自由」的人意味着什么？","generated_by_constrained_mapping","unreviewed"
"CC-01716","PF-F07","兴趣/体验投入","SC-S2-08","社交/朋友/个人空间","SC-S1-01","认识/相亲","SC-S3-10","反复小问题累积","NF-N1-02","陪伴/连接/归属","Ideal range / conditional","N3-01/N3-05","当「兴趣/体验投入」进入「认识/相亲」的「社交/朋友/个人空间」，遇到「反复小问题累积」时，对重视「陪伴/连接/归属」的人意味着什么？","generated_by_constrained_mapping","unreviewed"
"CC-01717","PF-F07","兴趣/体验投入","SC-S2-08","社交/朋友/个人空间","SC-S1-03","稳定交往","SC-S3-09","社交/边界事件","NF-N1-09","活力/新鲜感/有趣/共同体验","Ideal range","N3-05/N3-06","当「兴趣/体验投入」进入「稳定交往」的「社交/朋友/个人空间」，遇到「社交/边界事件」时，对重视「活力/新鲜感/有趣/共同体验」的人意味着什么？","generated_by_constrained_mapping","unreviewed"
"CC-01718","PF-F07","兴趣/体验投入","SC-S2-08","社交/朋友/个人空间","SC-S1-03","稳定交往","SC-S3-09","社交/边界事件","NF-N1-04","自主/空间/自由","Ideal range / fit","N3-04","当「兴趣/体验投入」进入「稳定交往」的「社交/朋友/个人空间」，遇到「社交/边界事件」时，对重视「自主/空间/自由」的人意味着什么？","generated_by_constrained_mapping","unreviewed"
"CC-01719","PF-F07","兴趣/体验投入","SC-S2-08","社交/朋友/个人空间","SC-S1-03","稳定交往","SC-S3-09","社交/边界事件","NF-N1-02","陪伴/连接/归属","Ideal range / conditional","N3-01/N3-05","当「兴趣/体验投入」进入「稳定交往」的「社交/朋友/个人空间」，遇到「社交/边界事件」时，对重视「陪伴/连接/归属」的人意味着什么？","generated_by_constrained_mapping","unreviewed"
"CC-01720","PF-F07","兴趣/体验投入","SC-S2-08","社交/朋友/个人空间","SC-S1-03","稳定交往","SC-S3-10","反复小问题累积","NF-N1-09","活力/新鲜感/有趣/共同体验","Ideal range","N3-05/N3-06","当「兴趣/体验投入」进入「稳定交往」的「社交/朋友/个人空间」，遇到「反复小问题累积」时，对重视「活力/新鲜感/有趣/共同体验」的人意味着什么？","generated_by_constrained_mapping","unreviewed"
"CC-01721","PF-F07","兴趣/体验投入","SC-S2-08","社交/朋友/个人空间","SC-S1-03","稳定交往","SC-S3-10","反复小问题累积","NF-N1-04","自主/空间/自由","Ideal range / fit","N3-04","当「兴趣/体验投入」进入「稳定交往」的「社交/朋友/个人空间」，遇到「反复小问题累积」时，对重视「自主/空间/自由」的人意味着什么？","generated_by_constrained_mapping","unreviewed"
"CC-01722","PF-F07","兴趣/体验投入","SC-S2-08","社交/朋友/个人空间","SC-S1-03","稳定交往","SC-S3-10","反复小问题累积","NF-N1-02","陪伴/连接/归属","Ideal range / conditional","N3-01/N3-05","当「兴趣/体验投入」进入「稳定交往」的「社交/朋友/个人空间」，遇到「反复小问题累积」时，对重视「陪伴/连接/归属」的人意味着什么？","generated_by_constrained_mapping","unreviewed"
"CC-01723","PF-F07","兴趣/体验投入","SC-S2-08","社交/朋友/个人空间","SC-S1-05","结婚/建立家庭","SC-S3-09","社交/边界事件","NF-N1-09","活力/新鲜感/有趣/共同体验","Ideal range","N3-05/N3-06","当「兴趣/体验投入」进入「结婚/建立家庭」的「社交/朋友/个人空间」，遇到「社交/边界事件」时，对重视「活力/新鲜感/有趣/共同体验」的人意味着什么？","generated_by_constrained_mapping","unreviewed"
"CC-01724","PF-F07","兴趣/体验投入","SC-S2-08","社交/朋友/个人空间","SC-S1-05","结婚/建立家庭","SC-S3-09","社交/边界事件","NF-N1-04","自主/空间/自由","Ideal range / fit","N3-04","当「兴趣/体验投入」进入「结婚/建立家庭」的「社交/朋友/个人空间」，遇到「社交/边界事件」时，对重视「自主/空间/自由」的人意味着什么？","generated_by_constrained_mapping","unreviewed"
"CC-01725","PF-F07","兴趣/体验投入","SC-S2-08","社交/朋友/个人空间","SC-S1-05","结婚/建立家庭","SC-S3-09","社交/边界事件","NF-N1-02","陪伴/连接/归属","Ideal range / conditional","N3-01/N3-05","当「兴趣/体验投入」进入「结婚/建立家庭」的「社交/朋友/个人空间」，遇到「社交/边界事件」时，对重视「陪伴/连接/归属」的人意味着什么？","generated_by_constrained_mapping","unreviewed"
"CC-01726","PF-F07","兴趣/体验投入","SC-S2-08","社交/朋友/个人空间","SC-S1-05","结婚/建立家庭","SC-S3-10","反复小问题累积","NF-N1-09","活力/新鲜感/有趣/共同体验","Ideal range","N3-05/N3-06","当「兴趣/体验投入」进入「结婚/建立家庭」的「社交/朋友/个人空间」，遇到「反复小问题累积」时，对重视「活力/新鲜感/有趣/共同体验」的人意味着什么？","generated_by_constrained_mapping","unreviewed"
"CC-01727","PF-F07","兴趣/体验投入","SC-S2-08","社交/朋友/个人空间","SC-S1-05","结婚/建立家庭","SC-S3-10","反复小问题累积","NF-N1-04","自主/空间/自由","Ideal range / fit","N3-04","当「兴趣/体验投入」进入「结婚/建立家庭」的「社交/朋友/个人空间」，遇到「反复小问题累积」时，对重视「自主/空间/自由」的人意味着什么？","generated_by_constrained_mapping","unreviewed"
"CC-01728","PF-F07","兴趣/体验投入","SC-S2-08","社交/朋友/个人空间","SC-S1-05","结婚/建立家庭","SC-S3-10","反复小问题累积","NF-N1-02","陪伴/连接/归属","Ideal range / conditional","N3-01/N3-05","当「兴趣/体验投入」进入「结婚/建立家庭」的「社交/朋友/个人空间」，遇到「反复小问题累积」时，对重视「陪伴/连接/归属」的人意味着什么？","generated_by_constrained_mapping","unreviewed"
"CC-01729","PF-F07","兴趣/体验投入","SC-S2-01","日常作息与生活管理","SC-S1-02","恋爱/磨合","SC-S3-01","工作时间突变","NF-N1-09","活力/新鲜感/有趣/共同体验","Ideal range","N3-05/N3-06","当「兴趣/体验投入」进入「恋爱/磨合」的「日常作息与生活管理」，遇到「工作时间突变」时，对重视「活力/新鲜感/有趣/共同体验」的人意味着什么？","generated_by_constrained_mapping","unreviewed"
"CC-01730","PF-F07","兴趣/体验投入","SC-S2-01","日常作息与生活管理","SC-S1-02","恋爱/磨合","SC-S3-01","工作时间突变","NF-N1-04","自主/空间/自由","Ideal range / fit","N3-04","当「兴趣/体验投入」进入「恋爱/磨合」的「日常作息与生活管理」，遇到「工作时间突变」时，对重视「自主/空间/自由」的人意味着什么？","generated_by_constrained_mapping","unreviewed"
"CC-01731","PF-F07","兴趣/体验投入","SC-S2-01","日常作息与生活管理","SC-S1-02","恋爱/磨合","SC-S3-01","工作时间突变","NF-N1-02","陪伴/连接/归属","Ideal range / conditional","N3-01/N3-05","当「兴趣/体验投入」进入「恋爱/磨合」的「日常作息与生活管理」，遇到「工作时间突变」时，对重视「陪伴/连接/归属」的人意味着什么？","generated_by_constrained_mapping","unreviewed"
"CC-01732","PF-F07","兴趣/体验投入","SC-S2-01","日常作息与生活管理","SC-S1-02","恋爱/磨合","SC-S3-10","反复小问题累积","NF-N1-09","活力/新鲜感/有趣/共同体验","Ideal range","N3-05/N3-06","当「兴趣/体验投入」进入「恋爱/磨合」的「日常作息与生活管理」，遇到「反复小问题累积」时，对重视「活力/新鲜感/有趣/共同体验」的人意味着什么？","generated_by_constrained_mapping","unreviewed"
"CC-01733","PF-F07","兴趣/体验投入","SC-S2-01","日常作息与生活管理","SC-S1-02","恋爱/磨合","SC-S3-10","反复小问题累积","NF-N1-04","自主/空间/自由","Ideal range / fit","N3-04","当「兴趣/体验投入」进入「恋爱/磨合」的「日常作息与生活管理」，遇到「反复小问题累积」时，对重视「自主/空间/自由」的人意味着什么？","generated_by_constrained_mapping","unreviewed"
"CC-01734","PF-F07","兴趣/体验投入","SC-S2-01","日常作息与生活管理","SC-S1-02","恋爱/磨合","SC-S3-10","反复小问题累积","NF-N1-02","陪伴/连接/归属","Ideal range / conditional","N3-01/N3-05","当「兴趣/体验投入」进入「恋爱/磨合」的「日常作息与生活管理」，遇到「反复小问题累积」时，对重视「陪伴/连接/归属」的人意味着什么？","generated_by_constrained_mapping","unreviewed"
"CC-01735","PF-F07","兴趣/体验投入","SC-S2-01","日常作息与生活管理","SC-S1-04","同居/婚前","SC-S3-01","工作时间突变","NF-N1-09","活力/新鲜感/有趣/共同体验","Ideal range","N3-05/N3-06","当「兴趣/体验投入」进入「同居/婚前」的「日常作息与生活管理」，遇到「工作时间突变」时，对重视「活力/新鲜感/有趣/共同体验」的人意味着什么？","generated_by_constrained_mapping","unreviewed"
"CC-01736","PF-F07","兴趣/体验投入","SC-S2-01","日常作息与生活管理","SC-S1-04","同居/婚前","SC-S3-01","工作时间突变","NF-N1-04","自主/空间/自由","Ideal range / fit","N3-04","当「兴趣/体验投入」进入「同居/婚前」的「日常作息与生活管理」，遇到「工作时间突变」时，对重视「自主/空间/自由」的人意味着什么？","generated_by_constrained_mapping","unreviewed"
"CC-01737","PF-F07","兴趣/体验投入","SC-S2-01","日常作息与生活管理","SC-S1-04","同居/婚前","SC-S3-01","工作时间突变","NF-N1-02","陪伴/连接/归属","Ideal range / conditional","N3-01/N3-05","当「兴趣/体验投入」进入「同居/婚前」的「日常作息与生活管理」，遇到「工作时间突变」时，对重视「陪伴/连接/归属」的人意味着什么？","generated_by_constrained_mapping","unreviewed"
"CC-01738","PF-F07","兴趣/体验投入","SC-S2-01","日常作息与生活管理","SC-S1-04","同居/婚前","SC-S3-10","反复小问题累积","NF-N1-09","活力/新鲜感/有趣/共同体验","Ideal range","N3-05/N3-06","当「兴趣/体验投入」进入「同居/婚前」的「日常作息与生活管理」，遇到「反复小问题累积」时，对重视「活力/新鲜感/有趣/共同体验」的人意味着什么？","generated_by_constrained_mapping","unreviewed"
"CC-01739","PF-F07","兴趣/体验投入","SC-S2-01","日常作息与生活管理","SC-S1-04","同居/婚前","SC-S3-10","反复小问题累积","NF-N1-04","自主/空间/自由","Ideal range / fit","N3-04","当「兴趣/体验投入」进入「同居/婚前」的「日常作息与生活管理」，遇到「反复小问题累积」时，对重视「自主/空间/自由」的人意味着什么？","generated_by_constrained_mapping","unreviewed"
"CC-01740","PF-F07","兴趣/体验投入","SC-S2-01","日常作息与生活管理","SC-S1-04","同居/婚前","SC-S3-10","反复小问题累积","NF-N1-02","陪伴/连接/归属","Ideal range / conditional","N3-01/N3-05","当「兴趣/体验投入」进入「同居/婚前」的「日常作息与生活管理」，遇到「反复小问题累积」时，对重视「陪伴/连接/归属」的人意味着什么？","generated_by_constrained_mapping","unreviewed"
"CC-01741","PF-F07","兴趣/体验投入","SC-S2-01","日常作息与生活管理","SC-S1-07","婴幼儿照护","SC-S3-01","工作时间突变","NF-N1-09","活力/新鲜感/有趣/共同体验","Ideal range","N3-05/N3-06","当「兴趣/体验投入」进入「婴幼儿照护」的「日常作息与生活管理」，遇到「工作时间突变」时，对重视「活力/新鲜感/有趣/共同体验」的人意味着什么？","generated_by_constrained_mapping","unreviewed"
"CC-01742","PF-F07","兴趣/体验投入","SC-S2-01","日常作息与生活管理","SC-S1-07","婴幼儿照护","SC-S3-01","工作时间突变","NF-N1-04","自主/空间/自由","Ideal range / fit","N3-04","当「兴趣/体验投入」进入「婴幼儿照护」的「日常作息与生活管理」，遇到「工作时间突变」时，对重视「自主/空间/自由」的人意味着什么？","generated_by_constrained_mapping","unreviewed"
"CC-01743","PF-F07","兴趣/体验投入","SC-S2-01","日常作息与生活管理","SC-S1-07","婴幼儿照护","SC-S3-01","工作时间突变","NF-N1-02","陪伴/连接/归属","Ideal range / conditional","N3-01/N3-05","当「兴趣/体验投入」进入「婴幼儿照护」的「日常作息与生活管理」，遇到「工作时间突变」时，对重视「陪伴/连接/归属」的人意味着什么？","generated_by_constrained_mapping","unreviewed"
"CC-01744","PF-F07","兴趣/体验投入","SC-S2-01","日常作息与生活管理","SC-S1-07","婴幼儿照护","SC-S3-10","反复小问题累积","NF-N1-09","活力/新鲜感/有趣/共同体验","Ideal range","N3-05/N3-06","当「兴趣/体验投入」进入「婴幼儿照护」的「日常作息与生活管理」，遇到「反复小问题累积」时，对重视「活力/新鲜感/有趣/共同体验」的人意味着什么？","generated_by_constrained_mapping","unreviewed"
"CC-01745","PF-F07","兴趣/体验投入","SC-S2-01","日常作息与生活管理","SC-S1-07","婴幼儿照护","SC-S3-10","反复小问题累积","NF-N1-04","自主/空间/自由","Ideal range / fit","N3-04","当「兴趣/体验投入」进入「婴幼儿照护」的「日常作息与生活管理」，遇到「反复小问题累积」时，对重视「自主/空间/自由」的人意味着什么？","generated_by_constrained_mapping","unreviewed"
"CC-01746","PF-F07","兴趣/体验投入","SC-S2-01","日常作息与生活管理","SC-S1-07","婴幼儿照护","SC-S3-10","反复小问题累积","NF-N1-02","陪伴/连接/归属","Ideal range / conditional","N3-01/N3-05","当「兴趣/体验投入」进入「婴幼儿照护」的「日常作息与生活管理」，遇到「反复小问题累积」时，对重视「陪伴/连接/归属」的人意味着什么？","generated_by_constrained_mapping","unreviewed"
"CC-01747","PF-F08","计划性/可预测性","SC-S2-01","日常作息与生活管理","SC-S1-02","恋爱/磨合","SC-S3-01","工作时间突变","NF-N1-05","安全/信任/可预测","Gate / conditional","N3-02/N3-06","当「计划性/可预测性」进入「恋爱/磨合」的「日常作息与生活管理」，遇到「工作时间突变」时，对重视「安全/信任/可预测」的人意味着什么？","generated_by_constrained_mapping","unreviewed"
"CC-01748","PF-F08","计划性/可预测性","SC-S2-01","日常作息与生活管理","SC-S1-02","恋爱/磨合","SC-S3-01","工作时间突变","NF-N1-04","自主/空间/自由","Ideal range / fit","N3-04","当「计划性/可预测性」进入「恋爱/磨合」的「日常作息与生活管理」，遇到「工作时间突变」时，对重视「自主/空间/自由」的人意味着什么？","generated_by_constrained_mapping","unreviewed"
"CC-01749","PF-F08","计划性/可预测性","SC-S2-01","日常作息与生活管理","SC-S1-02","恋爱/磨合","SC-S3-01","工作时间突变","NF-N1-02","陪伴/连接/归属","Ideal range / conditional","N3-01/N3-05","当「计划性/可预测性」进入「恋爱/磨合」的「日常作息与生活管理」，遇到「工作时间突变」时，对重视「陪伴/连接/归属」的人意味着什么？","generated_by_constrained_mapping","unreviewed"
"CC-01750","PF-F08","计划性/可预测性","SC-S2-01","日常作息与生活管理","SC-S1-02","恋爱/磨合","SC-S3-10","反复小问题累积","NF-N1-05","安全/信任/可预测","Gate / conditional","N3-02/N3-06","当「计划性/可预测性」进入「恋爱/磨合」的「日常作息与生活管理」，遇到「反复小问题累积」时，对重视「安全/信任/可预测」的人意味着什么？","generated_by_constrained_mapping","unreviewed"
"CC-01751","PF-F08","计划性/可预测性","SC-S2-01","日常作息与生活管理","SC-S1-02","恋爱/磨合","SC-S3-10","反复小问题累积","NF-N1-04","自主/空间/自由","Ideal range / fit","N3-04","当「计划性/可预测性」进入「恋爱/磨合」的「日常作息与生活管理」，遇到「反复小问题累积」时，对重视「自主/空间/自由」的人意味着什么？","generated_by_constrained_mapping","unreviewed"
"CC-01752","PF-F08","计划性/可预测性","SC-S2-01","日常作息与生活管理","SC-S1-02","恋爱/磨合","SC-S3-10","反复小问题累积","NF-N1-02","陪伴/连接/归属","Ideal range / conditional","N3-01/N3-05","当「计划性/可预测性」进入「恋爱/磨合」的「日常作息与生活管理」，遇到「反复小问题累积」时，对重视「陪伴/连接/归属」的人意味着什么？","generated_by_constrained_mapping","unreviewed"
"CC-01753","PF-F08","计划性/可预测性","SC-S2-01","日常作息与生活管理","SC-S1-04","同居/婚前","SC-S3-01","工作时间突变","NF-N1-05","安全/信任/可预测","Gate / conditional","N3-02/N3-06","当「计划性/可预测性」进入「同居/婚前」的「日常作息与生活管理」，遇到「工作时间突变」时，对重视「安全/信任/可预测」的人意味着什么？","generated_by_constrained_mapping","unreviewed"
"CC-01754","PF-F08","计划性/可预测性","SC-S2-01","日常作息与生活管理","SC-S1-04","同居/婚前","SC-S3-01","工作时间突变","NF-N1-04","自主/空间/自由","Ideal range / fit","N3-04","当「计划性/可预测性」进入「同居/婚前」的「日常作息与生活管理」，遇到「工作时间突变」时，对重视「自主/空间/自由」的人意味着什么？","generated_by_constrained_mapping","unreviewed"
"CC-01755","PF-F08","计划性/可预测性","SC-S2-01","日常作息与生活管理","SC-S1-04","同居/婚前","SC-S3-01","工作时间突变","NF-N1-02","陪伴/连接/归属","Ideal range / conditional","N3-01/N3-05","当「计划性/可预测性」进入「同居/婚前」的「日常作息与生活管理」，遇到「工作时间突变」时，对重视「陪伴/连接/归属」的人意味着什么？","generated_by_constrained_mapping","unreviewed"
"CC-01756","PF-F08","计划性/可预测性","SC-S2-01","日常作息与生活管理","SC-S1-04","同居/婚前","SC-S3-10","反复小问题累积","NF-N1-05","安全/信任/可预测","Gate / conditional","N3-02/N3-06","当「计划性/可预测性」进入「同居/婚前」的「日常作息与生活管理」，遇到「反复小问题累积」时，对重视「安全/信任/可预测」的人意味着什么？","generated_by_constrained_mapping","unreviewed"
"CC-01757","PF-F08","计划性/可预测性","SC-S2-01","日常作息与生活管理","SC-S1-04","同居/婚前","SC-S3-10","反复小问题累积","NF-N1-04","自主/空间/自由","Ideal range / fit","N3-04","当「计划性/可预测性」进入「同居/婚前」的「日常作息与生活管理」，遇到「反复小问题累积」时，对重视「自主/空间/自由」的人意味着什么？","generated_by_constrained_mapping","unreviewed"
"CC-01758","PF-F08","计划性/可预测性","SC-S2-01","日常作息与生活管理","SC-S1-04","同居/婚前","SC-S3-10","反复小问题累积","NF-N1-02","陪伴/连接/归属","Ideal range / conditional","N3-01/N3-05","当「计划性/可预测性」进入「同居/婚前」的「日常作息与生活管理」，遇到「反复小问题累积」时，对重视「陪伴/连接/归属」的人意味着什么？","generated_by_constrained_mapping","unreviewed"
"CC-01759","PF-F08","计划性/可预测性","SC-S2-01","日常作息与生活管理","SC-S1-07","婴幼儿照护","SC-S3-01","工作时间突变","NF-N1-05","安全/信任/可预测","Gate / conditional","N3-02/N3-06","当「计划性/可预测性」进入「婴幼儿照护」的「日常作息与生活管理」，遇到「工作时间突变」时，对重视「安全/信任/可预测」的人意味着什么？","generated_by_constrained_mapping","unreviewed"
"CC-01760","PF-F08","计划性/可预测性","SC-S2-01","日常作息与生活管理","SC-S1-07","婴幼儿照护","SC-S3-01","工作时间突变","NF-N1-04","自主/空间/自由","Ideal range / fit","N3-04","当「计划性/可预测性」进入「婴幼儿照护」的「日常作息与生活管理」，遇到「工作时间突变」时，对重视「自主/空间/自由」的人意味着什么？","generated_by_constrained_mapping","unreviewed"
"CC-01761","PF-F08","计划性/可预测性","SC-S2-01","日常作息与生活管理","SC-S1-07","婴幼儿照护","SC-S3-01","工作时间突变","NF-N1-02","陪伴/连接/归属","Ideal range / conditional","N3-01/N3-05","当「计划性/可预测性」进入「婴幼儿照护」的「日常作息与生活管理」，遇到「工作时间突变」时，对重视「陪伴/连接/归属」的人意味着什么？","generated_by_constrained_mapping","unreviewed"
"CC-01762","PF-F08","计划性/可预测性","SC-S2-01","日常作息与生活管理","SC-S1-07","婴幼儿照护","SC-S3-10","反复小问题累积","NF-N1-05","安全/信任/可预测","Gate / conditional","N3-02/N3-06","当「计划性/可预测性」进入「婴幼儿照护」的「日常作息与生活管理」，遇到「反复小问题累积」时，对重视「安全/信任/可预测」的人意味着什么？","generated_by_constrained_mapping","unreviewed"
"CC-01763","PF-F08","计划性/可预测性","SC-S2-01","日常作息与生活管理","SC-S1-07","婴幼儿照护","SC-S3-10","反复小问题累积","NF-N1-04","自主/空间/自由","Ideal range / fit","N3-04","当「计划性/可预测性」进入「婴幼儿照护」的「日常作息与生活管理」，遇到「反复小问题累积」时，对重视「自主/空间/自由」的人意味着什么？","generated_by_constrained_mapping","unreviewed"
"CC-01764","PF-F08","计划性/可预测性","SC-S2-01","日常作息与生活管理","SC-S1-07","婴幼儿照护","SC-S3-10","反复小问题累积","NF-N1-02","陪伴/连接/归属","Ideal range / conditional","N3-01/N3-05","当「计划性/可预测性」进入「婴幼儿照护」的「日常作息与生活管理」，遇到「反复小问题累积」时，对重视「陪伴/连接/归属」的人意味着什么？","generated_by_constrained_mapping","unreviewed"
"CC-01765","PF-F08","计划性/可预测性","SC-S2-09","兴趣/休闲/旅行","SC-S1-01","认识/相亲","SC-S3-01","工作时间突变","NF-N1-05","安全/信任/可预测","Gate / conditional","N3-02/N3-06","当「计划性/可预测性」进入「认识/相亲」的「兴趣/休闲/旅行」，遇到「工作时间突变」时，对重视「安全/信任/可预测」的人意味着什么？","generated_by_constrained_mapping","unreviewed"
"CC-01766","PF-F08","计划性/可预测性","SC-S2-09","兴趣/休闲/旅行","SC-S1-01","认识/相亲","SC-S3-01","工作时间突变","NF-N1-04","自主/空间/自由","Ideal range / fit","N3-04","当「计划性/可预测性」进入「认识/相亲」的「兴趣/休闲/旅行」，遇到「工作时间突变」时，对重视「自主/空间/自由」的人意味着什么？","generated_by_constrained_mapping","unreviewed"
"CC-01767","PF-F08","计划性/可预测性","SC-S2-09","兴趣/休闲/旅行","SC-S1-01","认识/相亲","SC-S3-01","工作时间突变","NF-N1-02","陪伴/连接/归属","Ideal range / conditional","N3-01/N3-05","当「计划性/可预测性」进入「认识/相亲」的「兴趣/休闲/旅行」，遇到「工作时间突变」时，对重视「陪伴/连接/归属」的人意味着什么？","generated_by_constrained_mapping","unreviewed"
"CC-01768","PF-F08","计划性/可预测性","SC-S2-09","兴趣/休闲/旅行","SC-S1-01","认识/相亲","SC-S3-10","反复小问题累积","NF-N1-05","安全/信任/可预测","Gate / conditional","N3-02/N3-06","当「计划性/可预测性」进入「认识/相亲」的「兴趣/休闲/旅行」，遇到「反复小问题累积」时，对重视「安全/信任/可预测」的人意味着什么？","generated_by_constrained_mapping","unreviewed"
"CC-01769","PF-F08","计划性/可预测性","SC-S2-09","兴趣/休闲/旅行","SC-S1-01","认识/相亲","SC-S3-10","反复小问题累积","NF-N1-04","自主/空间/自由","Ideal range / fit","N3-04","当「计划性/可预测性」进入「认识/相亲」的「兴趣/休闲/旅行」，遇到「反复小问题累积」时，对重视「自主/空间/自由」的人意味着什么？","generated_by_constrained_mapping","unreviewed"
"CC-01770","PF-F08","计划性/可预测性","SC-S2-09","兴趣/休闲/旅行","SC-S1-01","认识/相亲","SC-S3-10","反复小问题累积","NF-N1-02","陪伴/连接/归属","Ideal range / conditional","N3-01/N3-05","当「计划性/可预测性」进入「认识/相亲」的「兴趣/休闲/旅行」，遇到「反复小问题累积」时，对重视「陪伴/连接/归属」的人意味着什么？","generated_by_constrained_mapping","unreviewed"
"CC-01771","PF-F08","计划性/可预测性","SC-S2-09","兴趣/休闲/旅行","SC-S1-03","稳定交往","SC-S3-01","工作时间突变","NF-N1-05","安全/信任/可预测","Gate / conditional","N3-02/N3-06","当「计划性/可预测性」进入「稳定交往」的「兴趣/休闲/旅行」，遇到「工作时间突变」时，对重视「安全/信任/可预测」的人意味着什么？","generated_by_constrained_mapping","unreviewed"
"CC-01772","PF-F08","计划性/可预测性","SC-S2-09","兴趣/休闲/旅行","SC-S1-03","稳定交往","SC-S3-01","工作时间突变","NF-N1-04","自主/空间/自由","Ideal range / fit","N3-04","当「计划性/可预测性」进入「稳定交往」的「兴趣/休闲/旅行」，遇到「工作时间突变」时，对重视「自主/空间/自由」的人意味着什么？","generated_by_constrained_mapping","unreviewed"
"CC-01773","PF-F08","计划性/可预测性","SC-S2-09","兴趣/休闲/旅行","SC-S1-03","稳定交往","SC-S3-01","工作时间突变","NF-N1-02","陪伴/连接/归属","Ideal range / conditional","N3-01/N3-05","当「计划性/可预测性」进入「稳定交往」的「兴趣/休闲/旅行」，遇到「工作时间突变」时，对重视「陪伴/连接/归属」的人意味着什么？","generated_by_constrained_mapping","unreviewed"
"CC-01774","PF-F08","计划性/可预测性","SC-S2-09","兴趣/休闲/旅行","SC-S1-03","稳定交往","SC-S3-10","反复小问题累积","NF-N1-05","安全/信任/可预测","Gate / conditional","N3-02/N3-06","当「计划性/可预测性」进入「稳定交往」的「兴趣/休闲/旅行」，遇到「反复小问题累积」时，对重视「安全/信任/可预测」的人意味着什么？","generated_by_constrained_mapping","unreviewed"
"CC-01775","PF-F08","计划性/可预测性","SC-S2-09","兴趣/休闲/旅行","SC-S1-03","稳定交往","SC-S3-10","反复小问题累积","NF-N1-04","自主/空间/自由","Ideal range / fit","N3-04","当「计划性/可预测性」进入「稳定交往」的「兴趣/休闲/旅行」，遇到「反复小问题累积」时，对重视「自主/空间/自由」的人意味着什么？","generated_by_constrained_mapping","unreviewed"
"CC-01776","PF-F08","计划性/可预测性","SC-S2-09","兴趣/休闲/旅行","SC-S1-03","稳定交往","SC-S3-10","反复小问题累积","NF-N1-02","陪伴/连接/归属","Ideal range / conditional","N3-01/N3-05","当「计划性/可预测性」进入「稳定交往」的「兴趣/休闲/旅行」，遇到「反复小问题累积」时，对重视「陪伴/连接/归属」的人意味着什么？","generated_by_constrained_mapping","unreviewed"
"CC-01777","PF-F08","计划性/可预测性","SC-S2-09","兴趣/休闲/旅行","SC-S1-07","婴幼儿照护","SC-S3-01","工作时间突变","NF-N1-05","安全/信任/可预测","Gate / conditional","N3-02/N3-06","当「计划性/可预测性」进入「婴幼儿照护」的「兴趣/休闲/旅行」，遇到「工作时间突变」时，对重视「安全/信任/可预测」的人意味着什么？","generated_by_constrained_mapping","unreviewed"
"CC-01778","PF-F08","计划性/可预测性","SC-S2-09","兴趣/休闲/旅行","SC-S1-07","婴幼儿照护","SC-S3-01","工作时间突变","NF-N1-04","自主/空间/自由","Ideal range / fit","N3-04","当「计划性/可预测性」进入「婴幼儿照护」的「兴趣/休闲/旅行」，遇到「工作时间突变」时，对重视「自主/空间/自由」的人意味着什么？","generated_by_constrained_mapping","unreviewed"
"CC-01779","PF-F08","计划性/可预测性","SC-S2-09","兴趣/休闲/旅行","SC-S1-07","婴幼儿照护","SC-S3-01","工作时间突变","NF-N1-02","陪伴/连接/归属","Ideal range / conditional","N3-01/N3-05","当「计划性/可预测性」进入「婴幼儿照护」的「兴趣/休闲/旅行」，遇到「工作时间突变」时，对重视「陪伴/连接/归属」的人意味着什么？","generated_by_constrained_mapping","unreviewed"
"CC-01780","PF-F08","计划性/可预测性","SC-S2-09","兴趣/休闲/旅行","SC-S1-07","婴幼儿照护","SC-S3-10","反复小问题累积","NF-N1-05","安全/信任/可预测","Gate / conditional","N3-02/N3-06","当「计划性/可预测性」进入「婴幼儿照护」的「兴趣/休闲/旅行」，遇到「反复小问题累积」时，对重视「安全/信任/可预测」的人意味着什么？","generated_by_constrained_mapping","unreviewed"
"CC-01781","PF-F08","计划性/可预测性","SC-S2-09","兴趣/休闲/旅行","SC-S1-07","婴幼儿照护","SC-S3-10","反复小问题累积","NF-N1-04","自主/空间/自由","Ideal range / fit","N3-04","当「计划性/可预测性」进入「婴幼儿照护」的「兴趣/休闲/旅行」，遇到「反复小问题累积」时，对重视「自主/空间/自由」的人意味着什么？","generated_by_constrained_mapping","unreviewed"
"CC-01782","PF-F08","计划性/可预测性","SC-S2-09","兴趣/休闲/旅行","SC-S1-07","婴幼儿照护","SC-S3-10","反复小问题累积","NF-N1-02","陪伴/连接/归属","Ideal range / conditional","N3-01/N3-05","当「计划性/可预测性」进入「婴幼儿照护」的「兴趣/休闲/旅行」，遇到「反复小问题累积」时，对重视「陪伴/连接/归属」的人意味着什么？","generated_by_constrained_mapping","unreviewed"
"CC-01783","PF-F08","计划性/可预测性","SC-S2-02","工作/事业/学习","SC-S1-02","恋爱/磨合","SC-S3-01","工作时间突变","NF-N1-05","安全/信任/可预测","Gate / conditional","N3-02/N3-06","当「计划性/可预测性」进入「恋爱/磨合」的「工作/事业/学习」，遇到「工作时间突变」时，对重视「安全/信任/可预测」的人意味着什么？","generated_by_constrained_mapping","unreviewed"
"CC-01784","PF-F08","计划性/可预测性","SC-S2-02","工作/事业/学习","SC-S1-02","恋爱/磨合","SC-S3-01","工作时间突变","NF-N1-04","自主/空间/自由","Ideal range / fit","N3-04","当「计划性/可预测性」进入「恋爱/磨合」的「工作/事业/学习」，遇到「工作时间突变」时，对重视「自主/空间/自由」的人意味着什么？","generated_by_constrained_mapping","unreviewed"
"CC-01785","PF-F08","计划性/可预测性","SC-S2-02","工作/事业/学习","SC-S1-02","恋爱/磨合","SC-S3-01","工作时间突变","NF-N1-02","陪伴/连接/归属","Ideal range / conditional","N3-01/N3-05","当「计划性/可预测性」进入「恋爱/磨合」的「工作/事业/学习」，遇到「工作时间突变」时，对重视「陪伴/连接/归属」的人意味着什么？","generated_by_constrained_mapping","unreviewed"
"CC-01786","PF-F08","计划性/可预测性","SC-S2-02","工作/事业/学习","SC-S1-02","恋爱/磨合","SC-S3-02","事业机会/职业转折","NF-N1-05","安全/信任/可预测","Gate / conditional","N3-02/N3-06","当「计划性/可预测性」进入「恋爱/磨合」的「工作/事业/学习」，遇到「事业机会/职业转折」时，对重视「安全/信任/可预测」的人意味着什么？","generated_by_constrained_mapping","unreviewed"
"CC-01787","PF-F08","计划性/可预测性","SC-S2-02","工作/事业/学习","SC-S1-02","恋爱/磨合","SC-S3-02","事业机会/职业转折","NF-N1-04","自主/空间/自由","Ideal range / fit","N3-04","当「计划性/可预测性」进入「恋爱/磨合」的「工作/事业/学习」，遇到「事业机会/职业转折」时，对重视「自主/空间/自由」的人意味着什么？","generated_by_constrained_mapping","unreviewed"
"CC-01788","PF-F08","计划性/可预测性","SC-S2-02","工作/事业/学习","SC-S1-02","恋爱/磨合","SC-S3-02","事业机会/职业转折","NF-N1-02","陪伴/连接/归属","Ideal range / conditional","N3-01/N3-05","当「计划性/可预测性」进入「恋爱/磨合」的「工作/事业/学习」，遇到「事业机会/职业转折」时，对重视「陪伴/连接/归属」的人意味着什么？","generated_by_constrained_mapping","unreviewed"
"CC-01789","PF-F08","计划性/可预测性","SC-S2-02","工作/事业/学习","SC-S1-05","结婚/建立家庭","SC-S3-01","工作时间突变","NF-N1-05","安全/信任/可预测","Gate / conditional","N3-02/N3-06","当「计划性/可预测性」进入「结婚/建立家庭」的「工作/事业/学习」，遇到「工作时间突变」时，对重视「安全/信任/可预测」的人意味着什么？","generated_by_constrained_mapping","unreviewed"
"CC-01790","PF-F08","计划性/可预测性","SC-S2-02","工作/事业/学习","SC-S1-05","结婚/建立家庭","SC-S3-01","工作时间突变","NF-N1-04","自主/空间/自由","Ideal range / fit","N3-04","当「计划性/可预测性」进入「结婚/建立家庭」的「工作/事业/学习」，遇到「工作时间突变」时，对重视「自主/空间/自由」的人意味着什么？","generated_by_constrained_mapping","unreviewed"
"CC-01791","PF-F08","计划性/可预测性","SC-S2-02","工作/事业/学习","SC-S1-05","结婚/建立家庭","SC-S3-01","工作时间突变","NF-N1-02","陪伴/连接/归属","Ideal range / conditional","N3-01/N3-05","当「计划性/可预测性」进入「结婚/建立家庭」的「工作/事业/学习」，遇到「工作时间突变」时，对重视「陪伴/连接/归属」的人意味着什么？","generated_by_constrained_mapping","unreviewed"
"CC-01792","PF-F08","计划性/可预测性","SC-S2-02","工作/事业/学习","SC-S1-05","结婚/建立家庭","SC-S3-02","事业机会/职业转折","NF-N1-05","安全/信任/可预测","Gate / conditional","N3-02/N3-06","当「计划性/可预测性」进入「结婚/建立家庭」的「工作/事业/学习」，遇到「事业机会/职业转折」时，对重视「安全/信任/可预测」的人意味着什么？","generated_by_constrained_mapping","unreviewed"
"CC-01793","PF-F08","计划性/可预测性","SC-S2-02","工作/事业/学习","SC-S1-05","结婚/建立家庭","SC-S3-02","事业机会/职业转折","NF-N1-04","自主/空间/自由","Ideal range / fit","N3-04","当「计划性/可预测性」进入「结婚/建立家庭」的「工作/事业/学习」，遇到「事业机会/职业转折」时，对重视「自主/空间/自由」的人意味着什么？","generated_by_constrained_mapping","unreviewed"
"CC-01794","PF-F08","计划性/可预测性","SC-S2-02","工作/事业/学习","SC-S1-05","结婚/建立家庭","SC-S3-02","事业机会/职业转折","NF-N1-02","陪伴/连接/归属","Ideal range / conditional","N3-01/N3-05","当「计划性/可预测性」进入「结婚/建立家庭」的「工作/事业/学习」，遇到「事业机会/职业转折」时，对重视「陪伴/连接/归属」的人意味着什么？","generated_by_constrained_mapping","unreviewed"
"CC-01795","PF-F08","计划性/可预测性","SC-S2-02","工作/事业/学习","SC-S1-09","中年多重责任","SC-S3-01","工作时间突变","NF-N1-05","安全/信任/可预测","Gate / conditional","N3-02/N3-06","当「计划性/可预测性」进入「中年多重责任」的「工作/事业/学习」，遇到「工作时间突变」时，对重视「安全/信任/可预测」的人意味着什么？","generated_by_constrained_mapping","unreviewed"
"CC-01796","PF-F08","计划性/可预测性","SC-S2-02","工作/事业/学习","SC-S1-09","中年多重责任","SC-S3-01","工作时间突变","NF-N1-04","自主/空间/自由","Ideal range / fit","N3-04","当「计划性/可预测性」进入「中年多重责任」的「工作/事业/学习」，遇到「工作时间突变」时，对重视「自主/空间/自由」的人意味着什么？","generated_by_constrained_mapping","unreviewed"
"CC-01797","PF-F08","计划性/可预测性","SC-S2-02","工作/事业/学习","SC-S1-09","中年多重责任","SC-S3-01","工作时间突变","NF-N1-02","陪伴/连接/归属","Ideal range / conditional","N3-01/N3-05","当「计划性/可预测性」进入「中年多重责任」的「工作/事业/学习」，遇到「工作时间突变」时，对重视「陪伴/连接/归属」的人意味着什么？","generated_by_constrained_mapping","unreviewed"
"CC-01798","PF-F08","计划性/可预测性","SC-S2-02","工作/事业/学习","SC-S1-09","中年多重责任","SC-S3-02","事业机会/职业转折","NF-N1-05","安全/信任/可预测","Gate / conditional","N3-02/N3-06","当「计划性/可预测性」进入「中年多重责任」的「工作/事业/学习」，遇到「事业机会/职业转折」时，对重视「安全/信任/可预测」的人意味着什么？","generated_by_constrained_mapping","unreviewed"
"CC-01799","PF-F08","计划性/可预测性","SC-S2-02","工作/事业/学习","SC-S1-09","中年多重责任","SC-S3-02","事业机会/职业转折","NF-N1-04","自主/空间/自由","Ideal range / fit","N3-04","当「计划性/可预测性」进入「中年多重责任」的「工作/事业/学习」，遇到「事业机会/职业转折」时，对重视「自主/空间/自由」的人意味着什么？","generated_by_constrained_mapping","unreviewed"
"CC-01800","PF-F08","计划性/可预测性","SC-S2-02","工作/事业/学习","SC-S1-09","中年多重责任","SC-S3-02","事业机会/职业转折","NF-N1-02","陪伴/连接/归属","Ideal range / conditional","N3-01/N3-05","当「计划性/可预测性」进入「中年多重责任」的「工作/事业/学习」，遇到「事业机会/职业转折」时，对重视「陪伴/连接/归属」的人意味着什么？","generated_by_constrained_mapping","unreviewed"
"CC-01801","PF-F09","家庭资源投入","SC-S2-05","家务/家庭劳动","SC-S1-04","同居/婚前","SC-S3-06","生育/育儿转折","NF-N1-11","家庭投入/家庭边界","Fit / conditional","N3-03/N3-04","当「家庭资源投入」进入「同居/婚前」的「家务/家庭劳动」，遇到「生育/育儿转折」时，对重视「家庭投入/家庭边界」的人意味着什么？","generated_by_constrained_mapping","unreviewed"
"CC-01802","PF-F09","家庭资源投入","SC-S2-05","家务/家庭劳动","SC-S1-04","同居/婚前","SC-S3-06","生育/育儿转折","NF-N1-07","公平/可靠/合作","Conditional / gate","N3-02/N3-03","当「家庭资源投入」进入「同居/婚前」的「家务/家庭劳动」，遇到「生育/育儿转折」时，对重视「公平/可靠/合作」的人意味着什么？","generated_by_constrained_mapping","unreviewed"
"CC-01803","PF-F09","家庭资源投入","SC-S2-05","家务/家庭劳动","SC-S1-04","同居/婚前","SC-S3-06","生育/育儿转折","NF-N1-02","陪伴/连接/归属","Ideal range / conditional","N3-01/N3-05","当「家庭资源投入」进入「同居/婚前」的「家务/家庭劳动」，遇到「生育/育儿转折」时，对重视「陪伴/连接/归属」的人意味着什么？","generated_by_constrained_mapping","unreviewed"
"CC-01804","PF-F09","家庭资源投入","SC-S2-05","家务/家庭劳动","SC-S1-04","同居/婚前","SC-S3-10","反复小问题累积","NF-N1-11","家庭投入/家庭边界","Fit / conditional","N3-03/N3-04","当「家庭资源投入」进入「同居/婚前」的「家务/家庭劳动」，遇到「反复小问题累积」时，对重视「家庭投入/家庭边界」的人意味着什么？","generated_by_constrained_mapping","unreviewed"
"CC-01805","PF-F09","家庭资源投入","SC-S2-05","家务/家庭劳动","SC-S1-04","同居/婚前","SC-S3-10","反复小问题累积","NF-N1-07","公平/可靠/合作","Conditional / gate","N3-02/N3-03","当「家庭资源投入」进入「同居/婚前」的「家务/家庭劳动」，遇到「反复小问题累积」时，对重视「公平/可靠/合作」的人意味着什么？","generated_by_constrained_mapping","unreviewed"
"CC-01806","PF-F09","家庭资源投入","SC-S2-05","家务/家庭劳动","SC-S1-04","同居/婚前","SC-S3-10","反复小问题累积","NF-N1-02","陪伴/连接/归属","Ideal range / conditional","N3-01/N3-05","当「家庭资源投入」进入「同居/婚前」的「家务/家庭劳动」，遇到「反复小问题累积」时，对重视「陪伴/连接/归属」的人意味着什么？","generated_by_constrained_mapping","unreviewed"
"CC-01807","PF-F09","家庭资源投入","SC-S2-05","家务/家庭劳动","SC-S1-07","婴幼儿照护","SC-S3-06","生育/育儿转折","NF-N1-11","家庭投入/家庭边界","Fit / conditional","N3-03/N3-04","当「家庭资源投入」进入「婴幼儿照护」的「家务/家庭劳动」，遇到「生育/育儿转折」时，对重视「家庭投入/家庭边界」的人意味着什么？","generated_by_constrained_mapping","unreviewed"
"CC-01808","PF-F09","家庭资源投入","SC-S2-05","家务/家庭劳动","SC-S1-07","婴幼儿照护","SC-S3-06","生育/育儿转折","NF-N1-07","公平/可靠/合作","Conditional / gate","N3-02/N3-03","当「家庭资源投入」进入「婴幼儿照护」的「家务/家庭劳动」，遇到「生育/育儿转折」时，对重视「公平/可靠/合作」的人意味着什么？","generated_by_constrained_mapping","unreviewed"
"CC-01809","PF-F09","家庭资源投入","SC-S2-05","家务/家庭劳动","SC-S1-07","婴幼儿照护","SC-S3-06","生育/育儿转折","NF-N1-02","陪伴/连接/归属","Ideal range / conditional","N3-01/N3-05","当「家庭资源投入」进入「婴幼儿照护」的「家务/家庭劳动」，遇到「生育/育儿转折」时，对重视「陪伴/连接/归属」的人意味着什么？","generated_by_constrained_mapping","unreviewed"
"CC-01810","PF-F09","家庭资源投入","SC-S2-05","家务/家庭劳动","SC-S1-07","婴幼儿照护","SC-S3-10","反复小问题累积","NF-N1-11","家庭投入/家庭边界","Fit / conditional","N3-03/N3-04","当「家庭资源投入」进入「婴幼儿照护」的「家务/家庭劳动」，遇到「反复小问题累积」时，对重视「家庭投入/家庭边界」的人意味着什么？","generated_by_constrained_mapping","unreviewed"
"CC-01811","PF-F09","家庭资源投入","SC-S2-05","家务/家庭劳动","SC-S1-07","婴幼儿照护","SC-S3-10","反复小问题累积","NF-N1-07","公平/可靠/合作","Conditional / gate","N3-02/N3-03","当「家庭资源投入」进入「婴幼儿照护」的「家务/家庭劳动」，遇到「反复小问题累积」时，对重视「公平/可靠/合作」的人意味着什么？","generated_by_constrained_mapping","unreviewed"
"CC-01812","PF-F09","家庭资源投入","SC-S2-05","家务/家庭劳动","SC-S1-07","婴幼儿照护","SC-S3-10","反复小问题累积","NF-N1-02","陪伴/连接/归属","Ideal range / conditional","N3-01/N3-05","当「家庭资源投入」进入「婴幼儿照护」的「家务/家庭劳动」，遇到「反复小问题累积」时，对重视「陪伴/连接/归属」的人意味着什么？","generated_by_constrained_mapping","unreviewed"
"CC-01813","PF-F09","家庭资源投入","SC-S2-05","家务/家庭劳动","SC-S1-09","中年多重责任","SC-S3-06","生育/育儿转折","NF-N1-11","家庭投入/家庭边界","Fit / conditional","N3-03/N3-04","当「家庭资源投入」进入「中年多重责任」的「家务/家庭劳动」，遇到「生育/育儿转折」时，对重视「家庭投入/家庭边界」的人意味着什么？","generated_by_constrained_mapping","unreviewed"
"CC-01814","PF-F09","家庭资源投入","SC-S2-05","家务/家庭劳动","SC-S1-09","中年多重责任","SC-S3-06","生育/育儿转折","NF-N1-07","公平/可靠/合作","Conditional / gate","N3-02/N3-03","当「家庭资源投入」进入「中年多重责任」的「家务/家庭劳动」，遇到「生育/育儿转折」时，对重视「公平/可靠/合作」的人意味着什么？","generated_by_constrained_mapping","unreviewed"
"CC-01815","PF-F09","家庭资源投入","SC-S2-05","家务/家庭劳动","SC-S1-09","中年多重责任","SC-S3-06","生育/育儿转折","NF-N1-02","陪伴/连接/归属","Ideal range / conditional","N3-01/N3-05","当「家庭资源投入」进入「中年多重责任」的「家务/家庭劳动」，遇到「生育/育儿转折」时，对重视「陪伴/连接/归属」的人意味着什么？","generated_by_constrained_mapping","unreviewed"
"CC-01816","PF-F09","家庭资源投入","SC-S2-05","家务/家庭劳动","SC-S1-09","中年多重责任","SC-S3-10","反复小问题累积","NF-N1-11","家庭投入/家庭边界","Fit / conditional","N3-03/N3-04","当「家庭资源投入」进入「中年多重责任」的「家务/家庭劳动」，遇到「反复小问题累积」时，对重视「家庭投入/家庭边界」的人意味着什么？","generated_by_constrained_mapping","unreviewed"
"CC-01817","PF-F09","家庭资源投入","SC-S2-05","家务/家庭劳动","SC-S1-09","中年多重责任","SC-S3-10","反复小问题累积","NF-N1-07","公平/可靠/合作","Conditional / gate","N3-02/N3-03","当「家庭资源投入」进入「中年多重责任」的「家务/家庭劳动」，遇到「反复小问题累积」时，对重视「公平/可靠/合作」的人意味着什么？","generated_by_constrained_mapping","unreviewed"
"CC-01818","PF-F09","家庭资源投入","SC-S2-05","家务/家庭劳动","SC-S1-09","中年多重责任","SC-S3-10","反复小问题累积","NF-N1-02","陪伴/连接/归属","Ideal range / conditional","N3-01/N3-05","当「家庭资源投入」进入「中年多重责任」的「家务/家庭劳动」，遇到「反复小问题累积」时，对重视「陪伴/连接/归属」的人意味着什么？","generated_by_constrained_mapping","unreviewed"
"CC-01819","PF-F09","家庭资源投入","SC-S2-06","孩子/生育/教育","SC-S1-05","结婚/建立家庭","SC-S3-06","生育/育儿转折","NF-N1-11","家庭投入/家庭边界","Fit / conditional","N3-03/N3-04","当「家庭资源投入」进入「结婚/建立家庭」的「孩子/生育/教育」，遇到「生育/育儿转折」时，对重视「家庭投入/家庭边界」的人意味着什么？","generated_by_constrained_mapping","unreviewed"
"CC-01820","PF-F09","家庭资源投入","SC-S2-06","孩子/生育/教育","SC-S1-05","结婚/建立家庭","SC-S3-06","生育/育儿转折","NF-N1-07","公平/可靠/合作","Conditional / gate","N3-02/N3-03","当「家庭资源投入」进入「结婚/建立家庭」的「孩子/生育/教育」，遇到「生育/育儿转折」时，对重视「公平/可靠/合作」的人意味着什么？","generated_by_constrained_mapping","unreviewed"
"CC-01821","PF-F09","家庭资源投入","SC-S2-06","孩子/生育/教育","SC-S1-05","结婚/建立家庭","SC-S3-06","生育/育儿转折","NF-N1-02","陪伴/连接/归属","Ideal range / conditional","N3-01/N3-05","当「家庭资源投入」进入「结婚/建立家庭」的「孩子/生育/教育」，遇到「生育/育儿转折」时，对重视「陪伴/连接/归属」的人意味着什么？","generated_by_constrained_mapping","unreviewed"
"CC-01822","PF-F09","家庭资源投入","SC-S2-06","孩子/生育/教育","SC-S1-05","结婚/建立家庭","SC-S3-01","工作时间突变","NF-N1-11","家庭投入/家庭边界","Fit / conditional","N3-03/N3-04","当「家庭资源投入」进入「结婚/建立家庭」的「孩子/生育/教育」，遇到「工作时间突变」时，对重视「家庭投入/家庭边界」的人意味着什么？","generated_by_constrained_mapping","unreviewed"
"CC-01823","PF-F09","家庭资源投入","SC-S2-06","孩子/生育/教育","SC-S1-05","结婚/建立家庭","SC-S3-01","工作时间突变","NF-N1-07","公平/可靠/合作","Conditional / gate","N3-02/N3-03","当「家庭资源投入」进入「结婚/建立家庭」的「孩子/生育/教育」，遇到「工作时间突变」时，对重视「公平/可靠/合作」的人意味着什么？","generated_by_constrained_mapping","unreviewed"
"CC-01824","PF-F09","家庭资源投入","SC-S2-06","孩子/生育/教育","SC-S1-05","结婚/建立家庭","SC-S3-01","工作时间突变","NF-N1-02","陪伴/连接/归属","Ideal range / conditional","N3-01/N3-05","当「家庭资源投入」进入「结婚/建立家庭」的「孩子/生育/教育」，遇到「工作时间突变」时，对重视「陪伴/连接/归属」的人意味着什么？","generated_by_constrained_mapping","unreviewed"
"CC-01825","PF-F09","家庭资源投入","SC-S2-06","孩子/生育/教育","SC-S1-07","婴幼儿照护","SC-S3-06","生育/育儿转折","NF-N1-11","家庭投入/家庭边界","Fit / conditional","N3-03/N3-04","当「家庭资源投入」进入「婴幼儿照护」的「孩子/生育/教育」，遇到「生育/育儿转折」时，对重视「家庭投入/家庭边界」的人意味着什么？","generated_by_constrained_mapping","unreviewed"
"CC-01826","PF-F09","家庭资源投入","SC-S2-06","孩子/生育/教育","SC-S1-07","婴幼儿照护","SC-S3-06","生育/育儿转折","NF-N1-07","公平/可靠/合作","Conditional / gate","N3-02/N3-03","当「家庭资源投入」进入「婴幼儿照护」的「孩子/生育/教育」，遇到「生育/育儿转折」时，对重视「公平/可靠/合作」的人意味着什么？","generated_by_constrained_mapping","unreviewed"
"CC-01827","PF-F09","家庭资源投入","SC-S2-06","孩子/生育/教育","SC-S1-07","婴幼儿照护","SC-S3-06","生育/育儿转折","NF-N1-02","陪伴/连接/归属","Ideal range / conditional","N3-01/N3-05","当「家庭资源投入」进入「婴幼儿照护」的「孩子/生育/教育」，遇到「生育/育儿转折」时，对重视「陪伴/连接/归属」的人意味着什么？","generated_by_constrained_mapping","unreviewed"
"CC-01828","PF-F09","家庭资源投入","SC-S2-06","孩子/生育/教育","SC-S1-07","婴幼儿照护","SC-S3-01","工作时间突变","NF-N1-11","家庭投入/家庭边界","Fit / conditional","N3-03/N3-04","当「家庭资源投入」进入「婴幼儿照护」的「孩子/生育/教育」，遇到「工作时间突变」时，对重视「家庭投入/家庭边界」的人意味着什么？","generated_by_constrained_mapping","unreviewed"
"CC-01829","PF-F09","家庭资源投入","SC-S2-06","孩子/生育/教育","SC-S1-07","婴幼儿照护","SC-S3-01","工作时间突变","NF-N1-07","公平/可靠/合作","Conditional / gate","N3-02/N3-03","当「家庭资源投入」进入「婴幼儿照护」的「孩子/生育/教育」，遇到「工作时间突变」时，对重视「公平/可靠/合作」的人意味着什么？","generated_by_constrained_mapping","unreviewed"
"CC-01830","PF-F09","家庭资源投入","SC-S2-06","孩子/生育/教育","SC-S1-07","婴幼儿照护","SC-S3-01","工作时间突变","NF-N1-02","陪伴/连接/归属","Ideal range / conditional","N3-01/N3-05","当「家庭资源投入」进入「婴幼儿照护」的「孩子/生育/教育」，遇到「工作时间突变」时，对重视「陪伴/连接/归属」的人意味着什么？","generated_by_constrained_mapping","unreviewed"
"CC-01831","PF-F09","家庭资源投入","SC-S2-06","孩子/生育/教育","SC-S1-08","孩子成长/教育","SC-S3-06","生育/育儿转折","NF-N1-11","家庭投入/家庭边界","Fit / conditional","N3-03/N3-04","当「家庭资源投入」进入「孩子成长/教育」的「孩子/生育/教育」，遇到「生育/育儿转折」时，对重视「家庭投入/家庭边界」的人意味着什么？","generated_by_constrained_mapping","unreviewed"
"CC-01832","PF-F09","家庭资源投入","SC-S2-06","孩子/生育/教育","SC-S1-08","孩子成长/教育","SC-S3-06","生育/育儿转折","NF-N1-07","公平/可靠/合作","Conditional / gate","N3-02/N3-03","当「家庭资源投入」进入「孩子成长/教育」的「孩子/生育/教育」，遇到「生育/育儿转折」时，对重视「公平/可靠/合作」的人意味着什么？","generated_by_constrained_mapping","unreviewed"
"CC-01833","PF-F09","家庭资源投入","SC-S2-06","孩子/生育/教育","SC-S1-08","孩子成长/教育","SC-S3-06","生育/育儿转折","NF-N1-02","陪伴/连接/归属","Ideal range / conditional","N3-01/N3-05","当「家庭资源投入」进入「孩子成长/教育」的「孩子/生育/教育」，遇到「生育/育儿转折」时，对重视「陪伴/连接/归属」的人意味着什么？","generated_by_constrained_mapping","unreviewed"
"CC-01834","PF-F09","家庭资源投入","SC-S2-06","孩子/生育/教育","SC-S1-08","孩子成长/教育","SC-S3-01","工作时间突变","NF-N1-11","家庭投入/家庭边界","Fit / conditional","N3-03/N3-04","当「家庭资源投入」进入「孩子成长/教育」的「孩子/生育/教育」，遇到「工作时间突变」时，对重视「家庭投入/家庭边界」的人意味着什么？","generated_by_constrained_mapping","unreviewed"
"CC-01835","PF-F09","家庭资源投入","SC-S2-06","孩子/生育/教育","SC-S1-08","孩子成长/教育","SC-S3-01","工作时间突变","NF-N1-07","公平/可靠/合作","Conditional / gate","N3-02/N3-03","当「家庭资源投入」进入「孩子成长/教育」的「孩子/生育/教育」，遇到「工作时间突变」时，对重视「公平/可靠/合作」的人意味着什么？","generated_by_constrained_mapping","unreviewed"
"CC-01836","PF-F09","家庭资源投入","SC-S2-06","孩子/生育/教育","SC-S1-08","孩子成长/教育","SC-S3-01","工作时间突变","NF-N1-02","陪伴/连接/归属","Ideal range / conditional","N3-01/N3-05","当「家庭资源投入」进入「孩子成长/教育」的「孩子/生育/教育」，遇到「工作时间突变」时，对重视「陪伴/连接/归属」的人意味着什么？","generated_by_constrained_mapping","unreviewed"
"CC-01837","PF-F09","家庭资源投入","SC-S2-07","双方父母/原生家庭","SC-S1-05","结婚/建立家庭","SC-S3-07","父母责任变化","NF-N1-11","家庭投入/家庭边界","Fit / conditional","N3-03/N3-04","当「家庭资源投入」进入「结婚/建立家庭」的「双方父母/原生家庭」，遇到「父母责任变化」时，对重视「家庭投入/家庭边界」的人意味着什么？","generated_by_constrained_mapping","unreviewed"
"CC-01838","PF-F09","家庭资源投入","SC-S2-07","双方父母/原生家庭","SC-S1-05","结婚/建立家庭","SC-S3-07","父母责任变化","NF-N1-07","公平/可靠/合作","Conditional / gate","N3-02/N3-03","当「家庭资源投入」进入「结婚/建立家庭」的「双方父母/原生家庭」，遇到「父母责任变化」时，对重视「公平/可靠/合作」的人意味着什么？","generated_by_constrained_mapping","unreviewed"
"CC-01839","PF-F09","家庭资源投入","SC-S2-07","双方父母/原生家庭","SC-S1-05","结婚/建立家庭","SC-S3-07","父母责任变化","NF-N1-02","陪伴/连接/归属","Ideal range / conditional","N3-01/N3-05","当「家庭资源投入」进入「结婚/建立家庭」的「双方父母/原生家庭」，遇到「父母责任变化」时，对重视「陪伴/连接/归属」的人意味着什么？","generated_by_constrained_mapping","unreviewed"
"CC-01840","PF-F09","家庭资源投入","SC-S2-07","双方父母/原生家庭","SC-S1-05","结婚/建立家庭","SC-S3-05","居住/迁移变化","NF-N1-11","家庭投入/家庭边界","Fit / conditional","N3-03/N3-04","当「家庭资源投入」进入「结婚/建立家庭」的「双方父母/原生家庭」，遇到「居住/迁移变化」时，对重视「家庭投入/家庭边界」的人意味着什么？","generated_by_constrained_mapping","unreviewed"
"CC-01841","PF-F09","家庭资源投入","SC-S2-07","双方父母/原生家庭","SC-S1-05","结婚/建立家庭","SC-S3-05","居住/迁移变化","NF-N1-07","公平/可靠/合作","Conditional / gate","N3-02/N3-03","当「家庭资源投入」进入「结婚/建立家庭」的「双方父母/原生家庭」，遇到「居住/迁移变化」时，对重视「公平/可靠/合作」的人意味着什么？","generated_by_constrained_mapping","unreviewed"
"CC-01842","PF-F09","家庭资源投入","SC-S2-07","双方父母/原生家庭","SC-S1-05","结婚/建立家庭","SC-S3-05","居住/迁移变化","NF-N1-02","陪伴/连接/归属","Ideal range / conditional","N3-01/N3-05","当「家庭资源投入」进入「结婚/建立家庭」的「双方父母/原生家庭」，遇到「居住/迁移变化」时，对重视「陪伴/连接/归属」的人意味着什么？","generated_by_constrained_mapping","unreviewed"
"CC-01843","PF-F09","家庭资源投入","SC-S2-07","双方父母/原生家庭","SC-S1-07","婴幼儿照护","SC-S3-07","父母责任变化","NF-N1-11","家庭投入/家庭边界","Fit / conditional","N3-03/N3-04","当「家庭资源投入」进入「婴幼儿照护」的「双方父母/原生家庭」，遇到「父母责任变化」时，对重视「家庭投入/家庭边界」的人意味着什么？","generated_by_constrained_mapping","unreviewed"
"CC-01844","PF-F09","家庭资源投入","SC-S2-07","双方父母/原生家庭","SC-S1-07","婴幼儿照护","SC-S3-07","父母责任变化","NF-N1-07","公平/可靠/合作","Conditional / gate","N3-02/N3-03","当「家庭资源投入」进入「婴幼儿照护」的「双方父母/原生家庭」，遇到「父母责任变化」时，对重视「公平/可靠/合作」的人意味着什么？","generated_by_constrained_mapping","unreviewed"
"CC-01845","PF-F09","家庭资源投入","SC-S2-07","双方父母/原生家庭","SC-S1-07","婴幼儿照护","SC-S3-07","父母责任变化","NF-N1-02","陪伴/连接/归属","Ideal range / conditional","N3-01/N3-05","当「家庭资源投入」进入「婴幼儿照护」的「双方父母/原生家庭」，遇到「父母责任变化」时，对重视「陪伴/连接/归属」的人意味着什么？","generated_by_constrained_mapping","unreviewed"
"CC-01846","PF-F09","家庭资源投入","SC-S2-07","双方父母/原生家庭","SC-S1-07","婴幼儿照护","SC-S3-05","居住/迁移变化","NF-N1-11","家庭投入/家庭边界","Fit / conditional","N3-03/N3-04","当「家庭资源投入」进入「婴幼儿照护」的「双方父母/原生家庭」，遇到「居住/迁移变化」时，对重视「家庭投入/家庭边界」的人意味着什么？","generated_by_constrained_mapping","unreviewed"
"CC-01847","PF-F09","家庭资源投入","SC-S2-07","双方父母/原生家庭","SC-S1-07","婴幼儿照护","SC-S3-05","居住/迁移变化","NF-N1-07","公平/可靠/合作","Conditional / gate","N3-02/N3-03","当「家庭资源投入」进入「婴幼儿照护」的「双方父母/原生家庭」，遇到「居住/迁移变化」时，对重视「公平/可靠/合作」的人意味着什么？","generated_by_constrained_mapping","unreviewed"
"CC-01848","PF-F09","家庭资源投入","SC-S2-07","双方父母/原生家庭","SC-S1-07","婴幼儿照护","SC-S3-05","居住/迁移变化","NF-N1-02","陪伴/连接/归属","Ideal range / conditional","N3-01/N3-05","当「家庭资源投入」进入「婴幼儿照护」的「双方父母/原生家庭」，遇到「居住/迁移变化」时，对重视「陪伴/连接/归属」的人意味着什么？","generated_by_constrained_mapping","unreviewed"
"CC-01849","PF-F09","家庭资源投入","SC-S2-07","双方父母/原生家庭","SC-S1-09","中年多重责任","SC-S3-07","父母责任变化","NF-N1-11","家庭投入/家庭边界","Fit / conditional","N3-03/N3-04","当「家庭资源投入」进入「中年多重责任」的「双方父母/原生家庭」，遇到「父母责任变化」时，对重视「家庭投入/家庭边界」的人意味着什么？","generated_by_constrained_mapping","unreviewed"
"CC-01850","PF-F09","家庭资源投入","SC-S2-07","双方父母/原生家庭","SC-S1-09","中年多重责任","SC-S3-07","父母责任变化","NF-N1-07","公平/可靠/合作","Conditional / gate","N3-02/N3-03","当「家庭资源投入」进入「中年多重责任」的「双方父母/原生家庭」，遇到「父母责任变化」时，对重视「公平/可靠/合作」的人意味着什么？","generated_by_constrained_mapping","unreviewed"
"CC-01851","PF-F09","家庭资源投入","SC-S2-07","双方父母/原生家庭","SC-S1-09","中年多重责任","SC-S3-07","父母责任变化","NF-N1-02","陪伴/连接/归属","Ideal range / conditional","N3-01/N3-05","当「家庭资源投入」进入「中年多重责任」的「双方父母/原生家庭」，遇到「父母责任变化」时，对重视「陪伴/连接/归属」的人意味着什么？","generated_by_constrained_mapping","unreviewed"
"CC-01852","PF-F09","家庭资源投入","SC-S2-07","双方父母/原生家庭","SC-S1-09","中年多重责任","SC-S3-05","居住/迁移变化","NF-N1-11","家庭投入/家庭边界","Fit / conditional","N3-03/N3-04","当「家庭资源投入」进入「中年多重责任」的「双方父母/原生家庭」，遇到「居住/迁移变化」时，对重视「家庭投入/家庭边界」的人意味着什么？","generated_by_constrained_mapping","unreviewed"
"CC-01853","PF-F09","家庭资源投入","SC-S2-07","双方父母/原生家庭","SC-S1-09","中年多重责任","SC-S3-05","居住/迁移变化","NF-N1-07","公平/可靠/合作","Conditional / gate","N3-02/N3-03","当「家庭资源投入」进入「中年多重责任」的「双方父母/原生家庭」，遇到「居住/迁移变化」时，对重视「公平/可靠/合作」的人意味着什么？","generated_by_constrained_mapping","unreviewed"
"CC-01854","PF-F09","家庭资源投入","SC-S2-07","双方父母/原生家庭","SC-S1-09","中年多重责任","SC-S3-05","居住/迁移变化","NF-N1-02","陪伴/连接/归属","Ideal range / conditional","N3-01/N3-05","当「家庭资源投入」进入「中年多重责任」的「双方父母/原生家庭」，遇到「居住/迁移变化」时，对重视「陪伴/连接/归属」的人意味着什么？","generated_by_constrained_mapping","unreviewed"
"CC-01855","PF-G01","回应性","SC-S2-01","日常作息与生活管理","SC-S1-02","恋爱/磨合","SC-S3-01","工作时间突变","NF-N1-03","被理解/被回应/被关心","Gate or conditional","N3-01","当「回应性」进入「恋爱/磨合」的「日常作息与生活管理」，遇到「工作时间突变」时，对重视「被理解/被回应/被关心」的人意味着什么？","generated_by_constrained_mapping","unreviewed"
"CC-01856","PF-G01","回应性","SC-S2-01","日常作息与生活管理","SC-S1-02","恋爱/磨合","SC-S3-01","工作时间突变","NF-N1-05","安全/信任/可预测","Gate / conditional","N3-02/N3-06","当「回应性」进入「恋爱/磨合」的「日常作息与生活管理」，遇到「工作时间突变」时，对重视「安全/信任/可预测」的人意味着什么？","generated_by_constrained_mapping","unreviewed"
"CC-01857","PF-G01","回应性","SC-S2-01","日常作息与生活管理","SC-S1-02","恋爱/磨合","SC-S3-01","工作时间突变","NF-N1-02","陪伴/连接/归属","Ideal range / conditional","N3-01/N3-05","当「回应性」进入「恋爱/磨合」的「日常作息与生活管理」，遇到「工作时间突变」时，对重视「陪伴/连接/归属」的人意味着什么？","generated_by_constrained_mapping","unreviewed"
"CC-01858","PF-G01","回应性","SC-S2-01","日常作息与生活管理","SC-S1-02","恋爱/磨合","SC-S3-10","反复小问题累积","NF-N1-03","被理解/被回应/被关心","Gate or conditional","N3-01","当「回应性」进入「恋爱/磨合」的「日常作息与生活管理」，遇到「反复小问题累积」时，对重视「被理解/被回应/被关心」的人意味着什么？","generated_by_constrained_mapping","unreviewed"
"CC-01859","PF-G01","回应性","SC-S2-01","日常作息与生活管理","SC-S1-02","恋爱/磨合","SC-S3-10","反复小问题累积","NF-N1-05","安全/信任/可预测","Gate / conditional","N3-02/N3-06","当「回应性」进入「恋爱/磨合」的「日常作息与生活管理」，遇到「反复小问题累积」时，对重视「安全/信任/可预测」的人意味着什么？","generated_by_constrained_mapping","unreviewed"
"CC-01860","PF-G01","回应性","SC-S2-01","日常作息与生活管理","SC-S1-02","恋爱/磨合","SC-S3-10","反复小问题累积","NF-N1-02","陪伴/连接/归属","Ideal range / conditional","N3-01/N3-05","当「回应性」进入「恋爱/磨合」的「日常作息与生活管理」，遇到「反复小问题累积」时，对重视「陪伴/连接/归属」的人意味着什么？","generated_by_constrained_mapping","unreviewed"
"CC-01861","PF-G01","回应性","SC-S2-01","日常作息与生活管理","SC-S1-04","同居/婚前","SC-S3-01","工作时间突变","NF-N1-03","被理解/被回应/被关心","Gate or conditional","N3-01","当「回应性」进入「同居/婚前」的「日常作息与生活管理」，遇到「工作时间突变」时，对重视「被理解/被回应/被关心」的人意味着什么？","generated_by_constrained_mapping","unreviewed"
"CC-01862","PF-G01","回应性","SC-S2-01","日常作息与生活管理","SC-S1-04","同居/婚前","SC-S3-01","工作时间突变","NF-N1-05","安全/信任/可预测","Gate / conditional","N3-02/N3-06","当「回应性」进入「同居/婚前」的「日常作息与生活管理」，遇到「工作时间突变」时，对重视「安全/信任/可预测」的人意味着什么？","generated_by_constrained_mapping","unreviewed"
"CC-01863","PF-G01","回应性","SC-S2-01","日常作息与生活管理","SC-S1-04","同居/婚前","SC-S3-01","工作时间突变","NF-N1-02","陪伴/连接/归属","Ideal range / conditional","N3-01/N3-05","当「回应性」进入「同居/婚前」的「日常作息与生活管理」，遇到「工作时间突变」时，对重视「陪伴/连接/归属」的人意味着什么？","generated_by_constrained_mapping","unreviewed"
"CC-01864","PF-G01","回应性","SC-S2-01","日常作息与生活管理","SC-S1-04","同居/婚前","SC-S3-10","反复小问题累积","NF-N1-03","被理解/被回应/被关心","Gate or conditional","N3-01","当「回应性」进入「同居/婚前」的「日常作息与生活管理」，遇到「反复小问题累积」时，对重视「被理解/被回应/被关心」的人意味着什么？","generated_by_constrained_mapping","unreviewed"
"CC-01865","PF-G01","回应性","SC-S2-01","日常作息与生活管理","SC-S1-04","同居/婚前","SC-S3-10","反复小问题累积","NF-N1-05","安全/信任/可预测","Gate / conditional","N3-02/N3-06","当「回应性」进入「同居/婚前」的「日常作息与生活管理」，遇到「反复小问题累积」时，对重视「安全/信任/可预测」的人意味着什么？","generated_by_constrained_mapping","unreviewed"
"CC-01866","PF-G01","回应性","SC-S2-01","日常作息与生活管理","SC-S1-04","同居/婚前","SC-S3-10","反复小问题累积","NF-N1-02","陪伴/连接/归属","Ideal range / conditional","N3-01/N3-05","当「回应性」进入「同居/婚前」的「日常作息与生活管理」，遇到「反复小问题累积」时，对重视「陪伴/连接/归属」的人意味着什么？","generated_by_constrained_mapping","unreviewed"
"CC-01867","PF-G01","回应性","SC-S2-01","日常作息与生活管理","SC-S1-07","婴幼儿照护","SC-S3-01","工作时间突变","NF-N1-03","被理解/被回应/被关心","Gate or conditional","N3-01","当「回应性」进入「婴幼儿照护」的「日常作息与生活管理」，遇到「工作时间突变」时，对重视「被理解/被回应/被关心」的人意味着什么？","generated_by_constrained_mapping","unreviewed"
"CC-01868","PF-G01","回应性","SC-S2-01","日常作息与生活管理","SC-S1-07","婴幼儿照护","SC-S3-01","工作时间突变","NF-N1-05","安全/信任/可预测","Gate / conditional","N3-02/N3-06","当「回应性」进入「婴幼儿照护」的「日常作息与生活管理」，遇到「工作时间突变」时，对重视「安全/信任/可预测」的人意味着什么？","generated_by_constrained_mapping","unreviewed"
"CC-01869","PF-G01","回应性","SC-S2-01","日常作息与生活管理","SC-S1-07","婴幼儿照护","SC-S3-01","工作时间突变","NF-N1-02","陪伴/连接/归属","Ideal range / conditional","N3-01/N3-05","当「回应性」进入「婴幼儿照护」的「日常作息与生活管理」，遇到「工作时间突变」时，对重视「陪伴/连接/归属」的人意味着什么？","generated_by_constrained_mapping","unreviewed"
"CC-01870","PF-G01","回应性","SC-S2-01","日常作息与生活管理","SC-S1-07","婴幼儿照护","SC-S3-10","反复小问题累积","NF-N1-03","被理解/被回应/被关心","Gate or conditional","N3-01","当「回应性」进入「婴幼儿照护」的「日常作息与生活管理」，遇到「反复小问题累积」时，对重视「被理解/被回应/被关心」的人意味着什么？","generated_by_constrained_mapping","unreviewed"
"CC-01871","PF-G01","回应性","SC-S2-01","日常作息与生活管理","SC-S1-07","婴幼儿照护","SC-S3-10","反复小问题累积","NF-N1-05","安全/信任/可预测","Gate / conditional","N3-02/N3-06","当「回应性」进入「婴幼儿照护」的「日常作息与生活管理」，遇到「反复小问题累积」时，对重视「安全/信任/可预测」的人意味着什么？","generated_by_constrained_mapping","unreviewed"
"CC-01872","PF-G01","回应性","SC-S2-01","日常作息与生活管理","SC-S1-07","婴幼儿照护","SC-S3-10","反复小问题累积","NF-N1-02","陪伴/连接/归属","Ideal range / conditional","N3-01/N3-05","当「回应性」进入「婴幼儿照护」的「日常作息与生活管理」，遇到「反复小问题累积」时，对重视「陪伴/连接/归属」的人意味着什么？","generated_by_constrained_mapping","unreviewed"
"CC-01873","PF-G01","回应性","SC-S2-11","健康/疾病/照护","SC-S1-03","稳定交往","SC-S3-08","本人健康变化","NF-N1-03","被理解/被回应/被关心","Gate or conditional","N3-01","当「回应性」进入「稳定交往」的「健康/疾病/照护」，遇到「本人健康变化」时，对重视「被理解/被回应/被关心」的人意味着什么？","generated_by_constrained_mapping","unreviewed"
"CC-01874","PF-G01","回应性","SC-S2-11","健康/疾病/照护","SC-S1-03","稳定交往","SC-S3-08","本人健康变化","NF-N1-05","安全/信任/可预测","Gate / conditional","N3-02/N3-06","当「回应性」进入「稳定交往」的「健康/疾病/照护」，遇到「本人健康变化」时，对重视「安全/信任/可预测」的人意味着什么？","generated_by_constrained_mapping","unreviewed"
"CC-01875","PF-G01","回应性","SC-S2-11","健康/疾病/照护","SC-S1-03","稳定交往","SC-S3-08","本人健康变化","NF-N1-02","陪伴/连接/归属","Ideal range / conditional","N3-01/N3-05","当「回应性」进入「稳定交往」的「健康/疾病/照护」，遇到「本人健康变化」时，对重视「陪伴/连接/归属」的人意味着什么？","generated_by_constrained_mapping","unreviewed"
"CC-01876","PF-G01","回应性","SC-S2-11","健康/疾病/照护","SC-S1-03","稳定交往","SC-S3-07","父母责任变化","NF-N1-03","被理解/被回应/被关心","Gate or conditional","N3-01","当「回应性」进入「稳定交往」的「健康/疾病/照护」，遇到「父母责任变化」时，对重视「被理解/被回应/被关心」的人意味着什么？","generated_by_constrained_mapping","unreviewed"
"CC-01877","PF-G01","回应性","SC-S2-11","健康/疾病/照护","SC-S1-03","稳定交往","SC-S3-07","父母责任变化","NF-N1-05","安全/信任/可预测","Gate / conditional","N3-02/N3-06","当「回应性」进入「稳定交往」的「健康/疾病/照护」，遇到「父母责任变化」时，对重视「安全/信任/可预测」的人意味着什么？","generated_by_constrained_mapping","unreviewed"
"CC-01878","PF-G01","回应性","SC-S2-11","健康/疾病/照护","SC-S1-03","稳定交往","SC-S3-07","父母责任变化","NF-N1-02","陪伴/连接/归属","Ideal range / conditional","N3-01/N3-05","当「回应性」进入「稳定交往」的「健康/疾病/照护」，遇到「父母责任变化」时，对重视「陪伴/连接/归属」的人意味着什么？","generated_by_constrained_mapping","unreviewed"
"CC-01879","PF-G01","回应性","SC-S2-11","健康/疾病/照护","SC-S1-07","婴幼儿照护","SC-S3-08","本人健康变化","NF-N1-03","被理解/被回应/被关心","Gate or conditional","N3-01","当「回应性」进入「婴幼儿照护」的「健康/疾病/照护」，遇到「本人健康变化」时，对重视「被理解/被回应/被关心」的人意味着什么？","generated_by_constrained_mapping","unreviewed"
"CC-01880","PF-G01","回应性","SC-S2-11","健康/疾病/照护","SC-S1-07","婴幼儿照护","SC-S3-08","本人健康变化","NF-N1-05","安全/信任/可预测","Gate / conditional","N3-02/N3-06","当「回应性」进入「婴幼儿照护」的「健康/疾病/照护」，遇到「本人健康变化」时，对重视「安全/信任/可预测」的人意味着什么？","generated_by_constrained_mapping","unreviewed"
"CC-01881","PF-G01","回应性","SC-S2-11","健康/疾病/照护","SC-S1-07","婴幼儿照护","SC-S3-08","本人健康变化","NF-N1-02","陪伴/连接/归属","Ideal range / conditional","N3-01/N3-05","当「回应性」进入「婴幼儿照护」的「健康/疾病/照护」，遇到「本人健康变化」时，对重视「陪伴/连接/归属」的人意味着什么？","generated_by_constrained_mapping","unreviewed"
"CC-01882","PF-G01","回应性","SC-S2-11","健康/疾病/照护","SC-S1-07","婴幼儿照护","SC-S3-07","父母责任变化","NF-N1-03","被理解/被回应/被关心","Gate or conditional","N3-01","当「回应性」进入「婴幼儿照护」的「健康/疾病/照护」，遇到「父母责任变化」时，对重视「被理解/被回应/被关心」的人意味着什么？","generated_by_constrained_mapping","unreviewed"
"CC-01883","PF-G01","回应性","SC-S2-11","健康/疾病/照护","SC-S1-07","婴幼儿照护","SC-S3-07","父母责任变化","NF-N1-05","安全/信任/可预测","Gate / conditional","N3-02/N3-06","当「回应性」进入「婴幼儿照护」的「健康/疾病/照护」，遇到「父母责任变化」时，对重视「安全/信任/可预测」的人意味着什么？","generated_by_constrained_mapping","unreviewed"
"CC-01884","PF-G01","回应性","SC-S2-11","健康/疾病/照护","SC-S1-07","婴幼儿照护","SC-S3-07","父母责任变化","NF-N1-02","陪伴/连接/归属","Ideal range / conditional","N3-01/N3-05","当「回应性」进入「婴幼儿照护」的「健康/疾病/照护」，遇到「父母责任变化」时，对重视「陪伴/连接/归属」的人意味着什么？","generated_by_constrained_mapping","unreviewed"
"CC-01885","PF-G01","回应性","SC-S2-11","健康/疾病/照护","SC-S1-10","退休/老年/长期照护","SC-S3-08","本人健康变化","NF-N1-03","被理解/被回应/被关心","Gate or conditional","N3-01","当「回应性」进入「退休/老年/长期照护」的「健康/疾病/照护」，遇到「本人健康变化」时，对重视「被理解/被回应/被关心」的人意味着什么？","generated_by_constrained_mapping","unreviewed"
"CC-01886","PF-G01","回应性","SC-S2-11","健康/疾病/照护","SC-S1-10","退休/老年/长期照护","SC-S3-08","本人健康变化","NF-N1-05","安全/信任/可预测","Gate / conditional","N3-02/N3-06","当「回应性」进入「退休/老年/长期照护」的「健康/疾病/照护」，遇到「本人健康变化」时，对重视「安全/信任/可预测」的人意味着什么？","generated_by_constrained_mapping","unreviewed"
"CC-01887","PF-G01","回应性","SC-S2-11","健康/疾病/照护","SC-S1-10","退休/老年/长期照护","SC-S3-08","本人健康变化","NF-N1-02","陪伴/连接/归属","Ideal range / conditional","N3-01/N3-05","当「回应性」进入「退休/老年/长期照护」的「健康/疾病/照护」，遇到「本人健康变化」时，对重视「陪伴/连接/归属」的人意味着什么？","generated_by_constrained_mapping","unreviewed"
"CC-01888","PF-G01","回应性","SC-S2-11","健康/疾病/照护","SC-S1-10","退休/老年/长期照护","SC-S3-07","父母责任变化","NF-N1-03","被理解/被回应/被关心","Gate or conditional","N3-01","当「回应性」进入「退休/老年/长期照护」的「健康/疾病/照护」，遇到「父母责任变化」时，对重视「被理解/被回应/被关心」的人意味着什么？","generated_by_constrained_mapping","unreviewed"
"CC-01889","PF-G01","回应性","SC-S2-11","健康/疾病/照护","SC-S1-10","退休/老年/长期照护","SC-S3-07","父母责任变化","NF-N1-05","安全/信任/可预测","Gate / conditional","N3-02/N3-06","当「回应性」进入「退休/老年/长期照护」的「健康/疾病/照护」，遇到「父母责任变化」时，对重视「安全/信任/可预测」的人意味着什么？","generated_by_constrained_mapping","unreviewed"
"CC-01890","PF-G01","回应性","SC-S2-11","健康/疾病/照护","SC-S1-10","退休/老年/长期照护","SC-S3-07","父母责任变化","NF-N1-02","陪伴/连接/归属","Ideal range / conditional","N3-01/N3-05","当「回应性」进入「退休/老年/长期照护」的「健康/疾病/照护」，遇到「父母责任变化」时，对重视「陪伴/连接/归属」的人意味着什么？","generated_by_constrained_mapping","unreviewed"
"CC-01891","PF-G01","回应性","SC-S2-02","工作/事业/学习","SC-S1-02","恋爱/磨合","SC-S3-01","工作时间突变","NF-N1-03","被理解/被回应/被关心","Gate or conditional","N3-01","当「回应性」进入「恋爱/磨合」的「工作/事业/学习」，遇到「工作时间突变」时，对重视「被理解/被回应/被关心」的人意味着什么？","generated_by_constrained_mapping","unreviewed"
"CC-01892","PF-G01","回应性","SC-S2-02","工作/事业/学习","SC-S1-02","恋爱/磨合","SC-S3-01","工作时间突变","NF-N1-05","安全/信任/可预测","Gate / conditional","N3-02/N3-06","当「回应性」进入「恋爱/磨合」的「工作/事业/学习」，遇到「工作时间突变」时，对重视「安全/信任/可预测」的人意味着什么？","generated_by_constrained_mapping","unreviewed"
"CC-01893","PF-G01","回应性","SC-S2-02","工作/事业/学习","SC-S1-02","恋爱/磨合","SC-S3-01","工作时间突变","NF-N1-02","陪伴/连接/归属","Ideal range / conditional","N3-01/N3-05","当「回应性」进入「恋爱/磨合」的「工作/事业/学习」，遇到「工作时间突变」时，对重视「陪伴/连接/归属」的人意味着什么？","generated_by_constrained_mapping","unreviewed"
"CC-01894","PF-G01","回应性","SC-S2-02","工作/事业/学习","SC-S1-02","恋爱/磨合","SC-S3-02","事业机会/职业转折","NF-N1-03","被理解/被回应/被关心","Gate or conditional","N3-01","当「回应性」进入「恋爱/磨合」的「工作/事业/学习」，遇到「事业机会/职业转折」时，对重视「被理解/被回应/被关心」的人意味着什么？","generated_by_constrained_mapping","unreviewed"
"CC-01895","PF-G01","回应性","SC-S2-02","工作/事业/学习","SC-S1-02","恋爱/磨合","SC-S3-02","事业机会/职业转折","NF-N1-05","安全/信任/可预测","Gate / conditional","N3-02/N3-06","当「回应性」进入「恋爱/磨合」的「工作/事业/学习」，遇到「事业机会/职业转折」时，对重视「安全/信任/可预测」的人意味着什么？","generated_by_constrained_mapping","unreviewed"
"CC-01896","PF-G01","回应性","SC-S2-02","工作/事业/学习","SC-S1-02","恋爱/磨合","SC-S3-02","事业机会/职业转折","NF-N1-02","陪伴/连接/归属","Ideal range / conditional","N3-01/N3-05","当「回应性」进入「恋爱/磨合」的「工作/事业/学习」，遇到「事业机会/职业转折」时，对重视「陪伴/连接/归属」的人意味着什么？","generated_by_constrained_mapping","unreviewed"
"CC-01897","PF-G01","回应性","SC-S2-02","工作/事业/学习","SC-S1-05","结婚/建立家庭","SC-S3-01","工作时间突变","NF-N1-03","被理解/被回应/被关心","Gate or conditional","N3-01","当「回应性」进入「结婚/建立家庭」的「工作/事业/学习」，遇到「工作时间突变」时，对重视「被理解/被回应/被关心」的人意味着什么？","generated_by_constrained_mapping","unreviewed"
"CC-01898","PF-G01","回应性","SC-S2-02","工作/事业/学习","SC-S1-05","结婚/建立家庭","SC-S3-01","工作时间突变","NF-N1-05","安全/信任/可预测","Gate / conditional","N3-02/N3-06","当「回应性」进入「结婚/建立家庭」的「工作/事业/学习」，遇到「工作时间突变」时，对重视「安全/信任/可预测」的人意味着什么？","generated_by_constrained_mapping","unreviewed"
"CC-01899","PF-G01","回应性","SC-S2-02","工作/事业/学习","SC-S1-05","结婚/建立家庭","SC-S3-01","工作时间突变","NF-N1-02","陪伴/连接/归属","Ideal range / conditional","N3-01/N3-05","当「回应性」进入「结婚/建立家庭」的「工作/事业/学习」，遇到「工作时间突变」时，对重视「陪伴/连接/归属」的人意味着什么？","generated_by_constrained_mapping","unreviewed"
"CC-01900","PF-G01","回应性","SC-S2-02","工作/事业/学习","SC-S1-05","结婚/建立家庭","SC-S3-02","事业机会/职业转折","NF-N1-03","被理解/被回应/被关心","Gate or conditional","N3-01","当「回应性」进入「结婚/建立家庭」的「工作/事业/学习」，遇到「事业机会/职业转折」时，对重视「被理解/被回应/被关心」的人意味着什么？","generated_by_constrained_mapping","unreviewed"
"CC-01901","PF-G01","回应性","SC-S2-02","工作/事业/学习","SC-S1-05","结婚/建立家庭","SC-S3-02","事业机会/职业转折","NF-N1-05","安全/信任/可预测","Gate / conditional","N3-02/N3-06","当「回应性」进入「结婚/建立家庭」的「工作/事业/学习」，遇到「事业机会/职业转折」时，对重视「安全/信任/可预测」的人意味着什么？","generated_by_constrained_mapping","unreviewed"
"CC-01902","PF-G01","回应性","SC-S2-02","工作/事业/学习","SC-S1-05","结婚/建立家庭","SC-S3-02","事业机会/职业转折","NF-N1-02","陪伴/连接/归属","Ideal range / conditional","N3-01/N3-05","当「回应性」进入「结婚/建立家庭」的「工作/事业/学习」，遇到「事业机会/职业转折」时，对重视「陪伴/连接/归属」的人意味着什么？","generated_by_constrained_mapping","unreviewed"
"CC-01903","PF-G01","回应性","SC-S2-02","工作/事业/学习","SC-S1-09","中年多重责任","SC-S3-01","工作时间突变","NF-N1-03","被理解/被回应/被关心","Gate or conditional","N3-01","当「回应性」进入「中年多重责任」的「工作/事业/学习」，遇到「工作时间突变」时，对重视「被理解/被回应/被关心」的人意味着什么？","generated_by_constrained_mapping","unreviewed"
"CC-01904","PF-G01","回应性","SC-S2-02","工作/事业/学习","SC-S1-09","中年多重责任","SC-S3-01","工作时间突变","NF-N1-05","安全/信任/可预测","Gate / conditional","N3-02/N3-06","当「回应性」进入「中年多重责任」的「工作/事业/学习」，遇到「工作时间突变」时，对重视「安全/信任/可预测」的人意味着什么？","generated_by_constrained_mapping","unreviewed"
"CC-01905","PF-G01","回应性","SC-S2-02","工作/事业/学习","SC-S1-09","中年多重责任","SC-S3-01","工作时间突变","NF-N1-02","陪伴/连接/归属","Ideal range / conditional","N3-01/N3-05","当「回应性」进入「中年多重责任」的「工作/事业/学习」，遇到「工作时间突变」时，对重视「陪伴/连接/归属」的人意味着什么？","generated_by_constrained_mapping","unreviewed"
"CC-01906","PF-G01","回应性","SC-S2-02","工作/事业/学习","SC-S1-09","中年多重责任","SC-S3-02","事业机会/职业转折","NF-N1-03","被理解/被回应/被关心","Gate or conditional","N3-01","当「回应性」进入「中年多重责任」的「工作/事业/学习」，遇到「事业机会/职业转折」时，对重视「被理解/被回应/被关心」的人意味着什么？","generated_by_constrained_mapping","unreviewed"
"CC-01907","PF-G01","回应性","SC-S2-02","工作/事业/学习","SC-S1-09","中年多重责任","SC-S3-02","事业机会/职业转折","NF-N1-05","安全/信任/可预测","Gate / conditional","N3-02/N3-06","当「回应性」进入「中年多重责任」的「工作/事业/学习」，遇到「事业机会/职业转折」时，对重视「安全/信任/可预测」的人意味着什么？","generated_by_constrained_mapping","unreviewed"
"CC-01908","PF-G01","回应性","SC-S2-02","工作/事业/学习","SC-S1-09","中年多重责任","SC-S3-02","事业机会/职业转折","NF-N1-02","陪伴/连接/归属","Ideal range / conditional","N3-01/N3-05","当「回应性」进入「中年多重责任」的「工作/事业/学习」，遇到「事业机会/职业转折」时，对重视「陪伴/连接/归属」的人意味着什么？","generated_by_constrained_mapping","unreviewed"
"CC-01909","PF-G02","承诺执行/可靠","SC-S2-11","健康/疾病/照护","SC-S1-03","稳定交往","SC-S3-08","本人健康变化","NF-N1-07","公平/可靠/合作","Conditional / gate","N3-02/N3-03","当「承诺执行/可靠」进入「稳定交往」的「健康/疾病/照护」，遇到「本人健康变化」时，对重视「公平/可靠/合作」的人意味着什么？","generated_by_constrained_mapping","unreviewed"
"CC-01910","PF-G02","承诺执行/可靠","SC-S2-11","健康/疾病/照护","SC-S1-03","稳定交往","SC-S3-08","本人健康变化","NF-N1-05","安全/信任/可预测","Gate / conditional","N3-02/N3-06","当「承诺执行/可靠」进入「稳定交往」的「健康/疾病/照护」，遇到「本人健康变化」时，对重视「安全/信任/可预测」的人意味着什么？","generated_by_constrained_mapping","unreviewed"
"CC-01911","PF-G02","承诺执行/可靠","SC-S2-11","健康/疾病/照护","SC-S1-03","稳定交往","SC-S3-08","本人健康变化","NF-N1-03","被理解/被回应/被关心","Gate or conditional","N3-01","当「承诺执行/可靠」进入「稳定交往」的「健康/疾病/照护」，遇到「本人健康变化」时，对重视「被理解/被回应/被关心」的人意味着什么？","generated_by_constrained_mapping","unreviewed"
"CC-01912","PF-G02","承诺执行/可靠","SC-S2-11","健康/疾病/照护","SC-S1-03","稳定交往","SC-S3-07","父母责任变化","NF-N1-07","公平/可靠/合作","Conditional / gate","N3-02/N3-03","当「承诺执行/可靠」进入「稳定交往」的「健康/疾病/照护」，遇到「父母责任变化」时，对重视「公平/可靠/合作」的人意味着什么？","generated_by_constrained_mapping","unreviewed"
"CC-01913","PF-G02","承诺执行/可靠","SC-S2-11","健康/疾病/照护","SC-S1-03","稳定交往","SC-S3-07","父母责任变化","NF-N1-05","安全/信任/可预测","Gate / conditional","N3-02/N3-06","当「承诺执行/可靠」进入「稳定交往」的「健康/疾病/照护」，遇到「父母责任变化」时，对重视「安全/信任/可预测」的人意味着什么？","generated_by_constrained_mapping","unreviewed"
"CC-01914","PF-G02","承诺执行/可靠","SC-S2-11","健康/疾病/照护","SC-S1-03","稳定交往","SC-S3-07","父母责任变化","NF-N1-03","被理解/被回应/被关心","Gate or conditional","N3-01","当「承诺执行/可靠」进入「稳定交往」的「健康/疾病/照护」，遇到「父母责任变化」时，对重视「被理解/被回应/被关心」的人意味着什么？","generated_by_constrained_mapping","unreviewed"
"CC-01915","PF-G02","承诺执行/可靠","SC-S2-11","健康/疾病/照护","SC-S1-07","婴幼儿照护","SC-S3-08","本人健康变化","NF-N1-07","公平/可靠/合作","Conditional / gate","N3-02/N3-03","当「承诺执行/可靠」进入「婴幼儿照护」的「健康/疾病/照护」，遇到「本人健康变化」时，对重视「公平/可靠/合作」的人意味着什么？","generated_by_constrained_mapping","unreviewed"
"CC-01916","PF-G02","承诺执行/可靠","SC-S2-11","健康/疾病/照护","SC-S1-07","婴幼儿照护","SC-S3-08","本人健康变化","NF-N1-05","安全/信任/可预测","Gate / conditional","N3-02/N3-06","当「承诺执行/可靠」进入「婴幼儿照护」的「健康/疾病/照护」，遇到「本人健康变化」时，对重视「安全/信任/可预测」的人意味着什么？","generated_by_constrained_mapping","unreviewed"
"CC-01917","PF-G02","承诺执行/可靠","SC-S2-11","健康/疾病/照护","SC-S1-07","婴幼儿照护","SC-S3-08","本人健康变化","NF-N1-03","被理解/被回应/被关心","Gate or conditional","N3-01","当「承诺执行/可靠」进入「婴幼儿照护」的「健康/疾病/照护」，遇到「本人健康变化」时，对重视「被理解/被回应/被关心」的人意味着什么？","generated_by_constrained_mapping","unreviewed"
"CC-01918","PF-G02","承诺执行/可靠","SC-S2-11","健康/疾病/照护","SC-S1-07","婴幼儿照护","SC-S3-07","父母责任变化","NF-N1-07","公平/可靠/合作","Conditional / gate","N3-02/N3-03","当「承诺执行/可靠」进入「婴幼儿照护」的「健康/疾病/照护」，遇到「父母责任变化」时，对重视「公平/可靠/合作」的人意味着什么？","generated_by_constrained_mapping","unreviewed"
"CC-01919","PF-G02","承诺执行/可靠","SC-S2-11","健康/疾病/照护","SC-S1-07","婴幼儿照护","SC-S3-07","父母责任变化","NF-N1-05","安全/信任/可预测","Gate / conditional","N3-02/N3-06","当「承诺执行/可靠」进入「婴幼儿照护」的「健康/疾病/照护」，遇到「父母责任变化」时，对重视「安全/信任/可预测」的人意味着什么？","generated_by_constrained_mapping","unreviewed"
"CC-01920","PF-G02","承诺执行/可靠","SC-S2-11","健康/疾病/照护","SC-S1-07","婴幼儿照护","SC-S3-07","父母责任变化","NF-N1-03","被理解/被回应/被关心","Gate or conditional","N3-01","当「承诺执行/可靠」进入「婴幼儿照护」的「健康/疾病/照护」，遇到「父母责任变化」时，对重视「被理解/被回应/被关心」的人意味着什么？","generated_by_constrained_mapping","unreviewed"
"CC-01921","PF-G02","承诺执行/可靠","SC-S2-11","健康/疾病/照护","SC-S1-10","退休/老年/长期照护","SC-S3-08","本人健康变化","NF-N1-07","公平/可靠/合作","Conditional / gate","N3-02/N3-03","当「承诺执行/可靠」进入「退休/老年/长期照护」的「健康/疾病/照护」，遇到「本人健康变化」时，对重视「公平/可靠/合作」的人意味着什么？","generated_by_constrained_mapping","unreviewed"
"CC-01922","PF-G02","承诺执行/可靠","SC-S2-11","健康/疾病/照护","SC-S1-10","退休/老年/长期照护","SC-S3-08","本人健康变化","NF-N1-05","安全/信任/可预测","Gate / conditional","N3-02/N3-06","当「承诺执行/可靠」进入「退休/老年/长期照护」的「健康/疾病/照护」，遇到「本人健康变化」时，对重视「安全/信任/可预测」的人意味着什么？","generated_by_constrained_mapping","unreviewed"
"CC-01923","PF-G02","承诺执行/可靠","SC-S2-11","健康/疾病/照护","SC-S1-10","退休/老年/长期照护","SC-S3-08","本人健康变化","NF-N1-03","被理解/被回应/被关心","Gate or conditional","N3-01","当「承诺执行/可靠」进入「退休/老年/长期照护」的「健康/疾病/照护」，遇到「本人健康变化」时，对重视「被理解/被回应/被关心」的人意味着什么？","generated_by_constrained_mapping","unreviewed"
"CC-01924","PF-G02","承诺执行/可靠","SC-S2-11","健康/疾病/照护","SC-S1-10","退休/老年/长期照护","SC-S3-07","父母责任变化","NF-N1-07","公平/可靠/合作","Conditional / gate","N3-02/N3-03","当「承诺执行/可靠」进入「退休/老年/长期照护」的「健康/疾病/照护」，遇到「父母责任变化」时，对重视「公平/可靠/合作」的人意味着什么？","generated_by_constrained_mapping","unreviewed"
"CC-01925","PF-G02","承诺执行/可靠","SC-S2-11","健康/疾病/照护","SC-S1-10","退休/老年/长期照护","SC-S3-07","父母责任变化","NF-N1-05","安全/信任/可预测","Gate / conditional","N3-02/N3-06","当「承诺执行/可靠」进入「退休/老年/长期照护」的「健康/疾病/照护」，遇到「父母责任变化」时，对重视「安全/信任/可预测」的人意味着什么？","generated_by_constrained_mapping","unreviewed"
"CC-01926","PF-G02","承诺执行/可靠","SC-S2-11","健康/疾病/照护","SC-S1-10","退休/老年/长期照护","SC-S3-07","父母责任变化","NF-N1-03","被理解/被回应/被关心","Gate or conditional","N3-01","当「承诺执行/可靠」进入「退休/老年/长期照护」的「健康/疾病/照护」，遇到「父母责任变化」时，对重视「被理解/被回应/被关心」的人意味着什么？","generated_by_constrained_mapping","unreviewed"
"CC-01927","PF-G02","承诺执行/可靠","SC-S2-06","孩子/生育/教育","SC-S1-05","结婚/建立家庭","SC-S3-06","生育/育儿转折","NF-N1-07","公平/可靠/合作","Conditional / gate","N3-02/N3-03","当「承诺执行/可靠」进入「结婚/建立家庭」的「孩子/生育/教育」，遇到「生育/育儿转折」时，对重视「公平/可靠/合作」的人意味着什么？","generated_by_constrained_mapping","unreviewed"
"CC-01928","PF-G02","承诺执行/可靠","SC-S2-06","孩子/生育/教育","SC-S1-05","结婚/建立家庭","SC-S3-06","生育/育儿转折","NF-N1-05","安全/信任/可预测","Gate / conditional","N3-02/N3-06","当「承诺执行/可靠」进入「结婚/建立家庭」的「孩子/生育/教育」，遇到「生育/育儿转折」时，对重视「安全/信任/可预测」的人意味着什么？","generated_by_constrained_mapping","unreviewed"
"CC-01929","PF-G02","承诺执行/可靠","SC-S2-06","孩子/生育/教育","SC-S1-05","结婚/建立家庭","SC-S3-06","生育/育儿转折","NF-N1-03","被理解/被回应/被关心","Gate or conditional","N3-01","当「承诺执行/可靠」进入「结婚/建立家庭」的「孩子/生育/教育」，遇到「生育/育儿转折」时，对重视「被理解/被回应/被关心」的人意味着什么？","generated_by_constrained_mapping","unreviewed"
"CC-01930","PF-G02","承诺执行/可靠","SC-S2-06","孩子/生育/教育","SC-S1-05","结婚/建立家庭","SC-S3-01","工作时间突变","NF-N1-07","公平/可靠/合作","Conditional / gate","N3-02/N3-03","当「承诺执行/可靠」进入「结婚/建立家庭」的「孩子/生育/教育」，遇到「工作时间突变」时，对重视「公平/可靠/合作」的人意味着什么？","generated_by_constrained_mapping","unreviewed"
"CC-01931","PF-G02","承诺执行/可靠","SC-S2-06","孩子/生育/教育","SC-S1-05","结婚/建立家庭","SC-S3-01","工作时间突变","NF-N1-05","安全/信任/可预测","Gate / conditional","N3-02/N3-06","当「承诺执行/可靠」进入「结婚/建立家庭」的「孩子/生育/教育」，遇到「工作时间突变」时，对重视「安全/信任/可预测」的人意味着什么？","generated_by_constrained_mapping","unreviewed"
"CC-01932","PF-G02","承诺执行/可靠","SC-S2-06","孩子/生育/教育","SC-S1-05","结婚/建立家庭","SC-S3-01","工作时间突变","NF-N1-03","被理解/被回应/被关心","Gate or conditional","N3-01","当「承诺执行/可靠」进入「结婚/建立家庭」的「孩子/生育/教育」，遇到「工作时间突变」时，对重视「被理解/被回应/被关心」的人意味着什么？","generated_by_constrained_mapping","unreviewed"
"CC-01933","PF-G02","承诺执行/可靠","SC-S2-06","孩子/生育/教育","SC-S1-07","婴幼儿照护","SC-S3-06","生育/育儿转折","NF-N1-07","公平/可靠/合作","Conditional / gate","N3-02/N3-03","当「承诺执行/可靠」进入「婴幼儿照护」的「孩子/生育/教育」，遇到「生育/育儿转折」时，对重视「公平/可靠/合作」的人意味着什么？","generated_by_constrained_mapping","unreviewed"
"CC-01934","PF-G02","承诺执行/可靠","SC-S2-06","孩子/生育/教育","SC-S1-07","婴幼儿照护","SC-S3-06","生育/育儿转折","NF-N1-05","安全/信任/可预测","Gate / conditional","N3-02/N3-06","当「承诺执行/可靠」进入「婴幼儿照护」的「孩子/生育/教育」，遇到「生育/育儿转折」时，对重视「安全/信任/可预测」的人意味着什么？","generated_by_constrained_mapping","unreviewed"
"CC-01935","PF-G02","承诺执行/可靠","SC-S2-06","孩子/生育/教育","SC-S1-07","婴幼儿照护","SC-S3-06","生育/育儿转折","NF-N1-03","被理解/被回应/被关心","Gate or conditional","N3-01","当「承诺执行/可靠」进入「婴幼儿照护」的「孩子/生育/教育」，遇到「生育/育儿转折」时，对重视「被理解/被回应/被关心」的人意味着什么？","generated_by_constrained_mapping","unreviewed"
"CC-01936","PF-G02","承诺执行/可靠","SC-S2-06","孩子/生育/教育","SC-S1-07","婴幼儿照护","SC-S3-01","工作时间突变","NF-N1-07","公平/可靠/合作","Conditional / gate","N3-02/N3-03","当「承诺执行/可靠」进入「婴幼儿照护」的「孩子/生育/教育」，遇到「工作时间突变」时，对重视「公平/可靠/合作」的人意味着什么？","generated_by_constrained_mapping","unreviewed"
"CC-01937","PF-G02","承诺执行/可靠","SC-S2-06","孩子/生育/教育","SC-S1-07","婴幼儿照护","SC-S3-01","工作时间突变","NF-N1-05","安全/信任/可预测","Gate / conditional","N3-02/N3-06","当「承诺执行/可靠」进入「婴幼儿照护」的「孩子/生育/教育」，遇到「工作时间突变」时，对重视「安全/信任/可预测」的人意味着什么？","generated_by_constrained_mapping","unreviewed"
"CC-01938","PF-G02","承诺执行/可靠","SC-S2-06","孩子/生育/教育","SC-S1-07","婴幼儿照护","SC-S3-01","工作时间突变","NF-N1-03","被理解/被回应/被关心","Gate or conditional","N3-01","当「承诺执行/可靠」进入「婴幼儿照护」的「孩子/生育/教育」，遇到「工作时间突变」时，对重视「被理解/被回应/被关心」的人意味着什么？","generated_by_constrained_mapping","unreviewed"
"CC-01939","PF-G02","承诺执行/可靠","SC-S2-06","孩子/生育/教育","SC-S1-08","孩子成长/教育","SC-S3-06","生育/育儿转折","NF-N1-07","公平/可靠/合作","Conditional / gate","N3-02/N3-03","当「承诺执行/可靠」进入「孩子成长/教育」的「孩子/生育/教育」，遇到「生育/育儿转折」时，对重视「公平/可靠/合作」的人意味着什么？","generated_by_constrained_mapping","unreviewed"
"CC-01940","PF-G02","承诺执行/可靠","SC-S2-06","孩子/生育/教育","SC-S1-08","孩子成长/教育","SC-S3-06","生育/育儿转折","NF-N1-05","安全/信任/可预测","Gate / conditional","N3-02/N3-06","当「承诺执行/可靠」进入「孩子成长/教育」的「孩子/生育/教育」，遇到「生育/育儿转折」时，对重视「安全/信任/可预测」的人意味着什么？","generated_by_constrained_mapping","unreviewed"
"CC-01941","PF-G02","承诺执行/可靠","SC-S2-06","孩子/生育/教育","SC-S1-08","孩子成长/教育","SC-S3-06","生育/育儿转折","NF-N1-03","被理解/被回应/被关心","Gate or conditional","N3-01","当「承诺执行/可靠」进入「孩子成长/教育」的「孩子/生育/教育」，遇到「生育/育儿转折」时，对重视「被理解/被回应/被关心」的人意味着什么？","generated_by_constrained_mapping","unreviewed"
"CC-01942","PF-G02","承诺执行/可靠","SC-S2-06","孩子/生育/教育","SC-S1-08","孩子成长/教育","SC-S3-01","工作时间突变","NF-N1-07","公平/可靠/合作","Conditional / gate","N3-02/N3-03","当「承诺执行/可靠」进入「孩子成长/教育」的「孩子/生育/教育」，遇到「工作时间突变」时，对重视「公平/可靠/合作」的人意味着什么？","generated_by_constrained_mapping","unreviewed"
"CC-01943","PF-G02","承诺执行/可靠","SC-S2-06","孩子/生育/教育","SC-S1-08","孩子成长/教育","SC-S3-01","工作时间突变","NF-N1-05","安全/信任/可预测","Gate / conditional","N3-02/N3-06","当「承诺执行/可靠」进入「孩子成长/教育」的「孩子/生育/教育」，遇到「工作时间突变」时，对重视「安全/信任/可预测」的人意味着什么？","generated_by_constrained_mapping","unreviewed"
"CC-01944","PF-G02","承诺执行/可靠","SC-S2-06","孩子/生育/教育","SC-S1-08","孩子成长/教育","SC-S3-01","工作时间突变","NF-N1-03","被理解/被回应/被关心","Gate or conditional","N3-01","当「承诺执行/可靠」进入「孩子成长/教育」的「孩子/生育/教育」，遇到「工作时间突变」时，对重视「被理解/被回应/被关心」的人意味着什么？","generated_by_constrained_mapping","unreviewed"
"CC-01945","PF-G02","承诺执行/可靠","SC-S2-07","双方父母/原生家庭","SC-S1-05","结婚/建立家庭","SC-S3-07","父母责任变化","NF-N1-07","公平/可靠/合作","Conditional / gate","N3-02/N3-03","当「承诺执行/可靠」进入「结婚/建立家庭」的「双方父母/原生家庭」，遇到「父母责任变化」时，对重视「公平/可靠/合作」的人意味着什么？","generated_by_constrained_mapping","unreviewed"
"CC-01946","PF-G02","承诺执行/可靠","SC-S2-07","双方父母/原生家庭","SC-S1-05","结婚/建立家庭","SC-S3-07","父母责任变化","NF-N1-05","安全/信任/可预测","Gate / conditional","N3-02/N3-06","当「承诺执行/可靠」进入「结婚/建立家庭」的「双方父母/原生家庭」，遇到「父母责任变化」时，对重视「安全/信任/可预测」的人意味着什么？","generated_by_constrained_mapping","unreviewed"
"CC-01947","PF-G02","承诺执行/可靠","SC-S2-07","双方父母/原生家庭","SC-S1-05","结婚/建立家庭","SC-S3-07","父母责任变化","NF-N1-03","被理解/被回应/被关心","Gate or conditional","N3-01","当「承诺执行/可靠」进入「结婚/建立家庭」的「双方父母/原生家庭」，遇到「父母责任变化」时，对重视「被理解/被回应/被关心」的人意味着什么？","generated_by_constrained_mapping","unreviewed"
"CC-01948","PF-G02","承诺执行/可靠","SC-S2-07","双方父母/原生家庭","SC-S1-05","结婚/建立家庭","SC-S3-05","居住/迁移变化","NF-N1-07","公平/可靠/合作","Conditional / gate","N3-02/N3-03","当「承诺执行/可靠」进入「结婚/建立家庭」的「双方父母/原生家庭」，遇到「居住/迁移变化」时，对重视「公平/可靠/合作」的人意味着什么？","generated_by_constrained_mapping","unreviewed"
"CC-01949","PF-G02","承诺执行/可靠","SC-S2-07","双方父母/原生家庭","SC-S1-05","结婚/建立家庭","SC-S3-05","居住/迁移变化","NF-N1-05","安全/信任/可预测","Gate / conditional","N3-02/N3-06","当「承诺执行/可靠」进入「结婚/建立家庭」的「双方父母/原生家庭」，遇到「居住/迁移变化」时，对重视「安全/信任/可预测」的人意味着什么？","generated_by_constrained_mapping","unreviewed"
"CC-01950","PF-G02","承诺执行/可靠","SC-S2-07","双方父母/原生家庭","SC-S1-05","结婚/建立家庭","SC-S3-05","居住/迁移变化","NF-N1-03","被理解/被回应/被关心","Gate or conditional","N3-01","当「承诺执行/可靠」进入「结婚/建立家庭」的「双方父母/原生家庭」，遇到「居住/迁移变化」时，对重视「被理解/被回应/被关心」的人意味着什么？","generated_by_constrained_mapping","unreviewed"
"CC-01951","PF-G02","承诺执行/可靠","SC-S2-07","双方父母/原生家庭","SC-S1-07","婴幼儿照护","SC-S3-07","父母责任变化","NF-N1-07","公平/可靠/合作","Conditional / gate","N3-02/N3-03","当「承诺执行/可靠」进入「婴幼儿照护」的「双方父母/原生家庭」，遇到「父母责任变化」时，对重视「公平/可靠/合作」的人意味着什么？","generated_by_constrained_mapping","unreviewed"
"CC-01952","PF-G02","承诺执行/可靠","SC-S2-07","双方父母/原生家庭","SC-S1-07","婴幼儿照护","SC-S3-07","父母责任变化","NF-N1-05","安全/信任/可预测","Gate / conditional","N3-02/N3-06","当「承诺执行/可靠」进入「婴幼儿照护」的「双方父母/原生家庭」，遇到「父母责任变化」时，对重视「安全/信任/可预测」的人意味着什么？","generated_by_constrained_mapping","unreviewed"
"CC-01953","PF-G02","承诺执行/可靠","SC-S2-07","双方父母/原生家庭","SC-S1-07","婴幼儿照护","SC-S3-07","父母责任变化","NF-N1-03","被理解/被回应/被关心","Gate or conditional","N3-01","当「承诺执行/可靠」进入「婴幼儿照护」的「双方父母/原生家庭」，遇到「父母责任变化」时，对重视「被理解/被回应/被关心」的人意味着什么？","generated_by_constrained_mapping","unreviewed"
"CC-01954","PF-G02","承诺执行/可靠","SC-S2-07","双方父母/原生家庭","SC-S1-07","婴幼儿照护","SC-S3-05","居住/迁移变化","NF-N1-07","公平/可靠/合作","Conditional / gate","N3-02/N3-03","当「承诺执行/可靠」进入「婴幼儿照护」的「双方父母/原生家庭」，遇到「居住/迁移变化」时，对重视「公平/可靠/合作」的人意味着什么？","generated_by_constrained_mapping","unreviewed"
"CC-01955","PF-G02","承诺执行/可靠","SC-S2-07","双方父母/原生家庭","SC-S1-07","婴幼儿照护","SC-S3-05","居住/迁移变化","NF-N1-05","安全/信任/可预测","Gate / conditional","N3-02/N3-06","当「承诺执行/可靠」进入「婴幼儿照护」的「双方父母/原生家庭」，遇到「居住/迁移变化」时，对重视「安全/信任/可预测」的人意味着什么？","generated_by_constrained_mapping","unreviewed"
"CC-01956","PF-G02","承诺执行/可靠","SC-S2-07","双方父母/原生家庭","SC-S1-07","婴幼儿照护","SC-S3-05","居住/迁移变化","NF-N1-03","被理解/被回应/被关心","Gate or conditional","N3-01","当「承诺执行/可靠」进入「婴幼儿照护」的「双方父母/原生家庭」，遇到「居住/迁移变化」时，对重视「被理解/被回应/被关心」的人意味着什么？","generated_by_constrained_mapping","unreviewed"
"CC-01957","PF-G02","承诺执行/可靠","SC-S2-07","双方父母/原生家庭","SC-S1-09","中年多重责任","SC-S3-07","父母责任变化","NF-N1-07","公平/可靠/合作","Conditional / gate","N3-02/N3-03","当「承诺执行/可靠」进入「中年多重责任」的「双方父母/原生家庭」，遇到「父母责任变化」时，对重视「公平/可靠/合作」的人意味着什么？","generated_by_constrained_mapping","unreviewed"
"CC-01958","PF-G02","承诺执行/可靠","SC-S2-07","双方父母/原生家庭","SC-S1-09","中年多重责任","SC-S3-07","父母责任变化","NF-N1-05","安全/信任/可预测","Gate / conditional","N3-02/N3-06","当「承诺执行/可靠」进入「中年多重责任」的「双方父母/原生家庭」，遇到「父母责任变化」时，对重视「安全/信任/可预测」的人意味着什么？","generated_by_constrained_mapping","unreviewed"
"CC-01959","PF-G02","承诺执行/可靠","SC-S2-07","双方父母/原生家庭","SC-S1-09","中年多重责任","SC-S3-07","父母责任变化","NF-N1-03","被理解/被回应/被关心","Gate or conditional","N3-01","当「承诺执行/可靠」进入「中年多重责任」的「双方父母/原生家庭」，遇到「父母责任变化」时，对重视「被理解/被回应/被关心」的人意味着什么？","generated_by_constrained_mapping","unreviewed"
"CC-01960","PF-G02","承诺执行/可靠","SC-S2-07","双方父母/原生家庭","SC-S1-09","中年多重责任","SC-S3-05","居住/迁移变化","NF-N1-07","公平/可靠/合作","Conditional / gate","N3-02/N3-03","当「承诺执行/可靠」进入「中年多重责任」的「双方父母/原生家庭」，遇到「居住/迁移变化」时，对重视「公平/可靠/合作」的人意味着什么？","generated_by_constrained_mapping","unreviewed"
"CC-01961","PF-G02","承诺执行/可靠","SC-S2-07","双方父母/原生家庭","SC-S1-09","中年多重责任","SC-S3-05","居住/迁移变化","NF-N1-05","安全/信任/可预测","Gate / conditional","N3-02/N3-06","当「承诺执行/可靠」进入「中年多重责任」的「双方父母/原生家庭」，遇到「居住/迁移变化」时，对重视「安全/信任/可预测」的人意味着什么？","generated_by_constrained_mapping","unreviewed"
"CC-01962","PF-G02","承诺执行/可靠","SC-S2-07","双方父母/原生家庭","SC-S1-09","中年多重责任","SC-S3-05","居住/迁移变化","NF-N1-03","被理解/被回应/被关心","Gate or conditional","N3-01","当「承诺执行/可靠」进入「中年多重责任」的「双方父母/原生家庭」，遇到「居住/迁移变化」时，对重视「被理解/被回应/被关心」的人意味着什么？","generated_by_constrained_mapping","unreviewed"
"CC-01963","PF-G02","承诺执行/可靠","SC-S2-02","工作/事业/学习","SC-S1-02","恋爱/磨合","SC-S3-01","工作时间突变","NF-N1-07","公平/可靠/合作","Conditional / gate","N3-02/N3-03","当「承诺执行/可靠」进入「恋爱/磨合」的「工作/事业/学习」，遇到「工作时间突变」时，对重视「公平/可靠/合作」的人意味着什么？","generated_by_constrained_mapping","unreviewed"
"CC-01964","PF-G02","承诺执行/可靠","SC-S2-02","工作/事业/学习","SC-S1-02","恋爱/磨合","SC-S3-01","工作时间突变","NF-N1-05","安全/信任/可预测","Gate / conditional","N3-02/N3-06","当「承诺执行/可靠」进入「恋爱/磨合」的「工作/事业/学习」，遇到「工作时间突变」时，对重视「安全/信任/可预测」的人意味着什么？","generated_by_constrained_mapping","unreviewed"
"CC-01965","PF-G02","承诺执行/可靠","SC-S2-02","工作/事业/学习","SC-S1-02","恋爱/磨合","SC-S3-01","工作时间突变","NF-N1-03","被理解/被回应/被关心","Gate or conditional","N3-01","当「承诺执行/可靠」进入「恋爱/磨合」的「工作/事业/学习」，遇到「工作时间突变」时，对重视「被理解/被回应/被关心」的人意味着什么？","generated_by_constrained_mapping","unreviewed"
"CC-01966","PF-G02","承诺执行/可靠","SC-S2-02","工作/事业/学习","SC-S1-02","恋爱/磨合","SC-S3-02","事业机会/职业转折","NF-N1-07","公平/可靠/合作","Conditional / gate","N3-02/N3-03","当「承诺执行/可靠」进入「恋爱/磨合」的「工作/事业/学习」，遇到「事业机会/职业转折」时，对重视「公平/可靠/合作」的人意味着什么？","generated_by_constrained_mapping","unreviewed"
"CC-01967","PF-G02","承诺执行/可靠","SC-S2-02","工作/事业/学习","SC-S1-02","恋爱/磨合","SC-S3-02","事业机会/职业转折","NF-N1-05","安全/信任/可预测","Gate / conditional","N3-02/N3-06","当「承诺执行/可靠」进入「恋爱/磨合」的「工作/事业/学习」，遇到「事业机会/职业转折」时，对重视「安全/信任/可预测」的人意味着什么？","generated_by_constrained_mapping","unreviewed"
"CC-01968","PF-G02","承诺执行/可靠","SC-S2-02","工作/事业/学习","SC-S1-02","恋爱/磨合","SC-S3-02","事业机会/职业转折","NF-N1-03","被理解/被回应/被关心","Gate or conditional","N3-01","当「承诺执行/可靠」进入「恋爱/磨合」的「工作/事业/学习」，遇到「事业机会/职业转折」时，对重视「被理解/被回应/被关心」的人意味着什么？","generated_by_constrained_mapping","unreviewed"
"CC-01969","PF-G02","承诺执行/可靠","SC-S2-02","工作/事业/学习","SC-S1-05","结婚/建立家庭","SC-S3-01","工作时间突变","NF-N1-07","公平/可靠/合作","Conditional / gate","N3-02/N3-03","当「承诺执行/可靠」进入「结婚/建立家庭」的「工作/事业/学习」，遇到「工作时间突变」时，对重视「公平/可靠/合作」的人意味着什么？","generated_by_constrained_mapping","unreviewed"
"CC-01970","PF-G02","承诺执行/可靠","SC-S2-02","工作/事业/学习","SC-S1-05","结婚/建立家庭","SC-S3-01","工作时间突变","NF-N1-05","安全/信任/可预测","Gate / conditional","N3-02/N3-06","当「承诺执行/可靠」进入「结婚/建立家庭」的「工作/事业/学习」，遇到「工作时间突变」时，对重视「安全/信任/可预测」的人意味着什么？","generated_by_constrained_mapping","unreviewed"
"CC-01971","PF-G02","承诺执行/可靠","SC-S2-02","工作/事业/学习","SC-S1-05","结婚/建立家庭","SC-S3-01","工作时间突变","NF-N1-03","被理解/被回应/被关心","Gate or conditional","N3-01","当「承诺执行/可靠」进入「结婚/建立家庭」的「工作/事业/学习」，遇到「工作时间突变」时，对重视「被理解/被回应/被关心」的人意味着什么？","generated_by_constrained_mapping","unreviewed"
"CC-01972","PF-G02","承诺执行/可靠","SC-S2-02","工作/事业/学习","SC-S1-05","结婚/建立家庭","SC-S3-02","事业机会/职业转折","NF-N1-07","公平/可靠/合作","Conditional / gate","N3-02/N3-03","当「承诺执行/可靠」进入「结婚/建立家庭」的「工作/事业/学习」，遇到「事业机会/职业转折」时，对重视「公平/可靠/合作」的人意味着什么？","generated_by_constrained_mapping","unreviewed"
"CC-01973","PF-G02","承诺执行/可靠","SC-S2-02","工作/事业/学习","SC-S1-05","结婚/建立家庭","SC-S3-02","事业机会/职业转折","NF-N1-05","安全/信任/可预测","Gate / conditional","N3-02/N3-06","当「承诺执行/可靠」进入「结婚/建立家庭」的「工作/事业/学习」，遇到「事业机会/职业转折」时，对重视「安全/信任/可预测」的人意味着什么？","generated_by_constrained_mapping","unreviewed"
"CC-01974","PF-G02","承诺执行/可靠","SC-S2-02","工作/事业/学习","SC-S1-05","结婚/建立家庭","SC-S3-02","事业机会/职业转折","NF-N1-03","被理解/被回应/被关心","Gate or conditional","N3-01","当「承诺执行/可靠」进入「结婚/建立家庭」的「工作/事业/学习」，遇到「事业机会/职业转折」时，对重视「被理解/被回应/被关心」的人意味着什么？","generated_by_constrained_mapping","unreviewed"
"CC-01975","PF-G02","承诺执行/可靠","SC-S2-02","工作/事业/学习","SC-S1-09","中年多重责任","SC-S3-01","工作时间突变","NF-N1-07","公平/可靠/合作","Conditional / gate","N3-02/N3-03","当「承诺执行/可靠」进入「中年多重责任」的「工作/事业/学习」，遇到「工作时间突变」时，对重视「公平/可靠/合作」的人意味着什么？","generated_by_constrained_mapping","unreviewed"
"CC-01976","PF-G02","承诺执行/可靠","SC-S2-02","工作/事业/学习","SC-S1-09","中年多重责任","SC-S3-01","工作时间突变","NF-N1-05","安全/信任/可预测","Gate / conditional","N3-02/N3-06","当「承诺执行/可靠」进入「中年多重责任」的「工作/事业/学习」，遇到「工作时间突变」时，对重视「安全/信任/可预测」的人意味着什么？","generated_by_constrained_mapping","unreviewed"
"CC-01977","PF-G02","承诺执行/可靠","SC-S2-02","工作/事业/学习","SC-S1-09","中年多重责任","SC-S3-01","工作时间突变","NF-N1-03","被理解/被回应/被关心","Gate or conditional","N3-01","当「承诺执行/可靠」进入「中年多重责任」的「工作/事业/学习」，遇到「工作时间突变」时，对重视「被理解/被回应/被关心」的人意味着什么？","generated_by_constrained_mapping","unreviewed"
"CC-01978","PF-G02","承诺执行/可靠","SC-S2-02","工作/事业/学习","SC-S1-09","中年多重责任","SC-S3-02","事业机会/职业转折","NF-N1-07","公平/可靠/合作","Conditional / gate","N3-02/N3-03","当「承诺执行/可靠」进入「中年多重责任」的「工作/事业/学习」，遇到「事业机会/职业转折」时，对重视「公平/可靠/合作」的人意味着什么？","generated_by_constrained_mapping","unreviewed"
"CC-01979","PF-G02","承诺执行/可靠","SC-S2-02","工作/事业/学习","SC-S1-09","中年多重责任","SC-S3-02","事业机会/职业转折","NF-N1-05","安全/信任/可预测","Gate / conditional","N3-02/N3-06","当「承诺执行/可靠」进入「中年多重责任」的「工作/事业/学习」，遇到「事业机会/职业转折」时，对重视「安全/信任/可预测」的人意味着什么？","generated_by_constrained_mapping","unreviewed"
"CC-01980","PF-G02","承诺执行/可靠","SC-S2-02","工作/事业/学习","SC-S1-09","中年多重责任","SC-S3-02","事业机会/职业转折","NF-N1-03","被理解/被回应/被关心","Gate or conditional","N3-01","当「承诺执行/可靠」进入「中年多重责任」的「工作/事业/学习」，遇到「事业机会/职业转折」时，对重视「被理解/被回应/被关心」的人意味着什么？","generated_by_constrained_mapping","unreviewed"
"CC-01981","PF-G03","公平/合作","SC-S2-05","家务/家庭劳动","SC-S1-04","同居/婚前","SC-S3-06","生育/育儿转折","NF-N1-07","公平/可靠/合作","Conditional / gate","N3-02/N3-03","当「公平/合作」进入「同居/婚前」的「家务/家庭劳动」，遇到「生育/育儿转折」时，对重视「公平/可靠/合作」的人意味着什么？","generated_by_constrained_mapping","unreviewed"
"CC-01982","PF-G03","公平/合作","SC-S2-05","家务/家庭劳动","SC-S1-04","同居/婚前","SC-S3-06","生育/育儿转折","NF-N1-11","家庭投入/家庭边界","Fit / conditional","N3-03/N3-04","当「公平/合作」进入「同居/婚前」的「家务/家庭劳动」，遇到「生育/育儿转折」时，对重视「家庭投入/家庭边界」的人意味着什么？","generated_by_constrained_mapping","unreviewed"
"CC-01983","PF-G03","公平/合作","SC-S2-05","家务/家庭劳动","SC-S1-04","同居/婚前","SC-S3-06","生育/育儿转折","NF-N1-05","安全/信任/可预测","Gate / conditional","N3-02/N3-06","当「公平/合作」进入「同居/婚前」的「家务/家庭劳动」，遇到「生育/育儿转折」时，对重视「安全/信任/可预测」的人意味着什么？","generated_by_constrained_mapping","unreviewed"
"CC-01984","PF-G03","公平/合作","SC-S2-05","家务/家庭劳动","SC-S1-04","同居/婚前","SC-S3-10","反复小问题累积","NF-N1-07","公平/可靠/合作","Conditional / gate","N3-02/N3-03","当「公平/合作」进入「同居/婚前」的「家务/家庭劳动」，遇到「反复小问题累积」时，对重视「公平/可靠/合作」的人意味着什么？","generated_by_constrained_mapping","unreviewed"
"CC-01985","PF-G03","公平/合作","SC-S2-05","家务/家庭劳动","SC-S1-04","同居/婚前","SC-S3-10","反复小问题累积","NF-N1-11","家庭投入/家庭边界","Fit / conditional","N3-03/N3-04","当「公平/合作」进入「同居/婚前」的「家务/家庭劳动」，遇到「反复小问题累积」时，对重视「家庭投入/家庭边界」的人意味着什么？","generated_by_constrained_mapping","unreviewed"
"CC-01986","PF-G03","公平/合作","SC-S2-05","家务/家庭劳动","SC-S1-04","同居/婚前","SC-S3-10","反复小问题累积","NF-N1-05","安全/信任/可预测","Gate / conditional","N3-02/N3-06","当「公平/合作」进入「同居/婚前」的「家务/家庭劳动」，遇到「反复小问题累积」时，对重视「安全/信任/可预测」的人意味着什么？","generated_by_constrained_mapping","unreviewed"
"CC-01987","PF-G03","公平/合作","SC-S2-05","家务/家庭劳动","SC-S1-07","婴幼儿照护","SC-S3-06","生育/育儿转折","NF-N1-07","公平/可靠/合作","Conditional / gate","N3-02/N3-03","当「公平/合作」进入「婴幼儿照护」的「家务/家庭劳动」，遇到「生育/育儿转折」时，对重视「公平/可靠/合作」的人意味着什么？","generated_by_constrained_mapping","unreviewed"
"CC-01988","PF-G03","公平/合作","SC-S2-05","家务/家庭劳动","SC-S1-07","婴幼儿照护","SC-S3-06","生育/育儿转折","NF-N1-11","家庭投入/家庭边界","Fit / conditional","N3-03/N3-04","当「公平/合作」进入「婴幼儿照护」的「家务/家庭劳动」，遇到「生育/育儿转折」时，对重视「家庭投入/家庭边界」的人意味着什么？","generated_by_constrained_mapping","unreviewed"
"CC-01989","PF-G03","公平/合作","SC-S2-05","家务/家庭劳动","SC-S1-07","婴幼儿照护","SC-S3-06","生育/育儿转折","NF-N1-05","安全/信任/可预测","Gate / conditional","N3-02/N3-06","当「公平/合作」进入「婴幼儿照护」的「家务/家庭劳动」，遇到「生育/育儿转折」时，对重视「安全/信任/可预测」的人意味着什么？","generated_by_constrained_mapping","unreviewed"
"CC-01990","PF-G03","公平/合作","SC-S2-05","家务/家庭劳动","SC-S1-07","婴幼儿照护","SC-S3-10","反复小问题累积","NF-N1-07","公平/可靠/合作","Conditional / gate","N3-02/N3-03","当「公平/合作」进入「婴幼儿照护」的「家务/家庭劳动」，遇到「反复小问题累积」时，对重视「公平/可靠/合作」的人意味着什么？","generated_by_constrained_mapping","unreviewed"
"CC-01991","PF-G03","公平/合作","SC-S2-05","家务/家庭劳动","SC-S1-07","婴幼儿照护","SC-S3-10","反复小问题累积","NF-N1-11","家庭投入/家庭边界","Fit / conditional","N3-03/N3-04","当「公平/合作」进入「婴幼儿照护」的「家务/家庭劳动」，遇到「反复小问题累积」时，对重视「家庭投入/家庭边界」的人意味着什么？","generated_by_constrained_mapping","unreviewed"
"CC-01992","PF-G03","公平/合作","SC-S2-05","家务/家庭劳动","SC-S1-07","婴幼儿照护","SC-S3-10","反复小问题累积","NF-N1-05","安全/信任/可预测","Gate / conditional","N3-02/N3-06","当「公平/合作」进入「婴幼儿照护」的「家务/家庭劳动」，遇到「反复小问题累积」时，对重视「安全/信任/可预测」的人意味着什么？","generated_by_constrained_mapping","unreviewed"
"CC-01993","PF-G03","公平/合作","SC-S2-05","家务/家庭劳动","SC-S1-09","中年多重责任","SC-S3-06","生育/育儿转折","NF-N1-07","公平/可靠/合作","Conditional / gate","N3-02/N3-03","当「公平/合作」进入「中年多重责任」的「家务/家庭劳动」，遇到「生育/育儿转折」时，对重视「公平/可靠/合作」的人意味着什么？","generated_by_constrained_mapping","unreviewed"
"CC-01994","PF-G03","公平/合作","SC-S2-05","家务/家庭劳动","SC-S1-09","中年多重责任","SC-S3-06","生育/育儿转折","NF-N1-11","家庭投入/家庭边界","Fit / conditional","N3-03/N3-04","当「公平/合作」进入「中年多重责任」的「家务/家庭劳动」，遇到「生育/育儿转折」时，对重视「家庭投入/家庭边界」的人意味着什么？","generated_by_constrained_mapping","unreviewed"
"CC-01995","PF-G03","公平/合作","SC-S2-05","家务/家庭劳动","SC-S1-09","中年多重责任","SC-S3-06","生育/育儿转折","NF-N1-05","安全/信任/可预测","Gate / conditional","N3-02/N3-06","当「公平/合作」进入「中年多重责任」的「家务/家庭劳动」，遇到「生育/育儿转折」时，对重视「安全/信任/可预测」的人意味着什么？","generated_by_constrained_mapping","unreviewed"
"CC-01996","PF-G03","公平/合作","SC-S2-05","家务/家庭劳动","SC-S1-09","中年多重责任","SC-S3-10","反复小问题累积","NF-N1-07","公平/可靠/合作","Conditional / gate","N3-02/N3-03","当「公平/合作」进入「中年多重责任」的「家务/家庭劳动」，遇到「反复小问题累积」时，对重视「公平/可靠/合作」的人意味着什么？","generated_by_constrained_mapping","unreviewed"
"CC-01997","PF-G03","公平/合作","SC-S2-05","家务/家庭劳动","SC-S1-09","中年多重责任","SC-S3-10","反复小问题累积","NF-N1-11","家庭投入/家庭边界","Fit / conditional","N3-03/N3-04","当「公平/合作」进入「中年多重责任」的「家务/家庭劳动」，遇到「反复小问题累积」时，对重视「家庭投入/家庭边界」的人意味着什么？","generated_by_constrained_mapping","unreviewed"
"CC-01998","PF-G03","公平/合作","SC-S2-05","家务/家庭劳动","SC-S1-09","中年多重责任","SC-S3-10","反复小问题累积","NF-N1-05","安全/信任/可预测","Gate / conditional","N3-02/N3-06","当「公平/合作」进入「中年多重责任」的「家务/家庭劳动」，遇到「反复小问题累积」时，对重视「安全/信任/可预测」的人意味着什么？","generated_by_constrained_mapping","unreviewed"
"CC-01999","PF-G03","公平/合作","SC-S2-06","孩子/生育/教育","SC-S1-05","结婚/建立家庭","SC-S3-06","生育/育儿转折","NF-N1-07","公平/可靠/合作","Conditional / gate","N3-02/N3-03","当「公平/合作」进入「结婚/建立家庭」的「孩子/生育/教育」，遇到「生育/育儿转折」时，对重视「公平/可靠/合作」的人意味着什么？","generated_by_constrained_mapping","unreviewed"
"CC-02000","PF-G03","公平/合作","SC-S2-06","孩子/生育/教育","SC-S1-05","结婚/建立家庭","SC-S3-06","生育/育儿转折","NF-N1-11","家庭投入/家庭边界","Fit / conditional","N3-03/N3-04","当「公平/合作」进入「结婚/建立家庭」的「孩子/生育/教育」，遇到「生育/育儿转折」时，对重视「家庭投入/家庭边界」的人意味着什么？","generated_by_constrained_mapping","unreviewed"
"CC-02001","PF-G03","公平/合作","SC-S2-06","孩子/生育/教育","SC-S1-05","结婚/建立家庭","SC-S3-06","生育/育儿转折","NF-N1-05","安全/信任/可预测","Gate / conditional","N3-02/N3-06","当「公平/合作」进入「结婚/建立家庭」的「孩子/生育/教育」，遇到「生育/育儿转折」时，对重视「安全/信任/可预测」的人意味着什么？","generated_by_constrained_mapping","unreviewed"
"CC-02002","PF-G03","公平/合作","SC-S2-06","孩子/生育/教育","SC-S1-05","结婚/建立家庭","SC-S3-01","工作时间突变","NF-N1-07","公平/可靠/合作","Conditional / gate","N3-02/N3-03","当「公平/合作」进入「结婚/建立家庭」的「孩子/生育/教育」，遇到「工作时间突变」时，对重视「公平/可靠/合作」的人意味着什么？","generated_by_constrained_mapping","unreviewed"
"CC-02003","PF-G03","公平/合作","SC-S2-06","孩子/生育/教育","SC-S1-05","结婚/建立家庭","SC-S3-01","工作时间突变","NF-N1-11","家庭投入/家庭边界","Fit / conditional","N3-03/N3-04","当「公平/合作」进入「结婚/建立家庭」的「孩子/生育/教育」，遇到「工作时间突变」时，对重视「家庭投入/家庭边界」的人意味着什么？","generated_by_constrained_mapping","unreviewed"
"CC-02004","PF-G03","公平/合作","SC-S2-06","孩子/生育/教育","SC-S1-05","结婚/建立家庭","SC-S3-01","工作时间突变","NF-N1-05","安全/信任/可预测","Gate / conditional","N3-02/N3-06","当「公平/合作」进入「结婚/建立家庭」的「孩子/生育/教育」，遇到「工作时间突变」时，对重视「安全/信任/可预测」的人意味着什么？","generated_by_constrained_mapping","unreviewed"
"CC-02005","PF-G03","公平/合作","SC-S2-06","孩子/生育/教育","SC-S1-07","婴幼儿照护","SC-S3-06","生育/育儿转折","NF-N1-07","公平/可靠/合作","Conditional / gate","N3-02/N3-03","当「公平/合作」进入「婴幼儿照护」的「孩子/生育/教育」，遇到「生育/育儿转折」时，对重视「公平/可靠/合作」的人意味着什么？","generated_by_constrained_mapping","unreviewed"
"CC-02006","PF-G03","公平/合作","SC-S2-06","孩子/生育/教育","SC-S1-07","婴幼儿照护","SC-S3-06","生育/育儿转折","NF-N1-11","家庭投入/家庭边界","Fit / conditional","N3-03/N3-04","当「公平/合作」进入「婴幼儿照护」的「孩子/生育/教育」，遇到「生育/育儿转折」时，对重视「家庭投入/家庭边界」的人意味着什么？","generated_by_constrained_mapping","unreviewed"
"CC-02007","PF-G03","公平/合作","SC-S2-06","孩子/生育/教育","SC-S1-07","婴幼儿照护","SC-S3-06","生育/育儿转折","NF-N1-05","安全/信任/可预测","Gate / conditional","N3-02/N3-06","当「公平/合作」进入「婴幼儿照护」的「孩子/生育/教育」，遇到「生育/育儿转折」时，对重视「安全/信任/可预测」的人意味着什么？","generated_by_constrained_mapping","unreviewed"
"CC-02008","PF-G03","公平/合作","SC-S2-06","孩子/生育/教育","SC-S1-07","婴幼儿照护","SC-S3-01","工作时间突变","NF-N1-07","公平/可靠/合作","Conditional / gate","N3-02/N3-03","当「公平/合作」进入「婴幼儿照护」的「孩子/生育/教育」，遇到「工作时间突变」时，对重视「公平/可靠/合作」的人意味着什么？","generated_by_constrained_mapping","unreviewed"
"CC-02009","PF-G03","公平/合作","SC-S2-06","孩子/生育/教育","SC-S1-07","婴幼儿照护","SC-S3-01","工作时间突变","NF-N1-11","家庭投入/家庭边界","Fit / conditional","N3-03/N3-04","当「公平/合作」进入「婴幼儿照护」的「孩子/生育/教育」，遇到「工作时间突变」时，对重视「家庭投入/家庭边界」的人意味着什么？","generated_by_constrained_mapping","unreviewed"
"CC-02010","PF-G03","公平/合作","SC-S2-06","孩子/生育/教育","SC-S1-07","婴幼儿照护","SC-S3-01","工作时间突变","NF-N1-05","安全/信任/可预测","Gate / conditional","N3-02/N3-06","当「公平/合作」进入「婴幼儿照护」的「孩子/生育/教育」，遇到「工作时间突变」时，对重视「安全/信任/可预测」的人意味着什么？","generated_by_constrained_mapping","unreviewed"
"CC-02011","PF-G03","公平/合作","SC-S2-06","孩子/生育/教育","SC-S1-08","孩子成长/教育","SC-S3-06","生育/育儿转折","NF-N1-07","公平/可靠/合作","Conditional / gate","N3-02/N3-03","当「公平/合作」进入「孩子成长/教育」的「孩子/生育/教育」，遇到「生育/育儿转折」时，对重视「公平/可靠/合作」的人意味着什么？","generated_by_constrained_mapping","unreviewed"
"CC-02012","PF-G03","公平/合作","SC-S2-06","孩子/生育/教育","SC-S1-08","孩子成长/教育","SC-S3-06","生育/育儿转折","NF-N1-11","家庭投入/家庭边界","Fit / conditional","N3-03/N3-04","当「公平/合作」进入「孩子成长/教育」的「孩子/生育/教育」，遇到「生育/育儿转折」时，对重视「家庭投入/家庭边界」的人意味着什么？","generated_by_constrained_mapping","unreviewed"
"CC-02013","PF-G03","公平/合作","SC-S2-06","孩子/生育/教育","SC-S1-08","孩子成长/教育","SC-S3-06","生育/育儿转折","NF-N1-05","安全/信任/可预测","Gate / conditional","N3-02/N3-06","当「公平/合作」进入「孩子成长/教育」的「孩子/生育/教育」，遇到「生育/育儿转折」时，对重视「安全/信任/可预测」的人意味着什么？","generated_by_constrained_mapping","unreviewed"
"CC-02014","PF-G03","公平/合作","SC-S2-06","孩子/生育/教育","SC-S1-08","孩子成长/教育","SC-S3-01","工作时间突变","NF-N1-07","公平/可靠/合作","Conditional / gate","N3-02/N3-03","当「公平/合作」进入「孩子成长/教育」的「孩子/生育/教育」，遇到「工作时间突变」时，对重视「公平/可靠/合作」的人意味着什么？","generated_by_constrained_mapping","unreviewed"
"CC-02015","PF-G03","公平/合作","SC-S2-06","孩子/生育/教育","SC-S1-08","孩子成长/教育","SC-S3-01","工作时间突变","NF-N1-11","家庭投入/家庭边界","Fit / conditional","N3-03/N3-04","当「公平/合作」进入「孩子成长/教育」的「孩子/生育/教育」，遇到「工作时间突变」时，对重视「家庭投入/家庭边界」的人意味着什么？","generated_by_constrained_mapping","unreviewed"
"CC-02016","PF-G03","公平/合作","SC-S2-06","孩子/生育/教育","SC-S1-08","孩子成长/教育","SC-S3-01","工作时间突变","NF-N1-05","安全/信任/可预测","Gate / conditional","N3-02/N3-06","当「公平/合作」进入「孩子成长/教育」的「孩子/生育/教育」，遇到「工作时间突变」时，对重视「安全/信任/可预测」的人意味着什么？","generated_by_constrained_mapping","unreviewed"
"CC-02017","PF-G03","公平/合作","SC-S2-03","钱/财务","SC-S1-03","稳定交往","SC-S3-03","失业/收入下降","NF-N1-07","公平/可靠/合作","Conditional / gate","N3-02/N3-03","当「公平/合作」进入「稳定交往」的「钱/财务」，遇到「失业/收入下降」时，对重视「公平/可靠/合作」的人意味着什么？","generated_by_constrained_mapping","unreviewed"
"CC-02018","PF-G03","公平/合作","SC-S2-03","钱/财务","SC-S1-03","稳定交往","SC-S3-03","失业/收入下降","NF-N1-11","家庭投入/家庭边界","Fit / conditional","N3-03/N3-04","当「公平/合作」进入「稳定交往」的「钱/财务」，遇到「失业/收入下降」时，对重视「家庭投入/家庭边界」的人意味着什么？","generated_by_constrained_mapping","unreviewed"
"CC-02019","PF-G03","公平/合作","SC-S2-03","钱/财务","SC-S1-03","稳定交往","SC-S3-03","失业/收入下降","NF-N1-05","安全/信任/可预测","Gate / conditional","N3-02/N3-06","当「公平/合作」进入「稳定交往」的「钱/财务」，遇到「失业/收入下降」时，对重视「安全/信任/可预测」的人意味着什么？","generated_by_constrained_mapping","unreviewed"
"CC-02020","PF-G03","公平/合作","SC-S2-03","钱/财务","SC-S1-03","稳定交往","SC-S3-04","大额财务事件","NF-N1-07","公平/可靠/合作","Conditional / gate","N3-02/N3-03","当「公平/合作」进入「稳定交往」的「钱/财务」，遇到「大额财务事件」时，对重视「公平/可靠/合作」的人意味着什么？","generated_by_constrained_mapping","unreviewed"
"CC-02021","PF-G03","公平/合作","SC-S2-03","钱/财务","SC-S1-03","稳定交往","SC-S3-04","大额财务事件","NF-N1-11","家庭投入/家庭边界","Fit / conditional","N3-03/N3-04","当「公平/合作」进入「稳定交往」的「钱/财务」，遇到「大额财务事件」时，对重视「家庭投入/家庭边界」的人意味着什么？","generated_by_constrained_mapping","unreviewed"
"CC-02022","PF-G03","公平/合作","SC-S2-03","钱/财务","SC-S1-03","稳定交往","SC-S3-04","大额财务事件","NF-N1-05","安全/信任/可预测","Gate / conditional","N3-02/N3-06","当「公平/合作」进入「稳定交往」的「钱/财务」，遇到「大额财务事件」时，对重视「安全/信任/可预测」的人意味着什么？","generated_by_constrained_mapping","unreviewed"
"CC-02023","PF-G03","公平/合作","SC-S2-03","钱/财务","SC-S1-05","结婚/建立家庭","SC-S3-03","失业/收入下降","NF-N1-07","公平/可靠/合作","Conditional / gate","N3-02/N3-03","当「公平/合作」进入「结婚/建立家庭」的「钱/财务」，遇到「失业/收入下降」时，对重视「公平/可靠/合作」的人意味着什么？","generated_by_constrained_mapping","unreviewed"
"CC-02024","PF-G03","公平/合作","SC-S2-03","钱/财务","SC-S1-05","结婚/建立家庭","SC-S3-03","失业/收入下降","NF-N1-11","家庭投入/家庭边界","Fit / conditional","N3-03/N3-04","当「公平/合作」进入「结婚/建立家庭」的「钱/财务」，遇到「失业/收入下降」时，对重视「家庭投入/家庭边界」的人意味着什么？","generated_by_constrained_mapping","unreviewed"
"CC-02025","PF-G03","公平/合作","SC-S2-03","钱/财务","SC-S1-05","结婚/建立家庭","SC-S3-03","失业/收入下降","NF-N1-05","安全/信任/可预测","Gate / conditional","N3-02/N3-06","当「公平/合作」进入「结婚/建立家庭」的「钱/财务」，遇到「失业/收入下降」时，对重视「安全/信任/可预测」的人意味着什么？","generated_by_constrained_mapping","unreviewed"
"CC-02026","PF-G03","公平/合作","SC-S2-03","钱/财务","SC-S1-05","结婚/建立家庭","SC-S3-04","大额财务事件","NF-N1-07","公平/可靠/合作","Conditional / gate","N3-02/N3-03","当「公平/合作」进入「结婚/建立家庭」的「钱/财务」，遇到「大额财务事件」时，对重视「公平/可靠/合作」的人意味着什么？","generated_by_constrained_mapping","unreviewed"
"CC-02027","PF-G03","公平/合作","SC-S2-03","钱/财务","SC-S1-05","结婚/建立家庭","SC-S3-04","大额财务事件","NF-N1-11","家庭投入/家庭边界","Fit / conditional","N3-03/N3-04","当「公平/合作」进入「结婚/建立家庭」的「钱/财务」，遇到「大额财务事件」时，对重视「家庭投入/家庭边界」的人意味着什么？","generated_by_constrained_mapping","unreviewed"
"CC-02028","PF-G03","公平/合作","SC-S2-03","钱/财务","SC-S1-05","结婚/建立家庭","SC-S3-04","大额财务事件","NF-N1-05","安全/信任/可预测","Gate / conditional","N3-02/N3-06","当「公平/合作」进入「结婚/建立家庭」的「钱/财务」，遇到「大额财务事件」时，对重视「安全/信任/可预测」的人意味着什么？","generated_by_constrained_mapping","unreviewed"
"CC-02029","PF-G03","公平/合作","SC-S2-03","钱/财务","SC-S1-07","婴幼儿照护","SC-S3-03","失业/收入下降","NF-N1-07","公平/可靠/合作","Conditional / gate","N3-02/N3-03","当「公平/合作」进入「婴幼儿照护」的「钱/财务」，遇到「失业/收入下降」时，对重视「公平/可靠/合作」的人意味着什么？","generated_by_constrained_mapping","unreviewed"
"CC-02030","PF-G03","公平/合作","SC-S2-03","钱/财务","SC-S1-07","婴幼儿照护","SC-S3-03","失业/收入下降","NF-N1-11","家庭投入/家庭边界","Fit / conditional","N3-03/N3-04","当「公平/合作」进入「婴幼儿照护」的「钱/财务」，遇到「失业/收入下降」时，对重视「家庭投入/家庭边界」的人意味着什么？","generated_by_constrained_mapping","unreviewed"
"CC-02031","PF-G03","公平/合作","SC-S2-03","钱/财务","SC-S1-07","婴幼儿照护","SC-S3-03","失业/收入下降","NF-N1-05","安全/信任/可预测","Gate / conditional","N3-02/N3-06","当「公平/合作」进入「婴幼儿照护」的「钱/财务」，遇到「失业/收入下降」时，对重视「安全/信任/可预测」的人意味着什么？","generated_by_constrained_mapping","unreviewed"
"CC-02032","PF-G03","公平/合作","SC-S2-03","钱/财务","SC-S1-07","婴幼儿照护","SC-S3-04","大额财务事件","NF-N1-07","公平/可靠/合作","Conditional / gate","N3-02/N3-03","当「公平/合作」进入「婴幼儿照护」的「钱/财务」，遇到「大额财务事件」时，对重视「公平/可靠/合作」的人意味着什么？","generated_by_constrained_mapping","unreviewed"
"CC-02033","PF-G03","公平/合作","SC-S2-03","钱/财务","SC-S1-07","婴幼儿照护","SC-S3-04","大额财务事件","NF-N1-11","家庭投入/家庭边界","Fit / conditional","N3-03/N3-04","当「公平/合作」进入「婴幼儿照护」的「钱/财务」，遇到「大额财务事件」时，对重视「家庭投入/家庭边界」的人意味着什么？","generated_by_constrained_mapping","unreviewed"
"CC-02034","PF-G03","公平/合作","SC-S2-03","钱/财务","SC-S1-07","婴幼儿照护","SC-S3-04","大额财务事件","NF-N1-05","安全/信任/可预测","Gate / conditional","N3-02/N3-06","当「公平/合作」进入「婴幼儿照护」的「钱/财务」，遇到「大额财务事件」时，对重视「安全/信任/可预测」的人意味着什么？","generated_by_constrained_mapping","unreviewed"
"CC-02035","PF-G04","边界尊重","SC-S2-08","社交/朋友/个人空间","SC-S1-01","认识/相亲","SC-S3-09","社交/边界事件","NF-N1-04","自主/空间/自由","Ideal range / fit","N3-04","当「边界尊重」进入「认识/相亲」的「社交/朋友/个人空间」，遇到「社交/边界事件」时，对重视「自主/空间/自由」的人意味着什么？","generated_by_constrained_mapping","unreviewed"
"CC-02036","PF-G04","边界尊重","SC-S2-08","社交/朋友/个人空间","SC-S1-01","认识/相亲","SC-S3-09","社交/边界事件","NF-N1-05","安全/信任/可预测","Gate / conditional","N3-02/N3-06","当「边界尊重」进入「认识/相亲」的「社交/朋友/个人空间」，遇到「社交/边界事件」时，对重视「安全/信任/可预测」的人意味着什么？","generated_by_constrained_mapping","unreviewed"
"CC-02037","PF-G04","边界尊重","SC-S2-08","社交/朋友/个人空间","SC-S1-01","认识/相亲","SC-S3-09","社交/边界事件","NF-N1-11","家庭投入/家庭边界","Fit / conditional","N3-03/N3-04","当「边界尊重」进入「认识/相亲」的「社交/朋友/个人空间」，遇到「社交/边界事件」时，对重视「家庭投入/家庭边界」的人意味着什么？","generated_by_constrained_mapping","unreviewed"
"CC-02038","PF-G04","边界尊重","SC-S2-08","社交/朋友/个人空间","SC-S1-01","认识/相亲","SC-S3-10","反复小问题累积","NF-N1-04","自主/空间/自由","Ideal range / fit","N3-04","当「边界尊重」进入「认识/相亲」的「社交/朋友/个人空间」，遇到「反复小问题累积」时，对重视「自主/空间/自由」的人意味着什么？","generated_by_constrained_mapping","unreviewed"
"CC-02039","PF-G04","边界尊重","SC-S2-08","社交/朋友/个人空间","SC-S1-01","认识/相亲","SC-S3-10","反复小问题累积","NF-N1-05","安全/信任/可预测","Gate / conditional","N3-02/N3-06","当「边界尊重」进入「认识/相亲」的「社交/朋友/个人空间」，遇到「反复小问题累积」时，对重视「安全/信任/可预测」的人意味着什么？","generated_by_constrained_mapping","unreviewed"
"CC-02040","PF-G04","边界尊重","SC-S2-08","社交/朋友/个人空间","SC-S1-01","认识/相亲","SC-S3-10","反复小问题累积","NF-N1-11","家庭投入/家庭边界","Fit / conditional","N3-03/N3-04","当「边界尊重」进入「认识/相亲」的「社交/朋友/个人空间」，遇到「反复小问题累积」时，对重视「家庭投入/家庭边界」的人意味着什么？","generated_by_constrained_mapping","unreviewed"
"CC-02041","PF-G04","边界尊重","SC-S2-08","社交/朋友/个人空间","SC-S1-03","稳定交往","SC-S3-09","社交/边界事件","NF-N1-04","自主/空间/自由","Ideal range / fit","N3-04","当「边界尊重」进入「稳定交往」的「社交/朋友/个人空间」，遇到「社交/边界事件」时，对重视「自主/空间/自由」的人意味着什么？","generated_by_constrained_mapping","unreviewed"
"CC-02042","PF-G04","边界尊重","SC-S2-08","社交/朋友/个人空间","SC-S1-03","稳定交往","SC-S3-09","社交/边界事件","NF-N1-05","安全/信任/可预测","Gate / conditional","N3-02/N3-06","当「边界尊重」进入「稳定交往」的「社交/朋友/个人空间」，遇到「社交/边界事件」时，对重视「安全/信任/可预测」的人意味着什么？","generated_by_constrained_mapping","unreviewed"
"CC-02043","PF-G04","边界尊重","SC-S2-08","社交/朋友/个人空间","SC-S1-03","稳定交往","SC-S3-09","社交/边界事件","NF-N1-11","家庭投入/家庭边界","Fit / conditional","N3-03/N3-04","当「边界尊重」进入「稳定交往」的「社交/朋友/个人空间」，遇到「社交/边界事件」时，对重视「家庭投入/家庭边界」的人意味着什么？","generated_by_constrained_mapping","unreviewed"
"CC-02044","PF-G04","边界尊重","SC-S2-08","社交/朋友/个人空间","SC-S1-03","稳定交往","SC-S3-10","反复小问题累积","NF-N1-04","自主/空间/自由","Ideal range / fit","N3-04","当「边界尊重」进入「稳定交往」的「社交/朋友/个人空间」，遇到「反复小问题累积」时，对重视「自主/空间/自由」的人意味着什么？","generated_by_constrained_mapping","unreviewed"
"CC-02045","PF-G04","边界尊重","SC-S2-08","社交/朋友/个人空间","SC-S1-03","稳定交往","SC-S3-10","反复小问题累积","NF-N1-05","安全/信任/可预测","Gate / conditional","N3-02/N3-06","当「边界尊重」进入「稳定交往」的「社交/朋友/个人空间」，遇到「反复小问题累积」时，对重视「安全/信任/可预测」的人意味着什么？","generated_by_constrained_mapping","unreviewed"
"CC-02046","PF-G04","边界尊重","SC-S2-08","社交/朋友/个人空间","SC-S1-03","稳定交往","SC-S3-10","反复小问题累积","NF-N1-11","家庭投入/家庭边界","Fit / conditional","N3-03/N3-04","当「边界尊重」进入「稳定交往」的「社交/朋友/个人空间」，遇到「反复小问题累积」时，对重视「家庭投入/家庭边界」的人意味着什么？","generated_by_constrained_mapping","unreviewed"
"CC-02047","PF-G04","边界尊重","SC-S2-08","社交/朋友/个人空间","SC-S1-05","结婚/建立家庭","SC-S3-09","社交/边界事件","NF-N1-04","自主/空间/自由","Ideal range / fit","N3-04","当「边界尊重」进入「结婚/建立家庭」的「社交/朋友/个人空间」，遇到「社交/边界事件」时，对重视「自主/空间/自由」的人意味着什么？","generated_by_constrained_mapping","unreviewed"
"CC-02048","PF-G04","边界尊重","SC-S2-08","社交/朋友/个人空间","SC-S1-05","结婚/建立家庭","SC-S3-09","社交/边界事件","NF-N1-05","安全/信任/可预测","Gate / conditional","N3-02/N3-06","当「边界尊重」进入「结婚/建立家庭」的「社交/朋友/个人空间」，遇到「社交/边界事件」时，对重视「安全/信任/可预测」的人意味着什么？","generated_by_constrained_mapping","unreviewed"
"CC-02049","PF-G04","边界尊重","SC-S2-08","社交/朋友/个人空间","SC-S1-05","结婚/建立家庭","SC-S3-09","社交/边界事件","NF-N1-11","家庭投入/家庭边界","Fit / conditional","N3-03/N3-04","当「边界尊重」进入「结婚/建立家庭」的「社交/朋友/个人空间」，遇到「社交/边界事件」时，对重视「家庭投入/家庭边界」的人意味着什么？","generated_by_constrained_mapping","unreviewed"
"CC-02050","PF-G04","边界尊重","SC-S2-08","社交/朋友/个人空间","SC-S1-05","结婚/建立家庭","SC-S3-10","反复小问题累积","NF-N1-04","自主/空间/自由","Ideal range / fit","N3-04","当「边界尊重」进入「结婚/建立家庭」的「社交/朋友/个人空间」，遇到「反复小问题累积」时，对重视「自主/空间/自由」的人意味着什么？","generated_by_constrained_mapping","unreviewed"
"CC-02051","PF-G04","边界尊重","SC-S2-08","社交/朋友/个人空间","SC-S1-05","结婚/建立家庭","SC-S3-10","反复小问题累积","NF-N1-05","安全/信任/可预测","Gate / conditional","N3-02/N3-06","当「边界尊重」进入「结婚/建立家庭」的「社交/朋友/个人空间」，遇到「反复小问题累积」时，对重视「安全/信任/可预测」的人意味着什么？","generated_by_constrained_mapping","unreviewed"
"CC-02052","PF-G04","边界尊重","SC-S2-08","社交/朋友/个人空间","SC-S1-05","结婚/建立家庭","SC-S3-10","反复小问题累积","NF-N1-11","家庭投入/家庭边界","Fit / conditional","N3-03/N3-04","当「边界尊重」进入「结婚/建立家庭」的「社交/朋友/个人空间」，遇到「反复小问题累积」时，对重视「家庭投入/家庭边界」的人意味着什么？","generated_by_constrained_mapping","unreviewed"
"CC-02053","PF-G04","边界尊重","SC-S2-07","双方父母/原生家庭","SC-S1-05","结婚/建立家庭","SC-S3-07","父母责任变化","NF-N1-04","自主/空间/自由","Ideal range / fit","N3-04","当「边界尊重」进入「结婚/建立家庭」的「双方父母/原生家庭」，遇到「父母责任变化」时，对重视「自主/空间/自由」的人意味着什么？","generated_by_constrained_mapping","unreviewed"
"CC-02054","PF-G04","边界尊重","SC-S2-07","双方父母/原生家庭","SC-S1-05","结婚/建立家庭","SC-S3-07","父母责任变化","NF-N1-05","安全/信任/可预测","Gate / conditional","N3-02/N3-06","当「边界尊重」进入「结婚/建立家庭」的「双方父母/原生家庭」，遇到「父母责任变化」时，对重视「安全/信任/可预测」的人意味着什么？","generated_by_constrained_mapping","unreviewed"
"CC-02055","PF-G04","边界尊重","SC-S2-07","双方父母/原生家庭","SC-S1-05","结婚/建立家庭","SC-S3-07","父母责任变化","NF-N1-11","家庭投入/家庭边界","Fit / conditional","N3-03/N3-04","当「边界尊重」进入「结婚/建立家庭」的「双方父母/原生家庭」，遇到「父母责任变化」时，对重视「家庭投入/家庭边界」的人意味着什么？","generated_by_constrained_mapping","unreviewed"
"CC-02056","PF-G04","边界尊重","SC-S2-07","双方父母/原生家庭","SC-S1-05","结婚/建立家庭","SC-S3-05","居住/迁移变化","NF-N1-04","自主/空间/自由","Ideal range / fit","N3-04","当「边界尊重」进入「结婚/建立家庭」的「双方父母/原生家庭」，遇到「居住/迁移变化」时，对重视「自主/空间/自由」的人意味着什么？","generated_by_constrained_mapping","unreviewed"
"CC-02057","PF-G04","边界尊重","SC-S2-07","双方父母/原生家庭","SC-S1-05","结婚/建立家庭","SC-S3-05","居住/迁移变化","NF-N1-05","安全/信任/可预测","Gate / conditional","N3-02/N3-06","当「边界尊重」进入「结婚/建立家庭」的「双方父母/原生家庭」，遇到「居住/迁移变化」时，对重视「安全/信任/可预测」的人意味着什么？","generated_by_constrained_mapping","unreviewed"
"CC-02058","PF-G04","边界尊重","SC-S2-07","双方父母/原生家庭","SC-S1-05","结婚/建立家庭","SC-S3-05","居住/迁移变化","NF-N1-11","家庭投入/家庭边界","Fit / conditional","N3-03/N3-04","当「边界尊重」进入「结婚/建立家庭」的「双方父母/原生家庭」，遇到「居住/迁移变化」时，对重视「家庭投入/家庭边界」的人意味着什么？","generated_by_constrained_mapping","unreviewed"
"CC-02059","PF-G04","边界尊重","SC-S2-07","双方父母/原生家庭","SC-S1-07","婴幼儿照护","SC-S3-07","父母责任变化","NF-N1-04","自主/空间/自由","Ideal range / fit","N3-04","当「边界尊重」进入「婴幼儿照护」的「双方父母/原生家庭」，遇到「父母责任变化」时，对重视「自主/空间/自由」的人意味着什么？","generated_by_constrained_mapping","unreviewed"
"CC-02060","PF-G04","边界尊重","SC-S2-07","双方父母/原生家庭","SC-S1-07","婴幼儿照护","SC-S3-07","父母责任变化","NF-N1-05","安全/信任/可预测","Gate / conditional","N3-02/N3-06","当「边界尊重」进入「婴幼儿照护」的「双方父母/原生家庭」，遇到「父母责任变化」时，对重视「安全/信任/可预测」的人意味着什么？","generated_by_constrained_mapping","unreviewed"
"CC-02061","PF-G04","边界尊重","SC-S2-07","双方父母/原生家庭","SC-S1-07","婴幼儿照护","SC-S3-07","父母责任变化","NF-N1-11","家庭投入/家庭边界","Fit / conditional","N3-03/N3-04","当「边界尊重」进入「婴幼儿照护」的「双方父母/原生家庭」，遇到「父母责任变化」时，对重视「家庭投入/家庭边界」的人意味着什么？","generated_by_constrained_mapping","unreviewed"
"CC-02062","PF-G04","边界尊重","SC-S2-07","双方父母/原生家庭","SC-S1-07","婴幼儿照护","SC-S3-05","居住/迁移变化","NF-N1-04","自主/空间/自由","Ideal range / fit","N3-04","当「边界尊重」进入「婴幼儿照护」的「双方父母/原生家庭」，遇到「居住/迁移变化」时，对重视「自主/空间/自由」的人意味着什么？","generated_by_constrained_mapping","unreviewed"
"CC-02063","PF-G04","边界尊重","SC-S2-07","双方父母/原生家庭","SC-S1-07","婴幼儿照护","SC-S3-05","居住/迁移变化","NF-N1-05","安全/信任/可预测","Gate / conditional","N3-02/N3-06","当「边界尊重」进入「婴幼儿照护」的「双方父母/原生家庭」，遇到「居住/迁移变化」时，对重视「安全/信任/可预测」的人意味着什么？","generated_by_constrained_mapping","unreviewed"
"CC-02064","PF-G04","边界尊重","SC-S2-07","双方父母/原生家庭","SC-S1-07","婴幼儿照护","SC-S3-05","居住/迁移变化","NF-N1-11","家庭投入/家庭边界","Fit / conditional","N3-03/N3-04","当「边界尊重」进入「婴幼儿照护」的「双方父母/原生家庭」，遇到「居住/迁移变化」时，对重视「家庭投入/家庭边界」的人意味着什么？","generated_by_constrained_mapping","unreviewed"
"CC-02065","PF-G04","边界尊重","SC-S2-07","双方父母/原生家庭","SC-S1-09","中年多重责任","SC-S3-07","父母责任变化","NF-N1-04","自主/空间/自由","Ideal range / fit","N3-04","当「边界尊重」进入「中年多重责任」的「双方父母/原生家庭」，遇到「父母责任变化」时，对重视「自主/空间/自由」的人意味着什么？","generated_by_constrained_mapping","unreviewed"
"CC-02066","PF-G04","边界尊重","SC-S2-07","双方父母/原生家庭","SC-S1-09","中年多重责任","SC-S3-07","父母责任变化","NF-N1-05","安全/信任/可预测","Gate / conditional","N3-02/N3-06","当「边界尊重」进入「中年多重责任」的「双方父母/原生家庭」，遇到「父母责任变化」时，对重视「安全/信任/可预测」的人意味着什么？","generated_by_constrained_mapping","unreviewed"
"CC-02067","PF-G04","边界尊重","SC-S2-07","双方父母/原生家庭","SC-S1-09","中年多重责任","SC-S3-07","父母责任变化","NF-N1-11","家庭投入/家庭边界","Fit / conditional","N3-03/N3-04","当「边界尊重」进入「中年多重责任」的「双方父母/原生家庭」，遇到「父母责任变化」时，对重视「家庭投入/家庭边界」的人意味着什么？","generated_by_constrained_mapping","unreviewed"
"CC-02068","PF-G04","边界尊重","SC-S2-07","双方父母/原生家庭","SC-S1-09","中年多重责任","SC-S3-05","居住/迁移变化","NF-N1-04","自主/空间/自由","Ideal range / fit","N3-04","当「边界尊重」进入「中年多重责任」的「双方父母/原生家庭」，遇到「居住/迁移变化」时，对重视「自主/空间/自由」的人意味着什么？","generated_by_constrained_mapping","unreviewed"
"CC-02069","PF-G04","边界尊重","SC-S2-07","双方父母/原生家庭","SC-S1-09","中年多重责任","SC-S3-05","居住/迁移变化","NF-N1-05","安全/信任/可预测","Gate / conditional","N3-02/N3-06","当「边界尊重」进入「中年多重责任」的「双方父母/原生家庭」，遇到「居住/迁移变化」时，对重视「安全/信任/可预测」的人意味着什么？","generated_by_constrained_mapping","unreviewed"
"CC-02070","PF-G04","边界尊重","SC-S2-07","双方父母/原生家庭","SC-S1-09","中年多重责任","SC-S3-05","居住/迁移变化","NF-N1-11","家庭投入/家庭边界","Fit / conditional","N3-03/N3-04","当「边界尊重」进入「中年多重责任」的「双方父母/原生家庭」，遇到「居住/迁移变化」时，对重视「家庭投入/家庭边界」的人意味着什么？","generated_by_constrained_mapping","unreviewed"
"CC-02071","PF-G04","边界尊重","SC-S2-10","性/身体亲密","SC-S1-02","恋爱/磨合","SC-S3-08","本人健康变化","NF-N1-04","自主/空间/自由","Ideal range / fit","N3-04","当「边界尊重」进入「恋爱/磨合」的「性/身体亲密」，遇到「本人健康变化」时，对重视「自主/空间/自由」的人意味着什么？","generated_by_constrained_mapping","unreviewed"
"CC-02072","PF-G04","边界尊重","SC-S2-10","性/身体亲密","SC-S1-02","恋爱/磨合","SC-S3-08","本人健康变化","NF-N1-05","安全/信任/可预测","Gate / conditional","N3-02/N3-06","当「边界尊重」进入「恋爱/磨合」的「性/身体亲密」，遇到「本人健康变化」时，对重视「安全/信任/可预测」的人意味着什么？","generated_by_constrained_mapping","unreviewed"
"CC-02073","PF-G04","边界尊重","SC-S2-10","性/身体亲密","SC-S1-02","恋爱/磨合","SC-S3-08","本人健康变化","NF-N1-11","家庭投入/家庭边界","Fit / conditional","N3-03/N3-04","当「边界尊重」进入「恋爱/磨合」的「性/身体亲密」，遇到「本人健康变化」时，对重视「家庭投入/家庭边界」的人意味着什么？","generated_by_constrained_mapping","unreviewed"
"CC-02074","PF-G04","边界尊重","SC-S2-10","性/身体亲密","SC-S1-02","恋爱/磨合","SC-S3-10","反复小问题累积","NF-N1-04","自主/空间/自由","Ideal range / fit","N3-04","当「边界尊重」进入「恋爱/磨合」的「性/身体亲密」，遇到「反复小问题累积」时，对重视「自主/空间/自由」的人意味着什么？","generated_by_constrained_mapping","unreviewed"
"CC-02075","PF-G04","边界尊重","SC-S2-10","性/身体亲密","SC-S1-02","恋爱/磨合","SC-S3-10","反复小问题累积","NF-N1-05","安全/信任/可预测","Gate / conditional","N3-02/N3-06","当「边界尊重」进入「恋爱/磨合」的「性/身体亲密」，遇到「反复小问题累积」时，对重视「安全/信任/可预测」的人意味着什么？","generated_by_constrained_mapping","unreviewed"
"CC-02076","PF-G04","边界尊重","SC-S2-10","性/身体亲密","SC-S1-02","恋爱/磨合","SC-S3-10","反复小问题累积","NF-N1-11","家庭投入/家庭边界","Fit / conditional","N3-03/N3-04","当「边界尊重」进入「恋爱/磨合」的「性/身体亲密」，遇到「反复小问题累积」时，对重视「家庭投入/家庭边界」的人意味着什么？","generated_by_constrained_mapping","unreviewed"
"CC-02077","PF-G04","边界尊重","SC-S2-10","性/身体亲密","SC-S1-05","结婚/建立家庭","SC-S3-08","本人健康变化","NF-N1-04","自主/空间/自由","Ideal range / fit","N3-04","当「边界尊重」进入「结婚/建立家庭」的「性/身体亲密」，遇到「本人健康变化」时，对重视「自主/空间/自由」的人意味着什么？","generated_by_constrained_mapping","unreviewed"
"CC-02078","PF-G04","边界尊重","SC-S2-10","性/身体亲密","SC-S1-05","结婚/建立家庭","SC-S3-08","本人健康变化","NF-N1-05","安全/信任/可预测","Gate / conditional","N3-02/N3-06","当「边界尊重」进入「结婚/建立家庭」的「性/身体亲密」，遇到「本人健康变化」时，对重视「安全/信任/可预测」的人意味着什么？","generated_by_constrained_mapping","unreviewed"
"CC-02079","PF-G04","边界尊重","SC-S2-10","性/身体亲密","SC-S1-05","结婚/建立家庭","SC-S3-08","本人健康变化","NF-N1-11","家庭投入/家庭边界","Fit / conditional","N3-03/N3-04","当「边界尊重」进入「结婚/建立家庭」的「性/身体亲密」，遇到「本人健康变化」时，对重视「家庭投入/家庭边界」的人意味着什么？","generated_by_constrained_mapping","unreviewed"
"CC-02080","PF-G04","边界尊重","SC-S2-10","性/身体亲密","SC-S1-05","结婚/建立家庭","SC-S3-10","反复小问题累积","NF-N1-04","自主/空间/自由","Ideal range / fit","N3-04","当「边界尊重」进入「结婚/建立家庭」的「性/身体亲密」，遇到「反复小问题累积」时，对重视「自主/空间/自由」的人意味着什么？","generated_by_constrained_mapping","unreviewed"
"CC-02081","PF-G04","边界尊重","SC-S2-10","性/身体亲密","SC-S1-05","结婚/建立家庭","SC-S3-10","反复小问题累积","NF-N1-05","安全/信任/可预测","Gate / conditional","N3-02/N3-06","当「边界尊重」进入「结婚/建立家庭」的「性/身体亲密」，遇到「反复小问题累积」时，对重视「安全/信任/可预测」的人意味着什么？","generated_by_constrained_mapping","unreviewed"
"CC-02082","PF-G04","边界尊重","SC-S2-10","性/身体亲密","SC-S1-05","结婚/建立家庭","SC-S3-10","反复小问题累积","NF-N1-11","家庭投入/家庭边界","Fit / conditional","N3-03/N3-04","当「边界尊重」进入「结婚/建立家庭」的「性/身体亲密」，遇到「反复小问题累积」时，对重视「家庭投入/家庭边界」的人意味着什么？","generated_by_constrained_mapping","unreviewed"
"CC-02083","PF-G04","边界尊重","SC-S2-10","性/身体亲密","SC-S1-07","婴幼儿照护","SC-S3-08","本人健康变化","NF-N1-04","自主/空间/自由","Ideal range / fit","N3-04","当「边界尊重」进入「婴幼儿照护」的「性/身体亲密」，遇到「本人健康变化」时，对重视「自主/空间/自由」的人意味着什么？","generated_by_constrained_mapping","unreviewed"
"CC-02084","PF-G04","边界尊重","SC-S2-10","性/身体亲密","SC-S1-07","婴幼儿照护","SC-S3-08","本人健康变化","NF-N1-05","安全/信任/可预测","Gate / conditional","N3-02/N3-06","当「边界尊重」进入「婴幼儿照护」的「性/身体亲密」，遇到「本人健康变化」时，对重视「安全/信任/可预测」的人意味着什么？","generated_by_constrained_mapping","unreviewed"
"CC-02085","PF-G04","边界尊重","SC-S2-10","性/身体亲密","SC-S1-07","婴幼儿照护","SC-S3-08","本人健康变化","NF-N1-11","家庭投入/家庭边界","Fit / conditional","N3-03/N3-04","当「边界尊重」进入「婴幼儿照护」的「性/身体亲密」，遇到「本人健康变化」时，对重视「家庭投入/家庭边界」的人意味着什么？","generated_by_constrained_mapping","unreviewed"
"CC-02086","PF-G04","边界尊重","SC-S2-10","性/身体亲密","SC-S1-07","婴幼儿照护","SC-S3-10","反复小问题累积","NF-N1-04","自主/空间/自由","Ideal range / fit","N3-04","当「边界尊重」进入「婴幼儿照护」的「性/身体亲密」，遇到「反复小问题累积」时，对重视「自主/空间/自由」的人意味着什么？","generated_by_constrained_mapping","unreviewed"
"CC-02087","PF-G04","边界尊重","SC-S2-10","性/身体亲密","SC-S1-07","婴幼儿照护","SC-S3-10","反复小问题累积","NF-N1-05","安全/信任/可预测","Gate / conditional","N3-02/N3-06","当「边界尊重」进入「婴幼儿照护」的「性/身体亲密」，遇到「反复小问题累积」时，对重视「安全/信任/可预测」的人意味着什么？","generated_by_constrained_mapping","unreviewed"
"CC-02088","PF-G04","边界尊重","SC-S2-10","性/身体亲密","SC-S1-07","婴幼儿照护","SC-S3-10","反复小问题累积","NF-N1-11","家庭投入/家庭边界","Fit / conditional","N3-03/N3-04","当「边界尊重」进入「婴幼儿照护」的「性/身体亲密」，遇到「反复小问题累积」时，对重视「家庭投入/家庭边界」的人意味着什么？","generated_by_constrained_mapping","unreviewed"
"CC-02089","PF-G04","边界尊重","SC-S2-04","房/居住/地点","SC-S1-03","稳定交往","SC-S3-04","大额财务事件","NF-N1-04","自主/空间/自由","Ideal range / fit","N3-04","当「边界尊重」进入「稳定交往」的「房/居住/地点」，遇到「大额财务事件」时，对重视「自主/空间/自由」的人意味着什么？","generated_by_constrained_mapping","unreviewed"
"CC-02090","PF-G04","边界尊重","SC-S2-04","房/居住/地点","SC-S1-03","稳定交往","SC-S3-04","大额财务事件","NF-N1-05","安全/信任/可预测","Gate / conditional","N3-02/N3-06","当「边界尊重」进入「稳定交往」的「房/居住/地点」，遇到「大额财务事件」时，对重视「安全/信任/可预测」的人意味着什么？","generated_by_constrained_mapping","unreviewed"
"CC-02091","PF-G04","边界尊重","SC-S2-04","房/居住/地点","SC-S1-03","稳定交往","SC-S3-04","大额财务事件","NF-N1-11","家庭投入/家庭边界","Fit / conditional","N3-03/N3-04","当「边界尊重」进入「稳定交往」的「房/居住/地点」，遇到「大额财务事件」时，对重视「家庭投入/家庭边界」的人意味着什么？","generated_by_constrained_mapping","unreviewed"
"CC-02092","PF-G04","边界尊重","SC-S2-04","房/居住/地点","SC-S1-03","稳定交往","SC-S3-05","居住/迁移变化","NF-N1-04","自主/空间/自由","Ideal range / fit","N3-04","当「边界尊重」进入「稳定交往」的「房/居住/地点」，遇到「居住/迁移变化」时，对重视「自主/空间/自由」的人意味着什么？","generated_by_constrained_mapping","unreviewed"
"CC-02093","PF-G04","边界尊重","SC-S2-04","房/居住/地点","SC-S1-03","稳定交往","SC-S3-05","居住/迁移变化","NF-N1-05","安全/信任/可预测","Gate / conditional","N3-02/N3-06","当「边界尊重」进入「稳定交往」的「房/居住/地点」，遇到「居住/迁移变化」时，对重视「安全/信任/可预测」的人意味着什么？","generated_by_constrained_mapping","unreviewed"
"CC-02094","PF-G04","边界尊重","SC-S2-04","房/居住/地点","SC-S1-03","稳定交往","SC-S3-05","居住/迁移变化","NF-N1-11","家庭投入/家庭边界","Fit / conditional","N3-03/N3-04","当「边界尊重」进入「稳定交往」的「房/居住/地点」，遇到「居住/迁移变化」时，对重视「家庭投入/家庭边界」的人意味着什么？","generated_by_constrained_mapping","unreviewed"
"CC-02095","PF-G04","边界尊重","SC-S2-04","房/居住/地点","SC-S1-05","结婚/建立家庭","SC-S3-04","大额财务事件","NF-N1-04","自主/空间/自由","Ideal range / fit","N3-04","当「边界尊重」进入「结婚/建立家庭」的「房/居住/地点」，遇到「大额财务事件」时，对重视「自主/空间/自由」的人意味着什么？","generated_by_constrained_mapping","unreviewed"
"CC-02096","PF-G04","边界尊重","SC-S2-04","房/居住/地点","SC-S1-05","结婚/建立家庭","SC-S3-04","大额财务事件","NF-N1-05","安全/信任/可预测","Gate / conditional","N3-02/N3-06","当「边界尊重」进入「结婚/建立家庭」的「房/居住/地点」，遇到「大额财务事件」时，对重视「安全/信任/可预测」的人意味着什么？","generated_by_constrained_mapping","unreviewed"
"CC-02097","PF-G04","边界尊重","SC-S2-04","房/居住/地点","SC-S1-05","结婚/建立家庭","SC-S3-04","大额财务事件","NF-N1-11","家庭投入/家庭边界","Fit / conditional","N3-03/N3-04","当「边界尊重」进入「结婚/建立家庭」的「房/居住/地点」，遇到「大额财务事件」时，对重视「家庭投入/家庭边界」的人意味着什么？","generated_by_constrained_mapping","unreviewed"
"CC-02098","PF-G04","边界尊重","SC-S2-04","房/居住/地点","SC-S1-05","结婚/建立家庭","SC-S3-05","居住/迁移变化","NF-N1-04","自主/空间/自由","Ideal range / fit","N3-04","当「边界尊重」进入「结婚/建立家庭」的「房/居住/地点」，遇到「居住/迁移变化」时，对重视「自主/空间/自由」的人意味着什么？","generated_by_constrained_mapping","unreviewed"
"CC-02099","PF-G04","边界尊重","SC-S2-04","房/居住/地点","SC-S1-05","结婚/建立家庭","SC-S3-05","居住/迁移变化","NF-N1-05","安全/信任/可预测","Gate / conditional","N3-02/N3-06","当「边界尊重」进入「结婚/建立家庭」的「房/居住/地点」，遇到「居住/迁移变化」时，对重视「安全/信任/可预测」的人意味着什么？","generated_by_constrained_mapping","unreviewed"
"CC-02100","PF-G04","边界尊重","SC-S2-04","房/居住/地点","SC-S1-05","结婚/建立家庭","SC-S3-05","居住/迁移变化","NF-N1-11","家庭投入/家庭边界","Fit / conditional","N3-03/N3-04","当「边界尊重」进入「结婚/建立家庭」的「房/居住/地点」，遇到「居住/迁移变化」时，对重视「家庭投入/家庭边界」的人意味着什么？","generated_by_constrained_mapping","unreviewed"
"CC-02101","PF-G04","边界尊重","SC-S2-04","房/居住/地点","SC-S1-09","中年多重责任","SC-S3-04","大额财务事件","NF-N1-04","自主/空间/自由","Ideal range / fit","N3-04","当「边界尊重」进入「中年多重责任」的「房/居住/地点」，遇到「大额财务事件」时，对重视「自主/空间/自由」的人意味着什么？","generated_by_constrained_mapping","unreviewed"
"CC-02102","PF-G04","边界尊重","SC-S2-04","房/居住/地点","SC-S1-09","中年多重责任","SC-S3-04","大额财务事件","NF-N1-05","安全/信任/可预测","Gate / conditional","N3-02/N3-06","当「边界尊重」进入「中年多重责任」的「房/居住/地点」，遇到「大额财务事件」时，对重视「安全/信任/可预测」的人意味着什么？","generated_by_constrained_mapping","unreviewed"
"CC-02103","PF-G04","边界尊重","SC-S2-04","房/居住/地点","SC-S1-09","中年多重责任","SC-S3-04","大额财务事件","NF-N1-11","家庭投入/家庭边界","Fit / conditional","N3-03/N3-04","当「边界尊重」进入「中年多重责任」的「房/居住/地点」，遇到「大额财务事件」时，对重视「家庭投入/家庭边界」的人意味着什么？","generated_by_constrained_mapping","unreviewed"
"CC-02104","PF-G04","边界尊重","SC-S2-04","房/居住/地点","SC-S1-09","中年多重责任","SC-S3-05","居住/迁移变化","NF-N1-04","自主/空间/自由","Ideal range / fit","N3-04","当「边界尊重」进入「中年多重责任」的「房/居住/地点」，遇到「居住/迁移变化」时，对重视「自主/空间/自由」的人意味着什么？","generated_by_constrained_mapping","unreviewed"
"CC-02105","PF-G04","边界尊重","SC-S2-04","房/居住/地点","SC-S1-09","中年多重责任","SC-S3-05","居住/迁移变化","NF-N1-05","安全/信任/可预测","Gate / conditional","N3-02/N3-06","当「边界尊重」进入「中年多重责任」的「房/居住/地点」，遇到「居住/迁移变化」时，对重视「安全/信任/可预测」的人意味着什么？","generated_by_constrained_mapping","unreviewed"
"CC-02106","PF-G04","边界尊重","SC-S2-04","房/居住/地点","SC-S1-09","中年多重责任","SC-S3-05","居住/迁移变化","NF-N1-11","家庭投入/家庭边界","Fit / conditional","N3-03/N3-04","当「边界尊重」进入「中年多重责任」的「房/居住/地点」，遇到「居住/迁移变化」时，对重视「家庭投入/家庭边界」的人意味着什么？","generated_by_constrained_mapping","unreviewed"
"CC-02107","PF-G05","冲突表达","SC-S2-03","钱/财务","SC-S1-03","稳定交往","SC-S3-03","失业/收入下降","NF-N1-03","被理解/被回应/被关心","Gate or conditional","N3-01","当「冲突表达」进入「稳定交往」的「钱/财务」，遇到「失业/收入下降」时，对重视「被理解/被回应/被关心」的人意味着什么？","generated_by_constrained_mapping","unreviewed"
"CC-02108","PF-G05","冲突表达","SC-S2-03","钱/财务","SC-S1-03","稳定交往","SC-S3-03","失业/收入下降","NF-N1-05","安全/信任/可预测","Gate / conditional","N3-02/N3-06","当「冲突表达」进入「稳定交往」的「钱/财务」，遇到「失业/收入下降」时，对重视「安全/信任/可预测」的人意味着什么？","generated_by_constrained_mapping","unreviewed"
"CC-02109","PF-G05","冲突表达","SC-S2-03","钱/财务","SC-S1-03","稳定交往","SC-S3-03","失业/收入下降","NF-N1-07","公平/可靠/合作","Conditional / gate","N3-02/N3-03","当「冲突表达」进入「稳定交往」的「钱/财务」，遇到「失业/收入下降」时，对重视「公平/可靠/合作」的人意味着什么？","generated_by_constrained_mapping","unreviewed"
"CC-02110","PF-G05","冲突表达","SC-S2-03","钱/财务","SC-S1-03","稳定交往","SC-S3-04","大额财务事件","NF-N1-03","被理解/被回应/被关心","Gate or conditional","N3-01","当「冲突表达」进入「稳定交往」的「钱/财务」，遇到「大额财务事件」时，对重视「被理解/被回应/被关心」的人意味着什么？","generated_by_constrained_mapping","unreviewed"
"CC-02111","PF-G05","冲突表达","SC-S2-03","钱/财务","SC-S1-03","稳定交往","SC-S3-04","大额财务事件","NF-N1-05","安全/信任/可预测","Gate / conditional","N3-02/N3-06","当「冲突表达」进入「稳定交往」的「钱/财务」，遇到「大额财务事件」时，对重视「安全/信任/可预测」的人意味着什么？","generated_by_constrained_mapping","unreviewed"
"CC-02112","PF-G05","冲突表达","SC-S2-03","钱/财务","SC-S1-03","稳定交往","SC-S3-04","大额财务事件","NF-N1-07","公平/可靠/合作","Conditional / gate","N3-02/N3-03","当「冲突表达」进入「稳定交往」的「钱/财务」，遇到「大额财务事件」时，对重视「公平/可靠/合作」的人意味着什么？","generated_by_constrained_mapping","unreviewed"
"CC-02113","PF-G05","冲突表达","SC-S2-03","钱/财务","SC-S1-05","结婚/建立家庭","SC-S3-03","失业/收入下降","NF-N1-03","被理解/被回应/被关心","Gate or conditional","N3-01","当「冲突表达」进入「结婚/建立家庭」的「钱/财务」，遇到「失业/收入下降」时，对重视「被理解/被回应/被关心」的人意味着什么？","generated_by_constrained_mapping","unreviewed"
"CC-02114","PF-G05","冲突表达","SC-S2-03","钱/财务","SC-S1-05","结婚/建立家庭","SC-S3-03","失业/收入下降","NF-N1-05","安全/信任/可预测","Gate / conditional","N3-02/N3-06","当「冲突表达」进入「结婚/建立家庭」的「钱/财务」，遇到「失业/收入下降」时，对重视「安全/信任/可预测」的人意味着什么？","generated_by_constrained_mapping","unreviewed"
"CC-02115","PF-G05","冲突表达","SC-S2-03","钱/财务","SC-S1-05","结婚/建立家庭","SC-S3-03","失业/收入下降","NF-N1-07","公平/可靠/合作","Conditional / gate","N3-02/N3-03","当「冲突表达」进入「结婚/建立家庭」的「钱/财务」，遇到「失业/收入下降」时，对重视「公平/可靠/合作」的人意味着什么？","generated_by_constrained_mapping","unreviewed"
"CC-02116","PF-G05","冲突表达","SC-S2-03","钱/财务","SC-S1-05","结婚/建立家庭","SC-S3-04","大额财务事件","NF-N1-03","被理解/被回应/被关心","Gate or conditional","N3-01","当「冲突表达」进入「结婚/建立家庭」的「钱/财务」，遇到「大额财务事件」时，对重视「被理解/被回应/被关心」的人意味着什么？","generated_by_constrained_mapping","unreviewed"
"CC-02117","PF-G05","冲突表达","SC-S2-03","钱/财务","SC-S1-05","结婚/建立家庭","SC-S3-04","大额财务事件","NF-N1-05","安全/信任/可预测","Gate / conditional","N3-02/N3-06","当「冲突表达」进入「结婚/建立家庭」的「钱/财务」，遇到「大额财务事件」时，对重视「安全/信任/可预测」的人意味着什么？","generated_by_constrained_mapping","unreviewed"
"CC-02118","PF-G05","冲突表达","SC-S2-03","钱/财务","SC-S1-05","结婚/建立家庭","SC-S3-04","大额财务事件","NF-N1-07","公平/可靠/合作","Conditional / gate","N3-02/N3-03","当「冲突表达」进入「结婚/建立家庭」的「钱/财务」，遇到「大额财务事件」时，对重视「公平/可靠/合作」的人意味着什么？","generated_by_constrained_mapping","unreviewed"
"CC-02119","PF-G05","冲突表达","SC-S2-03","钱/财务","SC-S1-07","婴幼儿照护","SC-S3-03","失业/收入下降","NF-N1-03","被理解/被回应/被关心","Gate or conditional","N3-01","当「冲突表达」进入「婴幼儿照护」的「钱/财务」，遇到「失业/收入下降」时，对重视「被理解/被回应/被关心」的人意味着什么？","generated_by_constrained_mapping","unreviewed"
"CC-02120","PF-G05","冲突表达","SC-S2-03","钱/财务","SC-S1-07","婴幼儿照护","SC-S3-03","失业/收入下降","NF-N1-05","安全/信任/可预测","Gate / conditional","N3-02/N3-06","当「冲突表达」进入「婴幼儿照护」的「钱/财务」，遇到「失业/收入下降」时，对重视「安全/信任/可预测」的人意味着什么？","generated_by_constrained_mapping","unreviewed"
"CC-02121","PF-G05","冲突表达","SC-S2-03","钱/财务","SC-S1-07","婴幼儿照护","SC-S3-03","失业/收入下降","NF-N1-07","公平/可靠/合作","Conditional / gate","N3-02/N3-03","当「冲突表达」进入「婴幼儿照护」的「钱/财务」，遇到「失业/收入下降」时，对重视「公平/可靠/合作」的人意味着什么？","generated_by_constrained_mapping","unreviewed"
"CC-02122","PF-G05","冲突表达","SC-S2-03","钱/财务","SC-S1-07","婴幼儿照护","SC-S3-04","大额财务事件","NF-N1-03","被理解/被回应/被关心","Gate or conditional","N3-01","当「冲突表达」进入「婴幼儿照护」的「钱/财务」，遇到「大额财务事件」时，对重视「被理解/被回应/被关心」的人意味着什么？","generated_by_constrained_mapping","unreviewed"
"CC-02123","PF-G05","冲突表达","SC-S2-03","钱/财务","SC-S1-07","婴幼儿照护","SC-S3-04","大额财务事件","NF-N1-05","安全/信任/可预测","Gate / conditional","N3-02/N3-06","当「冲突表达」进入「婴幼儿照护」的「钱/财务」，遇到「大额财务事件」时，对重视「安全/信任/可预测」的人意味着什么？","generated_by_constrained_mapping","unreviewed"
"CC-02124","PF-G05","冲突表达","SC-S2-03","钱/财务","SC-S1-07","婴幼儿照护","SC-S3-04","大额财务事件","NF-N1-07","公平/可靠/合作","Conditional / gate","N3-02/N3-03","当「冲突表达」进入「婴幼儿照护」的「钱/财务」，遇到「大额财务事件」时，对重视「公平/可靠/合作」的人意味着什么？","generated_by_constrained_mapping","unreviewed"
"CC-02125","PF-G05","冲突表达","SC-S2-05","家务/家庭劳动","SC-S1-04","同居/婚前","SC-S3-06","生育/育儿转折","NF-N1-03","被理解/被回应/被关心","Gate or conditional","N3-01","当「冲突表达」进入「同居/婚前」的「家务/家庭劳动」，遇到「生育/育儿转折」时，对重视「被理解/被回应/被关心」的人意味着什么？","generated_by_constrained_mapping","unreviewed"
"CC-02126","PF-G05","冲突表达","SC-S2-05","家务/家庭劳动","SC-S1-04","同居/婚前","SC-S3-06","生育/育儿转折","NF-N1-05","安全/信任/可预测","Gate / conditional","N3-02/N3-06","当「冲突表达」进入「同居/婚前」的「家务/家庭劳动」，遇到「生育/育儿转折」时，对重视「安全/信任/可预测」的人意味着什么？","generated_by_constrained_mapping","unreviewed"
"CC-02127","PF-G05","冲突表达","SC-S2-05","家务/家庭劳动","SC-S1-04","同居/婚前","SC-S3-06","生育/育儿转折","NF-N1-07","公平/可靠/合作","Conditional / gate","N3-02/N3-03","当「冲突表达」进入「同居/婚前」的「家务/家庭劳动」，遇到「生育/育儿转折」时，对重视「公平/可靠/合作」的人意味着什么？","generated_by_constrained_mapping","unreviewed"
"CC-02128","PF-G05","冲突表达","SC-S2-05","家务/家庭劳动","SC-S1-04","同居/婚前","SC-S3-10","反复小问题累积","NF-N1-03","被理解/被回应/被关心","Gate or conditional","N3-01","当「冲突表达」进入「同居/婚前」的「家务/家庭劳动」，遇到「反复小问题累积」时，对重视「被理解/被回应/被关心」的人意味着什么？","generated_by_constrained_mapping","unreviewed"
"CC-02129","PF-G05","冲突表达","SC-S2-05","家务/家庭劳动","SC-S1-04","同居/婚前","SC-S3-10","反复小问题累积","NF-N1-05","安全/信任/可预测","Gate / conditional","N3-02/N3-06","当「冲突表达」进入「同居/婚前」的「家务/家庭劳动」，遇到「反复小问题累积」时，对重视「安全/信任/可预测」的人意味着什么？","generated_by_constrained_mapping","unreviewed"
"CC-02130","PF-G05","冲突表达","SC-S2-05","家务/家庭劳动","SC-S1-04","同居/婚前","SC-S3-10","反复小问题累积","NF-N1-07","公平/可靠/合作","Conditional / gate","N3-02/N3-03","当「冲突表达」进入「同居/婚前」的「家务/家庭劳动」，遇到「反复小问题累积」时，对重视「公平/可靠/合作」的人意味着什么？","generated_by_constrained_mapping","unreviewed"
"CC-02131","PF-G05","冲突表达","SC-S2-05","家务/家庭劳动","SC-S1-07","婴幼儿照护","SC-S3-06","生育/育儿转折","NF-N1-03","被理解/被回应/被关心","Gate or conditional","N3-01","当「冲突表达」进入「婴幼儿照护」的「家务/家庭劳动」，遇到「生育/育儿转折」时，对重视「被理解/被回应/被关心」的人意味着什么？","generated_by_constrained_mapping","unreviewed"
"CC-02132","PF-G05","冲突表达","SC-S2-05","家务/家庭劳动","SC-S1-07","婴幼儿照护","SC-S3-06","生育/育儿转折","NF-N1-05","安全/信任/可预测","Gate / conditional","N3-02/N3-06","当「冲突表达」进入「婴幼儿照护」的「家务/家庭劳动」，遇到「生育/育儿转折」时，对重视「安全/信任/可预测」的人意味着什么？","generated_by_constrained_mapping","unreviewed"
"CC-02133","PF-G05","冲突表达","SC-S2-05","家务/家庭劳动","SC-S1-07","婴幼儿照护","SC-S3-06","生育/育儿转折","NF-N1-07","公平/可靠/合作","Conditional / gate","N3-02/N3-03","当「冲突表达」进入「婴幼儿照护」的「家务/家庭劳动」，遇到「生育/育儿转折」时，对重视「公平/可靠/合作」的人意味着什么？","generated_by_constrained_mapping","unreviewed"
"CC-02134","PF-G05","冲突表达","SC-S2-05","家务/家庭劳动","SC-S1-07","婴幼儿照护","SC-S3-10","反复小问题累积","NF-N1-03","被理解/被回应/被关心","Gate or conditional","N3-01","当「冲突表达」进入「婴幼儿照护」的「家务/家庭劳动」，遇到「反复小问题累积」时，对重视「被理解/被回应/被关心」的人意味着什么？","generated_by_constrained_mapping","unreviewed"
"CC-02135","PF-G05","冲突表达","SC-S2-05","家务/家庭劳动","SC-S1-07","婴幼儿照护","SC-S3-10","反复小问题累积","NF-N1-05","安全/信任/可预测","Gate / conditional","N3-02/N3-06","当「冲突表达」进入「婴幼儿照护」的「家务/家庭劳动」，遇到「反复小问题累积」时，对重视「安全/信任/可预测」的人意味着什么？","generated_by_constrained_mapping","unreviewed"
"CC-02136","PF-G05","冲突表达","SC-S2-05","家务/家庭劳动","SC-S1-07","婴幼儿照护","SC-S3-10","反复小问题累积","NF-N1-07","公平/可靠/合作","Conditional / gate","N3-02/N3-03","当「冲突表达」进入「婴幼儿照护」的「家务/家庭劳动」，遇到「反复小问题累积」时，对重视「公平/可靠/合作」的人意味着什么？","generated_by_constrained_mapping","unreviewed"
"CC-02137","PF-G05","冲突表达","SC-S2-05","家务/家庭劳动","SC-S1-09","中年多重责任","SC-S3-06","生育/育儿转折","NF-N1-03","被理解/被回应/被关心","Gate or conditional","N3-01","当「冲突表达」进入「中年多重责任」的「家务/家庭劳动」，遇到「生育/育儿转折」时，对重视「被理解/被回应/被关心」的人意味着什么？","generated_by_constrained_mapping","unreviewed"
"CC-02138","PF-G05","冲突表达","SC-S2-05","家务/家庭劳动","SC-S1-09","中年多重责任","SC-S3-06","生育/育儿转折","NF-N1-05","安全/信任/可预测","Gate / conditional","N3-02/N3-06","当「冲突表达」进入「中年多重责任」的「家务/家庭劳动」，遇到「生育/育儿转折」时，对重视「安全/信任/可预测」的人意味着什么？","generated_by_constrained_mapping","unreviewed"
"CC-02139","PF-G05","冲突表达","SC-S2-05","家务/家庭劳动","SC-S1-09","中年多重责任","SC-S3-06","生育/育儿转折","NF-N1-07","公平/可靠/合作","Conditional / gate","N3-02/N3-03","当「冲突表达」进入「中年多重责任」的「家务/家庭劳动」，遇到「生育/育儿转折」时，对重视「公平/可靠/合作」的人意味着什么？","generated_by_constrained_mapping","unreviewed"
"CC-02140","PF-G05","冲突表达","SC-S2-05","家务/家庭劳动","SC-S1-09","中年多重责任","SC-S3-10","反复小问题累积","NF-N1-03","被理解/被回应/被关心","Gate or conditional","N3-01","当「冲突表达」进入「中年多重责任」的「家务/家庭劳动」，遇到「反复小问题累积」时，对重视「被理解/被回应/被关心」的人意味着什么？","generated_by_constrained_mapping","unreviewed"
"CC-02141","PF-G05","冲突表达","SC-S2-05","家务/家庭劳动","SC-S1-09","中年多重责任","SC-S3-10","反复小问题累积","NF-N1-05","安全/信任/可预测","Gate / conditional","N3-02/N3-06","当「冲突表达」进入「中年多重责任」的「家务/家庭劳动」，遇到「反复小问题累积」时，对重视「安全/信任/可预测」的人意味着什么？","generated_by_constrained_mapping","unreviewed"
"CC-02142","PF-G05","冲突表达","SC-S2-05","家务/家庭劳动","SC-S1-09","中年多重责任","SC-S3-10","反复小问题累积","NF-N1-07","公平/可靠/合作","Conditional / gate","N3-02/N3-03","当「冲突表达」进入「中年多重责任」的「家务/家庭劳动」，遇到「反复小问题累积」时，对重视「公平/可靠/合作」的人意味着什么？","generated_by_constrained_mapping","unreviewed"
"CC-02143","PF-G05","冲突表达","SC-S2-07","双方父母/原生家庭","SC-S1-05","结婚/建立家庭","SC-S3-07","父母责任变化","NF-N1-03","被理解/被回应/被关心","Gate or conditional","N3-01","当「冲突表达」进入「结婚/建立家庭」的「双方父母/原生家庭」，遇到「父母责任变化」时，对重视「被理解/被回应/被关心」的人意味着什么？","generated_by_constrained_mapping","unreviewed"
"CC-02144","PF-G05","冲突表达","SC-S2-07","双方父母/原生家庭","SC-S1-05","结婚/建立家庭","SC-S3-07","父母责任变化","NF-N1-05","安全/信任/可预测","Gate / conditional","N3-02/N3-06","当「冲突表达」进入「结婚/建立家庭」的「双方父母/原生家庭」，遇到「父母责任变化」时，对重视「安全/信任/可预测」的人意味着什么？","generated_by_constrained_mapping","unreviewed"
"CC-02145","PF-G05","冲突表达","SC-S2-07","双方父母/原生家庭","SC-S1-05","结婚/建立家庭","SC-S3-07","父母责任变化","NF-N1-07","公平/可靠/合作","Conditional / gate","N3-02/N3-03","当「冲突表达」进入「结婚/建立家庭」的「双方父母/原生家庭」，遇到「父母责任变化」时，对重视「公平/可靠/合作」的人意味着什么？","generated_by_constrained_mapping","unreviewed"
"CC-02146","PF-G05","冲突表达","SC-S2-07","双方父母/原生家庭","SC-S1-05","结婚/建立家庭","SC-S3-05","居住/迁移变化","NF-N1-03","被理解/被回应/被关心","Gate or conditional","N3-01","当「冲突表达」进入「结婚/建立家庭」的「双方父母/原生家庭」，遇到「居住/迁移变化」时，对重视「被理解/被回应/被关心」的人意味着什么？","generated_by_constrained_mapping","unreviewed"
"CC-02147","PF-G05","冲突表达","SC-S2-07","双方父母/原生家庭","SC-S1-05","结婚/建立家庭","SC-S3-05","居住/迁移变化","NF-N1-05","安全/信任/可预测","Gate / conditional","N3-02/N3-06","当「冲突表达」进入「结婚/建立家庭」的「双方父母/原生家庭」，遇到「居住/迁移变化」时，对重视「安全/信任/可预测」的人意味着什么？","generated_by_constrained_mapping","unreviewed"
"CC-02148","PF-G05","冲突表达","SC-S2-07","双方父母/原生家庭","SC-S1-05","结婚/建立家庭","SC-S3-05","居住/迁移变化","NF-N1-07","公平/可靠/合作","Conditional / gate","N3-02/N3-03","当「冲突表达」进入「结婚/建立家庭」的「双方父母/原生家庭」，遇到「居住/迁移变化」时，对重视「公平/可靠/合作」的人意味着什么？","generated_by_constrained_mapping","unreviewed"
"CC-02149","PF-G05","冲突表达","SC-S2-07","双方父母/原生家庭","SC-S1-07","婴幼儿照护","SC-S3-07","父母责任变化","NF-N1-03","被理解/被回应/被关心","Gate or conditional","N3-01","当「冲突表达」进入「婴幼儿照护」的「双方父母/原生家庭」，遇到「父母责任变化」时，对重视「被理解/被回应/被关心」的人意味着什么？","generated_by_constrained_mapping","unreviewed"
"CC-02150","PF-G05","冲突表达","SC-S2-07","双方父母/原生家庭","SC-S1-07","婴幼儿照护","SC-S3-07","父母责任变化","NF-N1-05","安全/信任/可预测","Gate / conditional","N3-02/N3-06","当「冲突表达」进入「婴幼儿照护」的「双方父母/原生家庭」，遇到「父母责任变化」时，对重视「安全/信任/可预测」的人意味着什么？","generated_by_constrained_mapping","unreviewed"
"CC-02151","PF-G05","冲突表达","SC-S2-07","双方父母/原生家庭","SC-S1-07","婴幼儿照护","SC-S3-07","父母责任变化","NF-N1-07","公平/可靠/合作","Conditional / gate","N3-02/N3-03","当「冲突表达」进入「婴幼儿照护」的「双方父母/原生家庭」，遇到「父母责任变化」时，对重视「公平/可靠/合作」的人意味着什么？","generated_by_constrained_mapping","unreviewed"
"CC-02152","PF-G05","冲突表达","SC-S2-07","双方父母/原生家庭","SC-S1-07","婴幼儿照护","SC-S3-05","居住/迁移变化","NF-N1-03","被理解/被回应/被关心","Gate or conditional","N3-01","当「冲突表达」进入「婴幼儿照护」的「双方父母/原生家庭」，遇到「居住/迁移变化」时，对重视「被理解/被回应/被关心」的人意味着什么？","generated_by_constrained_mapping","unreviewed"
"CC-02153","PF-G05","冲突表达","SC-S2-07","双方父母/原生家庭","SC-S1-07","婴幼儿照护","SC-S3-05","居住/迁移变化","NF-N1-05","安全/信任/可预测","Gate / conditional","N3-02/N3-06","当「冲突表达」进入「婴幼儿照护」的「双方父母/原生家庭」，遇到「居住/迁移变化」时，对重视「安全/信任/可预测」的人意味着什么？","generated_by_constrained_mapping","unreviewed"
"CC-02154","PF-G05","冲突表达","SC-S2-07","双方父母/原生家庭","SC-S1-07","婴幼儿照护","SC-S3-05","居住/迁移变化","NF-N1-07","公平/可靠/合作","Conditional / gate","N3-02/N3-03","当「冲突表达」进入「婴幼儿照护」的「双方父母/原生家庭」，遇到「居住/迁移变化」时，对重视「公平/可靠/合作」的人意味着什么？","generated_by_constrained_mapping","unreviewed"
"CC-02155","PF-G05","冲突表达","SC-S2-07","双方父母/原生家庭","SC-S1-09","中年多重责任","SC-S3-07","父母责任变化","NF-N1-03","被理解/被回应/被关心","Gate or conditional","N3-01","当「冲突表达」进入「中年多重责任」的「双方父母/原生家庭」，遇到「父母责任变化」时，对重视「被理解/被回应/被关心」的人意味着什么？","generated_by_constrained_mapping","unreviewed"
"CC-02156","PF-G05","冲突表达","SC-S2-07","双方父母/原生家庭","SC-S1-09","中年多重责任","SC-S3-07","父母责任变化","NF-N1-05","安全/信任/可预测","Gate / conditional","N3-02/N3-06","当「冲突表达」进入「中年多重责任」的「双方父母/原生家庭」，遇到「父母责任变化」时，对重视「安全/信任/可预测」的人意味着什么？","generated_by_constrained_mapping","unreviewed"
"CC-02157","PF-G05","冲突表达","SC-S2-07","双方父母/原生家庭","SC-S1-09","中年多重责任","SC-S3-07","父母责任变化","NF-N1-07","公平/可靠/合作","Conditional / gate","N3-02/N3-03","当「冲突表达」进入「中年多重责任」的「双方父母/原生家庭」，遇到「父母责任变化」时，对重视「公平/可靠/合作」的人意味着什么？","generated_by_constrained_mapping","unreviewed"
"CC-02158","PF-G05","冲突表达","SC-S2-07","双方父母/原生家庭","SC-S1-09","中年多重责任","SC-S3-05","居住/迁移变化","NF-N1-03","被理解/被回应/被关心","Gate or conditional","N3-01","当「冲突表达」进入「中年多重责任」的「双方父母/原生家庭」，遇到「居住/迁移变化」时，对重视「被理解/被回应/被关心」的人意味着什么？","generated_by_constrained_mapping","unreviewed"
"CC-02159","PF-G05","冲突表达","SC-S2-07","双方父母/原生家庭","SC-S1-09","中年多重责任","SC-S3-05","居住/迁移变化","NF-N1-05","安全/信任/可预测","Gate / conditional","N3-02/N3-06","当「冲突表达」进入「中年多重责任」的「双方父母/原生家庭」，遇到「居住/迁移变化」时，对重视「安全/信任/可预测」的人意味着什么？","generated_by_constrained_mapping","unreviewed"
"CC-02160","PF-G05","冲突表达","SC-S2-07","双方父母/原生家庭","SC-S1-09","中年多重责任","SC-S3-05","居住/迁移变化","NF-N1-07","公平/可靠/合作","Conditional / gate","N3-02/N3-03","当「冲突表达」进入「中年多重责任」的「双方父母/原生家庭」，遇到「居住/迁移变化」时，对重视「公平/可靠/合作」的人意味着什么？","generated_by_constrained_mapping","unreviewed"
"CC-02161","PF-G05","冲突表达","SC-S2-01","日常作息与生活管理","SC-S1-02","恋爱/磨合","SC-S3-01","工作时间突变","NF-N1-03","被理解/被回应/被关心","Gate or conditional","N3-01","当「冲突表达」进入「恋爱/磨合」的「日常作息与生活管理」，遇到「工作时间突变」时，对重视「被理解/被回应/被关心」的人意味着什么？","generated_by_constrained_mapping","unreviewed"
"CC-02162","PF-G05","冲突表达","SC-S2-01","日常作息与生活管理","SC-S1-02","恋爱/磨合","SC-S3-01","工作时间突变","NF-N1-05","安全/信任/可预测","Gate / conditional","N3-02/N3-06","当「冲突表达」进入「恋爱/磨合」的「日常作息与生活管理」，遇到「工作时间突变」时，对重视「安全/信任/可预测」的人意味着什么？","generated_by_constrained_mapping","unreviewed"
"CC-02163","PF-G05","冲突表达","SC-S2-01","日常作息与生活管理","SC-S1-02","恋爱/磨合","SC-S3-01","工作时间突变","NF-N1-07","公平/可靠/合作","Conditional / gate","N3-02/N3-03","当「冲突表达」进入「恋爱/磨合」的「日常作息与生活管理」，遇到「工作时间突变」时，对重视「公平/可靠/合作」的人意味着什么？","generated_by_constrained_mapping","unreviewed"
"CC-02164","PF-G05","冲突表达","SC-S2-01","日常作息与生活管理","SC-S1-02","恋爱/磨合","SC-S3-10","反复小问题累积","NF-N1-03","被理解/被回应/被关心","Gate or conditional","N3-01","当「冲突表达」进入「恋爱/磨合」的「日常作息与生活管理」，遇到「反复小问题累积」时，对重视「被理解/被回应/被关心」的人意味着什么？","generated_by_constrained_mapping","unreviewed"
"CC-02165","PF-G05","冲突表达","SC-S2-01","日常作息与生活管理","SC-S1-02","恋爱/磨合","SC-S3-10","反复小问题累积","NF-N1-05","安全/信任/可预测","Gate / conditional","N3-02/N3-06","当「冲突表达」进入「恋爱/磨合」的「日常作息与生活管理」，遇到「反复小问题累积」时，对重视「安全/信任/可预测」的人意味着什么？","generated_by_constrained_mapping","unreviewed"
"CC-02166","PF-G05","冲突表达","SC-S2-01","日常作息与生活管理","SC-S1-02","恋爱/磨合","SC-S3-10","反复小问题累积","NF-N1-07","公平/可靠/合作","Conditional / gate","N3-02/N3-03","当「冲突表达」进入「恋爱/磨合」的「日常作息与生活管理」，遇到「反复小问题累积」时，对重视「公平/可靠/合作」的人意味着什么？","generated_by_constrained_mapping","unreviewed"
"CC-02167","PF-G05","冲突表达","SC-S2-01","日常作息与生活管理","SC-S1-04","同居/婚前","SC-S3-01","工作时间突变","NF-N1-03","被理解/被回应/被关心","Gate or conditional","N3-01","当「冲突表达」进入「同居/婚前」的「日常作息与生活管理」，遇到「工作时间突变」时，对重视「被理解/被回应/被关心」的人意味着什么？","generated_by_constrained_mapping","unreviewed"
"CC-02168","PF-G05","冲突表达","SC-S2-01","日常作息与生活管理","SC-S1-04","同居/婚前","SC-S3-01","工作时间突变","NF-N1-05","安全/信任/可预测","Gate / conditional","N3-02/N3-06","当「冲突表达」进入「同居/婚前」的「日常作息与生活管理」，遇到「工作时间突变」时，对重视「安全/信任/可预测」的人意味着什么？","generated_by_constrained_mapping","unreviewed"
"CC-02169","PF-G05","冲突表达","SC-S2-01","日常作息与生活管理","SC-S1-04","同居/婚前","SC-S3-01","工作时间突变","NF-N1-07","公平/可靠/合作","Conditional / gate","N3-02/N3-03","当「冲突表达」进入「同居/婚前」的「日常作息与生活管理」，遇到「工作时间突变」时，对重视「公平/可靠/合作」的人意味着什么？","generated_by_constrained_mapping","unreviewed"
"CC-02170","PF-G05","冲突表达","SC-S2-01","日常作息与生活管理","SC-S1-04","同居/婚前","SC-S3-10","反复小问题累积","NF-N1-03","被理解/被回应/被关心","Gate or conditional","N3-01","当「冲突表达」进入「同居/婚前」的「日常作息与生活管理」，遇到「反复小问题累积」时，对重视「被理解/被回应/被关心」的人意味着什么？","generated_by_constrained_mapping","unreviewed"
"CC-02171","PF-G05","冲突表达","SC-S2-01","日常作息与生活管理","SC-S1-04","同居/婚前","SC-S3-10","反复小问题累积","NF-N1-05","安全/信任/可预测","Gate / conditional","N3-02/N3-06","当「冲突表达」进入「同居/婚前」的「日常作息与生活管理」，遇到「反复小问题累积」时，对重视「安全/信任/可预测」的人意味着什么？","generated_by_constrained_mapping","unreviewed"
"CC-02172","PF-G05","冲突表达","SC-S2-01","日常作息与生活管理","SC-S1-04","同居/婚前","SC-S3-10","反复小问题累积","NF-N1-07","公平/可靠/合作","Conditional / gate","N3-02/N3-03","当「冲突表达」进入「同居/婚前」的「日常作息与生活管理」，遇到「反复小问题累积」时，对重视「公平/可靠/合作」的人意味着什么？","generated_by_constrained_mapping","unreviewed"
"CC-02173","PF-G05","冲突表达","SC-S2-01","日常作息与生活管理","SC-S1-07","婴幼儿照护","SC-S3-01","工作时间突变","NF-N1-03","被理解/被回应/被关心","Gate or conditional","N3-01","当「冲突表达」进入「婴幼儿照护」的「日常作息与生活管理」，遇到「工作时间突变」时，对重视「被理解/被回应/被关心」的人意味着什么？","generated_by_constrained_mapping","unreviewed"
"CC-02174","PF-G05","冲突表达","SC-S2-01","日常作息与生活管理","SC-S1-07","婴幼儿照护","SC-S3-01","工作时间突变","NF-N1-05","安全/信任/可预测","Gate / conditional","N3-02/N3-06","当「冲突表达」进入「婴幼儿照护」的「日常作息与生活管理」，遇到「工作时间突变」时，对重视「安全/信任/可预测」的人意味着什么？","generated_by_constrained_mapping","unreviewed"
"CC-02175","PF-G05","冲突表达","SC-S2-01","日常作息与生活管理","SC-S1-07","婴幼儿照护","SC-S3-01","工作时间突变","NF-N1-07","公平/可靠/合作","Conditional / gate","N3-02/N3-03","当「冲突表达」进入「婴幼儿照护」的「日常作息与生活管理」，遇到「工作时间突变」时，对重视「公平/可靠/合作」的人意味着什么？","generated_by_constrained_mapping","unreviewed"
"CC-02176","PF-G05","冲突表达","SC-S2-01","日常作息与生活管理","SC-S1-07","婴幼儿照护","SC-S3-10","反复小问题累积","NF-N1-03","被理解/被回应/被关心","Gate or conditional","N3-01","当「冲突表达」进入「婴幼儿照护」的「日常作息与生活管理」，遇到「反复小问题累积」时，对重视「被理解/被回应/被关心」的人意味着什么？","generated_by_constrained_mapping","unreviewed"
"CC-02177","PF-G05","冲突表达","SC-S2-01","日常作息与生活管理","SC-S1-07","婴幼儿照护","SC-S3-10","反复小问题累积","NF-N1-05","安全/信任/可预测","Gate / conditional","N3-02/N3-06","当「冲突表达」进入「婴幼儿照护」的「日常作息与生活管理」，遇到「反复小问题累积」时，对重视「安全/信任/可预测」的人意味着什么？","generated_by_constrained_mapping","unreviewed"
"CC-02178","PF-G05","冲突表达","SC-S2-01","日常作息与生活管理","SC-S1-07","婴幼儿照护","SC-S3-10","反复小问题累积","NF-N1-07","公平/可靠/合作","Conditional / gate","N3-02/N3-03","当「冲突表达」进入「婴幼儿照护」的「日常作息与生活管理」，遇到「反复小问题累积」时，对重视「公平/可靠/合作」的人意味着什么？","generated_by_constrained_mapping","unreviewed"
"CC-02179","PF-G06","修复能力","SC-S2-01","日常作息与生活管理","SC-S1-02","恋爱/磨合","SC-S3-01","工作时间突变","NF-N1-03","被理解/被回应/被关心","Gate or conditional","N3-01","当「修复能力」进入「恋爱/磨合」的「日常作息与生活管理」，遇到「工作时间突变」时，对重视「被理解/被回应/被关心」的人意味着什么？","generated_by_constrained_mapping","unreviewed"
"CC-02180","PF-G06","修复能力","SC-S2-01","日常作息与生活管理","SC-S1-02","恋爱/磨合","SC-S3-01","工作时间突变","NF-N1-07","公平/可靠/合作","Conditional / gate","N3-02/N3-03","当「修复能力」进入「恋爱/磨合」的「日常作息与生活管理」，遇到「工作时间突变」时，对重视「公平/可靠/合作」的人意味着什么？","generated_by_constrained_mapping","unreviewed"
"CC-02181","PF-G06","修复能力","SC-S2-01","日常作息与生活管理","SC-S1-02","恋爱/磨合","SC-S3-01","工作时间突变","NF-N1-05","安全/信任/可预测","Gate / conditional","N3-02/N3-06","当「修复能力」进入「恋爱/磨合」的「日常作息与生活管理」，遇到「工作时间突变」时，对重视「安全/信任/可预测」的人意味着什么？","generated_by_constrained_mapping","unreviewed"
"CC-02182","PF-G06","修复能力","SC-S2-01","日常作息与生活管理","SC-S1-02","恋爱/磨合","SC-S3-10","反复小问题累积","NF-N1-03","被理解/被回应/被关心","Gate or conditional","N3-01","当「修复能力」进入「恋爱/磨合」的「日常作息与生活管理」，遇到「反复小问题累积」时，对重视「被理解/被回应/被关心」的人意味着什么？","generated_by_constrained_mapping","unreviewed"
"CC-02183","PF-G06","修复能力","SC-S2-01","日常作息与生活管理","SC-S1-02","恋爱/磨合","SC-S3-10","反复小问题累积","NF-N1-07","公平/可靠/合作","Conditional / gate","N3-02/N3-03","当「修复能力」进入「恋爱/磨合」的「日常作息与生活管理」，遇到「反复小问题累积」时，对重视「公平/可靠/合作」的人意味着什么？","generated_by_constrained_mapping","unreviewed"
"CC-02184","PF-G06","修复能力","SC-S2-01","日常作息与生活管理","SC-S1-02","恋爱/磨合","SC-S3-10","反复小问题累积","NF-N1-05","安全/信任/可预测","Gate / conditional","N3-02/N3-06","当「修复能力」进入「恋爱/磨合」的「日常作息与生活管理」，遇到「反复小问题累积」时，对重视「安全/信任/可预测」的人意味着什么？","generated_by_constrained_mapping","unreviewed"
"CC-02185","PF-G06","修复能力","SC-S2-01","日常作息与生活管理","SC-S1-04","同居/婚前","SC-S3-01","工作时间突变","NF-N1-03","被理解/被回应/被关心","Gate or conditional","N3-01","当「修复能力」进入「同居/婚前」的「日常作息与生活管理」，遇到「工作时间突变」时，对重视「被理解/被回应/被关心」的人意味着什么？","generated_by_constrained_mapping","unreviewed"
"CC-02186","PF-G06","修复能力","SC-S2-01","日常作息与生活管理","SC-S1-04","同居/婚前","SC-S3-01","工作时间突变","NF-N1-07","公平/可靠/合作","Conditional / gate","N3-02/N3-03","当「修复能力」进入「同居/婚前」的「日常作息与生活管理」，遇到「工作时间突变」时，对重视「公平/可靠/合作」的人意味着什么？","generated_by_constrained_mapping","unreviewed"
"CC-02187","PF-G06","修复能力","SC-S2-01","日常作息与生活管理","SC-S1-04","同居/婚前","SC-S3-01","工作时间突变","NF-N1-05","安全/信任/可预测","Gate / conditional","N3-02/N3-06","当「修复能力」进入「同居/婚前」的「日常作息与生活管理」，遇到「工作时间突变」时，对重视「安全/信任/可预测」的人意味着什么？","generated_by_constrained_mapping","unreviewed"
"CC-02188","PF-G06","修复能力","SC-S2-01","日常作息与生活管理","SC-S1-04","同居/婚前","SC-S3-10","反复小问题累积","NF-N1-03","被理解/被回应/被关心","Gate or conditional","N3-01","当「修复能力」进入「同居/婚前」的「日常作息与生活管理」，遇到「反复小问题累积」时，对重视「被理解/被回应/被关心」的人意味着什么？","generated_by_constrained_mapping","unreviewed"
"CC-02189","PF-G06","修复能力","SC-S2-01","日常作息与生活管理","SC-S1-04","同居/婚前","SC-S3-10","反复小问题累积","NF-N1-07","公平/可靠/合作","Conditional / gate","N3-02/N3-03","当「修复能力」进入「同居/婚前」的「日常作息与生活管理」，遇到「反复小问题累积」时，对重视「公平/可靠/合作」的人意味着什么？","generated_by_constrained_mapping","unreviewed"
"CC-02190","PF-G06","修复能力","SC-S2-01","日常作息与生活管理","SC-S1-04","同居/婚前","SC-S3-10","反复小问题累积","NF-N1-05","安全/信任/可预测","Gate / conditional","N3-02/N3-06","当「修复能力」进入「同居/婚前」的「日常作息与生活管理」，遇到「反复小问题累积」时，对重视「安全/信任/可预测」的人意味着什么？","generated_by_constrained_mapping","unreviewed"
"CC-02191","PF-G06","修复能力","SC-S2-01","日常作息与生活管理","SC-S1-07","婴幼儿照护","SC-S3-01","工作时间突变","NF-N1-03","被理解/被回应/被关心","Gate or conditional","N3-01","当「修复能力」进入「婴幼儿照护」的「日常作息与生活管理」，遇到「工作时间突变」时，对重视「被理解/被回应/被关心」的人意味着什么？","generated_by_constrained_mapping","unreviewed"
"CC-02192","PF-G06","修复能力","SC-S2-01","日常作息与生活管理","SC-S1-07","婴幼儿照护","SC-S3-01","工作时间突变","NF-N1-07","公平/可靠/合作","Conditional / gate","N3-02/N3-03","当「修复能力」进入「婴幼儿照护」的「日常作息与生活管理」，遇到「工作时间突变」时，对重视「公平/可靠/合作」的人意味着什么？","generated_by_constrained_mapping","unreviewed"
"CC-02193","PF-G06","修复能力","SC-S2-01","日常作息与生活管理","SC-S1-07","婴幼儿照护","SC-S3-01","工作时间突变","NF-N1-05","安全/信任/可预测","Gate / conditional","N3-02/N3-06","当「修复能力」进入「婴幼儿照护」的「日常作息与生活管理」，遇到「工作时间突变」时，对重视「安全/信任/可预测」的人意味着什么？","generated_by_constrained_mapping","unreviewed"
"CC-02194","PF-G06","修复能力","SC-S2-01","日常作息与生活管理","SC-S1-07","婴幼儿照护","SC-S3-10","反复小问题累积","NF-N1-03","被理解/被回应/被关心","Gate or conditional","N3-01","当「修复能力」进入「婴幼儿照护」的「日常作息与生活管理」，遇到「反复小问题累积」时，对重视「被理解/被回应/被关心」的人意味着什么？","generated_by_constrained_mapping","unreviewed"
"CC-02195","PF-G06","修复能力","SC-S2-01","日常作息与生活管理","SC-S1-07","婴幼儿照护","SC-S3-10","反复小问题累积","NF-N1-07","公平/可靠/合作","Conditional / gate","N3-02/N3-03","当「修复能力」进入「婴幼儿照护」的「日常作息与生活管理」，遇到「反复小问题累积」时，对重视「公平/可靠/合作」的人意味着什么？","generated_by_constrained_mapping","unreviewed"
"CC-02196","PF-G06","修复能力","SC-S2-01","日常作息与生活管理","SC-S1-07","婴幼儿照护","SC-S3-10","反复小问题累积","NF-N1-05","安全/信任/可预测","Gate / conditional","N3-02/N3-06","当「修复能力」进入「婴幼儿照护」的「日常作息与生活管理」，遇到「反复小问题累积」时，对重视「安全/信任/可预测」的人意味着什么？","generated_by_constrained_mapping","unreviewed"
"CC-02197","PF-G06","修复能力","SC-S2-05","家务/家庭劳动","SC-S1-04","同居/婚前","SC-S3-06","生育/育儿转折","NF-N1-03","被理解/被回应/被关心","Gate or conditional","N3-01","当「修复能力」进入「同居/婚前」的「家务/家庭劳动」，遇到「生育/育儿转折」时，对重视「被理解/被回应/被关心」的人意味着什么？","generated_by_constrained_mapping","unreviewed"
"CC-02198","PF-G06","修复能力","SC-S2-05","家务/家庭劳动","SC-S1-04","同居/婚前","SC-S3-06","生育/育儿转折","NF-N1-07","公平/可靠/合作","Conditional / gate","N3-02/N3-03","当「修复能力」进入「同居/婚前」的「家务/家庭劳动」，遇到「生育/育儿转折」时，对重视「公平/可靠/合作」的人意味着什么？","generated_by_constrained_mapping","unreviewed"
"CC-02199","PF-G06","修复能力","SC-S2-05","家务/家庭劳动","SC-S1-04","同居/婚前","SC-S3-06","生育/育儿转折","NF-N1-05","安全/信任/可预测","Gate / conditional","N3-02/N3-06","当「修复能力」进入「同居/婚前」的「家务/家庭劳动」，遇到「生育/育儿转折」时，对重视「安全/信任/可预测」的人意味着什么？","generated_by_constrained_mapping","unreviewed"
"CC-02200","PF-G06","修复能力","SC-S2-05","家务/家庭劳动","SC-S1-04","同居/婚前","SC-S3-10","反复小问题累积","NF-N1-03","被理解/被回应/被关心","Gate or conditional","N3-01","当「修复能力」进入「同居/婚前」的「家务/家庭劳动」，遇到「反复小问题累积」时，对重视「被理解/被回应/被关心」的人意味着什么？","generated_by_constrained_mapping","unreviewed"
"CC-02201","PF-G06","修复能力","SC-S2-05","家务/家庭劳动","SC-S1-04","同居/婚前","SC-S3-10","反复小问题累积","NF-N1-07","公平/可靠/合作","Conditional / gate","N3-02/N3-03","当「修复能力」进入「同居/婚前」的「家务/家庭劳动」，遇到「反复小问题累积」时，对重视「公平/可靠/合作」的人意味着什么？","generated_by_constrained_mapping","unreviewed"
"CC-02202","PF-G06","修复能力","SC-S2-05","家务/家庭劳动","SC-S1-04","同居/婚前","SC-S3-10","反复小问题累积","NF-N1-05","安全/信任/可预测","Gate / conditional","N3-02/N3-06","当「修复能力」进入「同居/婚前」的「家务/家庭劳动」，遇到「反复小问题累积」时，对重视「安全/信任/可预测」的人意味着什么？","generated_by_constrained_mapping","unreviewed"
"CC-02203","PF-G06","修复能力","SC-S2-05","家务/家庭劳动","SC-S1-07","婴幼儿照护","SC-S3-06","生育/育儿转折","NF-N1-03","被理解/被回应/被关心","Gate or conditional","N3-01","当「修复能力」进入「婴幼儿照护」的「家务/家庭劳动」，遇到「生育/育儿转折」时，对重视「被理解/被回应/被关心」的人意味着什么？","generated_by_constrained_mapping","unreviewed"
"CC-02204","PF-G06","修复能力","SC-S2-05","家务/家庭劳动","SC-S1-07","婴幼儿照护","SC-S3-06","生育/育儿转折","NF-N1-07","公平/可靠/合作","Conditional / gate","N3-02/N3-03","当「修复能力」进入「婴幼儿照护」的「家务/家庭劳动」，遇到「生育/育儿转折」时，对重视「公平/可靠/合作」的人意味着什么？","generated_by_constrained_mapping","unreviewed"
"CC-02205","PF-G06","修复能力","SC-S2-05","家务/家庭劳动","SC-S1-07","婴幼儿照护","SC-S3-06","生育/育儿转折","NF-N1-05","安全/信任/可预测","Gate / conditional","N3-02/N3-06","当「修复能力」进入「婴幼儿照护」的「家务/家庭劳动」，遇到「生育/育儿转折」时，对重视「安全/信任/可预测」的人意味着什么？","generated_by_constrained_mapping","unreviewed"
"CC-02206","PF-G06","修复能力","SC-S2-05","家务/家庭劳动","SC-S1-07","婴幼儿照护","SC-S3-10","反复小问题累积","NF-N1-03","被理解/被回应/被关心","Gate or conditional","N3-01","当「修复能力」进入「婴幼儿照护」的「家务/家庭劳动」，遇到「反复小问题累积」时，对重视「被理解/被回应/被关心」的人意味着什么？","generated_by_constrained_mapping","unreviewed"
"CC-02207","PF-G06","修复能力","SC-S2-05","家务/家庭劳动","SC-S1-07","婴幼儿照护","SC-S3-10","反复小问题累积","NF-N1-07","公平/可靠/合作","Conditional / gate","N3-02/N3-03","当「修复能力」进入「婴幼儿照护」的「家务/家庭劳动」，遇到「反复小问题累积」时，对重视「公平/可靠/合作」的人意味着什么？","generated_by_constrained_mapping","unreviewed"
"CC-02208","PF-G06","修复能力","SC-S2-05","家务/家庭劳动","SC-S1-07","婴幼儿照护","SC-S3-10","反复小问题累积","NF-N1-05","安全/信任/可预测","Gate / conditional","N3-02/N3-06","当「修复能力」进入「婴幼儿照护」的「家务/家庭劳动」，遇到「反复小问题累积」时，对重视「安全/信任/可预测」的人意味着什么？","generated_by_constrained_mapping","unreviewed"
"CC-02209","PF-G06","修复能力","SC-S2-05","家务/家庭劳动","SC-S1-09","中年多重责任","SC-S3-06","生育/育儿转折","NF-N1-03","被理解/被回应/被关心","Gate or conditional","N3-01","当「修复能力」进入「中年多重责任」的「家务/家庭劳动」，遇到「生育/育儿转折」时，对重视「被理解/被回应/被关心」的人意味着什么？","generated_by_constrained_mapping","unreviewed"
"CC-02210","PF-G06","修复能力","SC-S2-05","家务/家庭劳动","SC-S1-09","中年多重责任","SC-S3-06","生育/育儿转折","NF-N1-07","公平/可靠/合作","Conditional / gate","N3-02/N3-03","当「修复能力」进入「中年多重责任」的「家务/家庭劳动」，遇到「生育/育儿转折」时，对重视「公平/可靠/合作」的人意味着什么？","generated_by_constrained_mapping","unreviewed"
"CC-02211","PF-G06","修复能力","SC-S2-05","家务/家庭劳动","SC-S1-09","中年多重责任","SC-S3-06","生育/育儿转折","NF-N1-05","安全/信任/可预测","Gate / conditional","N3-02/N3-06","当「修复能力」进入「中年多重责任」的「家务/家庭劳动」，遇到「生育/育儿转折」时，对重视「安全/信任/可预测」的人意味着什么？","generated_by_constrained_mapping","unreviewed"
"CC-02212","PF-G06","修复能力","SC-S2-05","家务/家庭劳动","SC-S1-09","中年多重责任","SC-S3-10","反复小问题累积","NF-N1-03","被理解/被回应/被关心","Gate or conditional","N3-01","当「修复能力」进入「中年多重责任」的「家务/家庭劳动」，遇到「反复小问题累积」时，对重视「被理解/被回应/被关心」的人意味着什么？","generated_by_constrained_mapping","unreviewed"
"CC-02213","PF-G06","修复能力","SC-S2-05","家务/家庭劳动","SC-S1-09","中年多重责任","SC-S3-10","反复小问题累积","NF-N1-07","公平/可靠/合作","Conditional / gate","N3-02/N3-03","当「修复能力」进入「中年多重责任」的「家务/家庭劳动」，遇到「反复小问题累积」时，对重视「公平/可靠/合作」的人意味着什么？","generated_by_constrained_mapping","unreviewed"
"CC-02214","PF-G06","修复能力","SC-S2-05","家务/家庭劳动","SC-S1-09","中年多重责任","SC-S3-10","反复小问题累积","NF-N1-05","安全/信任/可预测","Gate / conditional","N3-02/N3-06","当「修复能力」进入「中年多重责任」的「家务/家庭劳动」，遇到「反复小问题累积」时，对重视「安全/信任/可预测」的人意味着什么？","generated_by_constrained_mapping","unreviewed"
"CC-02215","PF-G06","修复能力","SC-S2-07","双方父母/原生家庭","SC-S1-05","结婚/建立家庭","SC-S3-07","父母责任变化","NF-N1-03","被理解/被回应/被关心","Gate or conditional","N3-01","当「修复能力」进入「结婚/建立家庭」的「双方父母/原生家庭」，遇到「父母责任变化」时，对重视「被理解/被回应/被关心」的人意味着什么？","generated_by_constrained_mapping","unreviewed"
"CC-02216","PF-G06","修复能力","SC-S2-07","双方父母/原生家庭","SC-S1-05","结婚/建立家庭","SC-S3-07","父母责任变化","NF-N1-07","公平/可靠/合作","Conditional / gate","N3-02/N3-03","当「修复能力」进入「结婚/建立家庭」的「双方父母/原生家庭」，遇到「父母责任变化」时，对重视「公平/可靠/合作」的人意味着什么？","generated_by_constrained_mapping","unreviewed"
"CC-02217","PF-G06","修复能力","SC-S2-07","双方父母/原生家庭","SC-S1-05","结婚/建立家庭","SC-S3-07","父母责任变化","NF-N1-05","安全/信任/可预测","Gate / conditional","N3-02/N3-06","当「修复能力」进入「结婚/建立家庭」的「双方父母/原生家庭」，遇到「父母责任变化」时，对重视「安全/信任/可预测」的人意味着什么？","generated_by_constrained_mapping","unreviewed"
"CC-02218","PF-G06","修复能力","SC-S2-07","双方父母/原生家庭","SC-S1-05","结婚/建立家庭","SC-S3-05","居住/迁移变化","NF-N1-03","被理解/被回应/被关心","Gate or conditional","N3-01","当「修复能力」进入「结婚/建立家庭」的「双方父母/原生家庭」，遇到「居住/迁移变化」时，对重视「被理解/被回应/被关心」的人意味着什么？","generated_by_constrained_mapping","unreviewed"
"CC-02219","PF-G06","修复能力","SC-S2-07","双方父母/原生家庭","SC-S1-05","结婚/建立家庭","SC-S3-05","居住/迁移变化","NF-N1-07","公平/可靠/合作","Conditional / gate","N3-02/N3-03","当「修复能力」进入「结婚/建立家庭」的「双方父母/原生家庭」，遇到「居住/迁移变化」时，对重视「公平/可靠/合作」的人意味着什么？","generated_by_constrained_mapping","unreviewed"
"CC-02220","PF-G06","修复能力","SC-S2-07","双方父母/原生家庭","SC-S1-05","结婚/建立家庭","SC-S3-05","居住/迁移变化","NF-N1-05","安全/信任/可预测","Gate / conditional","N3-02/N3-06","当「修复能力」进入「结婚/建立家庭」的「双方父母/原生家庭」，遇到「居住/迁移变化」时，对重视「安全/信任/可预测」的人意味着什么？","generated_by_constrained_mapping","unreviewed"
"CC-02221","PF-G06","修复能力","SC-S2-07","双方父母/原生家庭","SC-S1-07","婴幼儿照护","SC-S3-07","父母责任变化","NF-N1-03","被理解/被回应/被关心","Gate or conditional","N3-01","当「修复能力」进入「婴幼儿照护」的「双方父母/原生家庭」，遇到「父母责任变化」时，对重视「被理解/被回应/被关心」的人意味着什么？","generated_by_constrained_mapping","unreviewed"
"CC-02222","PF-G06","修复能力","SC-S2-07","双方父母/原生家庭","SC-S1-07","婴幼儿照护","SC-S3-07","父母责任变化","NF-N1-07","公平/可靠/合作","Conditional / gate","N3-02/N3-03","当「修复能力」进入「婴幼儿照护」的「双方父母/原生家庭」，遇到「父母责任变化」时，对重视「公平/可靠/合作」的人意味着什么？","generated_by_constrained_mapping","unreviewed"
"CC-02223","PF-G06","修复能力","SC-S2-07","双方父母/原生家庭","SC-S1-07","婴幼儿照护","SC-S3-07","父母责任变化","NF-N1-05","安全/信任/可预测","Gate / conditional","N3-02/N3-06","当「修复能力」进入「婴幼儿照护」的「双方父母/原生家庭」，遇到「父母责任变化」时，对重视「安全/信任/可预测」的人意味着什么？","generated_by_constrained_mapping","unreviewed"
"CC-02224","PF-G06","修复能力","SC-S2-07","双方父母/原生家庭","SC-S1-07","婴幼儿照护","SC-S3-05","居住/迁移变化","NF-N1-03","被理解/被回应/被关心","Gate or conditional","N3-01","当「修复能力」进入「婴幼儿照护」的「双方父母/原生家庭」，遇到「居住/迁移变化」时，对重视「被理解/被回应/被关心」的人意味着什么？","generated_by_constrained_mapping","unreviewed"
"CC-02225","PF-G06","修复能力","SC-S2-07","双方父母/原生家庭","SC-S1-07","婴幼儿照护","SC-S3-05","居住/迁移变化","NF-N1-07","公平/可靠/合作","Conditional / gate","N3-02/N3-03","当「修复能力」进入「婴幼儿照护」的「双方父母/原生家庭」，遇到「居住/迁移变化」时，对重视「公平/可靠/合作」的人意味着什么？","generated_by_constrained_mapping","unreviewed"
"CC-02226","PF-G06","修复能力","SC-S2-07","双方父母/原生家庭","SC-S1-07","婴幼儿照护","SC-S3-05","居住/迁移变化","NF-N1-05","安全/信任/可预测","Gate / conditional","N3-02/N3-06","当「修复能力」进入「婴幼儿照护」的「双方父母/原生家庭」，遇到「居住/迁移变化」时，对重视「安全/信任/可预测」的人意味着什么？","generated_by_constrained_mapping","unreviewed"
"CC-02227","PF-G06","修复能力","SC-S2-07","双方父母/原生家庭","SC-S1-09","中年多重责任","SC-S3-07","父母责任变化","NF-N1-03","被理解/被回应/被关心","Gate or conditional","N3-01","当「修复能力」进入「中年多重责任」的「双方父母/原生家庭」，遇到「父母责任变化」时，对重视「被理解/被回应/被关心」的人意味着什么？","generated_by_constrained_mapping","unreviewed"
"CC-02228","PF-G06","修复能力","SC-S2-07","双方父母/原生家庭","SC-S1-09","中年多重责任","SC-S3-07","父母责任变化","NF-N1-07","公平/可靠/合作","Conditional / gate","N3-02/N3-03","当「修复能力」进入「中年多重责任」的「双方父母/原生家庭」，遇到「父母责任变化」时，对重视「公平/可靠/合作」的人意味着什么？","generated_by_constrained_mapping","unreviewed"
"CC-02229","PF-G06","修复能力","SC-S2-07","双方父母/原生家庭","SC-S1-09","中年多重责任","SC-S3-07","父母责任变化","NF-N1-05","安全/信任/可预测","Gate / conditional","N3-02/N3-06","当「修复能力」进入「中年多重责任」的「双方父母/原生家庭」，遇到「父母责任变化」时，对重视「安全/信任/可预测」的人意味着什么？","generated_by_constrained_mapping","unreviewed"
"CC-02230","PF-G06","修复能力","SC-S2-07","双方父母/原生家庭","SC-S1-09","中年多重责任","SC-S3-05","居住/迁移变化","NF-N1-03","被理解/被回应/被关心","Gate or conditional","N3-01","当「修复能力」进入「中年多重责任」的「双方父母/原生家庭」，遇到「居住/迁移变化」时，对重视「被理解/被回应/被关心」的人意味着什么？","generated_by_constrained_mapping","unreviewed"
"CC-02231","PF-G06","修复能力","SC-S2-07","双方父母/原生家庭","SC-S1-09","中年多重责任","SC-S3-05","居住/迁移变化","NF-N1-07","公平/可靠/合作","Conditional / gate","N3-02/N3-03","当「修复能力」进入「中年多重责任」的「双方父母/原生家庭」，遇到「居住/迁移变化」时，对重视「公平/可靠/合作」的人意味着什么？","generated_by_constrained_mapping","unreviewed"
"CC-02232","PF-G06","修复能力","SC-S2-07","双方父母/原生家庭","SC-S1-09","中年多重责任","SC-S3-05","居住/迁移变化","NF-N1-05","安全/信任/可预测","Gate / conditional","N3-02/N3-06","当「修复能力」进入「中年多重责任」的「双方父母/原生家庭」，遇到「居住/迁移变化」时，对重视「安全/信任/可预测」的人意味着什么？","generated_by_constrained_mapping","unreviewed"
"CC-02233","PF-G07","支持/照护","SC-S2-11","健康/疾病/照护","SC-S1-03","稳定交往","SC-S3-08","本人健康变化","NF-N1-03","被理解/被回应/被关心","Gate or conditional","N3-01","当「支持/照护」进入「稳定交往」的「健康/疾病/照护」，遇到「本人健康变化」时，对重视「被理解/被回应/被关心」的人意味着什么？","generated_by_constrained_mapping","unreviewed"
"CC-02234","PF-G07","支持/照护","SC-S2-11","健康/疾病/照护","SC-S1-03","稳定交往","SC-S3-08","本人健康变化","NF-N1-07","公平/可靠/合作","Conditional / gate","N3-02/N3-03","当「支持/照护」进入「稳定交往」的「健康/疾病/照护」，遇到「本人健康变化」时，对重视「公平/可靠/合作」的人意味着什么？","generated_by_constrained_mapping","unreviewed"
"CC-02235","PF-G07","支持/照护","SC-S2-11","健康/疾病/照护","SC-S1-03","稳定交往","SC-S3-08","本人健康变化","NF-N1-08","成长/能力/目标支持","Fit / trade-off","N3-09","当「支持/照护」进入「稳定交往」的「健康/疾病/照护」，遇到「本人健康变化」时，对重视「成长/能力/目标支持」的人意味着什么？","generated_by_constrained_mapping","unreviewed"
"CC-02236","PF-G07","支持/照护","SC-S2-11","健康/疾病/照护","SC-S1-03","稳定交往","SC-S3-07","父母责任变化","NF-N1-03","被理解/被回应/被关心","Gate or conditional","N3-01","当「支持/照护」进入「稳定交往」的「健康/疾病/照护」，遇到「父母责任变化」时，对重视「被理解/被回应/被关心」的人意味着什么？","generated_by_constrained_mapping","unreviewed"
"CC-02237","PF-G07","支持/照护","SC-S2-11","健康/疾病/照护","SC-S1-03","稳定交往","SC-S3-07","父母责任变化","NF-N1-07","公平/可靠/合作","Conditional / gate","N3-02/N3-03","当「支持/照护」进入「稳定交往」的「健康/疾病/照护」，遇到「父母责任变化」时，对重视「公平/可靠/合作」的人意味着什么？","generated_by_constrained_mapping","unreviewed"
"CC-02238","PF-G07","支持/照护","SC-S2-11","健康/疾病/照护","SC-S1-03","稳定交往","SC-S3-07","父母责任变化","NF-N1-08","成长/能力/目标支持","Fit / trade-off","N3-09","当「支持/照护」进入「稳定交往」的「健康/疾病/照护」，遇到「父母责任变化」时，对重视「成长/能力/目标支持」的人意味着什么？","generated_by_constrained_mapping","unreviewed"
"CC-02239","PF-G07","支持/照护","SC-S2-11","健康/疾病/照护","SC-S1-07","婴幼儿照护","SC-S3-08","本人健康变化","NF-N1-03","被理解/被回应/被关心","Gate or conditional","N3-01","当「支持/照护」进入「婴幼儿照护」的「健康/疾病/照护」，遇到「本人健康变化」时，对重视「被理解/被回应/被关心」的人意味着什么？","generated_by_constrained_mapping","unreviewed"
"CC-02240","PF-G07","支持/照护","SC-S2-11","健康/疾病/照护","SC-S1-07","婴幼儿照护","SC-S3-08","本人健康变化","NF-N1-07","公平/可靠/合作","Conditional / gate","N3-02/N3-03","当「支持/照护」进入「婴幼儿照护」的「健康/疾病/照护」，遇到「本人健康变化」时，对重视「公平/可靠/合作」的人意味着什么？","generated_by_constrained_mapping","unreviewed"
"CC-02241","PF-G07","支持/照护","SC-S2-11","健康/疾病/照护","SC-S1-07","婴幼儿照护","SC-S3-08","本人健康变化","NF-N1-08","成长/能力/目标支持","Fit / trade-off","N3-09","当「支持/照护」进入「婴幼儿照护」的「健康/疾病/照护」，遇到「本人健康变化」时，对重视「成长/能力/目标支持」的人意味着什么？","generated_by_constrained_mapping","unreviewed"
"CC-02242","PF-G07","支持/照护","SC-S2-11","健康/疾病/照护","SC-S1-07","婴幼儿照护","SC-S3-07","父母责任变化","NF-N1-03","被理解/被回应/被关心","Gate or conditional","N3-01","当「支持/照护」进入「婴幼儿照护」的「健康/疾病/照护」，遇到「父母责任变化」时，对重视「被理解/被回应/被关心」的人意味着什么？","generated_by_constrained_mapping","unreviewed"
"CC-02243","PF-G07","支持/照护","SC-S2-11","健康/疾病/照护","SC-S1-07","婴幼儿照护","SC-S3-07","父母责任变化","NF-N1-07","公平/可靠/合作","Conditional / gate","N3-02/N3-03","当「支持/照护」进入「婴幼儿照护」的「健康/疾病/照护」，遇到「父母责任变化」时，对重视「公平/可靠/合作」的人意味着什么？","generated_by_constrained_mapping","unreviewed"
"CC-02244","PF-G07","支持/照护","SC-S2-11","健康/疾病/照护","SC-S1-07","婴幼儿照护","SC-S3-07","父母责任变化","NF-N1-08","成长/能力/目标支持","Fit / trade-off","N3-09","当「支持/照护」进入「婴幼儿照护」的「健康/疾病/照护」，遇到「父母责任变化」时，对重视「成长/能力/目标支持」的人意味着什么？","generated_by_constrained_mapping","unreviewed"
"CC-02245","PF-G07","支持/照护","SC-S2-11","健康/疾病/照护","SC-S1-10","退休/老年/长期照护","SC-S3-08","本人健康变化","NF-N1-03","被理解/被回应/被关心","Gate or conditional","N3-01","当「支持/照护」进入「退休/老年/长期照护」的「健康/疾病/照护」，遇到「本人健康变化」时，对重视「被理解/被回应/被关心」的人意味着什么？","generated_by_constrained_mapping","unreviewed"
"CC-02246","PF-G07","支持/照护","SC-S2-11","健康/疾病/照护","SC-S1-10","退休/老年/长期照护","SC-S3-08","本人健康变化","NF-N1-07","公平/可靠/合作","Conditional / gate","N3-02/N3-03","当「支持/照护」进入「退休/老年/长期照护」的「健康/疾病/照护」，遇到「本人健康变化」时，对重视「公平/可靠/合作」的人意味着什么？","generated_by_constrained_mapping","unreviewed"
"CC-02247","PF-G07","支持/照护","SC-S2-11","健康/疾病/照护","SC-S1-10","退休/老年/长期照护","SC-S3-08","本人健康变化","NF-N1-08","成长/能力/目标支持","Fit / trade-off","N3-09","当「支持/照护」进入「退休/老年/长期照护」的「健康/疾病/照护」，遇到「本人健康变化」时，对重视「成长/能力/目标支持」的人意味着什么？","generated_by_constrained_mapping","unreviewed"
"CC-02248","PF-G07","支持/照护","SC-S2-11","健康/疾病/照护","SC-S1-10","退休/老年/长期照护","SC-S3-07","父母责任变化","NF-N1-03","被理解/被回应/被关心","Gate or conditional","N3-01","当「支持/照护」进入「退休/老年/长期照护」的「健康/疾病/照护」，遇到「父母责任变化」时，对重视「被理解/被回应/被关心」的人意味着什么？","generated_by_constrained_mapping","unreviewed"
"CC-02249","PF-G07","支持/照护","SC-S2-11","健康/疾病/照护","SC-S1-10","退休/老年/长期照护","SC-S3-07","父母责任变化","NF-N1-07","公平/可靠/合作","Conditional / gate","N3-02/N3-03","当「支持/照护」进入「退休/老年/长期照护」的「健康/疾病/照护」，遇到「父母责任变化」时，对重视「公平/可靠/合作」的人意味着什么？","generated_by_constrained_mapping","unreviewed"
"CC-02250","PF-G07","支持/照护","SC-S2-11","健康/疾病/照护","SC-S1-10","退休/老年/长期照护","SC-S3-07","父母责任变化","NF-N1-08","成长/能力/目标支持","Fit / trade-off","N3-09","当「支持/照护」进入「退休/老年/长期照护」的「健康/疾病/照护」，遇到「父母责任变化」时，对重视「成长/能力/目标支持」的人意味着什么？","generated_by_constrained_mapping","unreviewed"
"CC-02251","PF-G07","支持/照护","SC-S2-02","工作/事业/学习","SC-S1-02","恋爱/磨合","SC-S3-01","工作时间突变","NF-N1-03","被理解/被回应/被关心","Gate or conditional","N3-01","当「支持/照护」进入「恋爱/磨合」的「工作/事业/学习」，遇到「工作时间突变」时，对重视「被理解/被回应/被关心」的人意味着什么？","generated_by_constrained_mapping","unreviewed"
"CC-02252","PF-G07","支持/照护","SC-S2-02","工作/事业/学习","SC-S1-02","恋爱/磨合","SC-S3-01","工作时间突变","NF-N1-07","公平/可靠/合作","Conditional / gate","N3-02/N3-03","当「支持/照护」进入「恋爱/磨合」的「工作/事业/学习」，遇到「工作时间突变」时，对重视「公平/可靠/合作」的人意味着什么？","generated_by_constrained_mapping","unreviewed"
"CC-02253","PF-G07","支持/照护","SC-S2-02","工作/事业/学习","SC-S1-02","恋爱/磨合","SC-S3-01","工作时间突变","NF-N1-08","成长/能力/目标支持","Fit / trade-off","N3-09","当「支持/照护」进入「恋爱/磨合」的「工作/事业/学习」，遇到「工作时间突变」时，对重视「成长/能力/目标支持」的人意味着什么？","generated_by_constrained_mapping","unreviewed"
"CC-02254","PF-G07","支持/照护","SC-S2-02","工作/事业/学习","SC-S1-02","恋爱/磨合","SC-S3-02","事业机会/职业转折","NF-N1-03","被理解/被回应/被关心","Gate or conditional","N3-01","当「支持/照护」进入「恋爱/磨合」的「工作/事业/学习」，遇到「事业机会/职业转折」时，对重视「被理解/被回应/被关心」的人意味着什么？","generated_by_constrained_mapping","unreviewed"
"CC-02255","PF-G07","支持/照护","SC-S2-02","工作/事业/学习","SC-S1-02","恋爱/磨合","SC-S3-02","事业机会/职业转折","NF-N1-07","公平/可靠/合作","Conditional / gate","N3-02/N3-03","当「支持/照护」进入「恋爱/磨合」的「工作/事业/学习」，遇到「事业机会/职业转折」时，对重视「公平/可靠/合作」的人意味着什么？","generated_by_constrained_mapping","unreviewed"
"CC-02256","PF-G07","支持/照护","SC-S2-02","工作/事业/学习","SC-S1-02","恋爱/磨合","SC-S3-02","事业机会/职业转折","NF-N1-08","成长/能力/目标支持","Fit / trade-off","N3-09","当「支持/照护」进入「恋爱/磨合」的「工作/事业/学习」，遇到「事业机会/职业转折」时，对重视「成长/能力/目标支持」的人意味着什么？","generated_by_constrained_mapping","unreviewed"
"CC-02257","PF-G07","支持/照护","SC-S2-02","工作/事业/学习","SC-S1-05","结婚/建立家庭","SC-S3-01","工作时间突变","NF-N1-03","被理解/被回应/被关心","Gate or conditional","N3-01","当「支持/照护」进入「结婚/建立家庭」的「工作/事业/学习」，遇到「工作时间突变」时，对重视「被理解/被回应/被关心」的人意味着什么？","generated_by_constrained_mapping","unreviewed"
"CC-02258","PF-G07","支持/照护","SC-S2-02","工作/事业/学习","SC-S1-05","结婚/建立家庭","SC-S3-01","工作时间突变","NF-N1-07","公平/可靠/合作","Conditional / gate","N3-02/N3-03","当「支持/照护」进入「结婚/建立家庭」的「工作/事业/学习」，遇到「工作时间突变」时，对重视「公平/可靠/合作」的人意味着什么？","generated_by_constrained_mapping","unreviewed"
"CC-02259","PF-G07","支持/照护","SC-S2-02","工作/事业/学习","SC-S1-05","结婚/建立家庭","SC-S3-01","工作时间突变","NF-N1-08","成长/能力/目标支持","Fit / trade-off","N3-09","当「支持/照护」进入「结婚/建立家庭」的「工作/事业/学习」，遇到「工作时间突变」时，对重视「成长/能力/目标支持」的人意味着什么？","generated_by_constrained_mapping","unreviewed"
"CC-02260","PF-G07","支持/照护","SC-S2-02","工作/事业/学习","SC-S1-05","结婚/建立家庭","SC-S3-02","事业机会/职业转折","NF-N1-03","被理解/被回应/被关心","Gate or conditional","N3-01","当「支持/照护」进入「结婚/建立家庭」的「工作/事业/学习」，遇到「事业机会/职业转折」时，对重视「被理解/被回应/被关心」的人意味着什么？","generated_by_constrained_mapping","unreviewed"
"CC-02261","PF-G07","支持/照护","SC-S2-02","工作/事业/学习","SC-S1-05","结婚/建立家庭","SC-S3-02","事业机会/职业转折","NF-N1-07","公平/可靠/合作","Conditional / gate","N3-02/N3-03","当「支持/照护」进入「结婚/建立家庭」的「工作/事业/学习」，遇到「事业机会/职业转折」时，对重视「公平/可靠/合作」的人意味着什么？","generated_by_constrained_mapping","unreviewed"
"CC-02262","PF-G07","支持/照护","SC-S2-02","工作/事业/学习","SC-S1-05","结婚/建立家庭","SC-S3-02","事业机会/职业转折","NF-N1-08","成长/能力/目标支持","Fit / trade-off","N3-09","当「支持/照护」进入「结婚/建立家庭」的「工作/事业/学习」，遇到「事业机会/职业转折」时，对重视「成长/能力/目标支持」的人意味着什么？","generated_by_constrained_mapping","unreviewed"
"CC-02263","PF-G07","支持/照护","SC-S2-02","工作/事业/学习","SC-S1-09","中年多重责任","SC-S3-01","工作时间突变","NF-N1-03","被理解/被回应/被关心","Gate or conditional","N3-01","当「支持/照护」进入「中年多重责任」的「工作/事业/学习」，遇到「工作时间突变」时，对重视「被理解/被回应/被关心」的人意味着什么？","generated_by_constrained_mapping","unreviewed"
"CC-02264","PF-G07","支持/照护","SC-S2-02","工作/事业/学习","SC-S1-09","中年多重责任","SC-S3-01","工作时间突变","NF-N1-07","公平/可靠/合作","Conditional / gate","N3-02/N3-03","当「支持/照护」进入「中年多重责任」的「工作/事业/学习」，遇到「工作时间突变」时，对重视「公平/可靠/合作」的人意味着什么？","generated_by_constrained_mapping","unreviewed"
"CC-02265","PF-G07","支持/照护","SC-S2-02","工作/事业/学习","SC-S1-09","中年多重责任","SC-S3-01","工作时间突变","NF-N1-08","成长/能力/目标支持","Fit / trade-off","N3-09","当「支持/照护」进入「中年多重责任」的「工作/事业/学习」，遇到「工作时间突变」时，对重视「成长/能力/目标支持」的人意味着什么？","generated_by_constrained_mapping","unreviewed"
"CC-02266","PF-G07","支持/照护","SC-S2-02","工作/事业/学习","SC-S1-09","中年多重责任","SC-S3-02","事业机会/职业转折","NF-N1-03","被理解/被回应/被关心","Gate or conditional","N3-01","当「支持/照护」进入「中年多重责任」的「工作/事业/学习」，遇到「事业机会/职业转折」时，对重视「被理解/被回应/被关心」的人意味着什么？","generated_by_constrained_mapping","unreviewed"
"CC-02267","PF-G07","支持/照护","SC-S2-02","工作/事业/学习","SC-S1-09","中年多重责任","SC-S3-02","事业机会/职业转折","NF-N1-07","公平/可靠/合作","Conditional / gate","N3-02/N3-03","当「支持/照护」进入「中年多重责任」的「工作/事业/学习」，遇到「事业机会/职业转折」时，对重视「公平/可靠/合作」的人意味着什么？","generated_by_constrained_mapping","unreviewed"
"CC-02268","PF-G07","支持/照护","SC-S2-02","工作/事业/学习","SC-S1-09","中年多重责任","SC-S3-02","事业机会/职业转折","NF-N1-08","成长/能力/目标支持","Fit / trade-off","N3-09","当「支持/照护」进入「中年多重责任」的「工作/事业/学习」，遇到「事业机会/职业转折」时，对重视「成长/能力/目标支持」的人意味着什么？","generated_by_constrained_mapping","unreviewed"
"CC-02269","PF-G07","支持/照护","SC-S2-06","孩子/生育/教育","SC-S1-05","结婚/建立家庭","SC-S3-06","生育/育儿转折","NF-N1-03","被理解/被回应/被关心","Gate or conditional","N3-01","当「支持/照护」进入「结婚/建立家庭」的「孩子/生育/教育」，遇到「生育/育儿转折」时，对重视「被理解/被回应/被关心」的人意味着什么？","generated_by_constrained_mapping","unreviewed"
"CC-02270","PF-G07","支持/照护","SC-S2-06","孩子/生育/教育","SC-S1-05","结婚/建立家庭","SC-S3-06","生育/育儿转折","NF-N1-07","公平/可靠/合作","Conditional / gate","N3-02/N3-03","当「支持/照护」进入「结婚/建立家庭」的「孩子/生育/教育」，遇到「生育/育儿转折」时，对重视「公平/可靠/合作」的人意味着什么？","generated_by_constrained_mapping","unreviewed"
"CC-02271","PF-G07","支持/照护","SC-S2-06","孩子/生育/教育","SC-S1-05","结婚/建立家庭","SC-S3-06","生育/育儿转折","NF-N1-08","成长/能力/目标支持","Fit / trade-off","N3-09","当「支持/照护」进入「结婚/建立家庭」的「孩子/生育/教育」，遇到「生育/育儿转折」时，对重视「成长/能力/目标支持」的人意味着什么？","generated_by_constrained_mapping","unreviewed"
"CC-02272","PF-G07","支持/照护","SC-S2-06","孩子/生育/教育","SC-S1-05","结婚/建立家庭","SC-S3-01","工作时间突变","NF-N1-03","被理解/被回应/被关心","Gate or conditional","N3-01","当「支持/照护」进入「结婚/建立家庭」的「孩子/生育/教育」，遇到「工作时间突变」时，对重视「被理解/被回应/被关心」的人意味着什么？","generated_by_constrained_mapping","unreviewed"
"CC-02273","PF-G07","支持/照护","SC-S2-06","孩子/生育/教育","SC-S1-05","结婚/建立家庭","SC-S3-01","工作时间突变","NF-N1-07","公平/可靠/合作","Conditional / gate","N3-02/N3-03","当「支持/照护」进入「结婚/建立家庭」的「孩子/生育/教育」，遇到「工作时间突变」时，对重视「公平/可靠/合作」的人意味着什么？","generated_by_constrained_mapping","unreviewed"
"CC-02274","PF-G07","支持/照护","SC-S2-06","孩子/生育/教育","SC-S1-05","结婚/建立家庭","SC-S3-01","工作时间突变","NF-N1-08","成长/能力/目标支持","Fit / trade-off","N3-09","当「支持/照护」进入「结婚/建立家庭」的「孩子/生育/教育」，遇到「工作时间突变」时，对重视「成长/能力/目标支持」的人意味着什么？","generated_by_constrained_mapping","unreviewed"
"CC-02275","PF-G07","支持/照护","SC-S2-06","孩子/生育/教育","SC-S1-07","婴幼儿照护","SC-S3-06","生育/育儿转折","NF-N1-03","被理解/被回应/被关心","Gate or conditional","N3-01","当「支持/照护」进入「婴幼儿照护」的「孩子/生育/教育」，遇到「生育/育儿转折」时，对重视「被理解/被回应/被关心」的人意味着什么？","generated_by_constrained_mapping","unreviewed"
"CC-02276","PF-G07","支持/照护","SC-S2-06","孩子/生育/教育","SC-S1-07","婴幼儿照护","SC-S3-06","生育/育儿转折","NF-N1-07","公平/可靠/合作","Conditional / gate","N3-02/N3-03","当「支持/照护」进入「婴幼儿照护」的「孩子/生育/教育」，遇到「生育/育儿转折」时，对重视「公平/可靠/合作」的人意味着什么？","generated_by_constrained_mapping","unreviewed"
"CC-02277","PF-G07","支持/照护","SC-S2-06","孩子/生育/教育","SC-S1-07","婴幼儿照护","SC-S3-06","生育/育儿转折","NF-N1-08","成长/能力/目标支持","Fit / trade-off","N3-09","当「支持/照护」进入「婴幼儿照护」的「孩子/生育/教育」，遇到「生育/育儿转折」时，对重视「成长/能力/目标支持」的人意味着什么？","generated_by_constrained_mapping","unreviewed"
"CC-02278","PF-G07","支持/照护","SC-S2-06","孩子/生育/教育","SC-S1-07","婴幼儿照护","SC-S3-01","工作时间突变","NF-N1-03","被理解/被回应/被关心","Gate or conditional","N3-01","当「支持/照护」进入「婴幼儿照护」的「孩子/生育/教育」，遇到「工作时间突变」时，对重视「被理解/被回应/被关心」的人意味着什么？","generated_by_constrained_mapping","unreviewed"
"CC-02279","PF-G07","支持/照护","SC-S2-06","孩子/生育/教育","SC-S1-07","婴幼儿照护","SC-S3-01","工作时间突变","NF-N1-07","公平/可靠/合作","Conditional / gate","N3-02/N3-03","当「支持/照护」进入「婴幼儿照护」的「孩子/生育/教育」，遇到「工作时间突变」时，对重视「公平/可靠/合作」的人意味着什么？","generated_by_constrained_mapping","unreviewed"
"CC-02280","PF-G07","支持/照护","SC-S2-06","孩子/生育/教育","SC-S1-07","婴幼儿照护","SC-S3-01","工作时间突变","NF-N1-08","成长/能力/目标支持","Fit / trade-off","N3-09","当「支持/照护」进入「婴幼儿照护」的「孩子/生育/教育」，遇到「工作时间突变」时，对重视「成长/能力/目标支持」的人意味着什么？","generated_by_constrained_mapping","unreviewed"
"CC-02281","PF-G07","支持/照护","SC-S2-06","孩子/生育/教育","SC-S1-08","孩子成长/教育","SC-S3-06","生育/育儿转折","NF-N1-03","被理解/被回应/被关心","Gate or conditional","N3-01","当「支持/照护」进入「孩子成长/教育」的「孩子/生育/教育」，遇到「生育/育儿转折」时，对重视「被理解/被回应/被关心」的人意味着什么？","generated_by_constrained_mapping","unreviewed"
"CC-02282","PF-G07","支持/照护","SC-S2-06","孩子/生育/教育","SC-S1-08","孩子成长/教育","SC-S3-06","生育/育儿转折","NF-N1-07","公平/可靠/合作","Conditional / gate","N3-02/N3-03","当「支持/照护」进入「孩子成长/教育」的「孩子/生育/教育」，遇到「生育/育儿转折」时，对重视「公平/可靠/合作」的人意味着什么？","generated_by_constrained_mapping","unreviewed"
"CC-02283","PF-G07","支持/照护","SC-S2-06","孩子/生育/教育","SC-S1-08","孩子成长/教育","SC-S3-06","生育/育儿转折","NF-N1-08","成长/能力/目标支持","Fit / trade-off","N3-09","当「支持/照护」进入「孩子成长/教育」的「孩子/生育/教育」，遇到「生育/育儿转折」时，对重视「成长/能力/目标支持」的人意味着什么？","generated_by_constrained_mapping","unreviewed"
"CC-02284","PF-G07","支持/照护","SC-S2-06","孩子/生育/教育","SC-S1-08","孩子成长/教育","SC-S3-01","工作时间突变","NF-N1-03","被理解/被回应/被关心","Gate or conditional","N3-01","当「支持/照护」进入「孩子成长/教育」的「孩子/生育/教育」，遇到「工作时间突变」时，对重视「被理解/被回应/被关心」的人意味着什么？","generated_by_constrained_mapping","unreviewed"
"CC-02285","PF-G07","支持/照护","SC-S2-06","孩子/生育/教育","SC-S1-08","孩子成长/教育","SC-S3-01","工作时间突变","NF-N1-07","公平/可靠/合作","Conditional / gate","N3-02/N3-03","当「支持/照护」进入「孩子成长/教育」的「孩子/生育/教育」，遇到「工作时间突变」时，对重视「公平/可靠/合作」的人意味着什么？","generated_by_constrained_mapping","unreviewed"
"CC-02286","PF-G07","支持/照护","SC-S2-06","孩子/生育/教育","SC-S1-08","孩子成长/教育","SC-S3-01","工作时间突变","NF-N1-08","成长/能力/目标支持","Fit / trade-off","N3-09","当「支持/照护」进入「孩子成长/教育」的「孩子/生育/教育」，遇到「工作时间突变」时，对重视「成长/能力/目标支持」的人意味着什么？","generated_by_constrained_mapping","unreviewed"
"CC-02287","PF-G07","支持/照护","SC-S2-07","双方父母/原生家庭","SC-S1-05","结婚/建立家庭","SC-S3-07","父母责任变化","NF-N1-03","被理解/被回应/被关心","Gate or conditional","N3-01","当「支持/照护」进入「结婚/建立家庭」的「双方父母/原生家庭」，遇到「父母责任变化」时，对重视「被理解/被回应/被关心」的人意味着什么？","generated_by_constrained_mapping","unreviewed"
"CC-02288","PF-G07","支持/照护","SC-S2-07","双方父母/原生家庭","SC-S1-05","结婚/建立家庭","SC-S3-07","父母责任变化","NF-N1-07","公平/可靠/合作","Conditional / gate","N3-02/N3-03","当「支持/照护」进入「结婚/建立家庭」的「双方父母/原生家庭」，遇到「父母责任变化」时，对重视「公平/可靠/合作」的人意味着什么？","generated_by_constrained_mapping","unreviewed"
"CC-02289","PF-G07","支持/照护","SC-S2-07","双方父母/原生家庭","SC-S1-05","结婚/建立家庭","SC-S3-07","父母责任变化","NF-N1-08","成长/能力/目标支持","Fit / trade-off","N3-09","当「支持/照护」进入「结婚/建立家庭」的「双方父母/原生家庭」，遇到「父母责任变化」时，对重视「成长/能力/目标支持」的人意味着什么？","generated_by_constrained_mapping","unreviewed"
"CC-02290","PF-G07","支持/照护","SC-S2-07","双方父母/原生家庭","SC-S1-05","结婚/建立家庭","SC-S3-05","居住/迁移变化","NF-N1-03","被理解/被回应/被关心","Gate or conditional","N3-01","当「支持/照护」进入「结婚/建立家庭」的「双方父母/原生家庭」，遇到「居住/迁移变化」时，对重视「被理解/被回应/被关心」的人意味着什么？","generated_by_constrained_mapping","unreviewed"
"CC-02291","PF-G07","支持/照护","SC-S2-07","双方父母/原生家庭","SC-S1-05","结婚/建立家庭","SC-S3-05","居住/迁移变化","NF-N1-07","公平/可靠/合作","Conditional / gate","N3-02/N3-03","当「支持/照护」进入「结婚/建立家庭」的「双方父母/原生家庭」，遇到「居住/迁移变化」时，对重视「公平/可靠/合作」的人意味着什么？","generated_by_constrained_mapping","unreviewed"
"CC-02292","PF-G07","支持/照护","SC-S2-07","双方父母/原生家庭","SC-S1-05","结婚/建立家庭","SC-S3-05","居住/迁移变化","NF-N1-08","成长/能力/目标支持","Fit / trade-off","N3-09","当「支持/照护」进入「结婚/建立家庭」的「双方父母/原生家庭」，遇到「居住/迁移变化」时，对重视「成长/能力/目标支持」的人意味着什么？","generated_by_constrained_mapping","unreviewed"
"CC-02293","PF-G07","支持/照护","SC-S2-07","双方父母/原生家庭","SC-S1-07","婴幼儿照护","SC-S3-07","父母责任变化","NF-N1-03","被理解/被回应/被关心","Gate or conditional","N3-01","当「支持/照护」进入「婴幼儿照护」的「双方父母/原生家庭」，遇到「父母责任变化」时，对重视「被理解/被回应/被关心」的人意味着什么？","generated_by_constrained_mapping","unreviewed"
"CC-02294","PF-G07","支持/照护","SC-S2-07","双方父母/原生家庭","SC-S1-07","婴幼儿照护","SC-S3-07","父母责任变化","NF-N1-07","公平/可靠/合作","Conditional / gate","N3-02/N3-03","当「支持/照护」进入「婴幼儿照护」的「双方父母/原生家庭」，遇到「父母责任变化」时，对重视「公平/可靠/合作」的人意味着什么？","generated_by_constrained_mapping","unreviewed"
"CC-02295","PF-G07","支持/照护","SC-S2-07","双方父母/原生家庭","SC-S1-07","婴幼儿照护","SC-S3-07","父母责任变化","NF-N1-08","成长/能力/目标支持","Fit / trade-off","N3-09","当「支持/照护」进入「婴幼儿照护」的「双方父母/原生家庭」，遇到「父母责任变化」时，对重视「成长/能力/目标支持」的人意味着什么？","generated_by_constrained_mapping","unreviewed"
"CC-02296","PF-G07","支持/照护","SC-S2-07","双方父母/原生家庭","SC-S1-07","婴幼儿照护","SC-S3-05","居住/迁移变化","NF-N1-03","被理解/被回应/被关心","Gate or conditional","N3-01","当「支持/照护」进入「婴幼儿照护」的「双方父母/原生家庭」，遇到「居住/迁移变化」时，对重视「被理解/被回应/被关心」的人意味着什么？","generated_by_constrained_mapping","unreviewed"
"CC-02297","PF-G07","支持/照护","SC-S2-07","双方父母/原生家庭","SC-S1-07","婴幼儿照护","SC-S3-05","居住/迁移变化","NF-N1-07","公平/可靠/合作","Conditional / gate","N3-02/N3-03","当「支持/照护」进入「婴幼儿照护」的「双方父母/原生家庭」，遇到「居住/迁移变化」时，对重视「公平/可靠/合作」的人意味着什么？","generated_by_constrained_mapping","unreviewed"
"CC-02298","PF-G07","支持/照护","SC-S2-07","双方父母/原生家庭","SC-S1-07","婴幼儿照护","SC-S3-05","居住/迁移变化","NF-N1-08","成长/能力/目标支持","Fit / trade-off","N3-09","当「支持/照护」进入「婴幼儿照护」的「双方父母/原生家庭」，遇到「居住/迁移变化」时，对重视「成长/能力/目标支持」的人意味着什么？","generated_by_constrained_mapping","unreviewed"
"CC-02299","PF-G07","支持/照护","SC-S2-07","双方父母/原生家庭","SC-S1-09","中年多重责任","SC-S3-07","父母责任变化","NF-N1-03","被理解/被回应/被关心","Gate or conditional","N3-01","当「支持/照护」进入「中年多重责任」的「双方父母/原生家庭」，遇到「父母责任变化」时，对重视「被理解/被回应/被关心」的人意味着什么？","generated_by_constrained_mapping","unreviewed"
"CC-02300","PF-G07","支持/照护","SC-S2-07","双方父母/原生家庭","SC-S1-09","中年多重责任","SC-S3-07","父母责任变化","NF-N1-07","公平/可靠/合作","Conditional / gate","N3-02/N3-03","当「支持/照护」进入「中年多重责任」的「双方父母/原生家庭」，遇到「父母责任变化」时，对重视「公平/可靠/合作」的人意味着什么？","generated_by_constrained_mapping","unreviewed"
"CC-02301","PF-G07","支持/照护","SC-S2-07","双方父母/原生家庭","SC-S1-09","中年多重责任","SC-S3-07","父母责任变化","NF-N1-08","成长/能力/目标支持","Fit / trade-off","N3-09","当「支持/照护」进入「中年多重责任」的「双方父母/原生家庭」，遇到「父母责任变化」时，对重视「成长/能力/目标支持」的人意味着什么？","generated_by_constrained_mapping","unreviewed"
"CC-02302","PF-G07","支持/照护","SC-S2-07","双方父母/原生家庭","SC-S1-09","中年多重责任","SC-S3-05","居住/迁移变化","NF-N1-03","被理解/被回应/被关心","Gate or conditional","N3-01","当「支持/照护」进入「中年多重责任」的「双方父母/原生家庭」，遇到「居住/迁移变化」时，对重视「被理解/被回应/被关心」的人意味着什么？","generated_by_constrained_mapping","unreviewed"
"CC-02303","PF-G07","支持/照护","SC-S2-07","双方父母/原生家庭","SC-S1-09","中年多重责任","SC-S3-05","居住/迁移变化","NF-N1-07","公平/可靠/合作","Conditional / gate","N3-02/N3-03","当「支持/照护」进入「中年多重责任」的「双方父母/原生家庭」，遇到「居住/迁移变化」时，对重视「公平/可靠/合作」的人意味着什么？","generated_by_constrained_mapping","unreviewed"
"CC-02304","PF-G07","支持/照护","SC-S2-07","双方父母/原生家庭","SC-S1-09","中年多重责任","SC-S3-05","居住/迁移变化","NF-N1-08","成长/能力/目标支持","Fit / trade-off","N3-09","当「支持/照护」进入「中年多重责任」的「双方父母/原生家庭」，遇到「居住/迁移变化」时，对重视「成长/能力/目标支持」的人意味着什么？","generated_by_constrained_mapping","unreviewed"
"CC-02305","PF-G08","忠诚执行","SC-S2-08","社交/朋友/个人空间","SC-S1-01","认识/相亲","SC-S3-09","社交/边界事件","NF-N1-05","安全/信任/可预测","Gate / conditional","N3-02/N3-06","当「忠诚执行」进入「认识/相亲」的「社交/朋友/个人空间」，遇到「社交/边界事件」时，对重视「安全/信任/可预测」的人意味着什么？","generated_by_constrained_mapping","unreviewed"
"CC-02306","PF-G08","忠诚执行","SC-S2-08","社交/朋友/个人空间","SC-S1-01","认识/相亲","SC-S3-09","社交/边界事件","NF-N1-10","性/身体亲密","Gate / fit","N3-10","当「忠诚执行」进入「认识/相亲」的「社交/朋友/个人空间」，遇到「社交/边界事件」时，对重视「性/身体亲密」的人意味着什么？","generated_by_constrained_mapping","unreviewed"
"CC-02307","PF-G08","忠诚执行","SC-S2-08","社交/朋友/个人空间","SC-S1-01","认识/相亲","SC-S3-09","社交/边界事件","NF-N1-03","被理解/被回应/被关心","Gate or conditional","N3-01","当「忠诚执行」进入「认识/相亲」的「社交/朋友/个人空间」，遇到「社交/边界事件」时，对重视「被理解/被回应/被关心」的人意味着什么？","generated_by_constrained_mapping","unreviewed"
"CC-02308","PF-G08","忠诚执行","SC-S2-08","社交/朋友/个人空间","SC-S1-01","认识/相亲","SC-S3-10","反复小问题累积","NF-N1-05","安全/信任/可预测","Gate / conditional","N3-02/N3-06","当「忠诚执行」进入「认识/相亲」的「社交/朋友/个人空间」，遇到「反复小问题累积」时，对重视「安全/信任/可预测」的人意味着什么？","generated_by_constrained_mapping","unreviewed"
"CC-02309","PF-G08","忠诚执行","SC-S2-08","社交/朋友/个人空间","SC-S1-01","认识/相亲","SC-S3-10","反复小问题累积","NF-N1-10","性/身体亲密","Gate / fit","N3-10","当「忠诚执行」进入「认识/相亲」的「社交/朋友/个人空间」，遇到「反复小问题累积」时，对重视「性/身体亲密」的人意味着什么？","generated_by_constrained_mapping","unreviewed"
"CC-02310","PF-G08","忠诚执行","SC-S2-08","社交/朋友/个人空间","SC-S1-01","认识/相亲","SC-S3-10","反复小问题累积","NF-N1-03","被理解/被回应/被关心","Gate or conditional","N3-01","当「忠诚执行」进入「认识/相亲」的「社交/朋友/个人空间」，遇到「反复小问题累积」时，对重视「被理解/被回应/被关心」的人意味着什么？","generated_by_constrained_mapping","unreviewed"
"CC-02311","PF-G08","忠诚执行","SC-S2-08","社交/朋友/个人空间","SC-S1-03","稳定交往","SC-S3-09","社交/边界事件","NF-N1-05","安全/信任/可预测","Gate / conditional","N3-02/N3-06","当「忠诚执行」进入「稳定交往」的「社交/朋友/个人空间」，遇到「社交/边界事件」时，对重视「安全/信任/可预测」的人意味着什么？","generated_by_constrained_mapping","unreviewed"
"CC-02312","PF-G08","忠诚执行","SC-S2-08","社交/朋友/个人空间","SC-S1-03","稳定交往","SC-S3-09","社交/边界事件","NF-N1-10","性/身体亲密","Gate / fit","N3-10","当「忠诚执行」进入「稳定交往」的「社交/朋友/个人空间」，遇到「社交/边界事件」时，对重视「性/身体亲密」的人意味着什么？","generated_by_constrained_mapping","unreviewed"
"CC-02313","PF-G08","忠诚执行","SC-S2-08","社交/朋友/个人空间","SC-S1-03","稳定交往","SC-S3-09","社交/边界事件","NF-N1-03","被理解/被回应/被关心","Gate or conditional","N3-01","当「忠诚执行」进入「稳定交往」的「社交/朋友/个人空间」，遇到「社交/边界事件」时，对重视「被理解/被回应/被关心」的人意味着什么？","generated_by_constrained_mapping","unreviewed"
"CC-02314","PF-G08","忠诚执行","SC-S2-08","社交/朋友/个人空间","SC-S1-03","稳定交往","SC-S3-10","反复小问题累积","NF-N1-05","安全/信任/可预测","Gate / conditional","N3-02/N3-06","当「忠诚执行」进入「稳定交往」的「社交/朋友/个人空间」，遇到「反复小问题累积」时，对重视「安全/信任/可预测」的人意味着什么？","generated_by_constrained_mapping","unreviewed"
"CC-02315","PF-G08","忠诚执行","SC-S2-08","社交/朋友/个人空间","SC-S1-03","稳定交往","SC-S3-10","反复小问题累积","NF-N1-10","性/身体亲密","Gate / fit","N3-10","当「忠诚执行」进入「稳定交往」的「社交/朋友/个人空间」，遇到「反复小问题累积」时，对重视「性/身体亲密」的人意味着什么？","generated_by_constrained_mapping","unreviewed"
"CC-02316","PF-G08","忠诚执行","SC-S2-08","社交/朋友/个人空间","SC-S1-03","稳定交往","SC-S3-10","反复小问题累积","NF-N1-03","被理解/被回应/被关心","Gate or conditional","N3-01","当「忠诚执行」进入「稳定交往」的「社交/朋友/个人空间」，遇到「反复小问题累积」时，对重视「被理解/被回应/被关心」的人意味着什么？","generated_by_constrained_mapping","unreviewed"
"CC-02317","PF-G08","忠诚执行","SC-S2-08","社交/朋友/个人空间","SC-S1-05","结婚/建立家庭","SC-S3-09","社交/边界事件","NF-N1-05","安全/信任/可预测","Gate / conditional","N3-02/N3-06","当「忠诚执行」进入「结婚/建立家庭」的「社交/朋友/个人空间」，遇到「社交/边界事件」时，对重视「安全/信任/可预测」的人意味着什么？","generated_by_constrained_mapping","unreviewed"
"CC-02318","PF-G08","忠诚执行","SC-S2-08","社交/朋友/个人空间","SC-S1-05","结婚/建立家庭","SC-S3-09","社交/边界事件","NF-N1-10","性/身体亲密","Gate / fit","N3-10","当「忠诚执行」进入「结婚/建立家庭」的「社交/朋友/个人空间」，遇到「社交/边界事件」时，对重视「性/身体亲密」的人意味着什么？","generated_by_constrained_mapping","unreviewed"
"CC-02319","PF-G08","忠诚执行","SC-S2-08","社交/朋友/个人空间","SC-S1-05","结婚/建立家庭","SC-S3-09","社交/边界事件","NF-N1-03","被理解/被回应/被关心","Gate or conditional","N3-01","当「忠诚执行」进入「结婚/建立家庭」的「社交/朋友/个人空间」，遇到「社交/边界事件」时，对重视「被理解/被回应/被关心」的人意味着什么？","generated_by_constrained_mapping","unreviewed"
"CC-02320","PF-G08","忠诚执行","SC-S2-08","社交/朋友/个人空间","SC-S1-05","结婚/建立家庭","SC-S3-10","反复小问题累积","NF-N1-05","安全/信任/可预测","Gate / conditional","N3-02/N3-06","当「忠诚执行」进入「结婚/建立家庭」的「社交/朋友/个人空间」，遇到「反复小问题累积」时，对重视「安全/信任/可预测」的人意味着什么？","generated_by_constrained_mapping","unreviewed"
"CC-02321","PF-G08","忠诚执行","SC-S2-08","社交/朋友/个人空间","SC-S1-05","结婚/建立家庭","SC-S3-10","反复小问题累积","NF-N1-10","性/身体亲密","Gate / fit","N3-10","当「忠诚执行」进入「结婚/建立家庭」的「社交/朋友/个人空间」，遇到「反复小问题累积」时，对重视「性/身体亲密」的人意味着什么？","generated_by_constrained_mapping","unreviewed"
"CC-02322","PF-G08","忠诚执行","SC-S2-08","社交/朋友/个人空间","SC-S1-05","结婚/建立家庭","SC-S3-10","反复小问题累积","NF-N1-03","被理解/被回应/被关心","Gate or conditional","N3-01","当「忠诚执行」进入「结婚/建立家庭」的「社交/朋友/个人空间」，遇到「反复小问题累积」时，对重视「被理解/被回应/被关心」的人意味着什么？","generated_by_constrained_mapping","unreviewed"
"CC-02323","PF-G08","忠诚执行","SC-S2-10","性/身体亲密","SC-S1-02","恋爱/磨合","SC-S3-08","本人健康变化","NF-N1-05","安全/信任/可预测","Gate / conditional","N3-02/N3-06","当「忠诚执行」进入「恋爱/磨合」的「性/身体亲密」，遇到「本人健康变化」时，对重视「安全/信任/可预测」的人意味着什么？","generated_by_constrained_mapping","unreviewed"
"CC-02324","PF-G08","忠诚执行","SC-S2-10","性/身体亲密","SC-S1-02","恋爱/磨合","SC-S3-08","本人健康变化","NF-N1-10","性/身体亲密","Gate / fit","N3-10","当「忠诚执行」进入「恋爱/磨合」的「性/身体亲密」，遇到「本人健康变化」时，对重视「性/身体亲密」的人意味着什么？","generated_by_constrained_mapping","unreviewed"
"CC-02325","PF-G08","忠诚执行","SC-S2-10","性/身体亲密","SC-S1-02","恋爱/磨合","SC-S3-08","本人健康变化","NF-N1-03","被理解/被回应/被关心","Gate or conditional","N3-01","当「忠诚执行」进入「恋爱/磨合」的「性/身体亲密」，遇到「本人健康变化」时，对重视「被理解/被回应/被关心」的人意味着什么？","generated_by_constrained_mapping","unreviewed"
"CC-02326","PF-G08","忠诚执行","SC-S2-10","性/身体亲密","SC-S1-02","恋爱/磨合","SC-S3-10","反复小问题累积","NF-N1-05","安全/信任/可预测","Gate / conditional","N3-02/N3-06","当「忠诚执行」进入「恋爱/磨合」的「性/身体亲密」，遇到「反复小问题累积」时，对重视「安全/信任/可预测」的人意味着什么？","generated_by_constrained_mapping","unreviewed"
"CC-02327","PF-G08","忠诚执行","SC-S2-10","性/身体亲密","SC-S1-02","恋爱/磨合","SC-S3-10","反复小问题累积","NF-N1-10","性/身体亲密","Gate / fit","N3-10","当「忠诚执行」进入「恋爱/磨合」的「性/身体亲密」，遇到「反复小问题累积」时，对重视「性/身体亲密」的人意味着什么？","generated_by_constrained_mapping","unreviewed"
"CC-02328","PF-G08","忠诚执行","SC-S2-10","性/身体亲密","SC-S1-02","恋爱/磨合","SC-S3-10","反复小问题累积","NF-N1-03","被理解/被回应/被关心","Gate or conditional","N3-01","当「忠诚执行」进入「恋爱/磨合」的「性/身体亲密」，遇到「反复小问题累积」时，对重视「被理解/被回应/被关心」的人意味着什么？","generated_by_constrained_mapping","unreviewed"
"CC-02329","PF-G08","忠诚执行","SC-S2-10","性/身体亲密","SC-S1-05","结婚/建立家庭","SC-S3-08","本人健康变化","NF-N1-05","安全/信任/可预测","Gate / conditional","N3-02/N3-06","当「忠诚执行」进入「结婚/建立家庭」的「性/身体亲密」，遇到「本人健康变化」时，对重视「安全/信任/可预测」的人意味着什么？","generated_by_constrained_mapping","unreviewed"
"CC-02330","PF-G08","忠诚执行","SC-S2-10","性/身体亲密","SC-S1-05","结婚/建立家庭","SC-S3-08","本人健康变化","NF-N1-10","性/身体亲密","Gate / fit","N3-10","当「忠诚执行」进入「结婚/建立家庭」的「性/身体亲密」，遇到「本人健康变化」时，对重视「性/身体亲密」的人意味着什么？","generated_by_constrained_mapping","unreviewed"
"CC-02331","PF-G08","忠诚执行","SC-S2-10","性/身体亲密","SC-S1-05","结婚/建立家庭","SC-S3-08","本人健康变化","NF-N1-03","被理解/被回应/被关心","Gate or conditional","N3-01","当「忠诚执行」进入「结婚/建立家庭」的「性/身体亲密」，遇到「本人健康变化」时，对重视「被理解/被回应/被关心」的人意味着什么？","generated_by_constrained_mapping","unreviewed"
"CC-02332","PF-G08","忠诚执行","SC-S2-10","性/身体亲密","SC-S1-05","结婚/建立家庭","SC-S3-10","反复小问题累积","NF-N1-05","安全/信任/可预测","Gate / conditional","N3-02/N3-06","当「忠诚执行」进入「结婚/建立家庭」的「性/身体亲密」，遇到「反复小问题累积」时，对重视「安全/信任/可预测」的人意味着什么？","generated_by_constrained_mapping","unreviewed"
"CC-02333","PF-G08","忠诚执行","SC-S2-10","性/身体亲密","SC-S1-05","结婚/建立家庭","SC-S3-10","反复小问题累积","NF-N1-10","性/身体亲密","Gate / fit","N3-10","当「忠诚执行」进入「结婚/建立家庭」的「性/身体亲密」，遇到「反复小问题累积」时，对重视「性/身体亲密」的人意味着什么？","generated_by_constrained_mapping","unreviewed"
"CC-02334","PF-G08","忠诚执行","SC-S2-10","性/身体亲密","SC-S1-05","结婚/建立家庭","SC-S3-10","反复小问题累积","NF-N1-03","被理解/被回应/被关心","Gate or conditional","N3-01","当「忠诚执行」进入「结婚/建立家庭」的「性/身体亲密」，遇到「反复小问题累积」时，对重视「被理解/被回应/被关心」的人意味着什么？","generated_by_constrained_mapping","unreviewed"
"CC-02335","PF-G08","忠诚执行","SC-S2-10","性/身体亲密","SC-S1-07","婴幼儿照护","SC-S3-08","本人健康变化","NF-N1-05","安全/信任/可预测","Gate / conditional","N3-02/N3-06","当「忠诚执行」进入「婴幼儿照护」的「性/身体亲密」，遇到「本人健康变化」时，对重视「安全/信任/可预测」的人意味着什么？","generated_by_constrained_mapping","unreviewed"
"CC-02336","PF-G08","忠诚执行","SC-S2-10","性/身体亲密","SC-S1-07","婴幼儿照护","SC-S3-08","本人健康变化","NF-N1-10","性/身体亲密","Gate / fit","N3-10","当「忠诚执行」进入「婴幼儿照护」的「性/身体亲密」，遇到「本人健康变化」时，对重视「性/身体亲密」的人意味着什么？","generated_by_constrained_mapping","unreviewed"
"CC-02337","PF-G08","忠诚执行","SC-S2-10","性/身体亲密","SC-S1-07","婴幼儿照护","SC-S3-08","本人健康变化","NF-N1-03","被理解/被回应/被关心","Gate or conditional","N3-01","当「忠诚执行」进入「婴幼儿照护」的「性/身体亲密」，遇到「本人健康变化」时，对重视「被理解/被回应/被关心」的人意味着什么？","generated_by_constrained_mapping","unreviewed"
"CC-02338","PF-G08","忠诚执行","SC-S2-10","性/身体亲密","SC-S1-07","婴幼儿照护","SC-S3-10","反复小问题累积","NF-N1-05","安全/信任/可预测","Gate / conditional","N3-02/N3-06","当「忠诚执行」进入「婴幼儿照护」的「性/身体亲密」，遇到「反复小问题累积」时，对重视「安全/信任/可预测」的人意味着什么？","generated_by_constrained_mapping","unreviewed"
"CC-02339","PF-G08","忠诚执行","SC-S2-10","性/身体亲密","SC-S1-07","婴幼儿照护","SC-S3-10","反复小问题累积","NF-N1-10","性/身体亲密","Gate / fit","N3-10","当「忠诚执行」进入「婴幼儿照护」的「性/身体亲密」，遇到「反复小问题累积」时，对重视「性/身体亲密」的人意味着什么？","generated_by_constrained_mapping","unreviewed"
"CC-02340","PF-G08","忠诚执行","SC-S2-10","性/身体亲密","SC-S1-07","婴幼儿照护","SC-S3-10","反复小问题累积","NF-N1-03","被理解/被回应/被关心","Gate or conditional","N3-01","当「忠诚执行」进入「婴幼儿照护」的「性/身体亲密」，遇到「反复小问题累积」时，对重视「被理解/被回应/被关心」的人意味着什么？","generated_by_constrained_mapping","unreviewed"
"CC-02341","PF-G08","忠诚执行","SC-S2-01","日常作息与生活管理","SC-S1-02","恋爱/磨合","SC-S3-01","工作时间突变","NF-N1-05","安全/信任/可预测","Gate / conditional","N3-02/N3-06","当「忠诚执行」进入「恋爱/磨合」的「日常作息与生活管理」，遇到「工作时间突变」时，对重视「安全/信任/可预测」的人意味着什么？","generated_by_constrained_mapping","unreviewed"
"CC-02342","PF-G08","忠诚执行","SC-S2-01","日常作息与生活管理","SC-S1-02","恋爱/磨合","SC-S3-01","工作时间突变","NF-N1-10","性/身体亲密","Gate / fit","N3-10","当「忠诚执行」进入「恋爱/磨合」的「日常作息与生活管理」，遇到「工作时间突变」时，对重视「性/身体亲密」的人意味着什么？","generated_by_constrained_mapping","unreviewed"
"CC-02343","PF-G08","忠诚执行","SC-S2-01","日常作息与生活管理","SC-S1-02","恋爱/磨合","SC-S3-01","工作时间突变","NF-N1-03","被理解/被回应/被关心","Gate or conditional","N3-01","当「忠诚执行」进入「恋爱/磨合」的「日常作息与生活管理」，遇到「工作时间突变」时，对重视「被理解/被回应/被关心」的人意味着什么？","generated_by_constrained_mapping","unreviewed"
"CC-02344","PF-G08","忠诚执行","SC-S2-01","日常作息与生活管理","SC-S1-02","恋爱/磨合","SC-S3-10","反复小问题累积","NF-N1-05","安全/信任/可预测","Gate / conditional","N3-02/N3-06","当「忠诚执行」进入「恋爱/磨合」的「日常作息与生活管理」，遇到「反复小问题累积」时，对重视「安全/信任/可预测」的人意味着什么？","generated_by_constrained_mapping","unreviewed"
"CC-02345","PF-G08","忠诚执行","SC-S2-01","日常作息与生活管理","SC-S1-02","恋爱/磨合","SC-S3-10","反复小问题累积","NF-N1-10","性/身体亲密","Gate / fit","N3-10","当「忠诚执行」进入「恋爱/磨合」的「日常作息与生活管理」，遇到「反复小问题累积」时，对重视「性/身体亲密」的人意味着什么？","generated_by_constrained_mapping","unreviewed"
"CC-02346","PF-G08","忠诚执行","SC-S2-01","日常作息与生活管理","SC-S1-02","恋爱/磨合","SC-S3-10","反复小问题累积","NF-N1-03","被理解/被回应/被关心","Gate or conditional","N3-01","当「忠诚执行」进入「恋爱/磨合」的「日常作息与生活管理」，遇到「反复小问题累积」时，对重视「被理解/被回应/被关心」的人意味着什么？","generated_by_constrained_mapping","unreviewed"
"CC-02347","PF-G08","忠诚执行","SC-S2-01","日常作息与生活管理","SC-S1-04","同居/婚前","SC-S3-01","工作时间突变","NF-N1-05","安全/信任/可预测","Gate / conditional","N3-02/N3-06","当「忠诚执行」进入「同居/婚前」的「日常作息与生活管理」，遇到「工作时间突变」时，对重视「安全/信任/可预测」的人意味着什么？","generated_by_constrained_mapping","unreviewed"
"CC-02348","PF-G08","忠诚执行","SC-S2-01","日常作息与生活管理","SC-S1-04","同居/婚前","SC-S3-01","工作时间突变","NF-N1-10","性/身体亲密","Gate / fit","N3-10","当「忠诚执行」进入「同居/婚前」的「日常作息与生活管理」，遇到「工作时间突变」时，对重视「性/身体亲密」的人意味着什么？","generated_by_constrained_mapping","unreviewed"
"CC-02349","PF-G08","忠诚执行","SC-S2-01","日常作息与生活管理","SC-S1-04","同居/婚前","SC-S3-01","工作时间突变","NF-N1-03","被理解/被回应/被关心","Gate or conditional","N3-01","当「忠诚执行」进入「同居/婚前」的「日常作息与生活管理」，遇到「工作时间突变」时，对重视「被理解/被回应/被关心」的人意味着什么？","generated_by_constrained_mapping","unreviewed"
"CC-02350","PF-G08","忠诚执行","SC-S2-01","日常作息与生活管理","SC-S1-04","同居/婚前","SC-S3-10","反复小问题累积","NF-N1-05","安全/信任/可预测","Gate / conditional","N3-02/N3-06","当「忠诚执行」进入「同居/婚前」的「日常作息与生活管理」，遇到「反复小问题累积」时，对重视「安全/信任/可预测」的人意味着什么？","generated_by_constrained_mapping","unreviewed"
"CC-02351","PF-G08","忠诚执行","SC-S2-01","日常作息与生活管理","SC-S1-04","同居/婚前","SC-S3-10","反复小问题累积","NF-N1-10","性/身体亲密","Gate / fit","N3-10","当「忠诚执行」进入「同居/婚前」的「日常作息与生活管理」，遇到「反复小问题累积」时，对重视「性/身体亲密」的人意味着什么？","generated_by_constrained_mapping","unreviewed"
"CC-02352","PF-G08","忠诚执行","SC-S2-01","日常作息与生活管理","SC-S1-04","同居/婚前","SC-S3-10","反复小问题累积","NF-N1-03","被理解/被回应/被关心","Gate or conditional","N3-01","当「忠诚执行」进入「同居/婚前」的「日常作息与生活管理」，遇到「反复小问题累积」时，对重视「被理解/被回应/被关心」的人意味着什么？","generated_by_constrained_mapping","unreviewed"
"CC-02353","PF-G08","忠诚执行","SC-S2-01","日常作息与生活管理","SC-S1-07","婴幼儿照护","SC-S3-01","工作时间突变","NF-N1-05","安全/信任/可预测","Gate / conditional","N3-02/N3-06","当「忠诚执行」进入「婴幼儿照护」的「日常作息与生活管理」，遇到「工作时间突变」时，对重视「安全/信任/可预测」的人意味着什么？","generated_by_constrained_mapping","unreviewed"
"CC-02354","PF-G08","忠诚执行","SC-S2-01","日常作息与生活管理","SC-S1-07","婴幼儿照护","SC-S3-01","工作时间突变","NF-N1-10","性/身体亲密","Gate / fit","N3-10","当「忠诚执行」进入「婴幼儿照护」的「日常作息与生活管理」，遇到「工作时间突变」时，对重视「性/身体亲密」的人意味着什么？","generated_by_constrained_mapping","unreviewed"
"CC-02355","PF-G08","忠诚执行","SC-S2-01","日常作息与生活管理","SC-S1-07","婴幼儿照护","SC-S3-01","工作时间突变","NF-N1-03","被理解/被回应/被关心","Gate or conditional","N3-01","当「忠诚执行」进入「婴幼儿照护」的「日常作息与生活管理」，遇到「工作时间突变」时，对重视「被理解/被回应/被关心」的人意味着什么？","generated_by_constrained_mapping","unreviewed"
"CC-02356","PF-G08","忠诚执行","SC-S2-01","日常作息与生活管理","SC-S1-07","婴幼儿照护","SC-S3-10","反复小问题累积","NF-N1-05","安全/信任/可预测","Gate / conditional","N3-02/N3-06","当「忠诚执行」进入「婴幼儿照护」的「日常作息与生活管理」，遇到「反复小问题累积」时，对重视「安全/信任/可预测」的人意味着什么？","generated_by_constrained_mapping","unreviewed"
"CC-02357","PF-G08","忠诚执行","SC-S2-01","日常作息与生活管理","SC-S1-07","婴幼儿照护","SC-S3-10","反复小问题累积","NF-N1-10","性/身体亲密","Gate / fit","N3-10","当「忠诚执行」进入「婴幼儿照护」的「日常作息与生活管理」，遇到「反复小问题累积」时，对重视「性/身体亲密」的人意味着什么？","generated_by_constrained_mapping","unreviewed"
"CC-02358","PF-G08","忠诚执行","SC-S2-01","日常作息与生活管理","SC-S1-07","婴幼儿照护","SC-S3-10","反复小问题累积","NF-N1-03","被理解/被回应/被关心","Gate or conditional","N3-01","当「忠诚执行」进入「婴幼儿照护」的「日常作息与生活管理」，遇到「反复小问题累积」时，对重视「被理解/被回应/被关心」的人意味着什么？","generated_by_constrained_mapping","unreviewed"