"candidate_id","person_concept_id","person_feature","scene_domain_id","scene_domain","stage_id","stage","trigger_id","trigger","need_id","need_content","need_shape_hint","mechanism_hint","topic_question_stub","generation_method","review_status"
"CC2-00001","PF-A01","外在吸引","SC-S2-08","社交/朋友/个人空间","SC-S1-01","认识/相亲","SC-S3-09","社交/边界事件","NF-N1-01","吸引/欲望","Gate / person-specific","N3-06/N3-10","当「外在吸引」进入「认识/相亲」的「社交/朋友/个人空间」，遇到「社交/边界事件」时，对重视「吸引/欲望」的人意味着什么？","constrained_mapping_v0.2","semantic_preflight"
"CC2-00002","PF-A01","外在吸引","SC-S2-08","社交/朋友/个人空间","SC-S1-01","认识/相亲","SC-S3-09","社交/边界事件","NF-N1-02","陪伴/连接/归属","Ideal range / conditional","N3-01/N3-05","当「外在吸引」进入「认识/相亲」的「社交/朋友/个人空间」，遇到「社交/边界事件」时，对重视「陪伴/连接/归属」的人意味着什么？","constrained_mapping_v0.2","semantic_preflight"
"CC2-00003","PF-A01","外在吸引","SC-S2-08","社交/朋友/个人空间","SC-S1-01","认识/相亲","SC-S3-09","社交/边界事件","NF-N1-10","性/身体亲密","Gate / fit","N3-10","当「外在吸引」进入「认识/相亲」的「社交/朋友/个人空间」，遇到「社交/边界事件」时，对重视「性/身体亲密」的人意味着什么？","constrained_mapping_v0.2","semantic_preflight"
"CC2-00004","PF-A01","外在吸引","SC-S2-08","社交/朋友/个人空间","SC-S1-03","稳定交往","SC-S3-09","社交/边界事件","NF-N1-01","吸引/欲望","Gate / person-specific","N3-06/N3-10","当「外在吸引」进入「稳定交往」的「社交/朋友/个人空间」，遇到「社交/边界事件」时，对重视「吸引/欲望」的人意味着什么？","constrained_mapping_v0.2","semantic_preflight"
"CC2-00005","PF-A01","外在吸引","SC-S2-08","社交/朋友/个人空间","SC-S1-03","稳定交往","SC-S3-09","社交/边界事件","NF-N1-02","陪伴/连接/归属","Ideal range / conditional","N3-01/N3-05","当「外在吸引」进入「稳定交往」的「社交/朋友/个人空间」，遇到「社交/边界事件」时，对重视「陪伴/连接/归属」的人意味着什么？","constrained_mapping_v0.2","semantic_preflight"
"CC2-00006","PF-A01","外在吸引","SC-S2-08","社交/朋友/个人空间","SC-S1-03","稳定交往","SC-S3-09","社交/边界事件","NF-N1-10","性/身体亲密","Gate / fit","N3-10","当「外在吸引」进入「稳定交往」的「社交/朋友/个人空间」，遇到「社交/边界事件」时，对重视「性/身体亲密」的人意味着什么？","constrained_mapping_v0.2","semantic_preflight"
"CC2-00007","PF-A01","外在吸引","SC-S2-08","社交/朋友/个人空间","SC-S1-03","稳定交往","SC-S3-10","反复小问题累积","NF-N1-01","吸引/欲望","Gate / person-specific","N3-06/N3-10","当「外在吸引」进入「稳定交往」的「社交/朋友/个人空间」，遇到「反复小问题累积」时，对重视「吸引/欲望」的人意味着什么？","constrained_mapping_v0.2","semantic_preflight"
"CC2-00008","PF-A01","外在吸引","SC-S2-08","社交/朋友/个人空间","SC-S1-03","稳定交往","SC-S3-10","反复小问题累积","NF-N1-02","陪伴/连接/归属","Ideal range / conditional","N3-01/N3-05","当「外在吸引」进入「稳定交往」的「社交/朋友/个人空间」，遇到「反复小问题累积」时，对重视「陪伴/连接/归属」的人意味着什么？","constrained_mapping_v0.2","semantic_preflight"
"CC2-00009","PF-A01","外在吸引","SC-S2-08","社交/朋友/个人空间","SC-S1-03","稳定交往","SC-S3-10","反复小问题累积","NF-N1-10","性/身体亲密","Gate / fit","N3-10","当「外在吸引」进入「稳定交往」的「社交/朋友/个人空间」，遇到「反复小问题累积」时，对重视「性/身体亲密」的人意味着什么？","constrained_mapping_v0.2","semantic_preflight"
"CC2-00010","PF-A01","外在吸引","SC-S2-08","社交/朋友/个人空间","SC-S1-05","结婚/建立家庭","SC-S3-09","社交/边界事件","NF-N1-01","吸引/欲望","Gate / person-specific","N3-06/N3-10","当「外在吸引」进入「结婚/建立家庭」的「社交/朋友/个人空间」，遇到「社交/边界事件」时，对重视「吸引/欲望」的人意味着什么？","constrained_mapping_v0.2","semantic_preflight"
"CC2-00011","PF-A01","外在吸引","SC-S2-08","社交/朋友/个人空间","SC-S1-05","结婚/建立家庭","SC-S3-09","社交/边界事件","NF-N1-02","陪伴/连接/归属","Ideal range / conditional","N3-01/N3-05","当「外在吸引」进入「结婚/建立家庭」的「社交/朋友/个人空间」，遇到「社交/边界事件」时，对重视「陪伴/连接/归属」的人意味着什么？","constrained_mapping_v0.2","semantic_preflight"
"CC2-00012","PF-A01","外在吸引","SC-S2-08","社交/朋友/个人空间","SC-S1-05","结婚/建立家庭","SC-S3-09","社交/边界事件","NF-N1-10","性/身体亲密","Gate / fit","N3-10","当「外在吸引」进入「结婚/建立家庭」的「社交/朋友/个人空间」，遇到「社交/边界事件」时，对重视「性/身体亲密」的人意味着什么？","constrained_mapping_v0.2","semantic_preflight"
"CC2-00013","PF-A01","外在吸引","SC-S2-08","社交/朋友/个人空间","SC-S1-05","结婚/建立家庭","SC-S3-10","反复小问题累积","NF-N1-01","吸引/欲望","Gate / person-specific","N3-06/N3-10","当「外在吸引」进入「结婚/建立家庭」的「社交/朋友/个人空间」，遇到「反复小问题累积」时，对重视「吸引/欲望」的人意味着什么？","constrained_mapping_v0.2","semantic_preflight"
"CC2-00014","PF-A01","外在吸引","SC-S2-08","社交/朋友/个人空间","SC-S1-05","结婚/建立家庭","SC-S3-10","反复小问题累积","NF-N1-02","陪伴/连接/归属","Ideal range / conditional","N3-01/N3-05","当「外在吸引」进入「结婚/建立家庭」的「社交/朋友/个人空间」，遇到「反复小问题累积」时，对重视「陪伴/连接/归属」的人意味着什么？","constrained_mapping_v0.2","semantic_preflight"
"CC2-00015","PF-A01","外在吸引","SC-S2-08","社交/朋友/个人空间","SC-S1-05","结婚/建立家庭","SC-S3-10","反复小问题累积","NF-N1-10","性/身体亲密","Gate / fit","N3-10","当「外在吸引」进入「结婚/建立家庭」的「社交/朋友/个人空间」，遇到「反复小问题累积」时，对重视「性/身体亲密」的人意味着什么？","constrained_mapping_v0.2","semantic_preflight"
"CC2-00016","PF-A01","外在吸引","SC-S2-09","兴趣/休闲/旅行","SC-S1-01","认识/相亲","SC-S3-01","工作时间突变","NF-N1-01","吸引/欲望","Gate / person-specific","N3-06/N3-10","当「外在吸引」进入「认识/相亲」的「兴趣/休闲/旅行」，遇到「工作时间突变」时，对重视「吸引/欲望」的人意味着什么？","constrained_mapping_v0.2","semantic_preflight"
"CC2-00017","PF-A01","外在吸引","SC-S2-09","兴趣/休闲/旅行","SC-S1-01","认识/相亲","SC-S3-01","工作时间突变","NF-N1-02","陪伴/连接/归属","Ideal range / conditional","N3-01/N3-05","当「外在吸引」进入「认识/相亲」的「兴趣/休闲/旅行」，遇到「工作时间突变」时，对重视「陪伴/连接/归属」的人意味着什么？","constrained_mapping_v0.2","semantic_preflight"
"CC2-00018","PF-A01","外在吸引","SC-S2-09","兴趣/休闲/旅行","SC-S1-01","认识/相亲","SC-S3-01","工作时间突变","NF-N1-10","性/身体亲密","Gate / fit","N3-10","当「外在吸引」进入「认识/相亲」的「兴趣/休闲/旅行」，遇到「工作时间突变」时，对重视「性/身体亲密」的人意味着什么？","constrained_mapping_v0.2","semantic_preflight"
"CC2-00019","PF-A01","外在吸引","SC-S2-09","兴趣/休闲/旅行","SC-S1-03","稳定交往","SC-S3-01","工作时间突变","NF-N1-01","吸引/欲望","Gate / person-specific","N3-06/N3-10","当「外在吸引」进入「稳定交往」的「兴趣/休闲/旅行」，遇到「工作时间突变」时，对重视「吸引/欲望」的人意味着什么？","constrained_mapping_v0.2","semantic_preflight"
"CC2-00020","PF-A01","外在吸引","SC-S2-09","兴趣/休闲/旅行","SC-S1-03","稳定交往","SC-S3-01","工作时间突变","NF-N1-02","陪伴/连接/归属","Ideal range / conditional","N3-01/N3-05","当「外在吸引」进入「稳定交往」的「兴趣/休闲/旅行」，遇到「工作时间突变」时，对重视「陪伴/连接/归属」的人意味着什么？","constrained_mapping_v0.2","semantic_preflight"
"CC2-00021","PF-A01","外在吸引","SC-S2-09","兴趣/休闲/旅行","SC-S1-03","稳定交往","SC-S3-01","工作时间突变","NF-N1-10","性/身体亲密","Gate / fit","N3-10","当「外在吸引」进入「稳定交往」的「兴趣/休闲/旅行」，遇到「工作时间突变」时，对重视「性/身体亲密」的人意味着什么？","constrained_mapping_v0.2","semantic_preflight"
"CC2-00022","PF-A01","外在吸引","SC-S2-09","兴趣/休闲/旅行","SC-S1-03","稳定交往","SC-S3-10","反复小问题累积","NF-N1-01","吸引/欲望","Gate / person-specific","N3-06/N3-10","当「外在吸引」进入「稳定交往」的「兴趣/休闲/旅行」，遇到「反复小问题累积」时，对重视「吸引/欲望」的人意味着什么？","constrained_mapping_v0.2","semantic_preflight"
"CC2-00023","PF-A01","外在吸引","SC-S2-09","兴趣/休闲/旅行","SC-S1-03","稳定交往","SC-S3-10","反复小问题累积","NF-N1-02","陪伴/连接/归属","Ideal range / conditional","N3-01/N3-05","当「外在吸引」进入「稳定交往」的「兴趣/休闲/旅行」，遇到「反复小问题累积」时，对重视「陪伴/连接/归属」的人意味着什么？","constrained_mapping_v0.2","semantic_preflight"
"CC2-00024","PF-A01","外在吸引","SC-S2-09","兴趣/休闲/旅行","SC-S1-03","稳定交往","SC-S3-10","反复小问题累积","NF-N1-10","性/身体亲密","Gate / fit","N3-10","当「外在吸引」进入「稳定交往」的「兴趣/休闲/旅行」，遇到「反复小问题累积」时，对重视「性/身体亲密」的人意味着什么？","constrained_mapping_v0.2","semantic_preflight"
"CC2-00025","PF-A01","外在吸引","SC-S2-10","性/身体亲密","SC-S1-02","恋爱/磨合","SC-S3-08","本人健康变化","NF-N1-01","吸引/欲望","Gate / person-specific","N3-06/N3-10","当「外在吸引」进入「恋爱/磨合」的「性/身体亲密」，遇到「本人健康变化」时，对重视「吸引/欲望」的人意味着什么？","constrained_mapping_v0.2","semantic_preflight"
"CC2-00026","PF-A01","外在吸引","SC-S2-10","性/身体亲密","SC-S1-02","恋爱/磨合","SC-S3-08","本人健康变化","NF-N1-02","陪伴/连接/归属","Ideal range / conditional","N3-01/N3-05","当「外在吸引」进入「恋爱/磨合」的「性/身体亲密」，遇到「本人健康变化」时，对重视「陪伴/连接/归属」的人意味着什么？","constrained_mapping_v0.2","semantic_preflight"
"CC2-00027","PF-A01","外在吸引","SC-S2-10","性/身体亲密","SC-S1-02","恋爱/磨合","SC-S3-08","本人健康变化","NF-N1-10","性/身体亲密","Gate / fit","N3-10","当「外在吸引」进入「恋爱/磨合」的「性/身体亲密」，遇到「本人健康变化」时，对重视「性/身体亲密」的人意味着什么？","constrained_mapping_v0.2","semantic_preflight"
"CC2-00028","PF-A01","外在吸引","SC-S2-10","性/身体亲密","SC-S1-02","恋爱/磨合","SC-S3-10","反复小问题累积","NF-N1-01","吸引/欲望","Gate / person-specific","N3-06/N3-10","当「外在吸引」进入「恋爱/磨合」的「性/身体亲密」，遇到「反复小问题累积」时，对重视「吸引/欲望」的人意味着什么？","constrained_mapping_v0.2","semantic_preflight"
"CC2-00029","PF-A01","外在吸引","SC-S2-10","性/身体亲密","SC-S1-02","恋爱/磨合","SC-S3-10","反复小问题累积","NF-N1-02","陪伴/连接/归属","Ideal range / conditional","N3-01/N3-05","当「外在吸引」进入「恋爱/磨合」的「性/身体亲密」，遇到「反复小问题累积」时，对重视「陪伴/连接/归属」的人意味着什么？","constrained_mapping_v0.2","semantic_preflight"
"CC2-00030","PF-A01","外在吸引","SC-S2-10","性/身体亲密","SC-S1-02","恋爱/磨合","SC-S3-10","反复小问题累积","NF-N1-10","性/身体亲密","Gate / fit","N3-10","当「外在吸引」进入「恋爱/磨合」的「性/身体亲密」，遇到「反复小问题累积」时，对重视「性/身体亲密」的人意味着什么？","constrained_mapping_v0.2","semantic_preflight"
"CC2-00031","PF-A01","外在吸引","SC-S2-10","性/身体亲密","SC-S1-05","结婚/建立家庭","SC-S3-08","本人健康变化","NF-N1-01","吸引/欲望","Gate / person-specific","N3-06/N3-10","当「外在吸引」进入「结婚/建立家庭」的「性/身体亲密」，遇到「本人健康变化」时，对重视「吸引/欲望」的人意味着什么？","constrained_mapping_v0.2","semantic_preflight"
"CC2-00032","PF-A01","外在吸引","SC-S2-10","性/身体亲密","SC-S1-05","结婚/建立家庭","SC-S3-08","本人健康变化","NF-N1-02","陪伴/连接/归属","Ideal range / conditional","N3-01/N3-05","当「外在吸引」进入「结婚/建立家庭」的「性/身体亲密」，遇到「本人健康变化」时，对重视「陪伴/连接/归属」的人意味着什么？","constrained_mapping_v0.2","semantic_preflight"
"CC2-00033","PF-A01","外在吸引","SC-S2-10","性/身体亲密","SC-S1-05","结婚/建立家庭","SC-S3-08","本人健康变化","NF-N1-10","性/身体亲密","Gate / fit","N3-10","当「外在吸引」进入「结婚/建立家庭」的「性/身体亲密」，遇到「本人健康变化」时，对重视「性/身体亲密」的人意味着什么？","constrained_mapping_v0.2","semantic_preflight"
"CC2-00034","PF-A01","外在吸引","SC-S2-10","性/身体亲密","SC-S1-05","结婚/建立家庭","SC-S3-10","反复小问题累积","NF-N1-01","吸引/欲望","Gate / person-specific","N3-06/N3-10","当「外在吸引」进入「结婚/建立家庭」的「性/身体亲密」，遇到「反复小问题累积」时，对重视「吸引/欲望」的人意味着什么？","constrained_mapping_v0.2","semantic_preflight"
"CC2-00035","PF-A01","外在吸引","SC-S2-10","性/身体亲密","SC-S1-05","结婚/建立家庭","SC-S3-10","反复小问题累积","NF-N1-02","陪伴/连接/归属","Ideal range / conditional","N3-01/N3-05","当「外在吸引」进入「结婚/建立家庭」的「性/身体亲密」，遇到「反复小问题累积」时，对重视「陪伴/连接/归属」的人意味着什么？","constrained_mapping_v0.2","semantic_preflight"
"CC2-00036","PF-A01","外在吸引","SC-S2-10","性/身体亲密","SC-S1-05","结婚/建立家庭","SC-S3-10","反复小问题累积","NF-N1-10","性/身体亲密","Gate / fit","N3-10","当「外在吸引」进入「结婚/建立家庭」的「性/身体亲密」，遇到「反复小问题累积」时，对重视「性/身体亲密」的人意味着什么？","constrained_mapping_v0.2","semantic_preflight"
"CC2-00037","PF-A04","教育与文化资本","SC-S2-02","工作/事业/学习","SC-S1-02","恋爱/磨合","SC-S3-01","工作时间突变","NF-N1-08","成长/能力/目标支持","Fit / trade-off","N3-09","当「教育与文化资本」进入「恋爱/磨合」的「工作/事业/学习」，遇到「工作时间突变」时，对重视「成长/能力/目标支持」的人意味着什么？","constrained_mapping_v0.2","semantic_preflight"
"CC2-00038","PF-A04","教育与文化资本","SC-S2-02","工作/事业/学习","SC-S1-02","恋爱/磨合","SC-S3-01","工作时间突变","NF-N1-12","价值/人生方向/未来一致性","Gate / fit","N3-06/N3-07","当「教育与文化资本」进入「恋爱/磨合」的「工作/事业/学习」，遇到「工作时间突变」时，对重视「价值/人生方向/未来一致性」的人意味着什么？","constrained_mapping_v0.2","semantic_preflight"
"CC2-00039","PF-A04","教育与文化资本","SC-S2-02","工作/事业/学习","SC-S1-02","恋爱/磨合","SC-S3-01","工作时间突变","NF-N1-09","活力/新鲜感/有趣/共同体验","Ideal range","N3-05/N3-06","当「教育与文化资本」进入「恋爱/磨合」的「工作/事业/学习」，遇到「工作时间突变」时，对重视「活力/新鲜感/有趣/共同体验」的人意味着什么？","constrained_mapping_v0.2","semantic_preflight"
"CC2-00040","PF-A04","教育与文化资本","SC-S2-02","工作/事业/学习","SC-S1-02","恋爱/磨合","SC-S3-02","事业机会/职业转折","NF-N1-08","成长/能力/目标支持","Fit / trade-off","N3-09","当「教育与文化资本」进入「恋爱/磨合」的「工作/事业/学习」，遇到「事业机会/职业转折」时，对重视「成长/能力/目标支持」的人意味着什么？","constrained_mapping_v0.2","semantic_preflight"
"CC2-00041","PF-A04","教育与文化资本","SC-S2-02","工作/事业/学习","SC-S1-02","恋爱/磨合","SC-S3-02","事业机会/职业转折","NF-N1-12","价值/人生方向/未来一致性","Gate / fit","N3-06/N3-07","当「教育与文化资本」进入「恋爱/磨合」的「工作/事业/学习」，遇到「事业机会/职业转折」时，对重视「价值/人生方向/未来一致性」的人意味着什么？","constrained_mapping_v0.2","semantic_preflight"
"CC2-00042","PF-A04","教育与文化资本","SC-S2-02","工作/事业/学习","SC-S1-02","恋爱/磨合","SC-S3-02","事业机会/职业转折","NF-N1-09","活力/新鲜感/有趣/共同体验","Ideal range","N3-05/N3-06","当「教育与文化资本」进入「恋爱/磨合」的「工作/事业/学习」，遇到「事业机会/职业转折」时，对重视「活力/新鲜感/有趣/共同体验」的人意味着什么？","constrained_mapping_v0.2","semantic_preflight"
"CC2-00043","PF-A04","教育与文化资本","SC-S2-02","工作/事业/学习","SC-S1-05","结婚/建立家庭","SC-S3-01","工作时间突变","NF-N1-08","成长/能力/目标支持","Fit / trade-off","N3-09","当「教育与文化资本」进入「结婚/建立家庭」的「工作/事业/学习」，遇到「工作时间突变」时，对重视「成长/能力/目标支持」的人意味着什么？","constrained_mapping_v0.2","semantic_preflight"
"CC2-00044","PF-A04","教育与文化资本","SC-S2-02","工作/事业/学习","SC-S1-05","结婚/建立家庭","SC-S3-01","工作时间突变","NF-N1-12","价值/人生方向/未来一致性","Gate / fit","N3-06/N3-07","当「教育与文化资本」进入「结婚/建立家庭」的「工作/事业/学习」，遇到「工作时间突变」时，对重视「价值/人生方向/未来一致性」的人意味着什么？","constrained_mapping_v0.2","semantic_preflight"
"CC2-00045","PF-A04","教育与文化资本","SC-S2-02","工作/事业/学习","SC-S1-05","结婚/建立家庭","SC-S3-01","工作时间突变","NF-N1-09","活力/新鲜感/有趣/共同体验","Ideal range","N3-05/N3-06","当「教育与文化资本」进入「结婚/建立家庭」的「工作/事业/学习」，遇到「工作时间突变」时，对重视「活力/新鲜感/有趣/共同体验」的人意味着什么？","constrained_mapping_v0.2","semantic_preflight"
"CC2-00046","PF-A04","教育与文化资本","SC-S2-02","工作/事业/学习","SC-S1-05","结婚/建立家庭","SC-S3-02","事业机会/职业转折","NF-N1-08","成长/能力/目标支持","Fit / trade-off","N3-09","当「教育与文化资本」进入「结婚/建立家庭」的「工作/事业/学习」，遇到「事业机会/职业转折」时，对重视「成长/能力/目标支持」的人意味着什么？","constrained_mapping_v0.2","semantic_preflight"
"CC2-00047","PF-A04","教育与文化资本","SC-S2-02","工作/事业/学习","SC-S1-05","结婚/建立家庭","SC-S3-02","事业机会/职业转折","NF-N1-12","价值/人生方向/未来一致性","Gate / fit","N3-06/N3-07","当「教育与文化资本」进入「结婚/建立家庭」的「工作/事业/学习」，遇到「事业机会/职业转折」时，对重视「价值/人生方向/未来一致性」的人意味着什么？","constrained_mapping_v0.2","semantic_preflight"
"CC2-00048","PF-A04","教育与文化资本","SC-S2-02","工作/事业/学习","SC-S1-05","结婚/建立家庭","SC-S3-02","事业机会/职业转折","NF-N1-09","活力/新鲜感/有趣/共同体验","Ideal range","N3-05/N3-06","当「教育与文化资本」进入「结婚/建立家庭」的「工作/事业/学习」，遇到「事业机会/职业转折」时，对重视「活力/新鲜感/有趣/共同体验」的人意味着什么？","constrained_mapping_v0.2","semantic_preflight"
"CC2-00049","PF-A04","教育与文化资本","SC-S2-02","工作/事业/学习","SC-S1-09","中年多重责任","SC-S3-01","工作时间突变","NF-N1-08","成长/能力/目标支持","Fit / trade-off","N3-09","当「教育与文化资本」进入「中年多重责任」的「工作/事业/学习」，遇到「工作时间突变」时，对重视「成长/能力/目标支持」的人意味着什么？","constrained_mapping_v0.2","semantic_preflight"
"CC2-00050","PF-A04","教育与文化资本","SC-S2-02","工作/事业/学习","SC-S1-09","中年多重责任","SC-S3-01","工作时间突变","NF-N1-12","价值/人生方向/未来一致性","Gate / fit","N3-06/N3-07","当「教育与文化资本」进入「中年多重责任」的「工作/事业/学习」，遇到「工作时间突变」时，对重视「价值/人生方向/未来一致性」的人意味着什么？","constrained_mapping_v0.2","semantic_preflight"
"CC2-00051","PF-A04","教育与文化资本","SC-S2-02","工作/事业/学习","SC-S1-09","中年多重责任","SC-S3-01","工作时间突变","NF-N1-09","活力/新鲜感/有趣/共同体验","Ideal range","N3-05/N3-06","当「教育与文化资本」进入「中年多重责任」的「工作/事业/学习」，遇到「工作时间突变」时，对重视「活力/新鲜感/有趣/共同体验」的人意味着什么？","constrained_mapping_v0.2","semantic_preflight"
"CC2-00052","PF-A04","教育与文化资本","SC-S2-02","工作/事业/学习","SC-S1-09","中年多重责任","SC-S3-02","事业机会/职业转折","NF-N1-08","成长/能力/目标支持","Fit / trade-off","N3-09","当「教育与文化资本」进入「中年多重责任」的「工作/事业/学习」，遇到「事业机会/职业转折」时，对重视「成长/能力/目标支持」的人意味着什么？","constrained_mapping_v0.2","semantic_preflight"
"CC2-00053","PF-A04","教育与文化资本","SC-S2-02","工作/事业/学习","SC-S1-09","中年多重责任","SC-S3-02","事业机会/职业转折","NF-N1-12","价值/人生方向/未来一致性","Gate / fit","N3-06/N3-07","当「教育与文化资本」进入「中年多重责任」的「工作/事业/学习」，遇到「事业机会/职业转折」时，对重视「价值/人生方向/未来一致性」的人意味着什么？","constrained_mapping_v0.2","semantic_preflight"
"CC2-00054","PF-A04","教育与文化资本","SC-S2-02","工作/事业/学习","SC-S1-09","中年多重责任","SC-S3-02","事业机会/职业转折","NF-N1-09","活力/新鲜感/有趣/共同体验","Ideal range","N3-05/N3-06","当「教育与文化资本」进入「中年多重责任」的「工作/事业/学习」，遇到「事业机会/职业转折」时，对重视「活力/新鲜感/有趣/共同体验」的人意味着什么？","constrained_mapping_v0.2","semantic_preflight"
"CC2-00055","PF-A04","教育与文化资本","SC-S2-12","价值/人生方向","SC-S1-05","结婚/建立家庭","SC-S3-02","事业机会/职业转折","NF-N1-08","成长/能力/目标支持","Fit / trade-off","N3-09","当「教育与文化资本」进入「结婚/建立家庭」的「价值/人生方向」，遇到「事业机会/职业转折」时，对重视「成长/能力/目标支持」的人意味着什么？","constrained_mapping_v0.2","semantic_preflight"
"CC2-00056","PF-A04","教育与文化资本","SC-S2-12","价值/人生方向","SC-S1-05","结婚/建立家庭","SC-S3-02","事业机会/职业转折","NF-N1-12","价值/人生方向/未来一致性","Gate / fit","N3-06/N3-07","当「教育与文化资本」进入「结婚/建立家庭」的「价值/人生方向」，遇到「事业机会/职业转折」时，对重视「价值/人生方向/未来一致性」的人意味着什么？","constrained_mapping_v0.2","semantic_preflight"
"CC2-00057","PF-A04","教育与文化资本","SC-S2-12","价值/人生方向","SC-S1-05","结婚/建立家庭","SC-S3-02","事业机会/职业转折","NF-N1-09","活力/新鲜感/有趣/共同体验","Ideal range","N3-05/N3-06","当「教育与文化资本」进入「结婚/建立家庭」的「价值/人生方向」，遇到「事业机会/职业转折」时，对重视「活力/新鲜感/有趣/共同体验」的人意味着什么？","constrained_mapping_v0.2","semantic_preflight"
"CC2-00058","PF-A04","教育与文化资本","SC-S2-12","价值/人生方向","SC-S1-05","结婚/建立家庭","SC-S3-06","生育/育儿转折","NF-N1-08","成长/能力/目标支持","Fit / trade-off","N3-09","当「教育与文化资本」进入「结婚/建立家庭」的「价值/人生方向」，遇到「生育/育儿转折」时，对重视「成长/能力/目标支持」的人意味着什么？","constrained_mapping_v0.2","semantic_preflight"
"CC2-00059","PF-A04","教育与文化资本","SC-S2-12","价值/人生方向","SC-S1-05","结婚/建立家庭","SC-S3-06","生育/育儿转折","NF-N1-12","价值/人生方向/未来一致性","Gate / fit","N3-06/N3-07","当「教育与文化资本」进入「结婚/建立家庭」的「价值/人生方向」，遇到「生育/育儿转折」时，对重视「价值/人生方向/未来一致性」的人意味着什么？","constrained_mapping_v0.2","semantic_preflight"
"CC2-00060","PF-A04","教育与文化资本","SC-S2-12","价值/人生方向","SC-S1-05","结婚/建立家庭","SC-S3-06","生育/育儿转折","NF-N1-09","活力/新鲜感/有趣/共同体验","Ideal range","N3-05/N3-06","当「教育与文化资本」进入「结婚/建立家庭」的「价值/人生方向」，遇到「生育/育儿转折」时，对重视「活力/新鲜感/有趣/共同体验」的人意味着什么？","constrained_mapping_v0.2","semantic_preflight"
"CC2-00061","PF-A04","教育与文化资本","SC-S2-12","价值/人生方向","SC-S1-06","备孕/怀孕/生育","SC-S3-02","事业机会/职业转折","NF-N1-08","成长/能力/目标支持","Fit / trade-off","N3-09","当「教育与文化资本」进入「备孕/怀孕/生育」的「价值/人生方向」，遇到「事业机会/职业转折」时，对重视「成长/能力/目标支持」的人意味着什么？","constrained_mapping_v0.2","semantic_preflight"
"CC2-00062","PF-A04","教育与文化资本","SC-S2-12","价值/人生方向","SC-S1-06","备孕/怀孕/生育","SC-S3-02","事业机会/职业转折","NF-N1-12","价值/人生方向/未来一致性","Gate / fit","N3-06/N3-07","当「教育与文化资本」进入「备孕/怀孕/生育」的「价值/人生方向」，遇到「事业机会/职业转折」时，对重视「价值/人生方向/未来一致性」的人意味着什么？","constrained_mapping_v0.2","semantic_preflight"
"CC2-00063","PF-A04","教育与文化资本","SC-S2-12","价值/人生方向","SC-S1-06","备孕/怀孕/生育","SC-S3-02","事业机会/职业转折","NF-N1-09","活力/新鲜感/有趣/共同体验","Ideal range","N3-05/N3-06","当「教育与文化资本」进入「备孕/怀孕/生育」的「价值/人生方向」，遇到「事业机会/职业转折」时，对重视「活力/新鲜感/有趣/共同体验」的人意味着什么？","constrained_mapping_v0.2","semantic_preflight"
"CC2-00064","PF-A04","教育与文化资本","SC-S2-12","价值/人生方向","SC-S1-06","备孕/怀孕/生育","SC-S3-06","生育/育儿转折","NF-N1-08","成长/能力/目标支持","Fit / trade-off","N3-09","当「教育与文化资本」进入「备孕/怀孕/生育」的「价值/人生方向」，遇到「生育/育儿转折」时，对重视「成长/能力/目标支持」的人意味着什么？","constrained_mapping_v0.2","semantic_preflight"
"CC2-00065","PF-A04","教育与文化资本","SC-S2-12","价值/人生方向","SC-S1-06","备孕/怀孕/生育","SC-S3-06","生育/育儿转折","NF-N1-12","价值/人生方向/未来一致性","Gate / fit","N3-06/N3-07","当「教育与文化资本」进入「备孕/怀孕/生育」的「价值/人生方向」，遇到「生育/育儿转折」时，对重视「价值/人生方向/未来一致性」的人意味着什么？","constrained_mapping_v0.2","semantic_preflight"
"CC2-00066","PF-A04","教育与文化资本","SC-S2-12","价值/人生方向","SC-S1-06","备孕/怀孕/生育","SC-S3-06","生育/育儿转折","NF-N1-09","活力/新鲜感/有趣/共同体验","Ideal range","N3-05/N3-06","当「教育与文化资本」进入「备孕/怀孕/生育」的「价值/人生方向」，遇到「生育/育儿转折」时，对重视「活力/新鲜感/有趣/共同体验」的人意味着什么？","constrained_mapping_v0.2","semantic_preflight"
"CC2-00067","PF-A04","教育与文化资本","SC-S2-12","价值/人生方向","SC-S1-09","中年多重责任","SC-S3-02","事业机会/职业转折","NF-N1-08","成长/能力/目标支持","Fit / trade-off","N3-09","当「教育与文化资本」进入「中年多重责任」的「价值/人生方向」，遇到「事业机会/职业转折」时，对重视「成长/能力/目标支持」的人意味着什么？","constrained_mapping_v0.2","semantic_preflight"
"CC2-00068","PF-A04","教育与文化资本","SC-S2-12","价值/人生方向","SC-S1-09","中年多重责任","SC-S3-02","事业机会/职业转折","NF-N1-12","价值/人生方向/未来一致性","Gate / fit","N3-06/N3-07","当「教育与文化资本」进入「中年多重责任」的「价值/人生方向」，遇到「事业机会/职业转折」时，对重视「价值/人生方向/未来一致性」的人意味着什么？","constrained_mapping_v0.2","semantic_preflight"
"CC2-00069","PF-A04","教育与文化资本","SC-S2-12","价值/人生方向","SC-S1-09","中年多重责任","SC-S3-02","事业机会/职业转折","NF-N1-09","活力/新鲜感/有趣/共同体验","Ideal range","N3-05/N3-06","当「教育与文化资本」进入「中年多重责任」的「价值/人生方向」，遇到「事业机会/职业转折」时，对重视「活力/新鲜感/有趣/共同体验」的人意味着什么？","constrained_mapping_v0.2","semantic_preflight"
"CC2-00070","PF-A04","教育与文化资本","SC-S2-12","价值/人生方向","SC-S1-09","中年多重责任","SC-S3-06","生育/育儿转折","NF-N1-08","成长/能力/目标支持","Fit / trade-off","N3-09","当「教育与文化资本」进入「中年多重责任」的「价值/人生方向」，遇到「生育/育儿转折」时，对重视「成长/能力/目标支持」的人意味着什么？","constrained_mapping_v0.2","semantic_preflight"
"CC2-00071","PF-A04","教育与文化资本","SC-S2-12","价值/人生方向","SC-S1-09","中年多重责任","SC-S3-06","生育/育儿转折","NF-N1-12","价值/人生方向/未来一致性","Gate / fit","N3-06/N3-07","当「教育与文化资本」进入「中年多重责任」的「价值/人生方向」，遇到「生育/育儿转折」时，对重视「价值/人生方向/未来一致性」的人意味着什么？","constrained_mapping_v0.2","semantic_preflight"
"CC2-00072","PF-A04","教育与文化资本","SC-S2-12","价值/人生方向","SC-S1-09","中年多重责任","SC-S3-06","生育/育儿转折","NF-N1-09","活力/新鲜感/有趣/共同体验","Ideal range","N3-05/N3-06","当「教育与文化资本」进入「中年多重责任」的「价值/人生方向」，遇到「生育/育儿转折」时，对重视「活力/新鲜感/有趣/共同体验」的人意味着什么？","constrained_mapping_v0.2","semantic_preflight"
"CC2-00073","PF-A04","教育与文化资本","SC-S2-06","孩子/生育/教育","SC-S1-05","结婚/建立家庭","SC-S3-06","生育/育儿转折","NF-N1-08","成长/能力/目标支持","Fit / trade-off","N3-09","当「教育与文化资本」进入「结婚/建立家庭」的「孩子/生育/教育」，遇到「生育/育儿转折」时，对重视「成长/能力/目标支持」的人意味着什么？","constrained_mapping_v0.2","semantic_preflight"
"CC2-00074","PF-A04","教育与文化资本","SC-S2-06","孩子/生育/教育","SC-S1-05","结婚/建立家庭","SC-S3-06","生育/育儿转折","NF-N1-12","价值/人生方向/未来一致性","Gate / fit","N3-06/N3-07","当「教育与文化资本」进入「结婚/建立家庭」的「孩子/生育/教育」，遇到「生育/育儿转折」时，对重视「价值/人生方向/未来一致性」的人意味着什么？","constrained_mapping_v0.2","semantic_preflight"
"CC2-00075","PF-A04","教育与文化资本","SC-S2-06","孩子/生育/教育","SC-S1-05","结婚/建立家庭","SC-S3-06","生育/育儿转折","NF-N1-09","活力/新鲜感/有趣/共同体验","Ideal range","N3-05/N3-06","当「教育与文化资本」进入「结婚/建立家庭」的「孩子/生育/教育」，遇到「生育/育儿转折」时，对重视「活力/新鲜感/有趣/共同体验」的人意味着什么？","constrained_mapping_v0.2","semantic_preflight"
"CC2-00076","PF-A04","教育与文化资本","SC-S2-06","孩子/生育/教育","SC-S1-05","结婚/建立家庭","SC-S3-01","工作时间突变","NF-N1-08","成长/能力/目标支持","Fit / trade-off","N3-09","当「教育与文化资本」进入「结婚/建立家庭」的「孩子/生育/教育」，遇到「工作时间突变」时，对重视「成长/能力/目标支持」的人意味着什么？","constrained_mapping_v0.2","semantic_preflight"
"CC2-00077","PF-A04","教育与文化资本","SC-S2-06","孩子/生育/教育","SC-S1-05","结婚/建立家庭","SC-S3-01","工作时间突变","NF-N1-12","价值/人生方向/未来一致性","Gate / fit","N3-06/N3-07","当「教育与文化资本」进入「结婚/建立家庭」的「孩子/生育/教育」，遇到「工作时间突变」时，对重视「价值/人生方向/未来一致性」的人意味着什么？","constrained_mapping_v0.2","semantic_preflight"
"CC2-00078","PF-A04","教育与文化资本","SC-S2-06","孩子/生育/教育","SC-S1-05","结婚/建立家庭","SC-S3-01","工作时间突变","NF-N1-09","活力/新鲜感/有趣/共同体验","Ideal range","N3-05/N3-06","当「教育与文化资本」进入「结婚/建立家庭」的「孩子/生育/教育」，遇到「工作时间突变」时，对重视「活力/新鲜感/有趣/共同体验」的人意味着什么？","constrained_mapping_v0.2","semantic_preflight"
"CC2-00079","PF-A04","教育与文化资本","SC-S2-06","孩子/生育/教育","SC-S1-06","备孕/怀孕/生育","SC-S3-06","生育/育儿转折","NF-N1-08","成长/能力/目标支持","Fit / trade-off","N3-09","当「教育与文化资本」进入「备孕/怀孕/生育」的「孩子/生育/教育」，遇到「生育/育儿转折」时，对重视「成长/能力/目标支持」的人意味着什么？","constrained_mapping_v0.2","semantic_preflight"
"CC2-00080","PF-A04","教育与文化资本","SC-S2-06","孩子/生育/教育","SC-S1-06","备孕/怀孕/生育","SC-S3-06","生育/育儿转折","NF-N1-12","价值/人生方向/未来一致性","Gate / fit","N3-06/N3-07","当「教育与文化资本」进入「备孕/怀孕/生育」的「孩子/生育/教育」，遇到「生育/育儿转折」时，对重视「价值/人生方向/未来一致性」的人意味着什么？","constrained_mapping_v0.2","semantic_preflight"
"CC2-00081","PF-A04","教育与文化资本","SC-S2-06","孩子/生育/教育","SC-S1-06","备孕/怀孕/生育","SC-S3-06","生育/育儿转折","NF-N1-09","活力/新鲜感/有趣/共同体验","Ideal range","N3-05/N3-06","当「教育与文化资本」进入「备孕/怀孕/生育」的「孩子/生育/教育」，遇到「生育/育儿转折」时，对重视「活力/新鲜感/有趣/共同体验」的人意味着什么？","constrained_mapping_v0.2","semantic_preflight"
"CC2-00082","PF-A04","教育与文化资本","SC-S2-06","孩子/生育/教育","SC-S1-06","备孕/怀孕/生育","SC-S3-01","工作时间突变","NF-N1-08","成长/能力/目标支持","Fit / trade-off","N3-09","当「教育与文化资本」进入「备孕/怀孕/生育」的「孩子/生育/教育」，遇到「工作时间突变」时，对重视「成长/能力/目标支持」的人意味着什么？","constrained_mapping_v0.2","semantic_preflight"
"CC2-00083","PF-A04","教育与文化资本","SC-S2-06","孩子/生育/教育","SC-S1-06","备孕/怀孕/生育","SC-S3-01","工作时间突变","NF-N1-12","价值/人生方向/未来一致性","Gate / fit","N3-06/N3-07","当「教育与文化资本」进入「备孕/怀孕/生育」的「孩子/生育/教育」，遇到「工作时间突变」时，对重视「价值/人生方向/未来一致性」的人意味着什么？","constrained_mapping_v0.2","semantic_preflight"
"CC2-00084","PF-A04","教育与文化资本","SC-S2-06","孩子/生育/教育","SC-S1-06","备孕/怀孕/生育","SC-S3-01","工作时间突变","NF-N1-09","活力/新鲜感/有趣/共同体验","Ideal range","N3-05/N3-06","当「教育与文化资本」进入「备孕/怀孕/生育」的「孩子/生育/教育」，遇到「工作时间突变」时，对重视「活力/新鲜感/有趣/共同体验」的人意味着什么？","constrained_mapping_v0.2","semantic_preflight"
"CC2-00085","PF-A04","教育与文化资本","SC-S2-06","孩子/生育/教育","SC-S1-07","婴幼儿照护","SC-S3-06","生育/育儿转折","NF-N1-08","成长/能力/目标支持","Fit / trade-off","N3-09","当「教育与文化资本」进入「婴幼儿照护」的「孩子/生育/教育」，遇到「生育/育儿转折」时，对重视「成长/能力/目标支持」的人意味着什么？","constrained_mapping_v0.2","semantic_preflight"
"CC2-00086","PF-A04","教育与文化资本","SC-S2-06","孩子/生育/教育","SC-S1-07","婴幼儿照护","SC-S3-06","生育/育儿转折","NF-N1-12","价值/人生方向/未来一致性","Gate / fit","N3-06/N3-07","当「教育与文化资本」进入「婴幼儿照护」的「孩子/生育/教育」，遇到「生育/育儿转折」时，对重视「价值/人生方向/未来一致性」的人意味着什么？","constrained_mapping_v0.2","semantic_preflight"
"CC2-00087","PF-A04","教育与文化资本","SC-S2-06","孩子/生育/教育","SC-S1-07","婴幼儿照护","SC-S3-06","生育/育儿转折","NF-N1-09","活力/新鲜感/有趣/共同体验","Ideal range","N3-05/N3-06","当「教育与文化资本」进入「婴幼儿照护」的「孩子/生育/教育」，遇到「生育/育儿转折」时，对重视「活力/新鲜感/有趣/共同体验」的人意味着什么？","constrained_mapping_v0.2","semantic_preflight"
"CC2-00088","PF-A04","教育与文化资本","SC-S2-06","孩子/生育/教育","SC-S1-07","婴幼儿照护","SC-S3-01","工作时间突变","NF-N1-08","成长/能力/目标支持","Fit / trade-off","N3-09","当「教育与文化资本」进入「婴幼儿照护」的「孩子/生育/教育」，遇到「工作时间突变」时，对重视「成长/能力/目标支持」的人意味着什么？","constrained_mapping_v0.2","semantic_preflight"
"CC2-00089","PF-A04","教育与文化资本","SC-S2-06","孩子/生育/教育","SC-S1-07","婴幼儿照护","SC-S3-01","工作时间突变","NF-N1-12","价值/人生方向/未来一致性","Gate / fit","N3-06/N3-07","当「教育与文化资本」进入「婴幼儿照护」的「孩子/生育/教育」，遇到「工作时间突变」时，对重视「价值/人生方向/未来一致性」的人意味着什么？","constrained_mapping_v0.2","semantic_preflight"
"CC2-00090","PF-A04","教育与文化资本","SC-S2-06","孩子/生育/教育","SC-S1-07","婴幼儿照护","SC-S3-01","工作时间突变","NF-N1-09","活力/新鲜感/有趣/共同体验","Ideal range","N3-05/N3-06","当「教育与文化资本」进入「婴幼儿照护」的「孩子/生育/教育」，遇到「工作时间突变」时，对重视「活力/新鲜感/有趣/共同体验」的人意味着什么？","constrained_mapping_v0.2","semantic_preflight"
"CC2-00091","PF-A04","教育与文化资本","SC-S2-06","孩子/生育/教育","SC-S1-08","孩子成长/教育","SC-S3-06","生育/育儿转折","NF-N1-08","成长/能力/目标支持","Fit / trade-off","N3-09","当「教育与文化资本」进入「孩子成长/教育」的「孩子/生育/教育」，遇到「生育/育儿转折」时，对重视「成长/能力/目标支持」的人意味着什么？","constrained_mapping_v0.2","semantic_preflight"
"CC2-00092","PF-A04","教育与文化资本","SC-S2-06","孩子/生育/教育","SC-S1-08","孩子成长/教育","SC-S3-06","生育/育儿转折","NF-N1-12","价值/人生方向/未来一致性","Gate / fit","N3-06/N3-07","当「教育与文化资本」进入「孩子成长/教育」的「孩子/生育/教育」，遇到「生育/育儿转折」时，对重视「价值/人生方向/未来一致性」的人意味着什么？","constrained_mapping_v0.2","semantic_preflight"
"CC2-00093","PF-A04","教育与文化资本","SC-S2-06","孩子/生育/教育","SC-S1-08","孩子成长/教育","SC-S3-06","生育/育儿转折","NF-N1-09","活力/新鲜感/有趣/共同体验","Ideal range","N3-05/N3-06","当「教育与文化资本」进入「孩子成长/教育」的「孩子/生育/教育」，遇到「生育/育儿转折」时，对重视「活力/新鲜感/有趣/共同体验」的人意味着什么？","constrained_mapping_v0.2","semantic_preflight"
"CC2-00094","PF-A04","教育与文化资本","SC-S2-06","孩子/生育/教育","SC-S1-08","孩子成长/教育","SC-S3-01","工作时间突变","NF-N1-08","成长/能力/目标支持","Fit / trade-off","N3-09","当「教育与文化资本」进入「孩子成长/教育」的「孩子/生育/教育」，遇到「工作时间突变」时，对重视「成长/能力/目标支持」的人意味着什么？","constrained_mapping_v0.2","semantic_preflight"
"CC2-00095","PF-A04","教育与文化资本","SC-S2-06","孩子/生育/教育","SC-S1-08","孩子成长/教育","SC-S3-01","工作时间突变","NF-N1-12","价值/人生方向/未来一致性","Gate / fit","N3-06/N3-07","当「教育与文化资本」进入「孩子成长/教育」的「孩子/生育/教育」，遇到「工作时间突变」时，对重视「价值/人生方向/未来一致性」的人意味着什么？","constrained_mapping_v0.2","semantic_preflight"
"CC2-00096","PF-A04","教育与文化资本","SC-S2-06","孩子/生育/教育","SC-S1-08","孩子成长/教育","SC-S3-01","工作时间突变","NF-N1-09","活力/新鲜感/有趣/共同体验","Ideal range","N3-05/N3-06","当「教育与文化资本」进入「孩子成长/教育」的「孩子/生育/教育」，遇到「工作时间突变」时，对重视「活力/新鲜感/有趣/共同体验」的人意味着什么？","constrained_mapping_v0.2","semantic_preflight"
"CC2-00097","PF-A05","职业与组织类型","SC-S2-02","工作/事业/学习","SC-S1-02","恋爱/磨合","SC-S3-01","工作时间突变","NF-N1-06","经济/物质安全","Threshold + diminishing return","N3-03/N3-06","当「职业与组织类型」进入「恋爱/磨合」的「工作/事业/学习」，遇到「工作时间突变」时，对重视「经济/物质安全」的人意味着什么？","constrained_mapping_v0.2","semantic_preflight"
"CC2-00098","PF-A05","职业与组织类型","SC-S2-02","工作/事业/学习","SC-S1-02","恋爱/磨合","SC-S3-01","工作时间突变","NF-N1-02","陪伴/连接/归属","Ideal range / conditional","N3-01/N3-05","当「职业与组织类型」进入「恋爱/磨合」的「工作/事业/学习」，遇到「工作时间突变」时，对重视「陪伴/连接/归属」的人意味着什么？","constrained_mapping_v0.2","semantic_preflight"
"CC2-00099","PF-A05","职业与组织类型","SC-S2-02","工作/事业/学习","SC-S1-02","恋爱/磨合","SC-S3-01","工作时间突变","NF-N1-08","成长/能力/目标支持","Fit / trade-off","N3-09","当「职业与组织类型」进入「恋爱/磨合」的「工作/事业/学习」，遇到「工作时间突变」时，对重视「成长/能力/目标支持」的人意味着什么？","constrained_mapping_v0.2","semantic_preflight"
"CC2-00100","PF-A05","职业与组织类型","SC-S2-02","工作/事业/学习","SC-S1-02","恋爱/磨合","SC-S3-02","事业机会/职业转折","NF-N1-06","经济/物质安全","Threshold + diminishing return","N3-03/N3-06","当「职业与组织类型」进入「恋爱/磨合」的「工作/事业/学习」，遇到「事业机会/职业转折」时，对重视「经济/物质安全」的人意味着什么？","constrained_mapping_v0.2","semantic_preflight"
"CC2-00101","PF-A05","职业与组织类型","SC-S2-02","工作/事业/学习","SC-S1-02","恋爱/磨合","SC-S3-02","事业机会/职业转折","NF-N1-02","陪伴/连接/归属","Ideal range / conditional","N3-01/N3-05","当「职业与组织类型」进入「恋爱/磨合」的「工作/事业/学习」，遇到「事业机会/职业转折」时，对重视「陪伴/连接/归属」的人意味着什么？","constrained_mapping_v0.2","semantic_preflight"
"CC2-00102","PF-A05","职业与组织类型","SC-S2-02","工作/事业/学习","SC-S1-02","恋爱/磨合","SC-S3-02","事业机会/职业转折","NF-N1-08","成长/能力/目标支持","Fit / trade-off","N3-09","当「职业与组织类型」进入「恋爱/磨合」的「工作/事业/学习」，遇到「事业机会/职业转折」时，对重视「成长/能力/目标支持」的人意味着什么？","constrained_mapping_v0.2","semantic_preflight"
"CC2-00103","PF-A05","职业与组织类型","SC-S2-02","工作/事业/学习","SC-S1-05","结婚/建立家庭","SC-S3-01","工作时间突变","NF-N1-06","经济/物质安全","Threshold + diminishing return","N3-03/N3-06","当「职业与组织类型」进入「结婚/建立家庭」的「工作/事业/学习」，遇到「工作时间突变」时，对重视「经济/物质安全」的人意味着什么？","constrained_mapping_v0.2","semantic_preflight"
"CC2-00104","PF-A05","职业与组织类型","SC-S2-02","工作/事业/学习","SC-S1-05","结婚/建立家庭","SC-S3-01","工作时间突变","NF-N1-02","陪伴/连接/归属","Ideal range / conditional","N3-01/N3-05","当「职业与组织类型」进入「结婚/建立家庭」的「工作/事业/学习」，遇到「工作时间突变」时，对重视「陪伴/连接/归属」的人意味着什么？","constrained_mapping_v0.2","semantic_preflight"
"CC2-00105","PF-A05","职业与组织类型","SC-S2-02","工作/事业/学习","SC-S1-05","结婚/建立家庭","SC-S3-01","工作时间突变","NF-N1-08","成长/能力/目标支持","Fit / trade-off","N3-09","当「职业与组织类型」进入「结婚/建立家庭」的「工作/事业/学习」，遇到「工作时间突变」时，对重视「成长/能力/目标支持」的人意味着什么？","constrained_mapping_v0.2","semantic_preflight"
"CC2-00106","PF-A05","职业与组织类型","SC-S2-02","工作/事业/学习","SC-S1-05","结婚/建立家庭","SC-S3-02","事业机会/职业转折","NF-N1-06","经济/物质安全","Threshold + diminishing return","N3-03/N3-06","当「职业与组织类型」进入「结婚/建立家庭」的「工作/事业/学习」，遇到「事业机会/职业转折」时，对重视「经济/物质安全」的人意味着什么？","constrained_mapping_v0.2","semantic_preflight"
"CC2-00107","PF-A05","职业与组织类型","SC-S2-02","工作/事业/学习","SC-S1-05","结婚/建立家庭","SC-S3-02","事业机会/职业转折","NF-N1-02","陪伴/连接/归属","Ideal range / conditional","N3-01/N3-05","当「职业与组织类型」进入「结婚/建立家庭」的「工作/事业/学习」，遇到「事业机会/职业转折」时，对重视「陪伴/连接/归属」的人意味着什么？","constrained_mapping_v0.2","semantic_preflight"
"CC2-00108","PF-A05","职业与组织类型","SC-S2-02","工作/事业/学习","SC-S1-05","结婚/建立家庭","SC-S3-02","事业机会/职业转折","NF-N1-08","成长/能力/目标支持","Fit / trade-off","N3-09","当「职业与组织类型」进入「结婚/建立家庭」的「工作/事业/学习」，遇到「事业机会/职业转折」时，对重视「成长/能力/目标支持」的人意味着什么？","constrained_mapping_v0.2","semantic_preflight"
"CC2-00109","PF-A05","职业与组织类型","SC-S2-02","工作/事业/学习","SC-S1-09","中年多重责任","SC-S3-01","工作时间突变","NF-N1-06","经济/物质安全","Threshold + diminishing return","N3-03/N3-06","当「职业与组织类型」进入「中年多重责任」的「工作/事业/学习」，遇到「工作时间突变」时，对重视「经济/物质安全」的人意味着什么？","constrained_mapping_v0.2","semantic_preflight"
"CC2-00110","PF-A05","职业与组织类型","SC-S2-02","工作/事业/学习","SC-S1-09","中年多重责任","SC-S3-01","工作时间突变","NF-N1-02","陪伴/连接/归属","Ideal range / conditional","N3-01/N3-05","当「职业与组织类型」进入「中年多重责任」的「工作/事业/学习」，遇到「工作时间突变」时，对重视「陪伴/连接/归属」的人意味着什么？","constrained_mapping_v0.2","semantic_preflight"
"CC2-00111","PF-A05","职业与组织类型","SC-S2-02","工作/事业/学习","SC-S1-09","中年多重责任","SC-S3-01","工作时间突变","NF-N1-08","成长/能力/目标支持","Fit / trade-off","N3-09","当「职业与组织类型」进入「中年多重责任」的「工作/事业/学习」，遇到「工作时间突变」时，对重视「成长/能力/目标支持」的人意味着什么？","constrained_mapping_v0.2","semantic_preflight"
"CC2-00112","PF-A05","职业与组织类型","SC-S2-02","工作/事业/学习","SC-S1-09","中年多重责任","SC-S3-02","事业机会/职业转折","NF-N1-06","经济/物质安全","Threshold + diminishing return","N3-03/N3-06","当「职业与组织类型」进入「中年多重责任」的「工作/事业/学习」，遇到「事业机会/职业转折」时，对重视「经济/物质安全」的人意味着什么？","constrained_mapping_v0.2","semantic_preflight"
"CC2-00113","PF-A05","职业与组织类型","SC-S2-02","工作/事业/学习","SC-S1-09","中年多重责任","SC-S3-02","事业机会/职业转折","NF-N1-02","陪伴/连接/归属","Ideal range / conditional","N3-01/N3-05","当「职业与组织类型」进入「中年多重责任」的「工作/事业/学习」，遇到「事业机会/职业转折」时，对重视「陪伴/连接/归属」的人意味着什么？","constrained_mapping_v0.2","semantic_preflight"
"CC2-00114","PF-A05","职业与组织类型","SC-S2-02","工作/事业/学习","SC-S1-09","中年多重责任","SC-S3-02","事业机会/职业转折","NF-N1-08","成长/能力/目标支持","Fit / trade-off","N3-09","当「职业与组织类型」进入「中年多重责任」的「工作/事业/学习」，遇到「事业机会/职业转折」时，对重视「成长/能力/目标支持」的人意味着什么？","constrained_mapping_v0.2","semantic_preflight"
"CC2-00115","PF-A05","职业与组织类型","SC-S2-01","日常作息与生活管理","SC-S1-02","恋爱/磨合","SC-S3-01","工作时间突变","NF-N1-06","经济/物质安全","Threshold + diminishing return","N3-03/N3-06","当「职业与组织类型」进入「恋爱/磨合」的「日常作息与生活管理」，遇到「工作时间突变」时，对重视「经济/物质安全」的人意味着什么？","constrained_mapping_v0.2","semantic_preflight"
"CC2-00116","PF-A05","职业与组织类型","SC-S2-01","日常作息与生活管理","SC-S1-02","恋爱/磨合","SC-S3-01","工作时间突变","NF-N1-02","陪伴/连接/归属","Ideal range / conditional","N3-01/N3-05","当「职业与组织类型」进入「恋爱/磨合」的「日常作息与生活管理」，遇到「工作时间突变」时，对重视「陪伴/连接/归属」的人意味着什么？","constrained_mapping_v0.2","semantic_preflight"
"CC2-00117","PF-A05","职业与组织类型","SC-S2-01","日常作息与生活管理","SC-S1-02","恋爱/磨合","SC-S3-01","工作时间突变","NF-N1-08","成长/能力/目标支持","Fit / trade-off","N3-09","当「职业与组织类型」进入「恋爱/磨合」的「日常作息与生活管理」，遇到「工作时间突变」时，对重视「成长/能力/目标支持」的人意味着什么？","constrained_mapping_v0.2","semantic_preflight"
"CC2-00118","PF-A05","职业与组织类型","SC-S2-01","日常作息与生活管理","SC-S1-02","恋爱/磨合","SC-S3-10","反复小问题累积","NF-N1-06","经济/物质安全","Threshold + diminishing return","N3-03/N3-06","当「职业与组织类型」进入「恋爱/磨合」的「日常作息与生活管理」，遇到「反复小问题累积」时，对重视「经济/物质安全」的人意味着什么？","constrained_mapping_v0.2","semantic_preflight"
"CC2-00119","PF-A05","职业与组织类型","SC-S2-01","日常作息与生活管理","SC-S1-02","恋爱/磨合","SC-S3-10","反复小问题累积","NF-N1-02","陪伴/连接/归属","Ideal range / conditional","N3-01/N3-05","当「职业与组织类型」进入「恋爱/磨合」的「日常作息与生活管理」，遇到「反复小问题累积」时，对重视「陪伴/连接/归属」的人意味着什么？","constrained_mapping_v0.2","semantic_preflight"
"CC2-00120","PF-A05","职业与组织类型","SC-S2-01","日常作息与生活管理","SC-S1-02","恋爱/磨合","SC-S3-10","反复小问题累积","NF-N1-08","成长/能力/目标支持","Fit / trade-off","N3-09","当「职业与组织类型」进入「恋爱/磨合」的「日常作息与生活管理」，遇到「反复小问题累积」时，对重视「成长/能力/目标支持」的人意味着什么？","constrained_mapping_v0.2","semantic_preflight"
"CC2-00121","PF-A05","职业与组织类型","SC-S2-01","日常作息与生活管理","SC-S1-04","同居/婚前","SC-S3-01","工作时间突变","NF-N1-06","经济/物质安全","Threshold + diminishing return","N3-03/N3-06","当「职业与组织类型」进入「同居/婚前」的「日常作息与生活管理」，遇到「工作时间突变」时，对重视「经济/物质安全」的人意味着什么？","constrained_mapping_v0.2","semantic_preflight"
"CC2-00122","PF-A05","职业与组织类型","SC-S2-01","日常作息与生活管理","SC-S1-04","同居/婚前","SC-S3-01","工作时间突变","NF-N1-02","陪伴/连接/归属","Ideal range / conditional","N3-01/N3-05","当「职业与组织类型」进入「同居/婚前」的「日常作息与生活管理」，遇到「工作时间突变」时，对重视「陪伴/连接/归属」的人意味着什么？","constrained_mapping_v0.2","semantic_preflight"
"CC2-00123","PF-A05","职业与组织类型","SC-S2-01","日常作息与生活管理","SC-S1-04","同居/婚前","SC-S3-01","工作时间突变","NF-N1-08","成长/能力/目标支持","Fit / trade-off","N3-09","当「职业与组织类型」进入「同居/婚前」的「日常作息与生活管理」，遇到「工作时间突变」时，对重视「成长/能力/目标支持」的人意味着什么？","constrained_mapping_v0.2","semantic_preflight"
"CC2-00124","PF-A05","职业与组织类型","SC-S2-01","日常作息与生活管理","SC-S1-04","同居/婚前","SC-S3-10","反复小问题累积","NF-N1-06","经济/物质安全","Threshold + diminishing return","N3-03/N3-06","当「职业与组织类型」进入「同居/婚前」的「日常作息与生活管理」，遇到「反复小问题累积」时，对重视「经济/物质安全」的人意味着什么？","constrained_mapping_v0.2","semantic_preflight"
"CC2-00125","PF-A05","职业与组织类型","SC-S2-01","日常作息与生活管理","SC-S1-04","同居/婚前","SC-S3-10","反复小问题累积","NF-N1-02","陪伴/连接/归属","Ideal range / conditional","N3-01/N3-05","当「职业与组织类型」进入「同居/婚前」的「日常作息与生活管理」，遇到「反复小问题累积」时，对重视「陪伴/连接/归属」的人意味着什么？","constrained_mapping_v0.2","semantic_preflight"
"CC2-00126","PF-A05","职业与组织类型","SC-S2-01","日常作息与生活管理","SC-S1-04","同居/婚前","SC-S3-10","反复小问题累积","NF-N1-08","成长/能力/目标支持","Fit / trade-off","N3-09","当「职业与组织类型」进入「同居/婚前」的「日常作息与生活管理」，遇到「反复小问题累积」时，对重视「成长/能力/目标支持」的人意味着什么？","constrained_mapping_v0.2","semantic_preflight"
"CC2-00127","PF-A05","职业与组织类型","SC-S2-01","日常作息与生活管理","SC-S1-07","婴幼儿照护","SC-S3-01","工作时间突变","NF-N1-06","经济/物质安全","Threshold + diminishing return","N3-03/N3-06","当「职业与组织类型」进入「婴幼儿照护」的「日常作息与生活管理」，遇到「工作时间突变」时，对重视「经济/物质安全」的人意味着什么？","constrained_mapping_v0.2","semantic_preflight"
"CC2-00128","PF-A05","职业与组织类型","SC-S2-01","日常作息与生活管理","SC-S1-07","婴幼儿照护","SC-S3-01","工作时间突变","NF-N1-02","陪伴/连接/归属","Ideal range / conditional","N3-01/N3-05","当「职业与组织类型」进入「婴幼儿照护」的「日常作息与生活管理」，遇到「工作时间突变」时，对重视「陪伴/连接/归属」的人意味着什么？","constrained_mapping_v0.2","semantic_preflight"
"CC2-00129","PF-A05","职业与组织类型","SC-S2-01","日常作息与生活管理","SC-S1-07","婴幼儿照护","SC-S3-01","工作时间突变","NF-N1-08","成长/能力/目标支持","Fit / trade-off","N3-09","当「职业与组织类型」进入「婴幼儿照护」的「日常作息与生活管理」，遇到「工作时间突变」时，对重视「成长/能力/目标支持」的人意味着什么？","constrained_mapping_v0.2","semantic_preflight"
"CC2-00130","PF-A05","职业与组织类型","SC-S2-01","日常作息与生活管理","SC-S1-07","婴幼儿照护","SC-S3-10","反复小问题累积","NF-N1-06","经济/物质安全","Threshold + diminishing return","N3-03/N3-06","当「职业与组织类型」进入「婴幼儿照护」的「日常作息与生活管理」，遇到「反复小问题累积」时，对重视「经济/物质安全」的人意味着什么？","constrained_mapping_v0.2","semantic_preflight"
"CC2-00131","PF-A05","职业与组织类型","SC-S2-01","日常作息与生活管理","SC-S1-07","婴幼儿照护","SC-S3-10","反复小问题累积","NF-N1-02","陪伴/连接/归属","Ideal range / conditional","N3-01/N3-05","当「职业与组织类型」进入「婴幼儿照护」的「日常作息与生活管理」，遇到「反复小问题累积」时，对重视「陪伴/连接/归属」的人意味着什么？","constrained_mapping_v0.2","semantic_preflight"
"CC2-00132","PF-A05","职业与组织类型","SC-S2-01","日常作息与生活管理","SC-S1-07","婴幼儿照护","SC-S3-10","反复小问题累积","NF-N1-08","成长/能力/目标支持","Fit / trade-off","N3-09","当「职业与组织类型」进入「婴幼儿照护」的「日常作息与生活管理」，遇到「反复小问题累积」时，对重视「成长/能力/目标支持」的人意味着什么？","constrained_mapping_v0.2","semantic_preflight"
"CC2-00133","PF-A05","职业与组织类型","SC-S2-04","房/居住/地点","SC-S1-03","稳定交往","SC-S3-04","大额财务事件","NF-N1-06","经济/物质安全","Threshold + diminishing return","N3-03/N3-06","当「职业与组织类型」进入「稳定交往」的「房/居住/地点」，遇到「大额财务事件」时，对重视「经济/物质安全」的人意味着什么？","constrained_mapping_v0.2","semantic_preflight"
"CC2-00134","PF-A05","职业与组织类型","SC-S2-04","房/居住/地点","SC-S1-03","稳定交往","SC-S3-04","大额财务事件","NF-N1-02","陪伴/连接/归属","Ideal range / conditional","N3-01/N3-05","当「职业与组织类型」进入「稳定交往」的「房/居住/地点」，遇到「大额财务事件」时，对重视「陪伴/连接/归属」的人意味着什么？","constrained_mapping_v0.2","semantic_preflight"
"CC2-00135","PF-A05","职业与组织类型","SC-S2-04","房/居住/地点","SC-S1-03","稳定交往","SC-S3-04","大额财务事件","NF-N1-08","成长/能力/目标支持","Fit / trade-off","N3-09","当「职业与组织类型」进入「稳定交往」的「房/居住/地点」，遇到「大额财务事件」时，对重视「成长/能力/目标支持」的人意味着什么？","constrained_mapping_v0.2","semantic_preflight"
"CC2-00136","PF-A05","职业与组织类型","SC-S2-04","房/居住/地点","SC-S1-03","稳定交往","SC-S3-05","居住/迁移变化","NF-N1-06","经济/物质安全","Threshold + diminishing return","N3-03/N3-06","当「职业与组织类型」进入「稳定交往」的「房/居住/地点」，遇到「居住/迁移变化」时，对重视「经济/物质安全」的人意味着什么？","constrained_mapping_v0.2","semantic_preflight"
"CC2-00137","PF-A05","职业与组织类型","SC-S2-04","房/居住/地点","SC-S1-03","稳定交往","SC-S3-05","居住/迁移变化","NF-N1-02","陪伴/连接/归属","Ideal range / conditional","N3-01/N3-05","当「职业与组织类型」进入「稳定交往」的「房/居住/地点」，遇到「居住/迁移变化」时，对重视「陪伴/连接/归属」的人意味着什么？","constrained_mapping_v0.2","semantic_preflight"
"CC2-00138","PF-A05","职业与组织类型","SC-S2-04","房/居住/地点","SC-S1-03","稳定交往","SC-S3-05","居住/迁移变化","NF-N1-08","成长/能力/目标支持","Fit / trade-off","N3-09","当「职业与组织类型」进入「稳定交往」的「房/居住/地点」，遇到「居住/迁移变化」时，对重视「成长/能力/目标支持」的人意味着什么？","constrained_mapping_v0.2","semantic_preflight"
"CC2-00139","PF-A05","职业与组织类型","SC-S2-04","房/居住/地点","SC-S1-05","结婚/建立家庭","SC-S3-04","大额财务事件","NF-N1-06","经济/物质安全","Threshold + diminishing return","N3-03/N3-06","当「职业与组织类型」进入「结婚/建立家庭」的「房/居住/地点」，遇到「大额财务事件」时，对重视「经济/物质安全」的人意味着什么？","constrained_mapping_v0.2","semantic_preflight"
"CC2-00140","PF-A05","职业与组织类型","SC-S2-04","房/居住/地点","SC-S1-05","结婚/建立家庭","SC-S3-04","大额财务事件","NF-N1-02","陪伴/连接/归属","Ideal range / conditional","N3-01/N3-05","当「职业与组织类型」进入「结婚/建立家庭」的「房/居住/地点」，遇到「大额财务事件」时，对重视「陪伴/连接/归属」的人意味着什么？","constrained_mapping_v0.2","semantic_preflight"
"CC2-00141","PF-A05","职业与组织类型","SC-S2-04","房/居住/地点","SC-S1-05","结婚/建立家庭","SC-S3-04","大额财务事件","NF-N1-08","成长/能力/目标支持","Fit / trade-off","N3-09","当「职业与组织类型」进入「结婚/建立家庭」的「房/居住/地点」，遇到「大额财务事件」时，对重视「成长/能力/目标支持」的人意味着什么？","constrained_mapping_v0.2","semantic_preflight"
"CC2-00142","PF-A05","职业与组织类型","SC-S2-04","房/居住/地点","SC-S1-05","结婚/建立家庭","SC-S3-05","居住/迁移变化","NF-N1-06","经济/物质安全","Threshold + diminishing return","N3-03/N3-06","当「职业与组织类型」进入「结婚/建立家庭」的「房/居住/地点」，遇到「居住/迁移变化」时，对重视「经济/物质安全」的人意味着什么？","constrained_mapping_v0.2","semantic_preflight"
"CC2-00143","PF-A05","职业与组织类型","SC-S2-04","房/居住/地点","SC-S1-05","结婚/建立家庭","SC-S3-05","居住/迁移变化","NF-N1-02","陪伴/连接/归属","Ideal range / conditional","N3-01/N3-05","当「职业与组织类型」进入「结婚/建立家庭」的「房/居住/地点」，遇到「居住/迁移变化」时，对重视「陪伴/连接/归属」的人意味着什么？","constrained_mapping_v0.2","semantic_preflight"
"CC2-00144","PF-A05","职业与组织类型","SC-S2-04","房/居住/地点","SC-S1-05","结婚/建立家庭","SC-S3-05","居住/迁移变化","NF-N1-08","成长/能力/目标支持","Fit / trade-off","N3-09","当「职业与组织类型」进入「结婚/建立家庭」的「房/居住/地点」，遇到「居住/迁移变化」时，对重视「成长/能力/目标支持」的人意味着什么？","constrained_mapping_v0.2","semantic_preflight"
"CC2-00145","PF-A05","职业与组织类型","SC-S2-04","房/居住/地点","SC-S1-06","备孕/怀孕/生育","SC-S3-04","大额财务事件","NF-N1-06","经济/物质安全","Threshold + diminishing return","N3-03/N3-06","当「职业与组织类型」进入「备孕/怀孕/生育」的「房/居住/地点」，遇到「大额财务事件」时，对重视「经济/物质安全」的人意味着什么？","constrained_mapping_v0.2","semantic_preflight"
"CC2-00146","PF-A05","职业与组织类型","SC-S2-04","房/居住/地点","SC-S1-06","备孕/怀孕/生育","SC-S3-04","大额财务事件","NF-N1-02","陪伴/连接/归属","Ideal range / conditional","N3-01/N3-05","当「职业与组织类型」进入「备孕/怀孕/生育」的「房/居住/地点」，遇到「大额财务事件」时，对重视「陪伴/连接/归属」的人意味着什么？","constrained_mapping_v0.2","semantic_preflight"
"CC2-00147","PF-A05","职业与组织类型","SC-S2-04","房/居住/地点","SC-S1-06","备孕/怀孕/生育","SC-S3-04","大额财务事件","NF-N1-08","成长/能力/目标支持","Fit / trade-off","N3-09","当「职业与组织类型」进入「备孕/怀孕/生育」的「房/居住/地点」，遇到「大额财务事件」时，对重视「成长/能力/目标支持」的人意味着什么？","constrained_mapping_v0.2","semantic_preflight"
"CC2-00148","PF-A05","职业与组织类型","SC-S2-04","房/居住/地点","SC-S1-06","备孕/怀孕/生育","SC-S3-05","居住/迁移变化","NF-N1-06","经济/物质安全","Threshold + diminishing return","N3-03/N3-06","当「职业与组织类型」进入「备孕/怀孕/生育」的「房/居住/地点」，遇到「居住/迁移变化」时，对重视「经济/物质安全」的人意味着什么？","constrained_mapping_v0.2","semantic_preflight"
"CC2-00149","PF-A05","职业与组织类型","SC-S2-04","房/居住/地点","SC-S1-06","备孕/怀孕/生育","SC-S3-05","居住/迁移变化","NF-N1-02","陪伴/连接/归属","Ideal range / conditional","N3-01/N3-05","当「职业与组织类型」进入「备孕/怀孕/生育」的「房/居住/地点」，遇到「居住/迁移变化」时，对重视「陪伴/连接/归属」的人意味着什么？","constrained_mapping_v0.2","semantic_preflight"
"CC2-00150","PF-A05","职业与组织类型","SC-S2-04","房/居住/地点","SC-S1-06","备孕/怀孕/生育","SC-S3-05","居住/迁移变化","NF-N1-08","成长/能力/目标支持","Fit / trade-off","N3-09","当「职业与组织类型」进入「备孕/怀孕/生育」的「房/居住/地点」，遇到「居住/迁移变化」时，对重视「成长/能力/目标支持」的人意味着什么？","constrained_mapping_v0.2","semantic_preflight"
"CC2-00151","PF-A05","职业与组织类型","SC-S2-04","房/居住/地点","SC-S1-09","中年多重责任","SC-S3-04","大额财务事件","NF-N1-06","经济/物质安全","Threshold + diminishing return","N3-03/N3-06","当「职业与组织类型」进入「中年多重责任」的「房/居住/地点」，遇到「大额财务事件」时，对重视「经济/物质安全」的人意味着什么？","constrained_mapping_v0.2","semantic_preflight"
"CC2-00152","PF-A05","职业与组织类型","SC-S2-04","房/居住/地点","SC-S1-09","中年多重责任","SC-S3-04","大额财务事件","NF-N1-02","陪伴/连接/归属","Ideal range / conditional","N3-01/N3-05","当「职业与组织类型」进入「中年多重责任」的「房/居住/地点」，遇到「大额财务事件」时，对重视「陪伴/连接/归属」的人意味着什么？","constrained_mapping_v0.2","semantic_preflight"
"CC2-00153","PF-A05","职业与组织类型","SC-S2-04","房/居住/地点","SC-S1-09","中年多重责任","SC-S3-04","大额财务事件","NF-N1-08","成长/能力/目标支持","Fit / trade-off","N3-09","当「职业与组织类型」进入「中年多重责任」的「房/居住/地点」，遇到「大额财务事件」时，对重视「成长/能力/目标支持」的人意味着什么？","constrained_mapping_v0.2","semantic_preflight"
"CC2-00154","PF-A05","职业与组织类型","SC-S2-04","房/居住/地点","SC-S1-09","中年多重责任","SC-S3-05","居住/迁移变化","NF-N1-06","经济/物质安全","Threshold + diminishing return","N3-03/N3-06","当「职业与组织类型」进入「中年多重责任」的「房/居住/地点」，遇到「居住/迁移变化」时，对重视「经济/物质安全」的人意味着什么？","constrained_mapping_v0.2","semantic_preflight"
"CC2-00155","PF-A05","职业与组织类型","SC-S2-04","房/居住/地点","SC-S1-09","中年多重责任","SC-S3-05","居住/迁移变化","NF-N1-02","陪伴/连接/归属","Ideal range / conditional","N3-01/N3-05","当「职业与组织类型」进入「中年多重责任」的「房/居住/地点」，遇到「居住/迁移变化」时，对重视「陪伴/连接/归属」的人意味着什么？","constrained_mapping_v0.2","semantic_preflight"
"CC2-00156","PF-A05","职业与组织类型","SC-S2-04","房/居住/地点","SC-S1-09","中年多重责任","SC-S3-05","居住/迁移变化","NF-N1-08","成长/能力/目标支持","Fit / trade-off","N3-09","当「职业与组织类型」进入「中年多重责任」的「房/居住/地点」，遇到「居住/迁移变化」时，对重视「成长/能力/目标支持」的人意味着什么？","constrained_mapping_v0.2","semantic_preflight"
"CC2-00157","PF-A06","当前收入与经济稳定","SC-S2-03","钱/财务","SC-S1-03","稳定交往","SC-S3-03","失业/收入下降","NF-N1-06","经济/物质安全","Threshold + diminishing return","N3-03/N3-06","当「当前收入与经济稳定」进入「稳定交往」的「钱/财务」，遇到「失业/收入下降」时，对重视「经济/物质安全」的人意味着什么？","constrained_mapping_v0.2","semantic_preflight"
"CC2-00158","PF-A06","当前收入与经济稳定","SC-S2-03","钱/财务","SC-S1-03","稳定交往","SC-S3-03","失业/收入下降","NF-N1-05","安全/信任/可预测","Gate / conditional","N3-02/N3-06","当「当前收入与经济稳定」进入「稳定交往」的「钱/财务」，遇到「失业/收入下降」时，对重视「安全/信任/可预测」的人意味着什么？","constrained_mapping_v0.2","semantic_preflight"
"CC2-00159","PF-A06","当前收入与经济稳定","SC-S2-03","钱/财务","SC-S1-03","稳定交往","SC-S3-03","失业/收入下降","NF-N1-07","公平/可靠/合作","Conditional / gate","N3-02/N3-03","当「当前收入与经济稳定」进入「稳定交往」的「钱/财务」，遇到「失业/收入下降」时，对重视「公平/可靠/合作」的人意味着什么？","constrained_mapping_v0.2","semantic_preflight"
"CC2-00160","PF-A06","当前收入与经济稳定","SC-S2-03","钱/财务","SC-S1-03","稳定交往","SC-S3-04","大额财务事件","NF-N1-06","经济/物质安全","Threshold + diminishing return","N3-03/N3-06","当「当前收入与经济稳定」进入「稳定交往」的「钱/财务」，遇到「大额财务事件」时，对重视「经济/物质安全」的人意味着什么？","constrained_mapping_v0.2","semantic_preflight"
"CC2-00161","PF-A06","当前收入与经济稳定","SC-S2-03","钱/财务","SC-S1-03","稳定交往","SC-S3-04","大额财务事件","NF-N1-05","安全/信任/可预测","Gate / conditional","N3-02/N3-06","当「当前收入与经济稳定」进入「稳定交往」的「钱/财务」，遇到「大额财务事件」时，对重视「安全/信任/可预测」的人意味着什么？","constrained_mapping_v0.2","semantic_preflight"
"CC2-00162","PF-A06","当前收入与经济稳定","SC-S2-03","钱/财务","SC-S1-03","稳定交往","SC-S3-04","大额财务事件","NF-N1-07","公平/可靠/合作","Conditional / gate","N3-02/N3-03","当「当前收入与经济稳定」进入「稳定交往」的「钱/财务」，遇到「大额财务事件」时，对重视「公平/可靠/合作」的人意味着什么？","constrained_mapping_v0.2","semantic_preflight"
"CC2-00163","PF-A06","当前收入与经济稳定","SC-S2-03","钱/财务","SC-S1-05","结婚/建立家庭","SC-S3-03","失业/收入下降","NF-N1-06","经济/物质安全","Threshold + diminishing return","N3-03/N3-06","当「当前收入与经济稳定」进入「结婚/建立家庭」的「钱/财务」，遇到「失业/收入下降」时，对重视「经济/物质安全」的人意味着什么？","constrained_mapping_v0.2","semantic_preflight"
"CC2-00164","PF-A06","当前收入与经济稳定","SC-S2-03","钱/财务","SC-S1-05","结婚/建立家庭","SC-S3-03","失业/收入下降","NF-N1-05","安全/信任/可预测","Gate / conditional","N3-02/N3-06","当「当前收入与经济稳定」进入「结婚/建立家庭」的「钱/财务」，遇到「失业/收入下降」时，对重视「安全/信任/可预测」的人意味着什么？","constrained_mapping_v0.2","semantic_preflight"
"CC2-00165","PF-A06","当前收入与经济稳定","SC-S2-03","钱/财务","SC-S1-05","结婚/建立家庭","SC-S3-03","失业/收入下降","NF-N1-07","公平/可靠/合作","Conditional / gate","N3-02/N3-03","当「当前收入与经济稳定」进入「结婚/建立家庭」的「钱/财务」，遇到「失业/收入下降」时，对重视「公平/可靠/合作」的人意味着什么？","constrained_mapping_v0.2","semantic_preflight"
"CC2-00166","PF-A06","当前收入与经济稳定","SC-S2-03","钱/财务","SC-S1-05","结婚/建立家庭","SC-S3-04","大额财务事件","NF-N1-06","经济/物质安全","Threshold + diminishing return","N3-03/N3-06","当「当前收入与经济稳定」进入「结婚/建立家庭」的「钱/财务」，遇到「大额财务事件」时，对重视「经济/物质安全」的人意味着什么？","constrained_mapping_v0.2","semantic_preflight"
"CC2-00167","PF-A06","当前收入与经济稳定","SC-S2-03","钱/财务","SC-S1-05","结婚/建立家庭","SC-S3-04","大额财务事件","NF-N1-05","安全/信任/可预测","Gate / conditional","N3-02/N3-06","当「当前收入与经济稳定」进入「结婚/建立家庭」的「钱/财务」，遇到「大额财务事件」时，对重视「安全/信任/可预测」的人意味着什么？","constrained_mapping_v0.2","semantic_preflight"
"CC2-00168","PF-A06","当前收入与经济稳定","SC-S2-03","钱/财务","SC-S1-05","结婚/建立家庭","SC-S3-04","大额财务事件","NF-N1-07","公平/可靠/合作","Conditional / gate","N3-02/N3-03","当「当前收入与经济稳定」进入「结婚/建立家庭」的「钱/财务」，遇到「大额财务事件」时，对重视「公平/可靠/合作」的人意味着什么？","constrained_mapping_v0.2","semantic_preflight"
"CC2-00169","PF-A06","当前收入与经济稳定","SC-S2-03","钱/财务","SC-S1-06","备孕/怀孕/生育","SC-S3-03","失业/收入下降","NF-N1-06","经济/物质安全","Threshold + diminishing return","N3-03/N3-06","当「当前收入与经济稳定」进入「备孕/怀孕/生育」的「钱/财务」，遇到「失业/收入下降」时，对重视「经济/物质安全」的人意味着什么？","constrained_mapping_v0.2","semantic_preflight"
"CC2-00170","PF-A06","当前收入与经济稳定","SC-S2-03","钱/财务","SC-S1-06","备孕/怀孕/生育","SC-S3-03","失业/收入下降","NF-N1-05","安全/信任/可预测","Gate / conditional","N3-02/N3-06","当「当前收入与经济稳定」进入「备孕/怀孕/生育」的「钱/财务」，遇到「失业/收入下降」时，对重视「安全/信任/可预测」的人意味着什么？","constrained_mapping_v0.2","semantic_preflight"
"CC2-00171","PF-A06","当前收入与经济稳定","SC-S2-03","钱/财务","SC-S1-06","备孕/怀孕/生育","SC-S3-03","失业/收入下降","NF-N1-07","公平/可靠/合作","Conditional / gate","N3-02/N3-03","当「当前收入与经济稳定」进入「备孕/怀孕/生育」的「钱/财务」，遇到「失业/收入下降」时，对重视「公平/可靠/合作」的人意味着什么？","constrained_mapping_v0.2","semantic_preflight"
"CC2-00172","PF-A06","当前收入与经济稳定","SC-S2-03","钱/财务","SC-S1-06","备孕/怀孕/生育","SC-S3-04","大额财务事件","NF-N1-06","经济/物质安全","Threshold + diminishing return","N3-03/N3-06","当「当前收入与经济稳定」进入「备孕/怀孕/生育」的「钱/财务」，遇到「大额财务事件」时，对重视「经济/物质安全」的人意味着什么？","constrained_mapping_v0.2","semantic_preflight"
"CC2-00173","PF-A06","当前收入与经济稳定","SC-S2-03","钱/财务","SC-S1-06","备孕/怀孕/生育","SC-S3-04","大额财务事件","NF-N1-05","安全/信任/可预测","Gate / conditional","N3-02/N3-06","当「当前收入与经济稳定」进入「备孕/怀孕/生育」的「钱/财务」，遇到「大额财务事件」时，对重视「安全/信任/可预测」的人意味着什么？","constrained_mapping_v0.2","semantic_preflight"
"CC2-00174","PF-A06","当前收入与经济稳定","SC-S2-03","钱/财务","SC-S1-06","备孕/怀孕/生育","SC-S3-04","大额财务事件","NF-N1-07","公平/可靠/合作","Conditional / gate","N3-02/N3-03","当「当前收入与经济稳定」进入「备孕/怀孕/生育」的「钱/财务」，遇到「大额财务事件」时，对重视「公平/可靠/合作」的人意味着什么？","constrained_mapping_v0.2","semantic_preflight"
"CC2-00175","PF-A06","当前收入与经济稳定","SC-S2-03","钱/财务","SC-S1-07","婴幼儿照护","SC-S3-03","失业/收入下降","NF-N1-06","经济/物质安全","Threshold + diminishing return","N3-03/N3-06","当「当前收入与经济稳定」进入「婴幼儿照护」的「钱/财务」，遇到「失业/收入下降」时，对重视「经济/物质安全」的人意味着什么？","constrained_mapping_v0.2","semantic_preflight"
"CC2-00176","PF-A06","当前收入与经济稳定","SC-S2-03","钱/财务","SC-S1-07","婴幼儿照护","SC-S3-03","失业/收入下降","NF-N1-05","安全/信任/可预测","Gate / conditional","N3-02/N3-06","当「当前收入与经济稳定」进入「婴幼儿照护」的「钱/财务」，遇到「失业/收入下降」时，对重视「安全/信任/可预测」的人意味着什么？","constrained_mapping_v0.2","semantic_preflight"
"CC2-00177","PF-A06","当前收入与经济稳定","SC-S2-03","钱/财务","SC-S1-07","婴幼儿照护","SC-S3-03","失业/收入下降","NF-N1-07","公平/可靠/合作","Conditional / gate","N3-02/N3-03","当「当前收入与经济稳定」进入「婴幼儿照护」的「钱/财务」，遇到「失业/收入下降」时，对重视「公平/可靠/合作」的人意味着什么？","constrained_mapping_v0.2","semantic_preflight"
"CC2-00178","PF-A06","当前收入与经济稳定","SC-S2-03","钱/财务","SC-S1-07","婴幼儿照护","SC-S3-04","大额财务事件","NF-N1-06","经济/物质安全","Threshold + diminishing return","N3-03/N3-06","当「当前收入与经济稳定」进入「婴幼儿照护」的「钱/财务」，遇到「大额财务事件」时，对重视「经济/物质安全」的人意味着什么？","constrained_mapping_v0.2","semantic_preflight"
"CC2-00179","PF-A06","当前收入与经济稳定","SC-S2-03","钱/财务","SC-S1-07","婴幼儿照护","SC-S3-04","大额财务事件","NF-N1-05","安全/信任/可预测","Gate / conditional","N3-02/N3-06","当「当前收入与经济稳定」进入「婴幼儿照护」的「钱/财务」，遇到「大额财务事件」时，对重视「安全/信任/可预测」的人意味着什么？","constrained_mapping_v0.2","semantic_preflight"
"CC2-00180","PF-A06","当前收入与经济稳定","SC-S2-03","钱/财务","SC-S1-07","婴幼儿照护","SC-S3-04","大额财务事件","NF-N1-07","公平/可靠/合作","Conditional / gate","N3-02/N3-03","当「当前收入与经济稳定」进入「婴幼儿照护」的「钱/财务」，遇到「大额财务事件」时，对重视「公平/可靠/合作」的人意味着什么？","constrained_mapping_v0.2","semantic_preflight"
"CC2-00181","PF-A06","当前收入与经济稳定","SC-S2-04","房/居住/地点","SC-S1-03","稳定交往","SC-S3-04","大额财务事件","NF-N1-06","经济/物质安全","Threshold + diminishing return","N3-03/N3-06","当「当前收入与经济稳定」进入「稳定交往」的「房/居住/地点」，遇到「大额财务事件」时，对重视「经济/物质安全」的人意味着什么？","constrained_mapping_v0.2","semantic_preflight"
"CC2-00182","PF-A06","当前收入与经济稳定","SC-S2-04","房/居住/地点","SC-S1-03","稳定交往","SC-S3-04","大额财务事件","NF-N1-05","安全/信任/可预测","Gate / conditional","N3-02/N3-06","当「当前收入与经济稳定」进入「稳定交往」的「房/居住/地点」，遇到「大额财务事件」时，对重视「安全/信任/可预测」的人意味着什么？","constrained_mapping_v0.2","semantic_preflight"
"CC2-00183","PF-A06","当前收入与经济稳定","SC-S2-04","房/居住/地点","SC-S1-03","稳定交往","SC-S3-04","大额财务事件","NF-N1-07","公平/可靠/合作","Conditional / gate","N3-02/N3-03","当「当前收入与经济稳定」进入「稳定交往」的「房/居住/地点」，遇到「大额财务事件」时，对重视「公平/可靠/合作」的人意味着什么？","constrained_mapping_v0.2","semantic_preflight"
"CC2-00184","PF-A06","当前收入与经济稳定","SC-S2-04","房/居住/地点","SC-S1-03","稳定交往","SC-S3-05","居住/迁移变化","NF-N1-06","经济/物质安全","Threshold + diminishing return","N3-03/N3-06","当「当前收入与经济稳定」进入「稳定交往」的「房/居住/地点」，遇到「居住/迁移变化」时，对重视「经济/物质安全」的人意味着什么？","constrained_mapping_v0.2","semantic_preflight"
"CC2-00185","PF-A06","当前收入与经济稳定","SC-S2-04","房/居住/地点","SC-S1-03","稳定交往","SC-S3-05","居住/迁移变化","NF-N1-05","安全/信任/可预测","Gate / conditional","N3-02/N3-06","当「当前收入与经济稳定」进入「稳定交往」的「房/居住/地点」，遇到「居住/迁移变化」时，对重视「安全/信任/可预测」的人意味着什么？","constrained_mapping_v0.2","semantic_preflight"
"CC2-00186","PF-A06","当前收入与经济稳定","SC-S2-04","房/居住/地点","SC-S1-03","稳定交往","SC-S3-05","居住/迁移变化","NF-N1-07","公平/可靠/合作","Conditional / gate","N3-02/N3-03","当「当前收入与经济稳定」进入「稳定交往」的「房/居住/地点」，遇到「居住/迁移变化」时，对重视「公平/可靠/合作」的人意味着什么？","constrained_mapping_v0.2","semantic_preflight"
"CC2-00187","PF-A06","当前收入与经济稳定","SC-S2-04","房/居住/地点","SC-S1-05","结婚/建立家庭","SC-S3-04","大额财务事件","NF-N1-06","经济/物质安全","Threshold + diminishing return","N3-03/N3-06","当「当前收入与经济稳定」进入「结婚/建立家庭」的「房/居住/地点」，遇到「大额财务事件」时，对重视「经济/物质安全」的人意味着什么？","constrained_mapping_v0.2","semantic_preflight"
"CC2-00188","PF-A06","当前收入与经济稳定","SC-S2-04","房/居住/地点","SC-S1-05","结婚/建立家庭","SC-S3-04","大额财务事件","NF-N1-05","安全/信任/可预测","Gate / conditional","N3-02/N3-06","当「当前收入与经济稳定」进入「结婚/建立家庭」的「房/居住/地点」，遇到「大额财务事件」时，对重视「安全/信任/可预测」的人意味着什么？","constrained_mapping_v0.2","semantic_preflight"
"CC2-00189","PF-A06","当前收入与经济稳定","SC-S2-04","房/居住/地点","SC-S1-05","结婚/建立家庭","SC-S3-04","大额财务事件","NF-N1-07","公平/可靠/合作","Conditional / gate","N3-02/N3-03","当「当前收入与经济稳定」进入「结婚/建立家庭」的「房/居住/地点」，遇到「大额财务事件」时，对重视「公平/可靠/合作」的人意味着什么？","constrained_mapping_v0.2","semantic_preflight"
"CC2-00190","PF-A06","当前收入与经济稳定","SC-S2-04","房/居住/地点","SC-S1-05","结婚/建立家庭","SC-S3-05","居住/迁移变化","NF-N1-06","经济/物质安全","Threshold + diminishing return","N3-03/N3-06","当「当前收入与经济稳定」进入「结婚/建立家庭」的「房/居住/地点」，遇到「居住/迁移变化」时，对重视「经济/物质安全」的人意味着什么？","constrained_mapping_v0.2","semantic_preflight"
"CC2-00191","PF-A06","当前收入与经济稳定","SC-S2-04","房/居住/地点","SC-S1-05","结婚/建立家庭","SC-S3-05","居住/迁移变化","NF-N1-05","安全/信任/可预测","Gate / conditional","N3-02/N3-06","当「当前收入与经济稳定」进入「结婚/建立家庭」的「房/居住/地点」，遇到「居住/迁移变化」时，对重视「安全/信任/可预测」的人意味着什么？","constrained_mapping_v0.2","semantic_preflight"
"CC2-00192","PF-A06","当前收入与经济稳定","SC-S2-04","房/居住/地点","SC-S1-05","结婚/建立家庭","SC-S3-05","居住/迁移变化","NF-N1-07","公平/可靠/合作","Conditional / gate","N3-02/N3-03","当「当前收入与经济稳定」进入「结婚/建立家庭」的「房/居住/地点」，遇到「居住/迁移变化」时，对重视「公平/可靠/合作」的人意味着什么？","constrained_mapping_v0.2","semantic_preflight"
"CC2-00193","PF-A06","当前收入与经济稳定","SC-S2-04","房/居住/地点","SC-S1-06","备孕/怀孕/生育","SC-S3-04","大额财务事件","NF-N1-06","经济/物质安全","Threshold + diminishing return","N3-03/N3-06","当「当前收入与经济稳定」进入「备孕/怀孕/生育」的「房/居住/地点」，遇到「大额财务事件」时，对重视「经济/物质安全」的人意味着什么？","constrained_mapping_v0.2","semantic_preflight"
"CC2-00194","PF-A06","当前收入与经济稳定","SC-S2-04","房/居住/地点","SC-S1-06","备孕/怀孕/生育","SC-S3-04","大额财务事件","NF-N1-05","安全/信任/可预测","Gate / conditional","N3-02/N3-06","当「当前收入与经济稳定」进入「备孕/怀孕/生育」的「房/居住/地点」，遇到「大额财务事件」时，对重视「安全/信任/可预测」的人意味着什么？","constrained_mapping_v0.2","semantic_preflight"
"CC2-00195","PF-A06","当前收入与经济稳定","SC-S2-04","房/居住/地点","SC-S1-06","备孕/怀孕/生育","SC-S3-04","大额财务事件","NF-N1-07","公平/可靠/合作","Conditional / gate","N3-02/N3-03","当「当前收入与经济稳定」进入「备孕/怀孕/生育」的「房/居住/地点」，遇到「大额财务事件」时，对重视「公平/可靠/合作」的人意味着什么？","constrained_mapping_v0.2","semantic_preflight"
"CC2-00196","PF-A06","当前收入与经济稳定","SC-S2-04","房/居住/地点","SC-S1-06","备孕/怀孕/生育","SC-S3-05","居住/迁移变化","NF-N1-06","经济/物质安全","Threshold + diminishing return","N3-03/N3-06","当「当前收入与经济稳定」进入「备孕/怀孕/生育」的「房/居住/地点」，遇到「居住/迁移变化」时，对重视「经济/物质安全」的人意味着什么？","constrained_mapping_v0.2","semantic_preflight"
"CC2-00197","PF-A06","当前收入与经济稳定","SC-S2-04","房/居住/地点","SC-S1-06","备孕/怀孕/生育","SC-S3-05","居住/迁移变化","NF-N1-05","安全/信任/可预测","Gate / conditional","N3-02/N3-06","当「当前收入与经济稳定」进入「备孕/怀孕/生育」的「房/居住/地点」，遇到「居住/迁移变化」时，对重视「安全/信任/可预测」的人意味着什么？","constrained_mapping_v0.2","semantic_preflight"
"CC2-00198","PF-A06","当前收入与经济稳定","SC-S2-04","房/居住/地点","SC-S1-06","备孕/怀孕/生育","SC-S3-05","居住/迁移变化","NF-N1-07","公平/可靠/合作","Conditional / gate","N3-02/N3-03","当「当前收入与经济稳定」进入「备孕/怀孕/生育」的「房/居住/地点」，遇到「居住/迁移变化」时，对重视「公平/可靠/合作」的人意味着什么？","constrained_mapping_v0.2","semantic_preflight"
"CC2-00199","PF-A06","当前收入与经济稳定","SC-S2-04","房/居住/地点","SC-S1-09","中年多重责任","SC-S3-04","大额财务事件","NF-N1-06","经济/物质安全","Threshold + diminishing return","N3-03/N3-06","当「当前收入与经济稳定」进入「中年多重责任」的「房/居住/地点」，遇到「大额财务事件」时，对重视「经济/物质安全」的人意味着什么？","constrained_mapping_v0.2","semantic_preflight"
"CC2-00200","PF-A06","当前收入与经济稳定","SC-S2-04","房/居住/地点","SC-S1-09","中年多重责任","SC-S3-04","大额财务事件","NF-N1-05","安全/信任/可预测","Gate / conditional","N3-02/N3-06","当「当前收入与经济稳定」进入「中年多重责任」的「房/居住/地点」，遇到「大额财务事件」时，对重视「安全/信任/可预测」的人意味着什么？","constrained_mapping_v0.2","semantic_preflight"
"CC2-00201","PF-A06","当前收入与经济稳定","SC-S2-04","房/居住/地点","SC-S1-09","中年多重责任","SC-S3-04","大额财务事件","NF-N1-07","公平/可靠/合作","Conditional / gate","N3-02/N3-03","当「当前收入与经济稳定」进入「中年多重责任」的「房/居住/地点」，遇到「大额财务事件」时，对重视「公平/可靠/合作」的人意味着什么？","constrained_mapping_v0.2","semantic_preflight"
"CC2-00202","PF-A06","当前收入与经济稳定","SC-S2-04","房/居住/地点","SC-S1-09","中年多重责任","SC-S3-05","居住/迁移变化","NF-N1-06","经济/物质安全","Threshold + diminishing return","N3-03/N3-06","当「当前收入与经济稳定」进入「中年多重责任」的「房/居住/地点」，遇到「居住/迁移变化」时，对重视「经济/物质安全」的人意味着什么？","constrained_mapping_v0.2","semantic_preflight"
"CC2-00203","PF-A06","当前收入与经济稳定","SC-S2-04","房/居住/地点","SC-S1-09","中年多重责任","SC-S3-05","居住/迁移变化","NF-N1-05","安全/信任/可预测","Gate / conditional","N3-02/N3-06","当「当前收入与经济稳定」进入「中年多重责任」的「房/居住/地点」，遇到「居住/迁移变化」时，对重视「安全/信任/可预测」的人意味着什么？","constrained_mapping_v0.2","semantic_preflight"
"CC2-00204","PF-A06","当前收入与经济稳定","SC-S2-04","房/居住/地点","SC-S1-09","中年多重责任","SC-S3-05","居住/迁移变化","NF-N1-07","公平/可靠/合作","Conditional / gate","N3-02/N3-03","当「当前收入与经济稳定」进入「中年多重责任」的「房/居住/地点」，遇到「居住/迁移变化」时，对重视「公平/可靠/合作」的人意味着什么？","constrained_mapping_v0.2","semantic_preflight"
"CC2-00205","PF-A06","当前收入与经济稳定","SC-S2-06","孩子/生育/教育","SC-S1-05","结婚/建立家庭","SC-S3-06","生育/育儿转折","NF-N1-06","经济/物质安全","Threshold + diminishing return","N3-03/N3-06","当「当前收入与经济稳定」进入「结婚/建立家庭」的「孩子/生育/教育」，遇到「生育/育儿转折」时，对重视「经济/物质安全」的人意味着什么？","constrained_mapping_v0.2","semantic_preflight"
"CC2-00206","PF-A06","当前收入与经济稳定","SC-S2-06","孩子/生育/教育","SC-S1-05","结婚/建立家庭","SC-S3-06","生育/育儿转折","NF-N1-05","安全/信任/可预测","Gate / conditional","N3-02/N3-06","当「当前收入与经济稳定」进入「结婚/建立家庭」的「孩子/生育/教育」，遇到「生育/育儿转折」时，对重视「安全/信任/可预测」的人意味着什么？","constrained_mapping_v0.2","semantic_preflight"
"CC2-00207","PF-A06","当前收入与经济稳定","SC-S2-06","孩子/生育/教育","SC-S1-05","结婚/建立家庭","SC-S3-06","生育/育儿转折","NF-N1-07","公平/可靠/合作","Conditional / gate","N3-02/N3-03","当「当前收入与经济稳定」进入「结婚/建立家庭」的「孩子/生育/教育」，遇到「生育/育儿转折」时，对重视「公平/可靠/合作」的人意味着什么？","constrained_mapping_v0.2","semantic_preflight"
"CC2-00208","PF-A06","当前收入与经济稳定","SC-S2-06","孩子/生育/教育","SC-S1-05","结婚/建立家庭","SC-S3-01","工作时间突变","NF-N1-06","经济/物质安全","Threshold + diminishing return","N3-03/N3-06","当「当前收入与经济稳定」进入「结婚/建立家庭」的「孩子/生育/教育」，遇到「工作时间突变」时，对重视「经济/物质安全」的人意味着什么？","constrained_mapping_v0.2","semantic_preflight"
"CC2-00209","PF-A06","当前收入与经济稳定","SC-S2-06","孩子/生育/教育","SC-S1-05","结婚/建立家庭","SC-S3-01","工作时间突变","NF-N1-05","安全/信任/可预测","Gate / conditional","N3-02/N3-06","当「当前收入与经济稳定」进入「结婚/建立家庭」的「孩子/生育/教育」，遇到「工作时间突变」时，对重视「安全/信任/可预测」的人意味着什么？","constrained_mapping_v0.2","semantic_preflight"
"CC2-00210","PF-A06","当前收入与经济稳定","SC-S2-06","孩子/生育/教育","SC-S1-05","结婚/建立家庭","SC-S3-01","工作时间突变","NF-N1-07","公平/可靠/合作","Conditional / gate","N3-02/N3-03","当「当前收入与经济稳定」进入「结婚/建立家庭」的「孩子/生育/教育」，遇到「工作时间突变」时，对重视「公平/可靠/合作」的人意味着什么？","constrained_mapping_v0.2","semantic_preflight"
"CC2-00211","PF-A06","当前收入与经济稳定","SC-S2-06","孩子/生育/教育","SC-S1-06","备孕/怀孕/生育","SC-S3-06","生育/育儿转折","NF-N1-06","经济/物质安全","Threshold + diminishing return","N3-03/N3-06","当「当前收入与经济稳定」进入「备孕/怀孕/生育」的「孩子/生育/教育」，遇到「生育/育儿转折」时，对重视「经济/物质安全」的人意味着什么？","constrained_mapping_v0.2","semantic_preflight"
"CC2-00212","PF-A06","当前收入与经济稳定","SC-S2-06","孩子/生育/教育","SC-S1-06","备孕/怀孕/生育","SC-S3-06","生育/育儿转折","NF-N1-05","安全/信任/可预测","Gate / conditional","N3-02/N3-06","当「当前收入与经济稳定」进入「备孕/怀孕/生育」的「孩子/生育/教育」，遇到「生育/育儿转折」时，对重视「安全/信任/可预测」的人意味着什么？","constrained_mapping_v0.2","semantic_preflight"
"CC2-00213","PF-A06","当前收入与经济稳定","SC-S2-06","孩子/生育/教育","SC-S1-06","备孕/怀孕/生育","SC-S3-06","生育/育儿转折","NF-N1-07","公平/可靠/合作","Conditional / gate","N3-02/N3-03","当「当前收入与经济稳定」进入「备孕/怀孕/生育」的「孩子/生育/教育」，遇到「生育/育儿转折」时，对重视「公平/可靠/合作」的人意味着什么？","constrained_mapping_v0.2","semantic_preflight"
"CC2-00214","PF-A06","当前收入与经济稳定","SC-S2-06","孩子/生育/教育","SC-S1-06","备孕/怀孕/生育","SC-S3-01","工作时间突变","NF-N1-06","经济/物质安全","Threshold + diminishing return","N3-03/N3-06","当「当前收入与经济稳定」进入「备孕/怀孕/生育」的「孩子/生育/教育」，遇到「工作时间突变」时，对重视「经济/物质安全」的人意味着什么？","constrained_mapping_v0.2","semantic_preflight"
"CC2-00215","PF-A06","当前收入与经济稳定","SC-S2-06","孩子/生育/教育","SC-S1-06","备孕/怀孕/生育","SC-S3-01","工作时间突变","NF-N1-05","安全/信任/可预测","Gate / conditional","N3-02/N3-06","当「当前收入与经济稳定」进入「备孕/怀孕/生育」的「孩子/生育/教育」，遇到「工作时间突变」时，对重视「安全/信任/可预测」的人意味着什么？","constrained_mapping_v0.2","semantic_preflight"
"CC2-00216","PF-A06","当前收入与经济稳定","SC-S2-06","孩子/生育/教育","SC-S1-06","备孕/怀孕/生育","SC-S3-01","工作时间突变","NF-N1-07","公平/可靠/合作","Conditional / gate","N3-02/N3-03","当「当前收入与经济稳定」进入「备孕/怀孕/生育」的「孩子/生育/教育」，遇到「工作时间突变」时，对重视「公平/可靠/合作」的人意味着什么？","constrained_mapping_v0.2","semantic_preflight"
"CC2-00217","PF-A06","当前收入与经济稳定","SC-S2-06","孩子/生育/教育","SC-S1-07","婴幼儿照护","SC-S3-06","生育/育儿转折","NF-N1-06","经济/物质安全","Threshold + diminishing return","N3-03/N3-06","当「当前收入与经济稳定」进入「婴幼儿照护」的「孩子/生育/教育」，遇到「生育/育儿转折」时，对重视「经济/物质安全」的人意味着什么？","constrained_mapping_v0.2","semantic_preflight"
"CC2-00218","PF-A06","当前收入与经济稳定","SC-S2-06","孩子/生育/教育","SC-S1-07","婴幼儿照护","SC-S3-06","生育/育儿转折","NF-N1-05","安全/信任/可预测","Gate / conditional","N3-02/N3-06","当「当前收入与经济稳定」进入「婴幼儿照护」的「孩子/生育/教育」，遇到「生育/育儿转折」时，对重视「安全/信任/可预测」的人意味着什么？","constrained_mapping_v0.2","semantic_preflight"
"CC2-00219","PF-A06","当前收入与经济稳定","SC-S2-06","孩子/生育/教育","SC-S1-07","婴幼儿照护","SC-S3-06","生育/育儿转折","NF-N1-07","公平/可靠/合作","Conditional / gate","N3-02/N3-03","当「当前收入与经济稳定」进入「婴幼儿照护」的「孩子/生育/教育」，遇到「生育/育儿转折」时，对重视「公平/可靠/合作」的人意味着什么？","constrained_mapping_v0.2","semantic_preflight"
"CC2-00220","PF-A06","当前收入与经济稳定","SC-S2-06","孩子/生育/教育","SC-S1-07","婴幼儿照护","SC-S3-01","工作时间突变","NF-N1-06","经济/物质安全","Threshold + diminishing return","N3-03/N3-06","当「当前收入与经济稳定」进入「婴幼儿照护」的「孩子/生育/教育」，遇到「工作时间突变」时，对重视「经济/物质安全」的人意味着什么？","constrained_mapping_v0.2","semantic_preflight"
"CC2-00221","PF-A06","当前收入与经济稳定","SC-S2-06","孩子/生育/教育","SC-S1-07","婴幼儿照护","SC-S3-01","工作时间突变","NF-N1-05","安全/信任/可预测","Gate / conditional","N3-02/N3-06","当「当前收入与经济稳定」进入「婴幼儿照护」的「孩子/生育/教育」，遇到「工作时间突变」时，对重视「安全/信任/可预测」的人意味着什么？","constrained_mapping_v0.2","semantic_preflight"
"CC2-00222","PF-A06","当前收入与经济稳定","SC-S2-06","孩子/生育/教育","SC-S1-07","婴幼儿照护","SC-S3-01","工作时间突变","NF-N1-07","公平/可靠/合作","Conditional / gate","N3-02/N3-03","当「当前收入与经济稳定」进入「婴幼儿照护」的「孩子/生育/教育」，遇到「工作时间突变」时，对重视「公平/可靠/合作」的人意味着什么？","constrained_mapping_v0.2","semantic_preflight"
"CC2-00223","PF-A06","当前收入与经济稳定","SC-S2-06","孩子/生育/教育","SC-S1-08","孩子成长/教育","SC-S3-06","生育/育儿转折","NF-N1-06","经济/物质安全","Threshold + diminishing return","N3-03/N3-06","当「当前收入与经济稳定」进入「孩子成长/教育」的「孩子/生育/教育」，遇到「生育/育儿转折」时，对重视「经济/物质安全」的人意味着什么？","constrained_mapping_v0.2","semantic_preflight"
"CC2-00224","PF-A06","当前收入与经济稳定","SC-S2-06","孩子/生育/教育","SC-S1-08","孩子成长/教育","SC-S3-06","生育/育儿转折","NF-N1-05","安全/信任/可预测","Gate / conditional","N3-02/N3-06","当「当前收入与经济稳定」进入「孩子成长/教育」的「孩子/生育/教育」，遇到「生育/育儿转折」时，对重视「安全/信任/可预测」的人意味着什么？","constrained_mapping_v0.2","semantic_preflight"
"CC2-00225","PF-A06","当前收入与经济稳定","SC-S2-06","孩子/生育/教育","SC-S1-08","孩子成长/教育","SC-S3-06","生育/育儿转折","NF-N1-07","公平/可靠/合作","Conditional / gate","N3-02/N3-03","当「当前收入与经济稳定」进入「孩子成长/教育」的「孩子/生育/教育」，遇到「生育/育儿转折」时，对重视「公平/可靠/合作」的人意味着什么？","constrained_mapping_v0.2","semantic_preflight"
"CC2-00226","PF-A06","当前收入与经济稳定","SC-S2-06","孩子/生育/教育","SC-S1-08","孩子成长/教育","SC-S3-01","工作时间突变","NF-N1-06","经济/物质安全","Threshold + diminishing return","N3-03/N3-06","当「当前收入与经济稳定」进入「孩子成长/教育」的「孩子/生育/教育」，遇到「工作时间突变」时，对重视「经济/物质安全」的人意味着什么？","constrained_mapping_v0.2","semantic_preflight"
"CC2-00227","PF-A06","当前收入与经济稳定","SC-S2-06","孩子/生育/教育","SC-S1-08","孩子成长/教育","SC-S3-01","工作时间突变","NF-N1-05","安全/信任/可预测","Gate / conditional","N3-02/N3-06","当「当前收入与经济稳定」进入「孩子成长/教育」的「孩子/生育/教育」，遇到「工作时间突变」时，对重视「安全/信任/可预测」的人意味着什么？","constrained_mapping_v0.2","semantic_preflight"
"CC2-00228","PF-A06","当前收入与经济稳定","SC-S2-06","孩子/生育/教育","SC-S1-08","孩子成长/教育","SC-S3-01","工作时间突变","NF-N1-07","公平/可靠/合作","Conditional / gate","N3-02/N3-03","当「当前收入与经济稳定」进入「孩子成长/教育」的「孩子/生育/教育」，遇到「工作时间突变」时，对重视「公平/可靠/合作」的人意味着什么？","constrained_mapping_v0.2","semantic_preflight"
"CC2-00229","PF-A07","住房与资产","SC-S2-04","房/居住/地点","SC-S1-03","稳定交往","SC-S3-04","大额财务事件","NF-N1-06","经济/物质安全","Threshold + diminishing return","N3-03/N3-06","当「住房与资产」进入「稳定交往」的「房/居住/地点」，遇到「大额财务事件」时，对重视「经济/物质安全」的人意味着什么？","constrained_mapping_v0.2","semantic_preflight"
"CC2-00230","PF-A07","住房与资产","SC-S2-04","房/居住/地点","SC-S1-03","稳定交往","SC-S3-04","大额财务事件","NF-N1-05","安全/信任/可预测","Gate / conditional","N3-02/N3-06","当「住房与资产」进入「稳定交往」的「房/居住/地点」，遇到「大额财务事件」时，对重视「安全/信任/可预测」的人意味着什么？","constrained_mapping_v0.2","semantic_preflight"
"CC2-00231","PF-A07","住房与资产","SC-S2-04","房/居住/地点","SC-S1-03","稳定交往","SC-S3-04","大额财务事件","NF-N1-11","家庭投入/家庭边界","Fit / conditional","N3-03/N3-04","当「住房与资产」进入「稳定交往」的「房/居住/地点」，遇到「大额财务事件」时，对重视「家庭投入/家庭边界」的人意味着什么？","constrained_mapping_v0.2","semantic_preflight"
"CC2-00232","PF-A07","住房与资产","SC-S2-04","房/居住/地点","SC-S1-03","稳定交往","SC-S3-05","居住/迁移变化","NF-N1-06","经济/物质安全","Threshold + diminishing return","N3-03/N3-06","当「住房与资产」进入「稳定交往」的「房/居住/地点」，遇到「居住/迁移变化」时，对重视「经济/物质安全」的人意味着什么？","constrained_mapping_v0.2","semantic_preflight"
"CC2-00233","PF-A07","住房与资产","SC-S2-04","房/居住/地点","SC-S1-03","稳定交往","SC-S3-05","居住/迁移变化","NF-N1-05","安全/信任/可预测","Gate / conditional","N3-02/N3-06","当「住房与资产」进入「稳定交往」的「房/居住/地点」，遇到「居住/迁移变化」时，对重视「安全/信任/可预测」的人意味着什么？","constrained_mapping_v0.2","semantic_preflight"
"CC2-00234","PF-A07","住房与资产","SC-S2-04","房/居住/地点","SC-S1-03","稳定交往","SC-S3-05","居住/迁移变化","NF-N1-11","家庭投入/家庭边界","Fit / conditional","N3-03/N3-04","当「住房与资产」进入「稳定交往」的「房/居住/地点」，遇到「居住/迁移变化」时，对重视「家庭投入/家庭边界」的人意味着什么？","constrained_mapping_v0.2","semantic_preflight"
"CC2-00235","PF-A07","住房与资产","SC-S2-04","房/居住/地点","SC-S1-05","结婚/建立家庭","SC-S3-04","大额财务事件","NF-N1-06","经济/物质安全","Threshold + diminishing return","N3-03/N3-06","当「住房与资产」进入「结婚/建立家庭」的「房/居住/地点」，遇到「大额财务事件」时，对重视「经济/物质安全」的人意味着什么？","constrained_mapping_v0.2","semantic_preflight"
"CC2-00236","PF-A07","住房与资产","SC-S2-04","房/居住/地点","SC-S1-05","结婚/建立家庭","SC-S3-04","大额财务事件","NF-N1-05","安全/信任/可预测","Gate / conditional","N3-02/N3-06","当「住房与资产」进入「结婚/建立家庭」的「房/居住/地点」，遇到「大额财务事件」时，对重视「安全/信任/可预测」的人意味着什么？","constrained_mapping_v0.2","semantic_preflight"
"CC2-00237","PF-A07","住房与资产","SC-S2-04","房/居住/地点","SC-S1-05","结婚/建立家庭","SC-S3-04","大额财务事件","NF-N1-11","家庭投入/家庭边界","Fit / conditional","N3-03/N3-04","当「住房与资产」进入「结婚/建立家庭」的「房/居住/地点」，遇到「大额财务事件」时，对重视「家庭投入/家庭边界」的人意味着什么？","constrained_mapping_v0.2","semantic_preflight"
"CC2-00238","PF-A07","住房与资产","SC-S2-04","房/居住/地点","SC-S1-05","结婚/建立家庭","SC-S3-05","居住/迁移变化","NF-N1-06","经济/物质安全","Threshold + diminishing return","N3-03/N3-06","当「住房与资产」进入「结婚/建立家庭」的「房/居住/地点」，遇到「居住/迁移变化」时，对重视「经济/物质安全」的人意味着什么？","constrained_mapping_v0.2","semantic_preflight"
"CC2-00239","PF-A07","住房与资产","SC-S2-04","房/居住/地点","SC-S1-05","结婚/建立家庭","SC-S3-05","居住/迁移变化","NF-N1-05","安全/信任/可预测","Gate / conditional","N3-02/N3-06","当「住房与资产」进入「结婚/建立家庭」的「房/居住/地点」，遇到「居住/迁移变化」时，对重视「安全/信任/可预测」的人意味着什么？","constrained_mapping_v0.2","semantic_preflight"
"CC2-00240","PF-A07","住房与资产","SC-S2-04","房/居住/地点","SC-S1-05","结婚/建立家庭","SC-S3-05","居住/迁移变化","NF-N1-11","家庭投入/家庭边界","Fit / conditional","N3-03/N3-04","当「住房与资产」进入「结婚/建立家庭」的「房/居住/地点」，遇到「居住/迁移变化」时，对重视「家庭投入/家庭边界」的人意味着什么？","constrained_mapping_v0.2","semantic_preflight"
"CC2-00241","PF-A07","住房与资产","SC-S2-04","房/居住/地点","SC-S1-06","备孕/怀孕/生育","SC-S3-04","大额财务事件","NF-N1-06","经济/物质安全","Threshold + diminishing return","N3-03/N3-06","当「住房与资产」进入「备孕/怀孕/生育」的「房/居住/地点」，遇到「大额财务事件」时，对重视「经济/物质安全」的人意味着什么？","constrained_mapping_v0.2","semantic_preflight"
"CC2-00242","PF-A07","住房与资产","SC-S2-04","房/居住/地点","SC-S1-06","备孕/怀孕/生育","SC-S3-04","大额财务事件","NF-N1-05","安全/信任/可预测","Gate / conditional","N3-02/N3-06","当「住房与资产」进入「备孕/怀孕/生育」的「房/居住/地点」，遇到「大额财务事件」时，对重视「安全/信任/可预测」的人意味着什么？","constrained_mapping_v0.2","semantic_preflight"
"CC2-00243","PF-A07","住房与资产","SC-S2-04","房/居住/地点","SC-S1-06","备孕/怀孕/生育","SC-S3-04","大额财务事件","NF-N1-11","家庭投入/家庭边界","Fit / conditional","N3-03/N3-04","当「住房与资产」进入「备孕/怀孕/生育」的「房/居住/地点」，遇到「大额财务事件」时，对重视「家庭投入/家庭边界」的人意味着什么？","constrained_mapping_v0.2","semantic_preflight"
"CC2-00244","PF-A07","住房与资产","SC-S2-04","房/居住/地点","SC-S1-06","备孕/怀孕/生育","SC-S3-05","居住/迁移变化","NF-N1-06","经济/物质安全","Threshold + diminishing return","N3-03/N3-06","当「住房与资产」进入「备孕/怀孕/生育」的「房/居住/地点」，遇到「居住/迁移变化」时，对重视「经济/物质安全」的人意味着什么？","constrained_mapping_v0.2","semantic_preflight"
"CC2-00245","PF-A07","住房与资产","SC-S2-04","房/居住/地点","SC-S1-06","备孕/怀孕/生育","SC-S3-05","居住/迁移变化","NF-N1-05","安全/信任/可预测","Gate / conditional","N3-02/N3-06","当「住房与资产」进入「备孕/怀孕/生育」的「房/居住/地点」，遇到「居住/迁移变化」时，对重视「安全/信任/可预测」的人意味着什么？","constrained_mapping_v0.2","semantic_preflight"
"CC2-00246","PF-A07","住房与资产","SC-S2-04","房/居住/地点","SC-S1-06","备孕/怀孕/生育","SC-S3-05","居住/迁移变化","NF-N1-11","家庭投入/家庭边界","Fit / conditional","N3-03/N3-04","当「住房与资产」进入「备孕/怀孕/生育」的「房/居住/地点」，遇到「居住/迁移变化」时，对重视「家庭投入/家庭边界」的人意味着什么？","constrained_mapping_v0.2","semantic_preflight"
"CC2-00247","PF-A07","住房与资产","SC-S2-04","房/居住/地点","SC-S1-09","中年多重责任","SC-S3-04","大额财务事件","NF-N1-06","经济/物质安全","Threshold + diminishing return","N3-03/N3-06","当「住房与资产」进入「中年多重责任」的「房/居住/地点」，遇到「大额财务事件」时，对重视「经济/物质安全」的人意味着什么？","constrained_mapping_v0.2","semantic_preflight"
"CC2-00248","PF-A07","住房与资产","SC-S2-04","房/居住/地点","SC-S1-09","中年多重责任","SC-S3-04","大额财务事件","NF-N1-05","安全/信任/可预测","Gate / conditional","N3-02/N3-06","当「住房与资产」进入「中年多重责任」的「房/居住/地点」，遇到「大额财务事件」时，对重视「安全/信任/可预测」的人意味着什么？","constrained_mapping_v0.2","semantic_preflight"
"CC2-00249","PF-A07","住房与资产","SC-S2-04","房/居住/地点","SC-S1-09","中年多重责任","SC-S3-04","大额财务事件","NF-N1-11","家庭投入/家庭边界","Fit / conditional","N3-03/N3-04","当「住房与资产」进入「中年多重责任」的「房/居住/地点」，遇到「大额财务事件」时，对重视「家庭投入/家庭边界」的人意味着什么？","constrained_mapping_v0.2","semantic_preflight"
"CC2-00250","PF-A07","住房与资产","SC-S2-04","房/居住/地点","SC-S1-09","中年多重责任","SC-S3-05","居住/迁移变化","NF-N1-06","经济/物质安全","Threshold + diminishing return","N3-03/N3-06","当「住房与资产」进入「中年多重责任」的「房/居住/地点」，遇到「居住/迁移变化」时，对重视「经济/物质安全」的人意味着什么？","constrained_mapping_v0.2","semantic_preflight"
"CC2-00251","PF-A07","住房与资产","SC-S2-04","房/居住/地点","SC-S1-09","中年多重责任","SC-S3-05","居住/迁移变化","NF-N1-05","安全/信任/可预测","Gate / conditional","N3-02/N3-06","当「住房与资产」进入「中年多重责任」的「房/居住/地点」，遇到「居住/迁移变化」时，对重视「安全/信任/可预测」的人意味着什么？","constrained_mapping_v0.2","semantic_preflight"
"CC2-00252","PF-A07","住房与资产","SC-S2-04","房/居住/地点","SC-S1-09","中年多重责任","SC-S3-05","居住/迁移变化","NF-N1-11","家庭投入/家庭边界","Fit / conditional","N3-03/N3-04","当「住房与资产」进入「中年多重责任」的「房/居住/地点」，遇到「居住/迁移变化」时，对重视「家庭投入/家庭边界」的人意味着什么？","constrained_mapping_v0.2","semantic_preflight"
"CC2-00253","PF-A07","住房与资产","SC-S2-03","钱/财务","SC-S1-03","稳定交往","SC-S3-03","失业/收入下降","NF-N1-06","经济/物质安全","Threshold + diminishing return","N3-03/N3-06","当「住房与资产」进入「稳定交往」的「钱/财务」，遇到「失业/收入下降」时，对重视「经济/物质安全」的人意味着什么？","constrained_mapping_v0.2","semantic_preflight"
"CC2-00254","PF-A07","住房与资产","SC-S2-03","钱/财务","SC-S1-03","稳定交往","SC-S3-03","失业/收入下降","NF-N1-05","安全/信任/可预测","Gate / conditional","N3-02/N3-06","当「住房与资产」进入「稳定交往」的「钱/财务」，遇到「失业/收入下降」时，对重视「安全/信任/可预测」的人意味着什么？","constrained_mapping_v0.2","semantic_preflight"
"CC2-00255","PF-A07","住房与资产","SC-S2-03","钱/财务","SC-S1-03","稳定交往","SC-S3-03","失业/收入下降","NF-N1-11","家庭投入/家庭边界","Fit / conditional","N3-03/N3-04","当「住房与资产」进入「稳定交往」的「钱/财务」，遇到「失业/收入下降」时，对重视「家庭投入/家庭边界」的人意味着什么？","constrained_mapping_v0.2","semantic_preflight"
"CC2-00256","PF-A07","住房与资产","SC-S2-03","钱/财务","SC-S1-03","稳定交往","SC-S3-04","大额财务事件","NF-N1-06","经济/物质安全","Threshold + diminishing return","N3-03/N3-06","当「住房与资产」进入「稳定交往」的「钱/财务」，遇到「大额财务事件」时，对重视「经济/物质安全」的人意味着什么？","constrained_mapping_v0.2","semantic_preflight"
"CC2-00257","PF-A07","住房与资产","SC-S2-03","钱/财务","SC-S1-03","稳定交往","SC-S3-04","大额财务事件","NF-N1-05","安全/信任/可预测","Gate / conditional","N3-02/N3-06","当「住房与资产」进入「稳定交往」的「钱/财务」，遇到「大额财务事件」时，对重视「安全/信任/可预测」的人意味着什么？","constrained_mapping_v0.2","semantic_preflight"
"CC2-00258","PF-A07","住房与资产","SC-S2-03","钱/财务","SC-S1-03","稳定交往","SC-S3-04","大额财务事件","NF-N1-11","家庭投入/家庭边界","Fit / conditional","N3-03/N3-04","当「住房与资产」进入「稳定交往」的「钱/财务」，遇到「大额财务事件」时，对重视「家庭投入/家庭边界」的人意味着什么？","constrained_mapping_v0.2","semantic_preflight"
"CC2-00259","PF-A07","住房与资产","SC-S2-03","钱/财务","SC-S1-05","结婚/建立家庭","SC-S3-03","失业/收入下降","NF-N1-06","经济/物质安全","Threshold + diminishing return","N3-03/N3-06","当「住房与资产」进入「结婚/建立家庭」的「钱/财务」，遇到「失业/收入下降」时，对重视「经济/物质安全」的人意味着什么？","constrained_mapping_v0.2","semantic_preflight"
"CC2-00260","PF-A07","住房与资产","SC-S2-03","钱/财务","SC-S1-05","结婚/建立家庭","SC-S3-03","失业/收入下降","NF-N1-05","安全/信任/可预测","Gate / conditional","N3-02/N3-06","当「住房与资产」进入「结婚/建立家庭」的「钱/财务」，遇到「失业/收入下降」时，对重视「安全/信任/可预测」的人意味着什么？","constrained_mapping_v0.2","semantic_preflight"
"CC2-00261","PF-A07","住房与资产","SC-S2-03","钱/财务","SC-S1-05","结婚/建立家庭","SC-S3-03","失业/收入下降","NF-N1-11","家庭投入/家庭边界","Fit / conditional","N3-03/N3-04","当「住房与资产」进入「结婚/建立家庭」的「钱/财务」，遇到「失业/收入下降」时，对重视「家庭投入/家庭边界」的人意味着什么？","constrained_mapping_v0.2","semantic_preflight"
"CC2-00262","PF-A07","住房与资产","SC-S2-03","钱/财务","SC-S1-05","结婚/建立家庭","SC-S3-04","大额财务事件","NF-N1-06","经济/物质安全","Threshold + diminishing return","N3-03/N3-06","当「住房与资产」进入「结婚/建立家庭」的「钱/财务」，遇到「大额财务事件」时，对重视「经济/物质安全」的人意味着什么？","constrained_mapping_v0.2","semantic_preflight"
"CC2-00263","PF-A07","住房与资产","SC-S2-03","钱/财务","SC-S1-05","结婚/建立家庭","SC-S3-04","大额财务事件","NF-N1-05","安全/信任/可预测","Gate / conditional","N3-02/N3-06","当「住房与资产」进入「结婚/建立家庭」的「钱/财务」，遇到「大额财务事件」时，对重视「安全/信任/可预测」的人意味着什么？","constrained_mapping_v0.2","semantic_preflight"
"CC2-00264","PF-A07","住房与资产","SC-S2-03","钱/财务","SC-S1-05","结婚/建立家庭","SC-S3-04","大额财务事件","NF-N1-11","家庭投入/家庭边界","Fit / conditional","N3-03/N3-04","当「住房与资产」进入「结婚/建立家庭」的「钱/财务」，遇到「大额财务事件」时，对重视「家庭投入/家庭边界」的人意味着什么？","constrained_mapping_v0.2","semantic_preflight"
"CC2-00265","PF-A07","住房与资产","SC-S2-03","钱/财务","SC-S1-06","备孕/怀孕/生育","SC-S3-03","失业/收入下降","NF-N1-06","经济/物质安全","Threshold + diminishing return","N3-03/N3-06","当「住房与资产」进入「备孕/怀孕/生育」的「钱/财务」，遇到「失业/收入下降」时，对重视「经济/物质安全」的人意味着什么？","constrained_mapping_v0.2","semantic_preflight"
"CC2-00266","PF-A07","住房与资产","SC-S2-03","钱/财务","SC-S1-06","备孕/怀孕/生育","SC-S3-03","失业/收入下降","NF-N1-05","安全/信任/可预测","Gate / conditional","N3-02/N3-06","当「住房与资产」进入「备孕/怀孕/生育」的「钱/财务」，遇到「失业/收入下降」时，对重视「安全/信任/可预测」的人意味着什么？","constrained_mapping_v0.2","semantic_preflight"
"CC2-00267","PF-A07","住房与资产","SC-S2-03","钱/财务","SC-S1-06","备孕/怀孕/生育","SC-S3-03","失业/收入下降","NF-N1-11","家庭投入/家庭边界","Fit / conditional","N3-03/N3-04","当「住房与资产」进入「备孕/怀孕/生育」的「钱/财务」，遇到「失业/收入下降」时，对重视「家庭投入/家庭边界」的人意味着什么？","constrained_mapping_v0.2","semantic_preflight"
"CC2-00268","PF-A07","住房与资产","SC-S2-03","钱/财务","SC-S1-06","备孕/怀孕/生育","SC-S3-04","大额财务事件","NF-N1-06","经济/物质安全","Threshold + diminishing return","N3-03/N3-06","当「住房与资产」进入「备孕/怀孕/生育」的「钱/财务」，遇到「大额财务事件」时，对重视「经济/物质安全」的人意味着什么？","constrained_mapping_v0.2","semantic_preflight"
"CC2-00269","PF-A07","住房与资产","SC-S2-03","钱/财务","SC-S1-06","备孕/怀孕/生育","SC-S3-04","大额财务事件","NF-N1-05","安全/信任/可预测","Gate / conditional","N3-02/N3-06","当「住房与资产」进入「备孕/怀孕/生育」的「钱/财务」，遇到「大额财务事件」时，对重视「安全/信任/可预测」的人意味着什么？","constrained_mapping_v0.2","semantic_preflight"
"CC2-00270","PF-A07","住房与资产","SC-S2-03","钱/财务","SC-S1-06","备孕/怀孕/生育","SC-S3-04","大额财务事件","NF-N1-11","家庭投入/家庭边界","Fit / conditional","N3-03/N3-04","当「住房与资产」进入「备孕/怀孕/生育」的「钱/财务」，遇到「大额财务事件」时，对重视「家庭投入/家庭边界」的人意味着什么？","constrained_mapping_v0.2","semantic_preflight"
"CC2-00271","PF-A07","住房与资产","SC-S2-03","钱/财务","SC-S1-07","婴幼儿照护","SC-S3-03","失业/收入下降","NF-N1-06","经济/物质安全","Threshold + diminishing return","N3-03/N3-06","当「住房与资产」进入「婴幼儿照护」的「钱/财务」，遇到「失业/收入下降」时，对重视「经济/物质安全」的人意味着什么？","constrained_mapping_v0.2","semantic_preflight"
"CC2-00272","PF-A07","住房与资产","SC-S2-03","钱/财务","SC-S1-07","婴幼儿照护","SC-S3-03","失业/收入下降","NF-N1-05","安全/信任/可预测","Gate / conditional","N3-02/N3-06","当「住房与资产」进入「婴幼儿照护」的「钱/财务」，遇到「失业/收入下降」时，对重视「安全/信任/可预测」的人意味着什么？","constrained_mapping_v0.2","semantic_preflight"
"CC2-00273","PF-A07","住房与资产","SC-S2-03","钱/财务","SC-S1-07","婴幼儿照护","SC-S3-03","失业/收入下降","NF-N1-11","家庭投入/家庭边界","Fit / conditional","N3-03/N3-04","当「住房与资产」进入「婴幼儿照护」的「钱/财务」，遇到「失业/收入下降」时，对重视「家庭投入/家庭边界」的人意味着什么？","constrained_mapping_v0.2","semantic_preflight"
"CC2-00274","PF-A07","住房与资产","SC-S2-03","钱/财务","SC-S1-07","婴幼儿照护","SC-S3-04","大额财务事件","NF-N1-06","经济/物质安全","Threshold + diminishing return","N3-03/N3-06","当「住房与资产」进入「婴幼儿照护」的「钱/财务」，遇到「大额财务事件」时，对重视「经济/物质安全」的人意味着什么？","constrained_mapping_v0.2","semantic_preflight"
"CC2-00275","PF-A07","住房与资产","SC-S2-03","钱/财务","SC-S1-07","婴幼儿照护","SC-S3-04","大额财务事件","NF-N1-05","安全/信任/可预测","Gate / conditional","N3-02/N3-06","当「住房与资产」进入「婴幼儿照护」的「钱/财务」，遇到「大额财务事件」时，对重视「安全/信任/可预测」的人意味着什么？","constrained_mapping_v0.2","semantic_preflight"
"CC2-00276","PF-A07","住房与资产","SC-S2-03","钱/财务","SC-S1-07","婴幼儿照护","SC-S3-04","大额财务事件","NF-N1-11","家庭投入/家庭边界","Fit / conditional","N3-03/N3-04","当「住房与资产」进入「婴幼儿照护」的「钱/财务」，遇到「大额财务事件」时，对重视「家庭投入/家庭边界」的人意味着什么？","constrained_mapping_v0.2","semantic_preflight"
"CC2-00277","PF-A07","住房与资产","SC-S2-07","双方父母/原生家庭","SC-S1-05","结婚/建立家庭","SC-S3-07","父母责任变化","NF-N1-06","经济/物质安全","Threshold + diminishing return","N3-03/N3-06","当「住房与资产」进入「结婚/建立家庭」的「双方父母/原生家庭」，遇到「父母责任变化」时，对重视「经济/物质安全」的人意味着什么？","constrained_mapping_v0.2","semantic_preflight"
"CC2-00278","PF-A07","住房与资产","SC-S2-07","双方父母/原生家庭","SC-S1-05","结婚/建立家庭","SC-S3-07","父母责任变化","NF-N1-05","安全/信任/可预测","Gate / conditional","N3-02/N3-06","当「住房与资产」进入「结婚/建立家庭」的「双方父母/原生家庭」，遇到「父母责任变化」时，对重视「安全/信任/可预测」的人意味着什么？","constrained_mapping_v0.2","semantic_preflight"
"CC2-00279","PF-A07","住房与资产","SC-S2-07","双方父母/原生家庭","SC-S1-05","结婚/建立家庭","SC-S3-07","父母责任变化","NF-N1-11","家庭投入/家庭边界","Fit / conditional","N3-03/N3-04","当「住房与资产」进入「结婚/建立家庭」的「双方父母/原生家庭」，遇到「父母责任变化」时，对重视「家庭投入/家庭边界」的人意味着什么？","constrained_mapping_v0.2","semantic_preflight"
"CC2-00280","PF-A07","住房与资产","SC-S2-07","双方父母/原生家庭","SC-S1-05","结婚/建立家庭","SC-S3-05","居住/迁移变化","NF-N1-06","经济/物质安全","Threshold + diminishing return","N3-03/N3-06","当「住房与资产」进入「结婚/建立家庭」的「双方父母/原生家庭」，遇到「居住/迁移变化」时，对重视「经济/物质安全」的人意味着什么？","constrained_mapping_v0.2","semantic_preflight"
"CC2-00281","PF-A07","住房与资产","SC-S2-07","双方父母/原生家庭","SC-S1-05","结婚/建立家庭","SC-S3-05","居住/迁移变化","NF-N1-05","安全/信任/可预测","Gate / conditional","N3-02/N3-06","当「住房与资产」进入「结婚/建立家庭」的「双方父母/原生家庭」，遇到「居住/迁移变化」时，对重视「安全/信任/可预测」的人意味着什么？","constrained_mapping_v0.2","semantic_preflight"
"CC2-00282","PF-A07","住房与资产","SC-S2-07","双方父母/原生家庭","SC-S1-05","结婚/建立家庭","SC-S3-05","居住/迁移变化","NF-N1-11","家庭投入/家庭边界","Fit / conditional","N3-03/N3-04","当「住房与资产」进入「结婚/建立家庭」的「双方父母/原生家庭」，遇到「居住/迁移变化」时，对重视「家庭投入/家庭边界」的人意味着什么？","constrained_mapping_v0.2","semantic_preflight"
"CC2-00283","PF-A07","住房与资产","SC-S2-07","双方父母/原生家庭","SC-S1-06","备孕/怀孕/生育","SC-S3-07","父母责任变化","NF-N1-06","经济/物质安全","Threshold + diminishing return","N3-03/N3-06","当「住房与资产」进入「备孕/怀孕/生育」的「双方父母/原生家庭」，遇到「父母责任变化」时，对重视「经济/物质安全」的人意味着什么？","constrained_mapping_v0.2","semantic_preflight"
"CC2-00284","PF-A07","住房与资产","SC-S2-07","双方父母/原生家庭","SC-S1-06","备孕/怀孕/生育","SC-S3-07","父母责任变化","NF-N1-05","安全/信任/可预测","Gate / conditional","N3-02/N3-06","当「住房与资产」进入「备孕/怀孕/生育」的「双方父母/原生家庭」，遇到「父母责任变化」时，对重视「安全/信任/可预测」的人意味着什么？","constrained_mapping_v0.2","semantic_preflight"
"CC2-00285","PF-A07","住房与资产","SC-S2-07","双方父母/原生家庭","SC-S1-06","备孕/怀孕/生育","SC-S3-07","父母责任变化","NF-N1-11","家庭投入/家庭边界","Fit / conditional","N3-03/N3-04","当「住房与资产」进入「备孕/怀孕/生育」的「双方父母/原生家庭」，遇到「父母责任变化」时，对重视「家庭投入/家庭边界」的人意味着什么？","constrained_mapping_v0.2","semantic_preflight"
"CC2-00286","PF-A07","住房与资产","SC-S2-07","双方父母/原生家庭","SC-S1-06","备孕/怀孕/生育","SC-S3-05","居住/迁移变化","NF-N1-06","经济/物质安全","Threshold + diminishing return","N3-03/N3-06","当「住房与资产」进入「备孕/怀孕/生育」的「双方父母/原生家庭」，遇到「居住/迁移变化」时，对重视「经济/物质安全」的人意味着什么？","constrained_mapping_v0.2","semantic_preflight"
"CC2-00287","PF-A07","住房与资产","SC-S2-07","双方父母/原生家庭","SC-S1-06","备孕/怀孕/生育","SC-S3-05","居住/迁移变化","NF-N1-05","安全/信任/可预测","Gate / conditional","N3-02/N3-06","当「住房与资产」进入「备孕/怀孕/生育」的「双方父母/原生家庭」，遇到「居住/迁移变化」时，对重视「安全/信任/可预测」的人意味着什么？","constrained_mapping_v0.2","semantic_preflight"
"CC2-00288","PF-A07","住房与资产","SC-S2-07","双方父母/原生家庭","SC-S1-06","备孕/怀孕/生育","SC-S3-05","居住/迁移变化","NF-N1-11","家庭投入/家庭边界","Fit / conditional","N3-03/N3-04","当「住房与资产」进入「备孕/怀孕/生育」的「双方父母/原生家庭」，遇到「居住/迁移变化」时，对重视「家庭投入/家庭边界」的人意味着什么？","constrained_mapping_v0.2","semantic_preflight"
"CC2-00289","PF-A07","住房与资产","SC-S2-07","双方父母/原生家庭","SC-S1-07","婴幼儿照护","SC-S3-07","父母责任变化","NF-N1-06","经济/物质安全","Threshold + diminishing return","N3-03/N3-06","当「住房与资产」进入「婴幼儿照护」的「双方父母/原生家庭」，遇到「父母责任变化」时，对重视「经济/物质安全」的人意味着什么？","constrained_mapping_v0.2","semantic_preflight"
"CC2-00290","PF-A07","住房与资产","SC-S2-07","双方父母/原生家庭","SC-S1-07","婴幼儿照护","SC-S3-07","父母责任变化","NF-N1-05","安全/信任/可预测","Gate / conditional","N3-02/N3-06","当「住房与资产」进入「婴幼儿照护」的「双方父母/原生家庭」，遇到「父母责任变化」时，对重视「安全/信任/可预测」的人意味着什么？","constrained_mapping_v0.2","semantic_preflight"
"CC2-00291","PF-A07","住房与资产","SC-S2-07","双方父母/原生家庭","SC-S1-07","婴幼儿照护","SC-S3-07","父母责任变化","NF-N1-11","家庭投入/家庭边界","Fit / conditional","N3-03/N3-04","当「住房与资产」进入「婴幼儿照护」的「双方父母/原生家庭」，遇到「父母责任变化」时，对重视「家庭投入/家庭边界」的人意味着什么？","constrained_mapping_v0.2","semantic_preflight"
"CC2-00292","PF-A07","住房与资产","SC-S2-07","双方父母/原生家庭","SC-S1-07","婴幼儿照护","SC-S3-05","居住/迁移变化","NF-N1-06","经济/物质安全","Threshold + diminishing return","N3-03/N3-06","当「住房与资产」进入「婴幼儿照护」的「双方父母/原生家庭」，遇到「居住/迁移变化」时，对重视「经济/物质安全」的人意味着什么？","constrained_mapping_v0.2","semantic_preflight"
"CC2-00293","PF-A07","住房与资产","SC-S2-07","双方父母/原生家庭","SC-S1-07","婴幼儿照护","SC-S3-05","居住/迁移变化","NF-N1-05","安全/信任/可预测","Gate / conditional","N3-02/N3-06","当「住房与资产」进入「婴幼儿照护」的「双方父母/原生家庭」，遇到「居住/迁移变化」时，对重视「安全/信任/可预测」的人意味着什么？","constrained_mapping_v0.2","semantic_preflight"
"CC2-00294","PF-A07","住房与资产","SC-S2-07","双方父母/原生家庭","SC-S1-07","婴幼儿照护","SC-S3-05","居住/迁移变化","NF-N1-11","家庭投入/家庭边界","Fit / conditional","N3-03/N3-04","当「住房与资产」进入「婴幼儿照护」的「双方父母/原生家庭」，遇到「居住/迁移变化」时，对重视「家庭投入/家庭边界」的人意味着什么？","constrained_mapping_v0.2","semantic_preflight"
"CC2-00295","PF-A07","住房与资产","SC-S2-07","双方父母/原生家庭","SC-S1-09","中年多重责任","SC-S3-07","父母责任变化","NF-N1-06","经济/物质安全","Threshold + diminishing return","N3-03/N3-06","当「住房与资产」进入「中年多重责任」的「双方父母/原生家庭」，遇到「父母责任变化」时，对重视「经济/物质安全」的人意味着什么？","constrained_mapping_v0.2","semantic_preflight"
"CC2-00296","PF-A07","住房与资产","SC-S2-07","双方父母/原生家庭","SC-S1-09","中年多重责任","SC-S3-07","父母责任变化","NF-N1-05","安全/信任/可预测","Gate / conditional","N3-02/N3-06","当「住房与资产」进入「中年多重责任」的「双方父母/原生家庭」，遇到「父母责任变化」时，对重视「安全/信任/可预测」的人意味着什么？","constrained_mapping_v0.2","semantic_preflight"
"CC2-00297","PF-A07","住房与资产","SC-S2-07","双方父母/原生家庭","SC-S1-09","中年多重责任","SC-S3-07","父母责任变化","NF-N1-11","家庭投入/家庭边界","Fit / conditional","N3-03/N3-04","当「住房与资产」进入「中年多重责任」的「双方父母/原生家庭」，遇到「父母责任变化」时，对重视「家庭投入/家庭边界」的人意味着什么？","constrained_mapping_v0.2","semantic_preflight"
"CC2-00298","PF-A07","住房与资产","SC-S2-07","双方父母/原生家庭","SC-S1-09","中年多重责任","SC-S3-05","居住/迁移变化","NF-N1-06","经济/物质安全","Threshold + diminishing return","N3-03/N3-06","当「住房与资产」进入「中年多重责任」的「双方父母/原生家庭」，遇到「居住/迁移变化」时，对重视「经济/物质安全」的人意味着什么？","constrained_mapping_v0.2","semantic_preflight"
"CC2-00299","PF-A07","住房与资产","SC-S2-07","双方父母/原生家庭","SC-S1-09","中年多重责任","SC-S3-05","居住/迁移变化","NF-N1-05","安全/信任/可预测","Gate / conditional","N3-02/N3-06","当「住房与资产」进入「中年多重责任」的「双方父母/原生家庭」，遇到「居住/迁移变化」时，对重视「安全/信任/可预测」的人意味着什么？","constrained_mapping_v0.2","semantic_preflight"
"CC2-00300","PF-A07","住房与资产","SC-S2-07","双方父母/原生家庭","SC-S1-09","中年多重责任","SC-S3-05","居住/迁移变化","NF-N1-11","家庭投入/家庭边界","Fit / conditional","N3-03/N3-04","当「住房与资产」进入「中年多重责任」的「双方父母/原生家庭」，遇到「居住/迁移变化」时，对重视「家庭投入/家庭边界」的人意味着什么？","constrained_mapping_v0.2","semantic_preflight"
"CC2-00301","PF-A08","家庭经济与支持资源","SC-S2-07","双方父母/原生家庭","SC-S1-05","结婚/建立家庭","SC-S3-07","父母责任变化","NF-N1-06","经济/物质安全","Threshold + diminishing return","N3-03/N3-06","当「家庭经济与支持资源」进入「结婚/建立家庭」的「双方父母/原生家庭」，遇到「父母责任变化」时，对重视「经济/物质安全」的人意味着什么？","constrained_mapping_v0.2","semantic_preflight"
"CC2-00302","PF-A08","家庭经济与支持资源","SC-S2-07","双方父母/原生家庭","SC-S1-05","结婚/建立家庭","SC-S3-07","父母责任变化","NF-N1-11","家庭投入/家庭边界","Fit / conditional","N3-03/N3-04","当「家庭经济与支持资源」进入「结婚/建立家庭」的「双方父母/原生家庭」，遇到「父母责任变化」时，对重视「家庭投入/家庭边界」的人意味着什么？","constrained_mapping_v0.2","semantic_preflight"
"CC2-00303","PF-A08","家庭经济与支持资源","SC-S2-07","双方父母/原生家庭","SC-S1-05","结婚/建立家庭","SC-S3-07","父母责任变化","NF-N1-07","公平/可靠/合作","Conditional / gate","N3-02/N3-03","当「家庭经济与支持资源」进入「结婚/建立家庭」的「双方父母/原生家庭」，遇到「父母责任变化」时，对重视「公平/可靠/合作」的人意味着什么？","constrained_mapping_v0.2","semantic_preflight"
"CC2-00304","PF-A08","家庭经济与支持资源","SC-S2-07","双方父母/原生家庭","SC-S1-05","结婚/建立家庭","SC-S3-05","居住/迁移变化","NF-N1-06","经济/物质安全","Threshold + diminishing return","N3-03/N3-06","当「家庭经济与支持资源」进入「结婚/建立家庭」的「双方父母/原生家庭」，遇到「居住/迁移变化」时，对重视「经济/物质安全」的人意味着什么？","constrained_mapping_v0.2","semantic_preflight"
"CC2-00305","PF-A08","家庭经济与支持资源","SC-S2-07","双方父母/原生家庭","SC-S1-05","结婚/建立家庭","SC-S3-05","居住/迁移变化","NF-N1-11","家庭投入/家庭边界","Fit / conditional","N3-03/N3-04","当「家庭经济与支持资源」进入「结婚/建立家庭」的「双方父母/原生家庭」，遇到「居住/迁移变化」时，对重视「家庭投入/家庭边界」的人意味着什么？","constrained_mapping_v0.2","semantic_preflight"
"CC2-00306","PF-A08","家庭经济与支持资源","SC-S2-07","双方父母/原生家庭","SC-S1-05","结婚/建立家庭","SC-S3-05","居住/迁移变化","NF-N1-07","公平/可靠/合作","Conditional / gate","N3-02/N3-03","当「家庭经济与支持资源」进入「结婚/建立家庭」的「双方父母/原生家庭」，遇到「居住/迁移变化」时，对重视「公平/可靠/合作」的人意味着什么？","constrained_mapping_v0.2","semantic_preflight"
"CC2-00307","PF-A08","家庭经济与支持资源","SC-S2-07","双方父母/原生家庭","SC-S1-06","备孕/怀孕/生育","SC-S3-07","父母责任变化","NF-N1-06","经济/物质安全","Threshold + diminishing return","N3-03/N3-06","当「家庭经济与支持资源」进入「备孕/怀孕/生育」的「双方父母/原生家庭」，遇到「父母责任变化」时，对重视「经济/物质安全」的人意味着什么？","constrained_mapping_v0.2","semantic_preflight"
"CC2-00308","PF-A08","家庭经济与支持资源","SC-S2-07","双方父母/原生家庭","SC-S1-06","备孕/怀孕/生育","SC-S3-07","父母责任变化","NF-N1-11","家庭投入/家庭边界","Fit / conditional","N3-03/N3-04","当「家庭经济与支持资源」进入「备孕/怀孕/生育」的「双方父母/原生家庭」，遇到「父母责任变化」时，对重视「家庭投入/家庭边界」的人意味着什么？","constrained_mapping_v0.2","semantic_preflight"
"CC2-00309","PF-A08","家庭经济与支持资源","SC-S2-07","双方父母/原生家庭","SC-S1-06","备孕/怀孕/生育","SC-S3-07","父母责任变化","NF-N1-07","公平/可靠/合作","Conditional / gate","N3-02/N3-03","当「家庭经济与支持资源」进入「备孕/怀孕/生育」的「双方父母/原生家庭」，遇到「父母责任变化」时，对重视「公平/可靠/合作」的人意味着什么？","constrained_mapping_v0.2","semantic_preflight"
"CC2-00310","PF-A08","家庭经济与支持资源","SC-S2-07","双方父母/原生家庭","SC-S1-06","备孕/怀孕/生育","SC-S3-05","居住/迁移变化","NF-N1-06","经济/物质安全","Threshold + diminishing return","N3-03/N3-06","当「家庭经济与支持资源」进入「备孕/怀孕/生育」的「双方父母/原生家庭」，遇到「居住/迁移变化」时，对重视「经济/物质安全」的人意味着什么？","constrained_mapping_v0.2","semantic_preflight"
"CC2-00311","PF-A08","家庭经济与支持资源","SC-S2-07","双方父母/原生家庭","SC-S1-06","备孕/怀孕/生育","SC-S3-05","居住/迁移变化","NF-N1-11","家庭投入/家庭边界","Fit / conditional","N3-03/N3-04","当「家庭经济与支持资源」进入「备孕/怀孕/生育」的「双方父母/原生家庭」，遇到「居住/迁移变化」时，对重视「家庭投入/家庭边界」的人意味着什么？","constrained_mapping_v0.2","semantic_preflight"
"CC2-00312","PF-A08","家庭经济与支持资源","SC-S2-07","双方父母/原生家庭","SC-S1-06","备孕/怀孕/生育","SC-S3-05","居住/迁移变化","NF-N1-07","公平/可靠/合作","Conditional / gate","N3-02/N3-03","当「家庭经济与支持资源」进入「备孕/怀孕/生育」的「双方父母/原生家庭」，遇到「居住/迁移变化」时，对重视「公平/可靠/合作」的人意味着什么？","constrained_mapping_v0.2","semantic_preflight"
"CC2-00313","PF-A08","家庭经济与支持资源","SC-S2-07","双方父母/原生家庭","SC-S1-07","婴幼儿照护","SC-S3-07","父母责任变化","NF-N1-06","经济/物质安全","Threshold + diminishing return","N3-03/N3-06","当「家庭经济与支持资源」进入「婴幼儿照护」的「双方父母/原生家庭」，遇到「父母责任变化」时，对重视「经济/物质安全」的人意味着什么？","constrained_mapping_v0.2","semantic_preflight"
"CC2-00314","PF-A08","家庭经济与支持资源","SC-S2-07","双方父母/原生家庭","SC-S1-07","婴幼儿照护","SC-S3-07","父母责任变化","NF-N1-11","家庭投入/家庭边界","Fit / conditional","N3-03/N3-04","当「家庭经济与支持资源」进入「婴幼儿照护」的「双方父母/原生家庭」，遇到「父母责任变化」时，对重视「家庭投入/家庭边界」的人意味着什么？","constrained_mapping_v0.2","semantic_preflight"
"CC2-00315","PF-A08","家庭经济与支持资源","SC-S2-07","双方父母/原生家庭","SC-S1-07","婴幼儿照护","SC-S3-07","父母责任变化","NF-N1-07","公平/可靠/合作","Conditional / gate","N3-02/N3-03","当「家庭经济与支持资源」进入「婴幼儿照护」的「双方父母/原生家庭」，遇到「父母责任变化」时，对重视「公平/可靠/合作」的人意味着什么？","constrained_mapping_v0.2","semantic_preflight"
"CC2-00316","PF-A08","家庭经济与支持资源","SC-S2-07","双方父母/原生家庭","SC-S1-07","婴幼儿照护","SC-S3-05","居住/迁移变化","NF-N1-06","经济/物质安全","Threshold + diminishing return","N3-03/N3-06","当「家庭经济与支持资源」进入「婴幼儿照护」的「双方父母/原生家庭」，遇到「居住/迁移变化」时，对重视「经济/物质安全」的人意味着什么？","constrained_mapping_v0.2","semantic_preflight"
"CC2-00317","PF-A08","家庭经济与支持资源","SC-S2-07","双方父母/原生家庭","SC-S1-07","婴幼儿照护","SC-S3-05","居住/迁移变化","NF-N1-11","家庭投入/家庭边界","Fit / conditional","N3-03/N3-04","当「家庭经济与支持资源」进入「婴幼儿照护」的「双方父母/原生家庭」，遇到「居住/迁移变化」时，对重视「家庭投入/家庭边界」的人意味着什么？","constrained_mapping_v0.2","semantic_preflight"
"CC2-00318","PF-A08","家庭经济与支持资源","SC-S2-07","双方父母/原生家庭","SC-S1-07","婴幼儿照护","SC-S3-05","居住/迁移变化","NF-N1-07","公平/可靠/合作","Conditional / gate","N3-02/N3-03","当「家庭经济与支持资源」进入「婴幼儿照护」的「双方父母/原生家庭」，遇到「居住/迁移变化」时，对重视「公平/可靠/合作」的人意味着什么？","constrained_mapping_v0.2","semantic_preflight"
"CC2-00319","PF-A08","家庭经济与支持资源","SC-S2-07","双方父母/原生家庭","SC-S1-09","中年多重责任","SC-S3-07","父母责任变化","NF-N1-06","经济/物质安全","Threshold + diminishing return","N3-03/N3-06","当「家庭经济与支持资源」进入「中年多重责任」的「双方父母/原生家庭」，遇到「父母责任变化」时，对重视「经济/物质安全」的人意味着什么？","constrained_mapping_v0.2","semantic_preflight"
"CC2-00320","PF-A08","家庭经济与支持资源","SC-S2-07","双方父母/原生家庭","SC-S1-09","中年多重责任","SC-S3-07","父母责任变化","NF-N1-11","家庭投入/家庭边界","Fit / conditional","N3-03/N3-04","当「家庭经济与支持资源」进入「中年多重责任」的「双方父母/原生家庭」，遇到「父母责任变化」时，对重视「家庭投入/家庭边界」的人意味着什么？","constrained_mapping_v0.2","semantic_preflight"
"CC2-00321","PF-A08","家庭经济与支持资源","SC-S2-07","双方父母/原生家庭","SC-S1-09","中年多重责任","SC-S3-07","父母责任变化","NF-N1-07","公平/可靠/合作","Conditional / gate","N3-02/N3-03","当「家庭经济与支持资源」进入「中年多重责任」的「双方父母/原生家庭」，遇到「父母责任变化」时，对重视「公平/可靠/合作」的人意味着什么？","constrained_mapping_v0.2","semantic_preflight"
"CC2-00322","PF-A08","家庭经济与支持资源","SC-S2-07","双方父母/原生家庭","SC-S1-09","中年多重责任","SC-S3-05","居住/迁移变化","NF-N1-06","经济/物质安全","Threshold + diminishing return","N3-03/N3-06","当「家庭经济与支持资源」进入「中年多重责任」的「双方父母/原生家庭」，遇到「居住/迁移变化」时，对重视「经济/物质安全」的人意味着什么？","constrained_mapping_v0.2","semantic_preflight"
"CC2-00323","PF-A08","家庭经济与支持资源","SC-S2-07","双方父母/原生家庭","SC-S1-09","中年多重责任","SC-S3-05","居住/迁移变化","NF-N1-11","家庭投入/家庭边界","Fit / conditional","N3-03/N3-04","当「家庭经济与支持资源」进入「中年多重责任」的「双方父母/原生家庭」，遇到「居住/迁移变化」时，对重视「家庭投入/家庭边界」的人意味着什么？","constrained_mapping_v0.2","semantic_preflight"
"CC2-00324","PF-A08","家庭经济与支持资源","SC-S2-07","双方父母/原生家庭","SC-S1-09","中年多重责任","SC-S3-05","居住/迁移变化","NF-N1-07","公平/可靠/合作","Conditional / gate","N3-02/N3-03","当「家庭经济与支持资源」进入「中年多重责任」的「双方父母/原生家庭」，遇到「居住/迁移变化」时，对重视「公平/可靠/合作」的人意味着什么？","constrained_mapping_v0.2","semantic_preflight"
"CC2-00325","PF-A08","家庭经济与支持资源","SC-S2-03","钱/财务","SC-S1-03","稳定交往","SC-S3-03","失业/收入下降","NF-N1-06","经济/物质安全","Threshold + diminishing return","N3-03/N3-06","当「家庭经济与支持资源」进入「稳定交往」的「钱/财务」，遇到「失业/收入下降」时，对重视「经济/物质安全」的人意味着什么？","constrained_mapping_v0.2","semantic_preflight"
"CC2-00326","PF-A08","家庭经济与支持资源","SC-S2-03","钱/财务","SC-S1-03","稳定交往","SC-S3-03","失业/收入下降","NF-N1-11","家庭投入/家庭边界","Fit / conditional","N3-03/N3-04","当「家庭经济与支持资源」进入「稳定交往」的「钱/财务」，遇到「失业/收入下降」时，对重视「家庭投入/家庭边界」的人意味着什么？","constrained_mapping_v0.2","semantic_preflight"
"CC2-00327","PF-A08","家庭经济与支持资源","SC-S2-03","钱/财务","SC-S1-03","稳定交往","SC-S3-03","失业/收入下降","NF-N1-07","公平/可靠/合作","Conditional / gate","N3-02/N3-03","当「家庭经济与支持资源」进入「稳定交往」的「钱/财务」，遇到「失业/收入下降」时，对重视「公平/可靠/合作」的人意味着什么？","constrained_mapping_v0.2","semantic_preflight"
"CC2-00328","PF-A08","家庭经济与支持资源","SC-S2-03","钱/财务","SC-S1-03","稳定交往","SC-S3-04","大额财务事件","NF-N1-06","经济/物质安全","Threshold + diminishing return","N3-03/N3-06","当「家庭经济与支持资源」进入「稳定交往」的「钱/财务」，遇到「大额财务事件」时，对重视「经济/物质安全」的人意味着什么？","constrained_mapping_v0.2","semantic_preflight"
"CC2-00329","PF-A08","家庭经济与支持资源","SC-S2-03","钱/财务","SC-S1-03","稳定交往","SC-S3-04","大额财务事件","NF-N1-11","家庭投入/家庭边界","Fit / conditional","N3-03/N3-04","当「家庭经济与支持资源」进入「稳定交往」的「钱/财务」，遇到「大额财务事件」时，对重视「家庭投入/家庭边界」的人意味着什么？","constrained_mapping_v0.2","semantic_preflight"
"CC2-00330","PF-A08","家庭经济与支持资源","SC-S2-03","钱/财务","SC-S1-03","稳定交往","SC-S3-04","大额财务事件","NF-N1-07","公平/可靠/合作","Conditional / gate","N3-02/N3-03","当「家庭经济与支持资源」进入「稳定交往」的「钱/财务」，遇到「大额财务事件」时，对重视「公平/可靠/合作」的人意味着什么？","constrained_mapping_v0.2","semantic_preflight"
"CC2-00331","PF-A08","家庭经济与支持资源","SC-S2-03","钱/财务","SC-S1-05","结婚/建立家庭","SC-S3-03","失业/收入下降","NF-N1-06","经济/物质安全","Threshold + diminishing return","N3-03/N3-06","当「家庭经济与支持资源」进入「结婚/建立家庭」的「钱/财务」，遇到「失业/收入下降」时，对重视「经济/物质安全」的人意味着什么？","constrained_mapping_v0.2","semantic_preflight"
"CC2-00332","PF-A08","家庭经济与支持资源","SC-S2-03","钱/财务","SC-S1-05","结婚/建立家庭","SC-S3-03","失业/收入下降","NF-N1-11","家庭投入/家庭边界","Fit / conditional","N3-03/N3-04","当「家庭经济与支持资源」进入「结婚/建立家庭」的「钱/财务」，遇到「失业/收入下降」时，对重视「家庭投入/家庭边界」的人意味着什么？","constrained_mapping_v0.2","semantic_preflight"
"CC2-00333","PF-A08","家庭经济与支持资源","SC-S2-03","钱/财务","SC-S1-05","结婚/建立家庭","SC-S3-03","失业/收入下降","NF-N1-07","公平/可靠/合作","Conditional / gate","N3-02/N3-03","当「家庭经济与支持资源」进入「结婚/建立家庭」的「钱/财务」，遇到「失业/收入下降」时，对重视「公平/可靠/合作」的人意味着什么？","constrained_mapping_v0.2","semantic_preflight"
"CC2-00334","PF-A08","家庭经济与支持资源","SC-S2-03","钱/财务","SC-S1-05","结婚/建立家庭","SC-S3-04","大额财务事件","NF-N1-06","经济/物质安全","Threshold + diminishing return","N3-03/N3-06","当「家庭经济与支持资源」进入「结婚/建立家庭」的「钱/财务」，遇到「大额财务事件」时，对重视「经济/物质安全」的人意味着什么？","constrained_mapping_v0.2","semantic_preflight"
"CC2-00335","PF-A08","家庭经济与支持资源","SC-S2-03","钱/财务","SC-S1-05","结婚/建立家庭","SC-S3-04","大额财务事件","NF-N1-11","家庭投入/家庭边界","Fit / conditional","N3-03/N3-04","当「家庭经济与支持资源」进入「结婚/建立家庭」的「钱/财务」，遇到「大额财务事件」时，对重视「家庭投入/家庭边界」的人意味着什么？","constrained_mapping_v0.2","semantic_preflight"
"CC2-00336","PF-A08","家庭经济与支持资源","SC-S2-03","钱/财务","SC-S1-05","结婚/建立家庭","SC-S3-04","大额财务事件","NF-N1-07","公平/可靠/合作","Conditional / gate","N3-02/N3-03","当「家庭经济与支持资源」进入「结婚/建立家庭」的「钱/财务」，遇到「大额财务事件」时，对重视「公平/可靠/合作」的人意味着什么？","constrained_mapping_v0.2","semantic_preflight"
"CC2-00337","PF-A08","家庭经济与支持资源","SC-S2-03","钱/财务","SC-S1-06","备孕/怀孕/生育","SC-S3-03","失业/收入下降","NF-N1-06","经济/物质安全","Threshold + diminishing return","N3-03/N3-06","当「家庭经济与支持资源」进入「备孕/怀孕/生育」的「钱/财务」，遇到「失业/收入下降」时，对重视「经济/物质安全」的人意味着什么？","constrained_mapping_v0.2","semantic_preflight"
"CC2-00338","PF-A08","家庭经济与支持资源","SC-S2-03","钱/财务","SC-S1-06","备孕/怀孕/生育","SC-S3-03","失业/收入下降","NF-N1-11","家庭投入/家庭边界","Fit / conditional","N3-03/N3-04","当「家庭经济与支持资源」进入「备孕/怀孕/生育」的「钱/财务」，遇到「失业/收入下降」时，对重视「家庭投入/家庭边界」的人意味着什么？","constrained_mapping_v0.2","semantic_preflight"
"CC2-00339","PF-A08","家庭经济与支持资源","SC-S2-03","钱/财务","SC-S1-06","备孕/怀孕/生育","SC-S3-03","失业/收入下降","NF-N1-07","公平/可靠/合作","Conditional / gate","N3-02/N3-03","当「家庭经济与支持资源」进入「备孕/怀孕/生育」的「钱/财务」，遇到「失业/收入下降」时，对重视「公平/可靠/合作」的人意味着什么？","constrained_mapping_v0.2","semantic_preflight"
"CC2-00340","PF-A08","家庭经济与支持资源","SC-S2-03","钱/财务","SC-S1-06","备孕/怀孕/生育","SC-S3-04","大额财务事件","NF-N1-06","经济/物质安全","Threshold + diminishing return","N3-03/N3-06","当「家庭经济与支持资源」进入「备孕/怀孕/生育」的「钱/财务」，遇到「大额财务事件」时，对重视「经济/物质安全」的人意味着什么？","constrained_mapping_v0.2","semantic_preflight"
"CC2-00341","PF-A08","家庭经济与支持资源","SC-S2-03","钱/财务","SC-S1-06","备孕/怀孕/生育","SC-S3-04","大额财务事件","NF-N1-11","家庭投入/家庭边界","Fit / conditional","N3-03/N3-04","当「家庭经济与支持资源」进入「备孕/怀孕/生育」的「钱/财务」，遇到「大额财务事件」时，对重视「家庭投入/家庭边界」的人意味着什么？","constrained_mapping_v0.2","semantic_preflight"
"CC2-00342","PF-A08","家庭经济与支持资源","SC-S2-03","钱/财务","SC-S1-06","备孕/怀孕/生育","SC-S3-04","大额财务事件","NF-N1-07","公平/可靠/合作","Conditional / gate","N3-02/N3-03","当「家庭经济与支持资源」进入「备孕/怀孕/生育」的「钱/财务」，遇到「大额财务事件」时，对重视「公平/可靠/合作」的人意味着什么？","constrained_mapping_v0.2","semantic_preflight"
"CC2-00343","PF-A08","家庭经济与支持资源","SC-S2-03","钱/财务","SC-S1-07","婴幼儿照护","SC-S3-03","失业/收入下降","NF-N1-06","经济/物质安全","Threshold + diminishing return","N3-03/N3-06","当「家庭经济与支持资源」进入「婴幼儿照护」的「钱/财务」，遇到「失业/收入下降」时，对重视「经济/物质安全」的人意味着什么？","constrained_mapping_v0.2","semantic_preflight"
"CC2-00344","PF-A08","家庭经济与支持资源","SC-S2-03","钱/财务","SC-S1-07","婴幼儿照护","SC-S3-03","失业/收入下降","NF-N1-11","家庭投入/家庭边界","Fit / conditional","N3-03/N3-04","当「家庭经济与支持资源」进入「婴幼儿照护」的「钱/财务」，遇到「失业/收入下降」时，对重视「家庭投入/家庭边界」的人意味着什么？","constrained_mapping_v0.2","semantic_preflight"
"CC2-00345","PF-A08","家庭经济与支持资源","SC-S2-03","钱/财务","SC-S1-07","婴幼儿照护","SC-S3-03","失业/收入下降","NF-N1-07","公平/可靠/合作","Conditional / gate","N3-02/N3-03","当「家庭经济与支持资源」进入「婴幼儿照护」的「钱/财务」，遇到「失业/收入下降」时，对重视「公平/可靠/合作」的人意味着什么？","constrained_mapping_v0.2","semantic_preflight"
"CC2-00346","PF-A08","家庭经济与支持资源","SC-S2-03","钱/财务","SC-S1-07","婴幼儿照护","SC-S3-04","大额财务事件","NF-N1-06","经济/物质安全","Threshold + diminishing return","N3-03/N3-06","当「家庭经济与支持资源」进入「婴幼儿照护」的「钱/财务」，遇到「大额财务事件」时，对重视「经济/物质安全」的人意味着什么？","constrained_mapping_v0.2","semantic_preflight"
"CC2-00347","PF-A08","家庭经济与支持资源","SC-S2-03","钱/财务","SC-S1-07","婴幼儿照护","SC-S3-04","大额财务事件","NF-N1-11","家庭投入/家庭边界","Fit / conditional","N3-03/N3-04","当「家庭经济与支持资源」进入「婴幼儿照护」的「钱/财务」，遇到「大额财务事件」时，对重视「家庭投入/家庭边界」的人意味着什么？","constrained_mapping_v0.2","semantic_preflight"
"CC2-00348","PF-A08","家庭经济与支持资源","SC-S2-03","钱/财务","SC-S1-07","婴幼儿照护","SC-S3-04","大额财务事件","NF-N1-07","公平/可靠/合作","Conditional / gate","N3-02/N3-03","当「家庭经济与支持资源」进入「婴幼儿照护」的「钱/财务」，遇到「大额财务事件」时，对重视「公平/可靠/合作」的人意味着什么？","constrained_mapping_v0.2","semantic_preflight"
"CC2-00349","PF-A08","家庭经济与支持资源","SC-S2-06","孩子/生育/教育","SC-S1-05","结婚/建立家庭","SC-S3-06","生育/育儿转折","NF-N1-06","经济/物质安全","Threshold + diminishing return","N3-03/N3-06","当「家庭经济与支持资源」进入「结婚/建立家庭」的「孩子/生育/教育」，遇到「生育/育儿转折」时，对重视「经济/物质安全」的人意味着什么？","constrained_mapping_v0.2","semantic_preflight"
"CC2-00350","PF-A08","家庭经济与支持资源","SC-S2-06","孩子/生育/教育","SC-S1-05","结婚/建立家庭","SC-S3-06","生育/育儿转折","NF-N1-11","家庭投入/家庭边界","Fit / conditional","N3-03/N3-04","当「家庭经济与支持资源」进入「结婚/建立家庭」的「孩子/生育/教育」，遇到「生育/育儿转折」时，对重视「家庭投入/家庭边界」的人意味着什么？","constrained_mapping_v0.2","semantic_preflight"
"CC2-00351","PF-A08","家庭经济与支持资源","SC-S2-06","孩子/生育/教育","SC-S1-05","结婚/建立家庭","SC-S3-06","生育/育儿转折","NF-N1-07","公平/可靠/合作","Conditional / gate","N3-02/N3-03","当「家庭经济与支持资源」进入「结婚/建立家庭」的「孩子/生育/教育」，遇到「生育/育儿转折」时，对重视「公平/可靠/合作」的人意味着什么？","constrained_mapping_v0.2","semantic_preflight"
"CC2-00352","PF-A08","家庭经济与支持资源","SC-S2-06","孩子/生育/教育","SC-S1-05","结婚/建立家庭","SC-S3-01","工作时间突变","NF-N1-06","经济/物质安全","Threshold + diminishing return","N3-03/N3-06","当「家庭经济与支持资源」进入「结婚/建立家庭」的「孩子/生育/教育」，遇到「工作时间突变」时，对重视「经济/物质安全」的人意味着什么？","constrained_mapping_v0.2","semantic_preflight"
"CC2-00353","PF-A08","家庭经济与支持资源","SC-S2-06","孩子/生育/教育","SC-S1-05","结婚/建立家庭","SC-S3-01","工作时间突变","NF-N1-11","家庭投入/家庭边界","Fit / conditional","N3-03/N3-04","当「家庭经济与支持资源」进入「结婚/建立家庭」的「孩子/生育/教育」，遇到「工作时间突变」时，对重视「家庭投入/家庭边界」的人意味着什么？","constrained_mapping_v0.2","semantic_preflight"
"CC2-00354","PF-A08","家庭经济与支持资源","SC-S2-06","孩子/生育/教育","SC-S1-05","结婚/建立家庭","SC-S3-01","工作时间突变","NF-N1-07","公平/可靠/合作","Conditional / gate","N3-02/N3-03","当「家庭经济与支持资源」进入「结婚/建立家庭」的「孩子/生育/教育」，遇到「工作时间突变」时，对重视「公平/可靠/合作」的人意味着什么？","constrained_mapping_v0.2","semantic_preflight"
"CC2-00355","PF-A08","家庭经济与支持资源","SC-S2-06","孩子/生育/教育","SC-S1-06","备孕/怀孕/生育","SC-S3-06","生育/育儿转折","NF-N1-06","经济/物质安全","Threshold + diminishing return","N3-03/N3-06","当「家庭经济与支持资源」进入「备孕/怀孕/生育」的「孩子/生育/教育」，遇到「生育/育儿转折」时，对重视「经济/物质安全」的人意味着什么？","constrained_mapping_v0.2","semantic_preflight"
"CC2-00356","PF-A08","家庭经济与支持资源","SC-S2-06","孩子/生育/教育","SC-S1-06","备孕/怀孕/生育","SC-S3-06","生育/育儿转折","NF-N1-11","家庭投入/家庭边界","Fit / conditional","N3-03/N3-04","当「家庭经济与支持资源」进入「备孕/怀孕/生育」的「孩子/生育/教育」，遇到「生育/育儿转折」时，对重视「家庭投入/家庭边界」的人意味着什么？","constrained_mapping_v0.2","semantic_preflight"
"CC2-00357","PF-A08","家庭经济与支持资源","SC-S2-06","孩子/生育/教育","SC-S1-06","备孕/怀孕/生育","SC-S3-06","生育/育儿转折","NF-N1-07","公平/可靠/合作","Conditional / gate","N3-02/N3-03","当「家庭经济与支持资源」进入「备孕/怀孕/生育」的「孩子/生育/教育」，遇到「生育/育儿转折」时，对重视「公平/可靠/合作」的人意味着什么？","constrained_mapping_v0.2","semantic_preflight"
"CC2-00358","PF-A08","家庭经济与支持资源","SC-S2-06","孩子/生育/教育","SC-S1-06","备孕/怀孕/生育","SC-S3-01","工作时间突变","NF-N1-06","经济/物质安全","Threshold + diminishing return","N3-03/N3-06","当「家庭经济与支持资源」进入「备孕/怀孕/生育」的「孩子/生育/教育」，遇到「工作时间突变」时，对重视「经济/物质安全」的人意味着什么？","constrained_mapping_v0.2","semantic_preflight"
"CC2-00359","PF-A08","家庭经济与支持资源","SC-S2-06","孩子/生育/教育","SC-S1-06","备孕/怀孕/生育","SC-S3-01","工作时间突变","NF-N1-11","家庭投入/家庭边界","Fit / conditional","N3-03/N3-04","当「家庭经济与支持资源」进入「备孕/怀孕/生育」的「孩子/生育/教育」，遇到「工作时间突变」时，对重视「家庭投入/家庭边界」的人意味着什么？","constrained_mapping_v0.2","semantic_preflight"
"CC2-00360","PF-A08","家庭经济与支持资源","SC-S2-06","孩子/生育/教育","SC-S1-06","备孕/怀孕/生育","SC-S3-01","工作时间突变","NF-N1-07","公平/可靠/合作","Conditional / gate","N3-02/N3-03","当「家庭经济与支持资源」进入「备孕/怀孕/生育」的「孩子/生育/教育」，遇到「工作时间突变」时，对重视「公平/可靠/合作」的人意味着什么？","constrained_mapping_v0.2","semantic_preflight"
"CC2-00361","PF-A08","家庭经济与支持资源","SC-S2-06","孩子/生育/教育","SC-S1-07","婴幼儿照护","SC-S3-06","生育/育儿转折","NF-N1-06","经济/物质安全","Threshold + diminishing return","N3-03/N3-06","当「家庭经济与支持资源」进入「婴幼儿照护」的「孩子/生育/教育」，遇到「生育/育儿转折」时，对重视「经济/物质安全」的人意味着什么？","constrained_mapping_v0.2","semantic_preflight"
"CC2-00362","PF-A08","家庭经济与支持资源","SC-S2-06","孩子/生育/教育","SC-S1-07","婴幼儿照护","SC-S3-06","生育/育儿转折","NF-N1-11","家庭投入/家庭边界","Fit / conditional","N3-03/N3-04","当「家庭经济与支持资源」进入「婴幼儿照护」的「孩子/生育/教育」，遇到「生育/育儿转折」时，对重视「家庭投入/家庭边界」的人意味着什么？","constrained_mapping_v0.2","semantic_preflight"
"CC2-00363","PF-A08","家庭经济与支持资源","SC-S2-06","孩子/生育/教育","SC-S1-07","婴幼儿照护","SC-S3-06","生育/育儿转折","NF-N1-07","公平/可靠/合作","Conditional / gate","N3-02/N3-03","当「家庭经济与支持资源」进入「婴幼儿照护」的「孩子/生育/教育」，遇到「生育/育儿转折」时，对重视「公平/可靠/合作」的人意味着什么？","constrained_mapping_v0.2","semantic_preflight"
"CC2-00364","PF-A08","家庭经济与支持资源","SC-S2-06","孩子/生育/教育","SC-S1-07","婴幼儿照护","SC-S3-01","工作时间突变","NF-N1-06","经济/物质安全","Threshold + diminishing return","N3-03/N3-06","当「家庭经济与支持资源」进入「婴幼儿照护」的「孩子/生育/教育」，遇到「工作时间突变」时，对重视「经济/物质安全」的人意味着什么？","constrained_mapping_v0.2","semantic_preflight"
"CC2-00365","PF-A08","家庭经济与支持资源","SC-S2-06","孩子/生育/教育","SC-S1-07","婴幼儿照护","SC-S3-01","工作时间突变","NF-N1-11","家庭投入/家庭边界","Fit / conditional","N3-03/N3-04","当「家庭经济与支持资源」进入「婴幼儿照护」的「孩子/生育/教育」，遇到「工作时间突变」时，对重视「家庭投入/家庭边界」的人意味着什么？","constrained_mapping_v0.2","semantic_preflight"
"CC2-00366","PF-A08","家庭经济与支持资源","SC-S2-06","孩子/生育/教育","SC-S1-07","婴幼儿照护","SC-S3-01","工作时间突变","NF-N1-07","公平/可靠/合作","Conditional / gate","N3-02/N3-03","当「家庭经济与支持资源」进入「婴幼儿照护」的「孩子/生育/教育」，遇到「工作时间突变」时，对重视「公平/可靠/合作」的人意味着什么？","constrained_mapping_v0.2","semantic_preflight"
"CC2-00367","PF-A08","家庭经济与支持资源","SC-S2-06","孩子/生育/教育","SC-S1-08","孩子成长/教育","SC-S3-06","生育/育儿转折","NF-N1-06","经济/物质安全","Threshold + diminishing return","N3-03/N3-06","当「家庭经济与支持资源」进入「孩子成长/教育」的「孩子/生育/教育」，遇到「生育/育儿转折」时，对重视「经济/物质安全」的人意味着什么？","constrained_mapping_v0.2","semantic_preflight"
"CC2-00368","PF-A08","家庭经济与支持资源","SC-S2-06","孩子/生育/教育","SC-S1-08","孩子成长/教育","SC-S3-06","生育/育儿转折","NF-N1-11","家庭投入/家庭边界","Fit / conditional","N3-03/N3-04","当「家庭经济与支持资源」进入「孩子成长/教育」的「孩子/生育/教育」，遇到「生育/育儿转折」时，对重视「家庭投入/家庭边界」的人意味着什么？","constrained_mapping_v0.2","semantic_preflight"
"CC2-00369","PF-A08","家庭经济与支持资源","SC-S2-06","孩子/生育/教育","SC-S1-08","孩子成长/教育","SC-S3-06","生育/育儿转折","NF-N1-07","公平/可靠/合作","Conditional / gate","N3-02/N3-03","当「家庭经济与支持资源」进入「孩子成长/教育」的「孩子/生育/教育」，遇到「生育/育儿转折」时，对重视「公平/可靠/合作」的人意味着什么？","constrained_mapping_v0.2","semantic_preflight"
"CC2-00370","PF-A08","家庭经济与支持资源","SC-S2-06","孩子/生育/教育","SC-S1-08","孩子成长/教育","SC-S3-01","工作时间突变","NF-N1-06","经济/物质安全","Threshold + diminishing return","N3-03/N3-06","当「家庭经济与支持资源」进入「孩子成长/教育」的「孩子/生育/教育」，遇到「工作时间突变」时，对重视「经济/物质安全」的人意味着什么？","constrained_mapping_v0.2","semantic_preflight"
"CC2-00371","PF-A08","家庭经济与支持资源","SC-S2-06","孩子/生育/教育","SC-S1-08","孩子成长/教育","SC-S3-01","工作时间突变","NF-N1-11","家庭投入/家庭边界","Fit / conditional","N3-03/N3-04","当「家庭经济与支持资源」进入「孩子成长/教育」的「孩子/生育/教育」，遇到「工作时间突变」时，对重视「家庭投入/家庭边界」的人意味着什么？","constrained_mapping_v0.2","semantic_preflight"
"CC2-00372","PF-A08","家庭经济与支持资源","SC-S2-06","孩子/生育/教育","SC-S1-08","孩子成长/教育","SC-S3-01","工作时间突变","NF-N1-07","公平/可靠/合作","Conditional / gate","N3-02/N3-03","当「家庭经济与支持资源」进入「孩子成长/教育」的「孩子/生育/教育」，遇到「工作时间突变」时，对重视「公平/可靠/合作」的人意味着什么？","constrained_mapping_v0.2","semantic_preflight"
"CC2-00373","PF-B01","城市/地域与迁移约束","SC-S2-04","房/居住/地点","SC-S1-03","稳定交往","SC-S3-04","大额财务事件","NF-N1-12","价值/人生方向/未来一致性","Gate / fit","N3-06/N3-07","当「城市/地域与迁移约束」进入「稳定交往」的「房/居住/地点」，遇到「大额财务事件」时，对重视「价值/人生方向/未来一致性」的人意味着什么？","constrained_mapping_v0.2","semantic_preflight"
"CC2-00374","PF-B01","城市/地域与迁移约束","SC-S2-04","房/居住/地点","SC-S1-03","稳定交往","SC-S3-04","大额财务事件","NF-N1-11","家庭投入/家庭边界","Fit / conditional","N3-03/N3-04","当「城市/地域与迁移约束」进入「稳定交往」的「房/居住/地点」，遇到「大额财务事件」时，对重视「家庭投入/家庭边界」的人意味着什么？","constrained_mapping_v0.2","semantic_preflight"
"CC2-00375","PF-B01","城市/地域与迁移约束","SC-S2-04","房/居住/地点","SC-S1-03","稳定交往","SC-S3-04","大额财务事件","NF-N1-05","安全/信任/可预测","Gate / conditional","N3-02/N3-06","当「城市/地域与迁移约束」进入「稳定交往」的「房/居住/地点」，遇到「大额财务事件」时，对重视「安全/信任/可预测」的人意味着什么？","constrained_mapping_v0.2","semantic_preflight"
"CC2-00376","PF-B01","城市/地域与迁移约束","SC-S2-04","房/居住/地点","SC-S1-03","稳定交往","SC-S3-05","居住/迁移变化","NF-N1-12","价值/人生方向/未来一致性","Gate / fit","N3-06/N3-07","当「城市/地域与迁移约束」进入「稳定交往」的「房/居住/地点」，遇到「居住/迁移变化」时，对重视「价值/人生方向/未来一致性」的人意味着什么？","constrained_mapping_v0.2","semantic_preflight"
"CC2-00377","PF-B01","城市/地域与迁移约束","SC-S2-04","房/居住/地点","SC-S1-03","稳定交往","SC-S3-05","居住/迁移变化","NF-N1-11","家庭投入/家庭边界","Fit / conditional","N3-03/N3-04","当「城市/地域与迁移约束」进入「稳定交往」的「房/居住/地点」，遇到「居住/迁移变化」时，对重视「家庭投入/家庭边界」的人意味着什么？","constrained_mapping_v0.2","semantic_preflight"
"CC2-00378","PF-B01","城市/地域与迁移约束","SC-S2-04","房/居住/地点","SC-S1-03","稳定交往","SC-S3-05","居住/迁移变化","NF-N1-05","安全/信任/可预测","Gate / conditional","N3-02/N3-06","当「城市/地域与迁移约束」进入「稳定交往」的「房/居住/地点」，遇到「居住/迁移变化」时，对重视「安全/信任/可预测」的人意味着什么？","constrained_mapping_v0.2","semantic_preflight"
"CC2-00379","PF-B01","城市/地域与迁移约束","SC-S2-04","房/居住/地点","SC-S1-05","结婚/建立家庭","SC-S3-04","大额财务事件","NF-N1-12","价值/人生方向/未来一致性","Gate / fit","N3-06/N3-07","当「城市/地域与迁移约束」进入「结婚/建立家庭」的「房/居住/地点」，遇到「大额财务事件」时，对重视「价值/人生方向/未来一致性」的人意味着什么？","constrained_mapping_v0.2","semantic_preflight"
"CC2-00380","PF-B01","城市/地域与迁移约束","SC-S2-04","房/居住/地点","SC-S1-05","结婚/建立家庭","SC-S3-04","大额财务事件","NF-N1-11","家庭投入/家庭边界","Fit / conditional","N3-03/N3-04","当「城市/地域与迁移约束」进入「结婚/建立家庭」的「房/居住/地点」，遇到「大额财务事件」时，对重视「家庭投入/家庭边界」的人意味着什么？","constrained_mapping_v0.2","semantic_preflight"
"CC2-00381","PF-B01","城市/地域与迁移约束","SC-S2-04","房/居住/地点","SC-S1-05","结婚/建立家庭","SC-S3-04","大额财务事件","NF-N1-05","安全/信任/可预测","Gate / conditional","N3-02/N3-06","当「城市/地域与迁移约束」进入「结婚/建立家庭」的「房/居住/地点」，遇到「大额财务事件」时，对重视「安全/信任/可预测」的人意味着什么？","constrained_mapping_v0.2","semantic_preflight"
"CC2-00382","PF-B01","城市/地域与迁移约束","SC-S2-04","房/居住/地点","SC-S1-05","结婚/建立家庭","SC-S3-05","居住/迁移变化","NF-N1-12","价值/人生方向/未来一致性","Gate / fit","N3-06/N3-07","当「城市/地域与迁移约束」进入「结婚/建立家庭」的「房/居住/地点」，遇到「居住/迁移变化」时，对重视「价值/人生方向/未来一致性」的人意味着什么？","constrained_mapping_v0.2","semantic_preflight"
"CC2-00383","PF-B01","城市/地域与迁移约束","SC-S2-04","房/居住/地点","SC-S1-05","结婚/建立家庭","SC-S3-05","居住/迁移变化","NF-N1-11","家庭投入/家庭边界","Fit / conditional","N3-03/N3-04","当「城市/地域与迁移约束」进入「结婚/建立家庭」的「房/居住/地点」，遇到「居住/迁移变化」时，对重视「家庭投入/家庭边界」的人意味着什么？","constrained_mapping_v0.2","semantic_preflight"
"CC2-00384","PF-B01","城市/地域与迁移约束","SC-S2-04","房/居住/地点","SC-S1-05","结婚/建立家庭","SC-S3-05","居住/迁移变化","NF-N1-05","安全/信任/可预测","Gate / conditional","N3-02/N3-06","当「城市/地域与迁移约束」进入「结婚/建立家庭」的「房/居住/地点」，遇到「居住/迁移变化」时，对重视「安全/信任/可预测」的人意味着什么？","constrained_mapping_v0.2","semantic_preflight"
"CC2-00385","PF-B01","城市/地域与迁移约束","SC-S2-04","房/居住/地点","SC-S1-06","备孕/怀孕/生育","SC-S3-04","大额财务事件","NF-N1-12","价值/人生方向/未来一致性","Gate / fit","N3-06/N3-07","当「城市/地域与迁移约束」进入「备孕/怀孕/生育」的「房/居住/地点」，遇到「大额财务事件」时，对重视「价值/人生方向/未来一致性」的人意味着什么？","constrained_mapping_v0.2","semantic_preflight"
"CC2-00386","PF-B01","城市/地域与迁移约束","SC-S2-04","房/居住/地点","SC-S1-06","备孕/怀孕/生育","SC-S3-04","大额财务事件","NF-N1-11","家庭投入/家庭边界","Fit / conditional","N3-03/N3-04","当「城市/地域与迁移约束」进入「备孕/怀孕/生育」的「房/居住/地点」，遇到「大额财务事件」时，对重视「家庭投入/家庭边界」的人意味着什么？","constrained_mapping_v0.2","semantic_preflight"
"CC2-00387","PF-B01","城市/地域与迁移约束","SC-S2-04","房/居住/地点","SC-S1-06","备孕/怀孕/生育","SC-S3-04","大额财务事件","NF-N1-05","安全/信任/可预测","Gate / conditional","N3-02/N3-06","当「城市/地域与迁移约束」进入「备孕/怀孕/生育」的「房/居住/地点」，遇到「大额财务事件」时，对重视「安全/信任/可预测」的人意味着什么？","constrained_mapping_v0.2","semantic_preflight"
"CC2-00388","PF-B01","城市/地域与迁移约束","SC-S2-04","房/居住/地点","SC-S1-06","备孕/怀孕/生育","SC-S3-05","居住/迁移变化","NF-N1-12","价值/人生方向/未来一致性","Gate / fit","N3-06/N3-07","当「城市/地域与迁移约束」进入「备孕/怀孕/生育」的「房/居住/地点」，遇到「居住/迁移变化」时，对重视「价值/人生方向/未来一致性」的人意味着什么？","constrained_mapping_v0.2","semantic_preflight"
"CC2-00389","PF-B01","城市/地域与迁移约束","SC-S2-04","房/居住/地点","SC-S1-06","备孕/怀孕/生育","SC-S3-05","居住/迁移变化","NF-N1-11","家庭投入/家庭边界","Fit / conditional","N3-03/N3-04","当「城市/地域与迁移约束」进入「备孕/怀孕/生育」的「房/居住/地点」，遇到「居住/迁移变化」时，对重视「家庭投入/家庭边界」的人意味着什么？","constrained_mapping_v0.2","semantic_preflight"
"CC2-00390","PF-B01","城市/地域与迁移约束","SC-S2-04","房/居住/地点","SC-S1-06","备孕/怀孕/生育","SC-S3-05","居住/迁移变化","NF-N1-05","安全/信任/可预测","Gate / conditional","N3-02/N3-06","当「城市/地域与迁移约束」进入「备孕/怀孕/生育」的「房/居住/地点」，遇到「居住/迁移变化」时，对重视「安全/信任/可预测」的人意味着什么？","constrained_mapping_v0.2","semantic_preflight"
"CC2-00391","PF-B01","城市/地域与迁移约束","SC-S2-04","房/居住/地点","SC-S1-09","中年多重责任","SC-S3-04","大额财务事件","NF-N1-12","价值/人生方向/未来一致性","Gate / fit","N3-06/N3-07","当「城市/地域与迁移约束」进入「中年多重责任」的「房/居住/地点」，遇到「大额财务事件」时，对重视「价值/人生方向/未来一致性」的人意味着什么？","constrained_mapping_v0.2","semantic_preflight"
"CC2-00392","PF-B01","城市/地域与迁移约束","SC-S2-04","房/居住/地点","SC-S1-09","中年多重责任","SC-S3-04","大额财务事件","NF-N1-11","家庭投入/家庭边界","Fit / conditional","N3-03/N3-04","当「城市/地域与迁移约束」进入「中年多重责任」的「房/居住/地点」，遇到「大额财务事件」时，对重视「家庭投入/家庭边界」的人意味着什么？","constrained_mapping_v0.2","semantic_preflight"
"CC2-00393","PF-B01","城市/地域与迁移约束","SC-S2-04","房/居住/地点","SC-S1-09","中年多重责任","SC-S3-04","大额财务事件","NF-N1-05","安全/信任/可预测","Gate / conditional","N3-02/N3-06","当「城市/地域与迁移约束」进入「中年多重责任」的「房/居住/地点」，遇到「大额财务事件」时，对重视「安全/信任/可预测」的人意味着什么？","constrained_mapping_v0.2","semantic_preflight"
"CC2-00394","PF-B01","城市/地域与迁移约束","SC-S2-04","房/居住/地点","SC-S1-09","中年多重责任","SC-S3-05","居住/迁移变化","NF-N1-12","价值/人生方向/未来一致性","Gate / fit","N3-06/N3-07","当「城市/地域与迁移约束」进入「中年多重责任」的「房/居住/地点」，遇到「居住/迁移变化」时，对重视「价值/人生方向/未来一致性」的人意味着什么？","constrained_mapping_v0.2","semantic_preflight"
"CC2-00395","PF-B01","城市/地域与迁移约束","SC-S2-04","房/居住/地点","SC-S1-09","中年多重责任","SC-S3-05","居住/迁移变化","NF-N1-11","家庭投入/家庭边界","Fit / conditional","N3-03/N3-04","当「城市/地域与迁移约束」进入「中年多重责任」的「房/居住/地点」，遇到「居住/迁移变化」时，对重视「家庭投入/家庭边界」的人意味着什么？","constrained_mapping_v0.2","semantic_preflight"
"CC2-00396","PF-B01","城市/地域与迁移约束","SC-S2-04","房/居住/地点","SC-S1-09","中年多重责任","SC-S3-05","居住/迁移变化","NF-N1-05","安全/信任/可预测","Gate / conditional","N3-02/N3-06","当「城市/地域与迁移约束」进入「中年多重责任」的「房/居住/地点」，遇到「居住/迁移变化」时，对重视「安全/信任/可预测」的人意味着什么？","constrained_mapping_v0.2","semantic_preflight"
"CC2-00397","PF-B01","城市/地域与迁移约束","SC-S2-02","工作/事业/学习","SC-S1-02","恋爱/磨合","SC-S3-01","工作时间突变","NF-N1-12","价值/人生方向/未来一致性","Gate / fit","N3-06/N3-07","当「城市/地域与迁移约束」进入「恋爱/磨合」的「工作/事业/学习」，遇到「工作时间突变」时，对重视「价值/人生方向/未来一致性」的人意味着什么？","constrained_mapping_v0.2","semantic_preflight"
"CC2-00398","PF-B01","城市/地域与迁移约束","SC-S2-02","工作/事业/学习","SC-S1-02","恋爱/磨合","SC-S3-01","工作时间突变","NF-N1-11","家庭投入/家庭边界","Fit / conditional","N3-03/N3-04","当「城市/地域与迁移约束」进入「恋爱/磨合」的「工作/事业/学习」，遇到「工作时间突变」时，对重视「家庭投入/家庭边界」的人意味着什么？","constrained_mapping_v0.2","semantic_preflight"
"CC2-00399","PF-B01","城市/地域与迁移约束","SC-S2-02","工作/事业/学习","SC-S1-02","恋爱/磨合","SC-S3-01","工作时间突变","NF-N1-05","安全/信任/可预测","Gate / conditional","N3-02/N3-06","当「城市/地域与迁移约束」进入「恋爱/磨合」的「工作/事业/学习」，遇到「工作时间突变」时，对重视「安全/信任/可预测」的人意味着什么？","constrained_mapping_v0.2","semantic_preflight"
"CC2-00400","PF-B01","城市/地域与迁移约束","SC-S2-02","工作/事业/学习","SC-S1-02","恋爱/磨合","SC-S3-02","事业机会/职业转折","NF-N1-12","价值/人生方向/未来一致性","Gate / fit","N3-06/N3-07","当「城市/地域与迁移约束」进入「恋爱/磨合」的「工作/事业/学习」，遇到「事业机会/职业转折」时，对重视「价值/人生方向/未来一致性」的人意味着什么？","constrained_mapping_v0.2","semantic_preflight"
"CC2-00401","PF-B01","城市/地域与迁移约束","SC-S2-02","工作/事业/学习","SC-S1-02","恋爱/磨合","SC-S3-02","事业机会/职业转折","NF-N1-11","家庭投入/家庭边界","Fit / conditional","N3-03/N3-04","当「城市/地域与迁移约束」进入「恋爱/磨合」的「工作/事业/学习」，遇到「事业机会/职业转折」时，对重视「家庭投入/家庭边界」的人意味着什么？","constrained_mapping_v0.2","semantic_preflight"
"CC2-00402","PF-B01","城市/地域与迁移约束","SC-S2-02","工作/事业/学习","SC-S1-02","恋爱/磨合","SC-S3-02","事业机会/职业转折","NF-N1-05","安全/信任/可预测","Gate / conditional","N3-02/N3-06","当「城市/地域与迁移约束」进入「恋爱/磨合」的「工作/事业/学习」，遇到「事业机会/职业转折」时，对重视「安全/信任/可预测」的人意味着什么？","constrained_mapping_v0.2","semantic_preflight"
"CC2-00403","PF-B01","城市/地域与迁移约束","SC-S2-02","工作/事业/学习","SC-S1-05","结婚/建立家庭","SC-S3-01","工作时间突变","NF-N1-12","价值/人生方向/未来一致性","Gate / fit","N3-06/N3-07","当「城市/地域与迁移约束」进入「结婚/建立家庭」的「工作/事业/学习」，遇到「工作时间突变」时，对重视「价值/人生方向/未来一致性」的人意味着什么？","constrained_mapping_v0.2","semantic_preflight"
"CC2-00404","PF-B01","城市/地域与迁移约束","SC-S2-02","工作/事业/学习","SC-S1-05","结婚/建立家庭","SC-S3-01","工作时间突变","NF-N1-11","家庭投入/家庭边界","Fit / conditional","N3-03/N3-04","当「城市/地域与迁移约束」进入「结婚/建立家庭」的「工作/事业/学习」，遇到「工作时间突变」时，对重视「家庭投入/家庭边界」的人意味着什么？","constrained_mapping_v0.2","semantic_preflight"
"CC2-00405","PF-B01","城市/地域与迁移约束","SC-S2-02","工作/事业/学习","SC-S1-05","结婚/建立家庭","SC-S3-01","工作时间突变","NF-N1-05","安全/信任/可预测","Gate / conditional","N3-02/N3-06","当「城市/地域与迁移约束」进入「结婚/建立家庭」的「工作/事业/学习」，遇到「工作时间突变」时，对重视「安全/信任/可预测」的人意味着什么？","constrained_mapping_v0.2","semantic_preflight"
"CC2-00406","PF-B01","城市/地域与迁移约束","SC-S2-02","工作/事业/学习","SC-S1-05","结婚/建立家庭","SC-S3-02","事业机会/职业转折","NF-N1-12","价值/人生方向/未来一致性","Gate / fit","N3-06/N3-07","当「城市/地域与迁移约束」进入「结婚/建立家庭」的「工作/事业/学习」，遇到「事业机会/职业转折」时，对重视「价值/人生方向/未来一致性」的人意味着什么？","constrained_mapping_v0.2","semantic_preflight"
"CC2-00407","PF-B01","城市/地域与迁移约束","SC-S2-02","工作/事业/学习","SC-S1-05","结婚/建立家庭","SC-S3-02","事业机会/职业转折","NF-N1-11","家庭投入/家庭边界","Fit / conditional","N3-03/N3-04","当「城市/地域与迁移约束」进入「结婚/建立家庭」的「工作/事业/学习」，遇到「事业机会/职业转折」时，对重视「家庭投入/家庭边界」的人意味着什么？","constrained_mapping_v0.2","semantic_preflight"
"CC2-00408","PF-B01","城市/地域与迁移约束","SC-S2-02","工作/事业/学习","SC-S1-05","结婚/建立家庭","SC-S3-02","事业机会/职业转折","NF-N1-05","安全/信任/可预测","Gate / conditional","N3-02/N3-06","当「城市/地域与迁移约束」进入「结婚/建立家庭」的「工作/事业/学习」，遇到「事业机会/职业转折」时，对重视「安全/信任/可预测」的人意味着什么？","constrained_mapping_v0.2","semantic_preflight"
"CC2-00409","PF-B01","城市/地域与迁移约束","SC-S2-02","工作/事业/学习","SC-S1-09","中年多重责任","SC-S3-01","工作时间突变","NF-N1-12","价值/人生方向/未来一致性","Gate / fit","N3-06/N3-07","当「城市/地域与迁移约束」进入「中年多重责任」的「工作/事业/学习」，遇到「工作时间突变」时，对重视「价值/人生方向/未来一致性」的人意味着什么？","constrained_mapping_v0.2","semantic_preflight"
"CC2-00410","PF-B01","城市/地域与迁移约束","SC-S2-02","工作/事业/学习","SC-S1-09","中年多重责任","SC-S3-01","工作时间突变","NF-N1-11","家庭投入/家庭边界","Fit / conditional","N3-03/N3-04","当「城市/地域与迁移约束」进入「中年多重责任」的「工作/事业/学习」，遇到「工作时间突变」时，对重视「家庭投入/家庭边界」的人意味着什么？","constrained_mapping_v0.2","semantic_preflight"
"CC2-00411","PF-B01","城市/地域与迁移约束","SC-S2-02","工作/事业/学习","SC-S1-09","中年多重责任","SC-S3-01","工作时间突变","NF-N1-05","安全/信任/可预测","Gate / conditional","N3-02/N3-06","当「城市/地域与迁移约束」进入「中年多重责任」的「工作/事业/学习」，遇到「工作时间突变」时，对重视「安全/信任/可预测」的人意味着什么？","constrained_mapping_v0.2","semantic_preflight"
"CC2-00412","PF-B01","城市/地域与迁移约束","SC-S2-02","工作/事业/学习","SC-S1-09","中年多重责任","SC-S3-02","事业机会/职业转折","NF-N1-12","价值/人生方向/未来一致性","Gate / fit","N3-06/N3-07","当「城市/地域与迁移约束」进入「中年多重责任」的「工作/事业/学习」，遇到「事业机会/职业转折」时，对重视「价值/人生方向/未来一致性」的人意味着什么？","constrained_mapping_v0.2","semantic_preflight"
"CC2-00413","PF-B01","城市/地域与迁移约束","SC-S2-02","工作/事业/学习","SC-S1-09","中年多重责任","SC-S3-02","事业机会/职业转折","NF-N1-11","家庭投入/家庭边界","Fit / conditional","N3-03/N3-04","当「城市/地域与迁移约束」进入「中年多重责任」的「工作/事业/学习」，遇到「事业机会/职业转折」时，对重视「家庭投入/家庭边界」的人意味着什么？","constrained_mapping_v0.2","semantic_preflight"
"CC2-00414","PF-B01","城市/地域与迁移约束","SC-S2-02","工作/事业/学习","SC-S1-09","中年多重责任","SC-S3-02","事业机会/职业转折","NF-N1-05","安全/信任/可预测","Gate / conditional","N3-02/N3-06","当「城市/地域与迁移约束」进入「中年多重责任」的「工作/事业/学习」，遇到「事业机会/职业转折」时，对重视「安全/信任/可预测」的人意味着什么？","constrained_mapping_v0.2","semantic_preflight"
"CC2-00415","PF-B01","城市/地域与迁移约束","SC-S2-07","双方父母/原生家庭","SC-S1-05","结婚/建立家庭","SC-S3-07","父母责任变化","NF-N1-12","价值/人生方向/未来一致性","Gate / fit","N3-06/N3-07","当「城市/地域与迁移约束」进入「结婚/建立家庭」的「双方父母/原生家庭」，遇到「父母责任变化」时，对重视「价值/人生方向/未来一致性」的人意味着什么？","constrained_mapping_v0.2","semantic_preflight"
"CC2-00416","PF-B01","城市/地域与迁移约束","SC-S2-07","双方父母/原生家庭","SC-S1-05","结婚/建立家庭","SC-S3-07","父母责任变化","NF-N1-11","家庭投入/家庭边界","Fit / conditional","N3-03/N3-04","当「城市/地域与迁移约束」进入「结婚/建立家庭」的「双方父母/原生家庭」，遇到「父母责任变化」时，对重视「家庭投入/家庭边界」的人意味着什么？","constrained_mapping_v0.2","semantic_preflight"
"CC2-00417","PF-B01","城市/地域与迁移约束","SC-S2-07","双方父母/原生家庭","SC-S1-05","结婚/建立家庭","SC-S3-07","父母责任变化","NF-N1-05","安全/信任/可预测","Gate / conditional","N3-02/N3-06","当「城市/地域与迁移约束」进入「结婚/建立家庭」的「双方父母/原生家庭」，遇到「父母责任变化」时，对重视「安全/信任/可预测」的人意味着什么？","constrained_mapping_v0.2","semantic_preflight"
"CC2-00418","PF-B01","城市/地域与迁移约束","SC-S2-07","双方父母/原生家庭","SC-S1-05","结婚/建立家庭","SC-S3-05","居住/迁移变化","NF-N1-12","价值/人生方向/未来一致性","Gate / fit","N3-06/N3-07","当「城市/地域与迁移约束」进入「结婚/建立家庭」的「双方父母/原生家庭」，遇到「居住/迁移变化」时，对重视「价值/人生方向/未来一致性」的人意味着什么？","constrained_mapping_v0.2","semantic_preflight"
"CC2-00419","PF-B01","城市/地域与迁移约束","SC-S2-07","双方父母/原生家庭","SC-S1-05","结婚/建立家庭","SC-S3-05","居住/迁移变化","NF-N1-11","家庭投入/家庭边界","Fit / conditional","N3-03/N3-04","当「城市/地域与迁移约束」进入「结婚/建立家庭」的「双方父母/原生家庭」，遇到「居住/迁移变化」时，对重视「家庭投入/家庭边界」的人意味着什么？","constrained_mapping_v0.2","semantic_preflight"
"CC2-00420","PF-B01","城市/地域与迁移约束","SC-S2-07","双方父母/原生家庭","SC-S1-05","结婚/建立家庭","SC-S3-05","居住/迁移变化","NF-N1-05","安全/信任/可预测","Gate / conditional","N3-02/N3-06","当「城市/地域与迁移约束」进入「结婚/建立家庭」的「双方父母/原生家庭」，遇到「居住/迁移变化」时，对重视「安全/信任/可预测」的人意味着什么？","constrained_mapping_v0.2","semantic_preflight"
"CC2-00421","PF-B01","城市/地域与迁移约束","SC-S2-07","双方父母/原生家庭","SC-S1-06","备孕/怀孕/生育","SC-S3-07","父母责任变化","NF-N1-12","价值/人生方向/未来一致性","Gate / fit","N3-06/N3-07","当「城市/地域与迁移约束」进入「备孕/怀孕/生育」的「双方父母/原生家庭」，遇到「父母责任变化」时，对重视「价值/人生方向/未来一致性」的人意味着什么？","constrained_mapping_v0.2","semantic_preflight"
"CC2-00422","PF-B01","城市/地域与迁移约束","SC-S2-07","双方父母/原生家庭","SC-S1-06","备孕/怀孕/生育","SC-S3-07","父母责任变化","NF-N1-11","家庭投入/家庭边界","Fit / conditional","N3-03/N3-04","当「城市/地域与迁移约束」进入「备孕/怀孕/生育」的「双方父母/原生家庭」，遇到「父母责任变化」时，对重视「家庭投入/家庭边界」的人意味着什么？","constrained_mapping_v0.2","semantic_preflight"
"CC2-00423","PF-B01","城市/地域与迁移约束","SC-S2-07","双方父母/原生家庭","SC-S1-06","备孕/怀孕/生育","SC-S3-07","父母责任变化","NF-N1-05","安全/信任/可预测","Gate / conditional","N3-02/N3-06","当「城市/地域与迁移约束」进入「备孕/怀孕/生育」的「双方父母/原生家庭」，遇到「父母责任变化」时，对重视「安全/信任/可预测」的人意味着什么？","constrained_mapping_v0.2","semantic_preflight"
"CC2-00424","PF-B01","城市/地域与迁移约束","SC-S2-07","双方父母/原生家庭","SC-S1-06","备孕/怀孕/生育","SC-S3-05","居住/迁移变化","NF-N1-12","价值/人生方向/未来一致性","Gate / fit","N3-06/N3-07","当「城市/地域与迁移约束」进入「备孕/怀孕/生育」的「双方父母/原生家庭」，遇到「居住/迁移变化」时，对重视「价值/人生方向/未来一致性」的人意味着什么？","constrained_mapping_v0.2","semantic_preflight"
"CC2-00425","PF-B01","城市/地域与迁移约束","SC-S2-07","双方父母/原生家庭","SC-S1-06","备孕/怀孕/生育","SC-S3-05","居住/迁移变化","NF-N1-11","家庭投入/家庭边界","Fit / conditional","N3-03/N3-04","当「城市/地域与迁移约束」进入「备孕/怀孕/生育」的「双方父母/原生家庭」，遇到「居住/迁移变化」时，对重视「家庭投入/家庭边界」的人意味着什么？","constrained_mapping_v0.2","semantic_preflight"
"CC2-00426","PF-B01","城市/地域与迁移约束","SC-S2-07","双方父母/原生家庭","SC-S1-06","备孕/怀孕/生育","SC-S3-05","居住/迁移变化","NF-N1-05","安全/信任/可预测","Gate / conditional","N3-02/N3-06","当「城市/地域与迁移约束」进入「备孕/怀孕/生育」的「双方父母/原生家庭」，遇到「居住/迁移变化」时，对重视「安全/信任/可预测」的人意味着什么？","constrained_mapping_v0.2","semantic_preflight"
"CC2-00427","PF-B01","城市/地域与迁移约束","SC-S2-07","双方父母/原生家庭","SC-S1-07","婴幼儿照护","SC-S3-07","父母责任变化","NF-N1-12","价值/人生方向/未来一致性","Gate / fit","N3-06/N3-07","当「城市/地域与迁移约束」进入「婴幼儿照护」的「双方父母/原生家庭」，遇到「父母责任变化」时，对重视「价值/人生方向/未来一致性」的人意味着什么？","constrained_mapping_v0.2","semantic_preflight"
"CC2-00428","PF-B01","城市/地域与迁移约束","SC-S2-07","双方父母/原生家庭","SC-S1-07","婴幼儿照护","SC-S3-07","父母责任变化","NF-N1-11","家庭投入/家庭边界","Fit / conditional","N3-03/N3-04","当「城市/地域与迁移约束」进入「婴幼儿照护」的「双方父母/原生家庭」，遇到「父母责任变化」时，对重视「家庭投入/家庭边界」的人意味着什么？","constrained_mapping_v0.2","semantic_preflight"
"CC2-00429","PF-B01","城市/地域与迁移约束","SC-S2-07","双方父母/原生家庭","SC-S1-07","婴幼儿照护","SC-S3-07","父母责任变化","NF-N1-05","安全/信任/可预测","Gate / conditional","N3-02/N3-06","当「城市/地域与迁移约束」进入「婴幼儿照护」的「双方父母/原生家庭」，遇到「父母责任变化」时，对重视「安全/信任/可预测」的人意味着什么？","constrained_mapping_v0.2","semantic_preflight"
"CC2-00430","PF-B01","城市/地域与迁移约束","SC-S2-07","双方父母/原生家庭","SC-S1-07","婴幼儿照护","SC-S3-05","居住/迁移变化","NF-N1-12","价值/人生方向/未来一致性","Gate / fit","N3-06/N3-07","当「城市/地域与迁移约束」进入「婴幼儿照护」的「双方父母/原生家庭」，遇到「居住/迁移变化」时，对重视「价值/人生方向/未来一致性」的人意味着什么？","constrained_mapping_v0.2","semantic_preflight"
"CC2-00431","PF-B01","城市/地域与迁移约束","SC-S2-07","双方父母/原生家庭","SC-S1-07","婴幼儿照护","SC-S3-05","居住/迁移变化","NF-N1-11","家庭投入/家庭边界","Fit / conditional","N3-03/N3-04","当「城市/地域与迁移约束」进入「婴幼儿照护」的「双方父母/原生家庭」，遇到「居住/迁移变化」时，对重视「家庭投入/家庭边界」的人意味着什么？","constrained_mapping_v0.2","semantic_preflight"
"CC2-00432","PF-B01","城市/地域与迁移约束","SC-S2-07","双方父母/原生家庭","SC-S1-07","婴幼儿照护","SC-S3-05","居住/迁移变化","NF-N1-05","安全/信任/可预测","Gate / conditional","N3-02/N3-06","当「城市/地域与迁移约束」进入「婴幼儿照护」的「双方父母/原生家庭」，遇到「居住/迁移变化」时，对重视「安全/信任/可预测」的人意味着什么？","constrained_mapping_v0.2","semantic_preflight"
"CC2-00433","PF-B01","城市/地域与迁移约束","SC-S2-07","双方父母/原生家庭","SC-S1-09","中年多重责任","SC-S3-07","父母责任变化","NF-N1-12","价值/人生方向/未来一致性","Gate / fit","N3-06/N3-07","当「城市/地域与迁移约束」进入「中年多重责任」的「双方父母/原生家庭」，遇到「父母责任变化」时，对重视「价值/人生方向/未来一致性」的人意味着什么？","constrained_mapping_v0.2","semantic_preflight"
"CC2-00434","PF-B01","城市/地域与迁移约束","SC-S2-07","双方父母/原生家庭","SC-S1-09","中年多重责任","SC-S3-07","父母责任变化","NF-N1-11","家庭投入/家庭边界","Fit / conditional","N3-03/N3-04","当「城市/地域与迁移约束」进入「中年多重责任」的「双方父母/原生家庭」，遇到「父母责任变化」时，对重视「家庭投入/家庭边界」的人意味着什么？","constrained_mapping_v0.2","semantic_preflight"
"CC2-00435","PF-B01","城市/地域与迁移约束","SC-S2-07","双方父母/原生家庭","SC-S1-09","中年多重责任","SC-S3-07","父母责任变化","NF-N1-05","安全/信任/可预测","Gate / conditional","N3-02/N3-06","当「城市/地域与迁移约束」进入「中年多重责任」的「双方父母/原生家庭」，遇到「父母责任变化」时，对重视「安全/信任/可预测」的人意味着什么？","constrained_mapping_v0.2","semantic_preflight"
"CC2-00436","PF-B01","城市/地域与迁移约束","SC-S2-07","双方父母/原生家庭","SC-S1-09","中年多重责任","SC-S3-05","居住/迁移变化","NF-N1-12","价值/人生方向/未来一致性","Gate / fit","N3-06/N3-07","当「城市/地域与迁移约束」进入「中年多重责任」的「双方父母/原生家庭」，遇到「居住/迁移变化」时，对重视「价值/人生方向/未来一致性」的人意味着什么？","constrained_mapping_v0.2","semantic_preflight"
"CC2-00437","PF-B01","城市/地域与迁移约束","SC-S2-07","双方父母/原生家庭","SC-S1-09","中年多重责任","SC-S3-05","居住/迁移变化","NF-N1-11","家庭投入/家庭边界","Fit / conditional","N3-03/N3-04","当「城市/地域与迁移约束」进入「中年多重责任」的「双方父母/原生家庭」，遇到「居住/迁移变化」时，对重视「家庭投入/家庭边界」的人意味着什么？","constrained_mapping_v0.2","semantic_preflight"
"CC2-00438","PF-B01","城市/地域与迁移约束","SC-S2-07","双方父母/原生家庭","SC-S1-09","中年多重责任","SC-S3-05","居住/迁移变化","NF-N1-05","安全/信任/可预测","Gate / conditional","N3-02/N3-06","当「城市/地域与迁移约束」进入「中年多重责任」的「双方父母/原生家庭」，遇到「居住/迁移变化」时，对重视「安全/信任/可预测」的人意味着什么？","constrained_mapping_v0.2","semantic_preflight"
"CC2-00439","PF-B03","父母距离与亲属支持","SC-S2-07","双方父母/原生家庭","SC-S1-05","结婚/建立家庭","SC-S3-07","父母责任变化","NF-N1-11","家庭投入/家庭边界","Fit / conditional","N3-03/N3-04","当「父母距离与亲属支持」进入「结婚/建立家庭」的「双方父母/原生家庭」，遇到「父母责任变化」时，对重视「家庭投入/家庭边界」的人意味着什么？","constrained_mapping_v0.2","semantic_preflight"
"CC2-00440","PF-B03","父母距离与亲属支持","SC-S2-07","双方父母/原生家庭","SC-S1-05","结婚/建立家庭","SC-S3-07","父母责任变化","NF-N1-07","公平/可靠/合作","Conditional / gate","N3-02/N3-03","当「父母距离与亲属支持」进入「结婚/建立家庭」的「双方父母/原生家庭」，遇到「父母责任变化」时，对重视「公平/可靠/合作」的人意味着什么？","constrained_mapping_v0.2","semantic_preflight"
"CC2-00441","PF-B03","父母距离与亲属支持","SC-S2-07","双方父母/原生家庭","SC-S1-05","结婚/建立家庭","SC-S3-07","父母责任变化","NF-N1-04","自主/空间/自由","Ideal range / fit","N3-04","当「父母距离与亲属支持」进入「结婚/建立家庭」的「双方父母/原生家庭」，遇到「父母责任变化」时，对重视「自主/空间/自由」的人意味着什么？","constrained_mapping_v0.2","semantic_preflight"
"CC2-00442","PF-B03","父母距离与亲属支持","SC-S2-07","双方父母/原生家庭","SC-S1-05","结婚/建立家庭","SC-S3-05","居住/迁移变化","NF-N1-11","家庭投入/家庭边界","Fit / conditional","N3-03/N3-04","当「父母距离与亲属支持」进入「结婚/建立家庭」的「双方父母/原生家庭」，遇到「居住/迁移变化」时，对重视「家庭投入/家庭边界」的人意味着什么？","constrained_mapping_v0.2","semantic_preflight"
"CC2-00443","PF-B03","父母距离与亲属支持","SC-S2-07","双方父母/原生家庭","SC-S1-05","结婚/建立家庭","SC-S3-05","居住/迁移变化","NF-N1-07","公平/可靠/合作","Conditional / gate","N3-02/N3-03","当「父母距离与亲属支持」进入「结婚/建立家庭」的「双方父母/原生家庭」，遇到「居住/迁移变化」时，对重视「公平/可靠/合作」的人意味着什么？","constrained_mapping_v0.2","semantic_preflight"
"CC2-00444","PF-B03","父母距离与亲属支持","SC-S2-07","双方父母/原生家庭","SC-S1-05","结婚/建立家庭","SC-S3-05","居住/迁移变化","NF-N1-04","自主/空间/自由","Ideal range / fit","N3-04","当「父母距离与亲属支持」进入「结婚/建立家庭」的「双方父母/原生家庭」，遇到「居住/迁移变化」时，对重视「自主/空间/自由」的人意味着什么？","constrained_mapping_v0.2","semantic_preflight"
"CC2-00445","PF-B03","父母距离与亲属支持","SC-S2-07","双方父母/原生家庭","SC-S1-06","备孕/怀孕/生育","SC-S3-07","父母责任变化","NF-N1-11","家庭投入/家庭边界","Fit / conditional","N3-03/N3-04","当「父母距离与亲属支持」进入「备孕/怀孕/生育」的「双方父母/原生家庭」，遇到「父母责任变化」时，对重视「家庭投入/家庭边界」的人意味着什么？","constrained_mapping_v0.2","semantic_preflight"
"CC2-00446","PF-B03","父母距离与亲属支持","SC-S2-07","双方父母/原生家庭","SC-S1-06","备孕/怀孕/生育","SC-S3-07","父母责任变化","NF-N1-07","公平/可靠/合作","Conditional / gate","N3-02/N3-03","当「父母距离与亲属支持」进入「备孕/怀孕/生育」的「双方父母/原生家庭」，遇到「父母责任变化」时，对重视「公平/可靠/合作」的人意味着什么？","constrained_mapping_v0.2","semantic_preflight"
"CC2-00447","PF-B03","父母距离与亲属支持","SC-S2-07","双方父母/原生家庭","SC-S1-06","备孕/怀孕/生育","SC-S3-07","父母责任变化","NF-N1-04","自主/空间/自由","Ideal range / fit","N3-04","当「父母距离与亲属支持」进入「备孕/怀孕/生育」的「双方父母/原生家庭」，遇到「父母责任变化」时，对重视「自主/空间/自由」的人意味着什么？","constrained_mapping_v0.2","semantic_preflight"
"CC2-00448","PF-B03","父母距离与亲属支持","SC-S2-07","双方父母/原生家庭","SC-S1-06","备孕/怀孕/生育","SC-S3-05","居住/迁移变化","NF-N1-11","家庭投入/家庭边界","Fit / conditional","N3-03/N3-04","当「父母距离与亲属支持」进入「备孕/怀孕/生育」的「双方父母/原生家庭」，遇到「居住/迁移变化」时，对重视「家庭投入/家庭边界」的人意味着什么？","constrained_mapping_v0.2","semantic_preflight"
"CC2-00449","PF-B03","父母距离与亲属支持","SC-S2-07","双方父母/原生家庭","SC-S1-06","备孕/怀孕/生育","SC-S3-05","居住/迁移变化","NF-N1-07","公平/可靠/合作","Conditional / gate","N3-02/N3-03","当「父母距离与亲属支持」进入「备孕/怀孕/生育」的「双方父母/原生家庭」，遇到「居住/迁移变化」时，对重视「公平/可靠/合作」的人意味着什么？","constrained_mapping_v0.2","semantic_preflight"
"CC2-00450","PF-B03","父母距离与亲属支持","SC-S2-07","双方父母/原生家庭","SC-S1-06","备孕/怀孕/生育","SC-S3-05","居住/迁移变化","NF-N1-04","自主/空间/自由","Ideal range / fit","N3-04","当「父母距离与亲属支持」进入「备孕/怀孕/生育」的「双方父母/原生家庭」，遇到「居住/迁移变化」时，对重视「自主/空间/自由」的人意味着什么？","constrained_mapping_v0.2","semantic_preflight"
"CC2-00451","PF-B03","父母距离与亲属支持","SC-S2-07","双方父母/原生家庭","SC-S1-07","婴幼儿照护","SC-S3-07","父母责任变化","NF-N1-11","家庭投入/家庭边界","Fit / conditional","N3-03/N3-04","当「父母距离与亲属支持」进入「婴幼儿照护」的「双方父母/原生家庭」，遇到「父母责任变化」时，对重视「家庭投入/家庭边界」的人意味着什么？","constrained_mapping_v0.2","semantic_preflight"
"CC2-00452","PF-B03","父母距离与亲属支持","SC-S2-07","双方父母/原生家庭","SC-S1-07","婴幼儿照护","SC-S3-07","父母责任变化","NF-N1-07","公平/可靠/合作","Conditional / gate","N3-02/N3-03","当「父母距离与亲属支持」进入「婴幼儿照护」的「双方父母/原生家庭」，遇到「父母责任变化」时，对重视「公平/可靠/合作」的人意味着什么？","constrained_mapping_v0.2","semantic_preflight"
"CC2-00453","PF-B03","父母距离与亲属支持","SC-S2-07","双方父母/原生家庭","SC-S1-07","婴幼儿照护","SC-S3-07","父母责任变化","NF-N1-04","自主/空间/自由","Ideal range / fit","N3-04","当「父母距离与亲属支持」进入「婴幼儿照护」的「双方父母/原生家庭」，遇到「父母责任变化」时，对重视「自主/空间/自由」的人意味着什么？","constrained_mapping_v0.2","semantic_preflight"
"CC2-00454","PF-B03","父母距离与亲属支持","SC-S2-07","双方父母/原生家庭","SC-S1-07","婴幼儿照护","SC-S3-05","居住/迁移变化","NF-N1-11","家庭投入/家庭边界","Fit / conditional","N3-03/N3-04","当「父母距离与亲属支持」进入「婴幼儿照护」的「双方父母/原生家庭」，遇到「居住/迁移变化」时，对重视「家庭投入/家庭边界」的人意味着什么？","constrained_mapping_v0.2","semantic_preflight"
"CC2-00455","PF-B03","父母距离与亲属支持","SC-S2-07","双方父母/原生家庭","SC-S1-07","婴幼儿照护","SC-S3-05","居住/迁移变化","NF-N1-07","公平/可靠/合作","Conditional / gate","N3-02/N3-03","当「父母距离与亲属支持」进入「婴幼儿照护」的「双方父母/原生家庭」，遇到「居住/迁移变化」时，对重视「公平/可靠/合作」的人意味着什么？","constrained_mapping_v0.2","semantic_preflight"
"CC2-00456","PF-B03","父母距离与亲属支持","SC-S2-07","双方父母/原生家庭","SC-S1-07","婴幼儿照护","SC-S3-05","居住/迁移变化","NF-N1-04","自主/空间/自由","Ideal range / fit","N3-04","当「父母距离与亲属支持」进入「婴幼儿照护」的「双方父母/原生家庭」，遇到「居住/迁移变化」时，对重视「自主/空间/自由」的人意味着什么？","constrained_mapping_v0.2","semantic_preflight"
"CC2-00457","PF-B03","父母距离与亲属支持","SC-S2-07","双方父母/原生家庭","SC-S1-09","中年多重责任","SC-S3-07","父母责任变化","NF-N1-11","家庭投入/家庭边界","Fit / conditional","N3-03/N3-04","当「父母距离与亲属支持」进入「中年多重责任」的「双方父母/原生家庭」，遇到「父母责任变化」时，对重视「家庭投入/家庭边界」的人意味着什么？","constrained_mapping_v0.2","semantic_preflight"
"CC2-00458","PF-B03","父母距离与亲属支持","SC-S2-07","双方父母/原生家庭","SC-S1-09","中年多重责任","SC-S3-07","父母责任变化","NF-N1-07","公平/可靠/合作","Conditional / gate","N3-02/N3-03","当「父母距离与亲属支持」进入「中年多重责任」的「双方父母/原生家庭」，遇到「父母责任变化」时，对重视「公平/可靠/合作」的人意味着什么？","constrained_mapping_v0.2","semantic_preflight"
"CC2-00459","PF-B03","父母距离与亲属支持","SC-S2-07","双方父母/原生家庭","SC-S1-09","中年多重责任","SC-S3-07","父母责任变化","NF-N1-04","自主/空间/自由","Ideal range / fit","N3-04","当「父母距离与亲属支持」进入「中年多重责任」的「双方父母/原生家庭」，遇到「父母责任变化」时，对重视「自主/空间/自由」的人意味着什么？","constrained_mapping_v0.2","semantic_preflight"
"CC2-00460","PF-B03","父母距离与亲属支持","SC-S2-07","双方父母/原生家庭","SC-S1-09","中年多重责任","SC-S3-05","居住/迁移变化","NF-N1-11","家庭投入/家庭边界","Fit / conditional","N3-03/N3-04","当「父母距离与亲属支持」进入「中年多重责任」的「双方父母/原生家庭」，遇到「居住/迁移变化」时，对重视「家庭投入/家庭边界」的人意味着什么？","constrained_mapping_v0.2","semantic_preflight"
"CC2-00461","PF-B03","父母距离与亲属支持","SC-S2-07","双方父母/原生家庭","SC-S1-09","中年多重责任","SC-S3-05","居住/迁移变化","NF-N1-07","公平/可靠/合作","Conditional / gate","N3-02/N3-03","当「父母距离与亲属支持」进入「中年多重责任」的「双方父母/原生家庭」，遇到「居住/迁移变化」时，对重视「公平/可靠/合作」的人意味着什么？","constrained_mapping_v0.2","semantic_preflight"
"CC2-00462","PF-B03","父母距离与亲属支持","SC-S2-07","双方父母/原生家庭","SC-S1-09","中年多重责任","SC-S3-05","居住/迁移变化","NF-N1-04","自主/空间/自由","Ideal range / fit","N3-04","当「父母距离与亲属支持」进入「中年多重责任」的「双方父母/原生家庭」，遇到「居住/迁移变化」时，对重视「自主/空间/自由」的人意味着什么？","constrained_mapping_v0.2","semantic_preflight"
"CC2-00463","PF-B03","父母距离与亲属支持","SC-S2-06","孩子/生育/教育","SC-S1-05","结婚/建立家庭","SC-S3-06","生育/育儿转折","NF-N1-11","家庭投入/家庭边界","Fit / conditional","N3-03/N3-04","当「父母距离与亲属支持」进入「结婚/建立家庭」的「孩子/生育/教育」，遇到「生育/育儿转折」时，对重视「家庭投入/家庭边界」的人意味着什么？","constrained_mapping_v0.2","semantic_preflight"
"CC2-00464","PF-B03","父母距离与亲属支持","SC-S2-06","孩子/生育/教育","SC-S1-05","结婚/建立家庭","SC-S3-06","生育/育儿转折","NF-N1-07","公平/可靠/合作","Conditional / gate","N3-02/N3-03","当「父母距离与亲属支持」进入「结婚/建立家庭」的「孩子/生育/教育」，遇到「生育/育儿转折」时，对重视「公平/可靠/合作」的人意味着什么？","constrained_mapping_v0.2","semantic_preflight"
"CC2-00465","PF-B03","父母距离与亲属支持","SC-S2-06","孩子/生育/教育","SC-S1-05","结婚/建立家庭","SC-S3-06","生育/育儿转折","NF-N1-04","自主/空间/自由","Ideal range / fit","N3-04","当「父母距离与亲属支持」进入「结婚/建立家庭」的「孩子/生育/教育」，遇到「生育/育儿转折」时，对重视「自主/空间/自由」的人意味着什么？","constrained_mapping_v0.2","semantic_preflight"
"CC2-00466","PF-B03","父母距离与亲属支持","SC-S2-06","孩子/生育/教育","SC-S1-05","结婚/建立家庭","SC-S3-01","工作时间突变","NF-N1-11","家庭投入/家庭边界","Fit / conditional","N3-03/N3-04","当「父母距离与亲属支持」进入「结婚/建立家庭」的「孩子/生育/教育」，遇到「工作时间突变」时，对重视「家庭投入/家庭边界」的人意味着什么？","constrained_mapping_v0.2","semantic_preflight"
"CC2-00467","PF-B03","父母距离与亲属支持","SC-S2-06","孩子/生育/教育","SC-S1-05","结婚/建立家庭","SC-S3-01","工作时间突变","NF-N1-07","公平/可靠/合作","Conditional / gate","N3-02/N3-03","当「父母距离与亲属支持」进入「结婚/建立家庭」的「孩子/生育/教育」，遇到「工作时间突变」时，对重视「公平/可靠/合作」的人意味着什么？","constrained_mapping_v0.2","semantic_preflight"
"CC2-00468","PF-B03","父母距离与亲属支持","SC-S2-06","孩子/生育/教育","SC-S1-05","结婚/建立家庭","SC-S3-01","工作时间突变","NF-N1-04","自主/空间/自由","Ideal range / fit","N3-04","当「父母距离与亲属支持」进入「结婚/建立家庭」的「孩子/生育/教育」，遇到「工作时间突变」时，对重视「自主/空间/自由」的人意味着什么？","constrained_mapping_v0.2","semantic_preflight"
"CC2-00469","PF-B03","父母距离与亲属支持","SC-S2-06","孩子/生育/教育","SC-S1-06","备孕/怀孕/生育","SC-S3-06","生育/育儿转折","NF-N1-11","家庭投入/家庭边界","Fit / conditional","N3-03/N3-04","当「父母距离与亲属支持」进入「备孕/怀孕/生育」的「孩子/生育/教育」，遇到「生育/育儿转折」时，对重视「家庭投入/家庭边界」的人意味着什么？","constrained_mapping_v0.2","semantic_preflight"
"CC2-00470","PF-B03","父母距离与亲属支持","SC-S2-06","孩子/生育/教育","SC-S1-06","备孕/怀孕/生育","SC-S3-06","生育/育儿转折","NF-N1-07","公平/可靠/合作","Conditional / gate","N3-02/N3-03","当「父母距离与亲属支持」进入「备孕/怀孕/生育」的「孩子/生育/教育」，遇到「生育/育儿转折」时，对重视「公平/可靠/合作」的人意味着什么？","constrained_mapping_v0.2","semantic_preflight"
"CC2-00471","PF-B03","父母距离与亲属支持","SC-S2-06","孩子/生育/教育","SC-S1-06","备孕/怀孕/生育","SC-S3-06","生育/育儿转折","NF-N1-04","自主/空间/自由","Ideal range / fit","N3-04","当「父母距离与亲属支持」进入「备孕/怀孕/生育」的「孩子/生育/教育」，遇到「生育/育儿转折」时，对重视「自主/空间/自由」的人意味着什么？","constrained_mapping_v0.2","semantic_preflight"
"CC2-00472","PF-B03","父母距离与亲属支持","SC-S2-06","孩子/生育/教育","SC-S1-06","备孕/怀孕/生育","SC-S3-01","工作时间突变","NF-N1-11","家庭投入/家庭边界","Fit / conditional","N3-03/N3-04","当「父母距离与亲属支持」进入「备孕/怀孕/生育」的「孩子/生育/教育」，遇到「工作时间突变」时，对重视「家庭投入/家庭边界」的人意味着什么？","constrained_mapping_v0.2","semantic_preflight"
"CC2-00473","PF-B03","父母距离与亲属支持","SC-S2-06","孩子/生育/教育","SC-S1-06","备孕/怀孕/生育","SC-S3-01","工作时间突变","NF-N1-07","公平/可靠/合作","Conditional / gate","N3-02/N3-03","当「父母距离与亲属支持」进入「备孕/怀孕/生育」的「孩子/生育/教育」，遇到「工作时间突变」时，对重视「公平/可靠/合作」的人意味着什么？","constrained_mapping_v0.2","semantic_preflight"
"CC2-00474","PF-B03","父母距离与亲属支持","SC-S2-06","孩子/生育/教育","SC-S1-06","备孕/怀孕/生育","SC-S3-01","工作时间突变","NF-N1-04","自主/空间/自由","Ideal range / fit","N3-04","当「父母距离与亲属支持」进入「备孕/怀孕/生育」的「孩子/生育/教育」，遇到「工作时间突变」时，对重视「自主/空间/自由」的人意味着什么？","constrained_mapping_v0.2","semantic_preflight"
"CC2-00475","PF-B03","父母距离与亲属支持","SC-S2-06","孩子/生育/教育","SC-S1-07","婴幼儿照护","SC-S3-06","生育/育儿转折","NF-N1-11","家庭投入/家庭边界","Fit / conditional","N3-03/N3-04","当「父母距离与亲属支持」进入「婴幼儿照护」的「孩子/生育/教育」，遇到「生育/育儿转折」时，对重视「家庭投入/家庭边界」的人意味着什么？","constrained_mapping_v0.2","semantic_preflight"
"CC2-00476","PF-B03","父母距离与亲属支持","SC-S2-06","孩子/生育/教育","SC-S1-07","婴幼儿照护","SC-S3-06","生育/育儿转折","NF-N1-07","公平/可靠/合作","Conditional / gate","N3-02/N3-03","当「父母距离与亲属支持」进入「婴幼儿照护」的「孩子/生育/教育」，遇到「生育/育儿转折」时，对重视「公平/可靠/合作」的人意味着什么？","constrained_mapping_v0.2","semantic_preflight"
"CC2-00477","PF-B03","父母距离与亲属支持","SC-S2-06","孩子/生育/教育","SC-S1-07","婴幼儿照护","SC-S3-06","生育/育儿转折","NF-N1-04","自主/空间/自由","Ideal range / fit","N3-04","当「父母距离与亲属支持」进入「婴幼儿照护」的「孩子/生育/教育」，遇到「生育/育儿转折」时，对重视「自主/空间/自由」的人意味着什么？","constrained_mapping_v0.2","semantic_preflight"
"CC2-00478","PF-B03","父母距离与亲属支持","SC-S2-06","孩子/生育/教育","SC-S1-07","婴幼儿照护","SC-S3-01","工作时间突变","NF-N1-11","家庭投入/家庭边界","Fit / conditional","N3-03/N3-04","当「父母距离与亲属支持」进入「婴幼儿照护」的「孩子/生育/教育」，遇到「工作时间突变」时，对重视「家庭投入/家庭边界」的人意味着什么？","constrained_mapping_v0.2","semantic_preflight"
"CC2-00479","PF-B03","父母距离与亲属支持","SC-S2-06","孩子/生育/教育","SC-S1-07","婴幼儿照护","SC-S3-01","工作时间突变","NF-N1-07","公平/可靠/合作","Conditional / gate","N3-02/N3-03","当「父母距离与亲属支持」进入「婴幼儿照护」的「孩子/生育/教育」，遇到「工作时间突变」时，对重视「公平/可靠/合作」的人意味着什么？","constrained_mapping_v0.2","semantic_preflight"
"CC2-00480","PF-B03","父母距离与亲属支持","SC-S2-06","孩子/生育/教育","SC-S1-07","婴幼儿照护","SC-S3-01","工作时间突变","NF-N1-04","自主/空间/自由","Ideal range / fit","N3-04","当「父母距离与亲属支持」进入「婴幼儿照护」的「孩子/生育/教育」，遇到「工作时间突变」时，对重视「自主/空间/自由」的人意味着什么？","constrained_mapping_v0.2","semantic_preflight"
"CC2-00481","PF-B03","父母距离与亲属支持","SC-S2-06","孩子/生育/教育","SC-S1-08","孩子成长/教育","SC-S3-06","生育/育儿转折","NF-N1-11","家庭投入/家庭边界","Fit / conditional","N3-03/N3-04","当「父母距离与亲属支持」进入「孩子成长/教育」的「孩子/生育/教育」，遇到「生育/育儿转折」时，对重视「家庭投入/家庭边界」的人意味着什么？","constrained_mapping_v0.2","semantic_preflight"
"CC2-00482","PF-B03","父母距离与亲属支持","SC-S2-06","孩子/生育/教育","SC-S1-08","孩子成长/教育","SC-S3-06","生育/育儿转折","NF-N1-07","公平/可靠/合作","Conditional / gate","N3-02/N3-03","当「父母距离与亲属支持」进入「孩子成长/教育」的「孩子/生育/教育」，遇到「生育/育儿转折」时，对重视「公平/可靠/合作」的人意味着什么？","constrained_mapping_v0.2","semantic_preflight"
"CC2-00483","PF-B03","父母距离与亲属支持","SC-S2-06","孩子/生育/教育","SC-S1-08","孩子成长/教育","SC-S3-06","生育/育儿转折","NF-N1-04","自主/空间/自由","Ideal range / fit","N3-04","当「父母距离与亲属支持」进入「孩子成长/教育」的「孩子/生育/教育」，遇到「生育/育儿转折」时，对重视「自主/空间/自由」的人意味着什么？","constrained_mapping_v0.2","semantic_preflight"
"CC2-00484","PF-B03","父母距离与亲属支持","SC-S2-06","孩子/生育/教育","SC-S1-08","孩子成长/教育","SC-S3-01","工作时间突变","NF-N1-11","家庭投入/家庭边界","Fit / conditional","N3-03/N3-04","当「父母距离与亲属支持」进入「孩子成长/教育」的「孩子/生育/教育」，遇到「工作时间突变」时，对重视「家庭投入/家庭边界」的人意味着什么？","constrained_mapping_v0.2","semantic_preflight"
"CC2-00485","PF-B03","父母距离与亲属支持","SC-S2-06","孩子/生育/教育","SC-S1-08","孩子成长/教育","SC-S3-01","工作时间突变","NF-N1-07","公平/可靠/合作","Conditional / gate","N3-02/N3-03","当「父母距离与亲属支持」进入「孩子成长/教育」的「孩子/生育/教育」，遇到「工作时间突变」时，对重视「公平/可靠/合作」的人意味着什么？","constrained_mapping_v0.2","semantic_preflight"
"CC2-00486","PF-B03","父母距离与亲属支持","SC-S2-06","孩子/生育/教育","SC-S1-08","孩子成长/教育","SC-S3-01","工作时间突变","NF-N1-04","自主/空间/自由","Ideal range / fit","N3-04","当「父母距离与亲属支持」进入「孩子成长/教育」的「孩子/生育/教育」，遇到「工作时间突变」时，对重视「自主/空间/自由」的人意味着什么？","constrained_mapping_v0.2","semantic_preflight"
"CC2-00487","PF-B03","父母距离与亲属支持","SC-S2-04","房/居住/地点","SC-S1-03","稳定交往","SC-S3-04","大额财务事件","NF-N1-11","家庭投入/家庭边界","Fit / conditional","N3-03/N3-04","当「父母距离与亲属支持」进入「稳定交往」的「房/居住/地点」，遇到「大额财务事件」时，对重视「家庭投入/家庭边界」的人意味着什么？","constrained_mapping_v0.2","semantic_preflight"
"CC2-00488","PF-B03","父母距离与亲属支持","SC-S2-04","房/居住/地点","SC-S1-03","稳定交往","SC-S3-04","大额财务事件","NF-N1-07","公平/可靠/合作","Conditional / gate","N3-02/N3-03","当「父母距离与亲属支持」进入「稳定交往」的「房/居住/地点」，遇到「大额财务事件」时，对重视「公平/可靠/合作」的人意味着什么？","constrained_mapping_v0.2","semantic_preflight"
"CC2-00489","PF-B03","父母距离与亲属支持","SC-S2-04","房/居住/地点","SC-S1-03","稳定交往","SC-S3-04","大额财务事件","NF-N1-04","自主/空间/自由","Ideal range / fit","N3-04","当「父母距离与亲属支持」进入「稳定交往」的「房/居住/地点」，遇到「大额财务事件」时，对重视「自主/空间/自由」的人意味着什么？","constrained_mapping_v0.2","semantic_preflight"
"CC2-00490","PF-B03","父母距离与亲属支持","SC-S2-04","房/居住/地点","SC-S1-03","稳定交往","SC-S3-05","居住/迁移变化","NF-N1-11","家庭投入/家庭边界","Fit / conditional","N3-03/N3-04","当「父母距离与亲属支持」进入「稳定交往」的「房/居住/地点」，遇到「居住/迁移变化」时，对重视「家庭投入/家庭边界」的人意味着什么？","constrained_mapping_v0.2","semantic_preflight"
"CC2-00491","PF-B03","父母距离与亲属支持","SC-S2-04","房/居住/地点","SC-S1-03","稳定交往","SC-S3-05","居住/迁移变化","NF-N1-07","公平/可靠/合作","Conditional / gate","N3-02/N3-03","当「父母距离与亲属支持」进入「稳定交往」的「房/居住/地点」，遇到「居住/迁移变化」时，对重视「公平/可靠/合作」的人意味着什么？","constrained_mapping_v0.2","semantic_preflight"
"CC2-00492","PF-B03","父母距离与亲属支持","SC-S2-04","房/居住/地点","SC-S1-03","稳定交往","SC-S3-05","居住/迁移变化","NF-N1-04","自主/空间/自由","Ideal range / fit","N3-04","当「父母距离与亲属支持」进入「稳定交往」的「房/居住/地点」，遇到「居住/迁移变化」时，对重视「自主/空间/自由」的人意味着什么？","constrained_mapping_v0.2","semantic_preflight"
"CC2-00493","PF-B03","父母距离与亲属支持","SC-S2-04","房/居住/地点","SC-S1-05","结婚/建立家庭","SC-S3-04","大额财务事件","NF-N1-11","家庭投入/家庭边界","Fit / conditional","N3-03/N3-04","当「父母距离与亲属支持」进入「结婚/建立家庭」的「房/居住/地点」，遇到「大额财务事件」时，对重视「家庭投入/家庭边界」的人意味着什么？","constrained_mapping_v0.2","semantic_preflight"
"CC2-00494","PF-B03","父母距离与亲属支持","SC-S2-04","房/居住/地点","SC-S1-05","结婚/建立家庭","SC-S3-04","大额财务事件","NF-N1-07","公平/可靠/合作","Conditional / gate","N3-02/N3-03","当「父母距离与亲属支持」进入「结婚/建立家庭」的「房/居住/地点」，遇到「大额财务事件」时，对重视「公平/可靠/合作」的人意味着什么？","constrained_mapping_v0.2","semantic_preflight"
"CC2-00495","PF-B03","父母距离与亲属支持","SC-S2-04","房/居住/地点","SC-S1-05","结婚/建立家庭","SC-S3-04","大额财务事件","NF-N1-04","自主/空间/自由","Ideal range / fit","N3-04","当「父母距离与亲属支持」进入「结婚/建立家庭」的「房/居住/地点」，遇到「大额财务事件」时，对重视「自主/空间/自由」的人意味着什么？","constrained_mapping_v0.2","semantic_preflight"
"CC2-00496","PF-B03","父母距离与亲属支持","SC-S2-04","房/居住/地点","SC-S1-05","结婚/建立家庭","SC-S3-05","居住/迁移变化","NF-N1-11","家庭投入/家庭边界","Fit / conditional","N3-03/N3-04","当「父母距离与亲属支持」进入「结婚/建立家庭」的「房/居住/地点」，遇到「居住/迁移变化」时，对重视「家庭投入/家庭边界」的人意味着什么？","constrained_mapping_v0.2","semantic_preflight"
"CC2-00497","PF-B03","父母距离与亲属支持","SC-S2-04","房/居住/地点","SC-S1-05","结婚/建立家庭","SC-S3-05","居住/迁移变化","NF-N1-07","公平/可靠/合作","Conditional / gate","N3-02/N3-03","当「父母距离与亲属支持」进入「结婚/建立家庭」的「房/居住/地点」，遇到「居住/迁移变化」时，对重视「公平/可靠/合作」的人意味着什么？","constrained_mapping_v0.2","semantic_preflight"
"CC2-00498","PF-B03","父母距离与亲属支持","SC-S2-04","房/居住/地点","SC-S1-05","结婚/建立家庭","SC-S3-05","居住/迁移变化","NF-N1-04","自主/空间/自由","Ideal range / fit","N3-04","当「父母距离与亲属支持」进入「结婚/建立家庭」的「房/居住/地点」，遇到「居住/迁移变化」时，对重视「自主/空间/自由」的人意味着什么？","constrained_mapping_v0.2","semantic_preflight"
"CC2-00499","PF-B03","父母距离与亲属支持","SC-S2-04","房/居住/地点","SC-S1-06","备孕/怀孕/生育","SC-S3-04","大额财务事件","NF-N1-11","家庭投入/家庭边界","Fit / conditional","N3-03/N3-04","当「父母距离与亲属支持」进入「备孕/怀孕/生育」的「房/居住/地点」，遇到「大额财务事件」时，对重视「家庭投入/家庭边界」的人意味着什么？","constrained_mapping_v0.2","semantic_preflight"
"CC2-00500","PF-B03","父母距离与亲属支持","SC-S2-04","房/居住/地点","SC-S1-06","备孕/怀孕/生育","SC-S3-04","大额财务事件","NF-N1-07","公平/可靠/合作","Conditional / gate","N3-02/N3-03","当「父母距离与亲属支持」进入「备孕/怀孕/生育」的「房/居住/地点」，遇到「大额财务事件」时，对重视「公平/可靠/合作」的人意味着什么？","constrained_mapping_v0.2","semantic_preflight"
"CC2-00501","PF-B03","父母距离与亲属支持","SC-S2-04","房/居住/地点","SC-S1-06","备孕/怀孕/生育","SC-S3-04","大额财务事件","NF-N1-04","自主/空间/自由","Ideal range / fit","N3-04","当「父母距离与亲属支持」进入「备孕/怀孕/生育」的「房/居住/地点」，遇到「大额财务事件」时，对重视「自主/空间/自由」的人意味着什么？","constrained_mapping_v0.2","semantic_preflight"
"CC2-00502","PF-B03","父母距离与亲属支持","SC-S2-04","房/居住/地点","SC-S1-06","备孕/怀孕/生育","SC-S3-05","居住/迁移变化","NF-N1-11","家庭投入/家庭边界","Fit / conditional","N3-03/N3-04","当「父母距离与亲属支持」进入「备孕/怀孕/生育」的「房/居住/地点」，遇到「居住/迁移变化」时，对重视「家庭投入/家庭边界」的人意味着什么？","constrained_mapping_v0.2","semantic_preflight"
"CC2-00503","PF-B03","父母距离与亲属支持","SC-S2-04","房/居住/地点","SC-S1-06","备孕/怀孕/生育","SC-S3-05","居住/迁移变化","NF-N1-07","公平/可靠/合作","Conditional / gate","N3-02/N3-03","当「父母距离与亲属支持」进入「备孕/怀孕/生育」的「房/居住/地点」，遇到「居住/迁移变化」时，对重视「公平/可靠/合作」的人意味着什么？","constrained_mapping_v0.2","semantic_preflight"
"CC2-00504","PF-B03","父母距离与亲属支持","SC-S2-04","房/居住/地点","SC-S1-06","备孕/怀孕/生育","SC-S3-05","居住/迁移变化","NF-N1-04","自主/空间/自由","Ideal range / fit","N3-04","当「父母距离与亲属支持」进入「备孕/怀孕/生育」的「房/居住/地点」，遇到「居住/迁移变化」时，对重视「自主/空间/自由」的人意味着什么？","constrained_mapping_v0.2","semantic_preflight"
"CC2-00505","PF-B03","父母距离与亲属支持","SC-S2-04","房/居住/地点","SC-S1-09","中年多重责任","SC-S3-04","大额财务事件","NF-N1-11","家庭投入/家庭边界","Fit / conditional","N3-03/N3-04","当「父母距离与亲属支持」进入「中年多重责任」的「房/居住/地点」，遇到「大额财务事件」时，对重视「家庭投入/家庭边界」的人意味着什么？","constrained_mapping_v0.2","semantic_preflight"
"CC2-00506","PF-B03","父母距离与亲属支持","SC-S2-04","房/居住/地点","SC-S1-09","中年多重责任","SC-S3-04","大额财务事件","NF-N1-07","公平/可靠/合作","Conditional / gate","N3-02/N3-03","当「父母距离与亲属支持」进入「中年多重责任」的「房/居住/地点」，遇到「大额财务事件」时，对重视「公平/可靠/合作」的人意味着什么？","constrained_mapping_v0.2","semantic_preflight"
"CC2-00507","PF-B03","父母距离与亲属支持","SC-S2-04","房/居住/地点","SC-S1-09","中年多重责任","SC-S3-04","大额财务事件","NF-N1-04","自主/空间/自由","Ideal range / fit","N3-04","当「父母距离与亲属支持」进入「中年多重责任」的「房/居住/地点」，遇到「大额财务事件」时，对重视「自主/空间/自由」的人意味着什么？","constrained_mapping_v0.2","semantic_preflight"
"CC2-00508","PF-B03","父母距离与亲属支持","SC-S2-04","房/居住/地点","SC-S1-09","中年多重责任","SC-S3-05","居住/迁移变化","NF-N1-11","家庭投入/家庭边界","Fit / conditional","N3-03/N3-04","当「父母距离与亲属支持」进入「中年多重责任」的「房/居住/地点」，遇到「居住/迁移变化」时，对重视「家庭投入/家庭边界」的人意味着什么？","constrained_mapping_v0.2","semantic_preflight"
"CC2-00509","PF-B03","父母距离与亲属支持","SC-S2-04","房/居住/地点","SC-S1-09","中年多重责任","SC-S3-05","居住/迁移变化","NF-N1-07","公平/可靠/合作","Conditional / gate","N3-02/N3-03","当「父母距离与亲属支持」进入「中年多重责任」的「房/居住/地点」，遇到「居住/迁移变化」时，对重视「公平/可靠/合作」的人意味着什么？","constrained_mapping_v0.2","semantic_preflight"
"CC2-00510","PF-B03","父母距离与亲属支持","SC-S2-04","房/居住/地点","SC-S1-09","中年多重责任","SC-S3-05","居住/迁移变化","NF-N1-04","自主/空间/自由","Ideal range / fit","N3-04","当「父母距离与亲属支持」进入「中年多重责任」的「房/居住/地点」，遇到「居住/迁移变化」时，对重视「自主/空间/自由」的人意味着什么？","constrained_mapping_v0.2","semantic_preflight"
"CC2-00511","PF-B05","当前现实负担","SC-S2-02","工作/事业/学习","SC-S1-02","恋爱/磨合","SC-S3-01","工作时间突变","NF-N1-05","安全/信任/可预测","Gate / conditional","N3-02/N3-06","当「当前现实负担」进入「恋爱/磨合」的「工作/事业/学习」，遇到「工作时间突变」时，对重视「安全/信任/可预测」的人意味着什么？","constrained_mapping_v0.2","semantic_preflight"
"CC2-00512","PF-B05","当前现实负担","SC-S2-02","工作/事业/学习","SC-S1-02","恋爱/磨合","SC-S3-01","工作时间突变","NF-N1-07","公平/可靠/合作","Conditional / gate","N3-02/N3-03","当「当前现实负担」进入「恋爱/磨合」的「工作/事业/学习」，遇到「工作时间突变」时，对重视「公平/可靠/合作」的人意味着什么？","constrained_mapping_v0.2","semantic_preflight"
"CC2-00513","PF-B05","当前现实负担","SC-S2-02","工作/事业/学习","SC-S1-02","恋爱/磨合","SC-S3-01","工作时间突变","NF-N1-03","被理解/被回应/被关心","Gate or conditional","N3-01","当「当前现实负担」进入「恋爱/磨合」的「工作/事业/学习」，遇到「工作时间突变」时，对重视「被理解/被回应/被关心」的人意味着什么？","constrained_mapping_v0.2","semantic_preflight"
"CC2-00514","PF-B05","当前现实负担","SC-S2-02","工作/事业/学习","SC-S1-02","恋爱/磨合","SC-S3-02","事业机会/职业转折","NF-N1-05","安全/信任/可预测","Gate / conditional","N3-02/N3-06","当「当前现实负担」进入「恋爱/磨合」的「工作/事业/学习」，遇到「事业机会/职业转折」时，对重视「安全/信任/可预测」的人意味着什么？","constrained_mapping_v0.2","semantic_preflight"
"CC2-00515","PF-B05","当前现实负担","SC-S2-02","工作/事业/学习","SC-S1-02","恋爱/磨合","SC-S3-02","事业机会/职业转折","NF-N1-07","公平/可靠/合作","Conditional / gate","N3-02/N3-03","当「当前现实负担」进入「恋爱/磨合」的「工作/事业/学习」，遇到「事业机会/职业转折」时，对重视「公平/可靠/合作」的人意味着什么？","constrained_mapping_v0.2","semantic_preflight"
"CC2-00516","PF-B05","当前现实负担","SC-S2-02","工作/事业/学习","SC-S1-02","恋爱/磨合","SC-S3-02","事业机会/职业转折","NF-N1-03","被理解/被回应/被关心","Gate or conditional","N3-01","当「当前现实负担」进入「恋爱/磨合」的「工作/事业/学习」，遇到「事业机会/职业转折」时，对重视「被理解/被回应/被关心」的人意味着什么？","constrained_mapping_v0.2","semantic_preflight"
"CC2-00517","PF-B05","当前现实负担","SC-S2-02","工作/事业/学习","SC-S1-05","结婚/建立家庭","SC-S3-01","工作时间突变","NF-N1-05","安全/信任/可预测","Gate / conditional","N3-02/N3-06","当「当前现实负担」进入「结婚/建立家庭」的「工作/事业/学习」，遇到「工作时间突变」时，对重视「安全/信任/可预测」的人意味着什么？","constrained_mapping_v0.2","semantic_preflight"
"CC2-00518","PF-B05","当前现实负担","SC-S2-02","工作/事业/学习","SC-S1-05","结婚/建立家庭","SC-S3-01","工作时间突变","NF-N1-07","公平/可靠/合作","Conditional / gate","N3-02/N3-03","当「当前现实负担」进入「结婚/建立家庭」的「工作/事业/学习」，遇到「工作时间突变」时，对重视「公平/可靠/合作」的人意味着什么？","constrained_mapping_v0.2","semantic_preflight"
"CC2-00519","PF-B05","当前现实负担","SC-S2-02","工作/事业/学习","SC-S1-05","结婚/建立家庭","SC-S3-01","工作时间突变","NF-N1-03","被理解/被回应/被关心","Gate or conditional","N3-01","当「当前现实负担」进入「结婚/建立家庭」的「工作/事业/学习」，遇到「工作时间突变」时，对重视「被理解/被回应/被关心」的人意味着什么？","constrained_mapping_v0.2","semantic_preflight"
"CC2-00520","PF-B05","当前现实负担","SC-S2-02","工作/事业/学习","SC-S1-05","结婚/建立家庭","SC-S3-02","事业机会/职业转折","NF-N1-05","安全/信任/可预测","Gate / conditional","N3-02/N3-06","当「当前现实负担」进入「结婚/建立家庭」的「工作/事业/学习」，遇到「事业机会/职业转折」时，对重视「安全/信任/可预测」的人意味着什么？","constrained_mapping_v0.2","semantic_preflight"
"CC2-00521","PF-B05","当前现实负担","SC-S2-02","工作/事业/学习","SC-S1-05","结婚/建立家庭","SC-S3-02","事业机会/职业转折","NF-N1-07","公平/可靠/合作","Conditional / gate","N3-02/N3-03","当「当前现实负担」进入「结婚/建立家庭」的「工作/事业/学习」，遇到「事业机会/职业转折」时，对重视「公平/可靠/合作」的人意味着什么？","constrained_mapping_v0.2","semantic_preflight"
"CC2-00522","PF-B05","当前现实负担","SC-S2-02","工作/事业/学习","SC-S1-05","结婚/建立家庭","SC-S3-02","事业机会/职业转折","NF-N1-03","被理解/被回应/被关心","Gate or conditional","N3-01","当「当前现实负担」进入「结婚/建立家庭」的「工作/事业/学习」，遇到「事业机会/职业转折」时，对重视「被理解/被回应/被关心」的人意味着什么？","constrained_mapping_v0.2","semantic_preflight"
"CC2-00523","PF-B05","当前现实负担","SC-S2-02","工作/事业/学习","SC-S1-09","中年多重责任","SC-S3-01","工作时间突变","NF-N1-05","安全/信任/可预测","Gate / conditional","N3-02/N3-06","当「当前现实负担」进入「中年多重责任」的「工作/事业/学习」，遇到「工作时间突变」时，对重视「安全/信任/可预测」的人意味着什么？","constrained_mapping_v0.2","semantic_preflight"
"CC2-00524","PF-B05","当前现实负担","SC-S2-02","工作/事业/学习","SC-S1-09","中年多重责任","SC-S3-01","工作时间突变","NF-N1-07","公平/可靠/合作","Conditional / gate","N3-02/N3-03","当「当前现实负担」进入「中年多重责任」的「工作/事业/学习」，遇到「工作时间突变」时，对重视「公平/可靠/合作」的人意味着什么？","constrained_mapping_v0.2","semantic_preflight"
"CC2-00525","PF-B05","当前现实负担","SC-S2-02","工作/事业/学习","SC-S1-09","中年多重责任","SC-S3-01","工作时间突变","NF-N1-03","被理解/被回应/被关心","Gate or conditional","N3-01","当「当前现实负担」进入「中年多重责任」的「工作/事业/学习」，遇到「工作时间突变」时，对重视「被理解/被回应/被关心」的人意味着什么？","constrained_mapping_v0.2","semantic_preflight"
"CC2-00526","PF-B05","当前现实负担","SC-S2-02","工作/事业/学习","SC-S1-09","中年多重责任","SC-S3-02","事业机会/职业转折","NF-N1-05","安全/信任/可预测","Gate / conditional","N3-02/N3-06","当「当前现实负担」进入「中年多重责任」的「工作/事业/学习」，遇到「事业机会/职业转折」时，对重视「安全/信任/可预测」的人意味着什么？","constrained_mapping_v0.2","semantic_preflight"
"CC2-00527","PF-B05","当前现实负担","SC-S2-02","工作/事业/学习","SC-S1-09","中年多重责任","SC-S3-02","事业机会/职业转折","NF-N1-07","公平/可靠/合作","Conditional / gate","N3-02/N3-03","当「当前现实负担」进入「中年多重责任」的「工作/事业/学习」，遇到「事业机会/职业转折」时，对重视「公平/可靠/合作」的人意味着什么？","constrained_mapping_v0.2","semantic_preflight"
"CC2-00528","PF-B05","当前现实负担","SC-S2-02","工作/事业/学习","SC-S1-09","中年多重责任","SC-S3-02","事业机会/职业转折","NF-N1-03","被理解/被回应/被关心","Gate or conditional","N3-01","当「当前现实负担」进入「中年多重责任」的「工作/事业/学习」，遇到「事业机会/职业转折」时，对重视「被理解/被回应/被关心」的人意味着什么？","constrained_mapping_v0.2","semantic_preflight"
"CC2-00529","PF-B05","当前现实负担","SC-S2-03","钱/财务","SC-S1-03","稳定交往","SC-S3-03","失业/收入下降","NF-N1-05","安全/信任/可预测","Gate / conditional","N3-02/N3-06","当「当前现实负担」进入「稳定交往」的「钱/财务」，遇到「失业/收入下降」时，对重视「安全/信任/可预测」的人意味着什么？","constrained_mapping_v0.2","semantic_preflight"
"CC2-00530","PF-B05","当前现实负担","SC-S2-03","钱/财务","SC-S1-03","稳定交往","SC-S3-03","失业/收入下降","NF-N1-07","公平/可靠/合作","Conditional / gate","N3-02/N3-03","当「当前现实负担」进入「稳定交往」的「钱/财务」，遇到「失业/收入下降」时，对重视「公平/可靠/合作」的人意味着什么？","constrained_mapping_v0.2","semantic_preflight"
"CC2-00531","PF-B05","当前现实负担","SC-S2-03","钱/财务","SC-S1-03","稳定交往","SC-S3-03","失业/收入下降","NF-N1-03","被理解/被回应/被关心","Gate or conditional","N3-01","当「当前现实负担」进入「稳定交往」的「钱/财务」，遇到「失业/收入下降」时，对重视「被理解/被回应/被关心」的人意味着什么？","constrained_mapping_v0.2","semantic_preflight"
"CC2-00532","PF-B05","当前现实负担","SC-S2-03","钱/财务","SC-S1-03","稳定交往","SC-S3-04","大额财务事件","NF-N1-05","安全/信任/可预测","Gate / conditional","N3-02/N3-06","当「当前现实负担」进入「稳定交往」的「钱/财务」，遇到「大额财务事件」时，对重视「安全/信任/可预测」的人意味着什么？","constrained_mapping_v0.2","semantic_preflight"
"CC2-00533","PF-B05","当前现实负担","SC-S2-03","钱/财务","SC-S1-03","稳定交往","SC-S3-04","大额财务事件","NF-N1-07","公平/可靠/合作","Conditional / gate","N3-02/N3-03","当「当前现实负担」进入「稳定交往」的「钱/财务」，遇到「大额财务事件」时，对重视「公平/可靠/合作」的人意味着什么？","constrained_mapping_v0.2","semantic_preflight"
"CC2-00534","PF-B05","当前现实负担","SC-S2-03","钱/财务","SC-S1-03","稳定交往","SC-S3-04","大额财务事件","NF-N1-03","被理解/被回应/被关心","Gate or conditional","N3-01","当「当前现实负担」进入「稳定交往」的「钱/财务」，遇到「大额财务事件」时，对重视「被理解/被回应/被关心」的人意味着什么？","constrained_mapping_v0.2","semantic_preflight"
"CC2-00535","PF-B05","当前现实负担","SC-S2-03","钱/财务","SC-S1-05","结婚/建立家庭","SC-S3-03","失业/收入下降","NF-N1-05","安全/信任/可预测","Gate / conditional","N3-02/N3-06","当「当前现实负担」进入「结婚/建立家庭」的「钱/财务」，遇到「失业/收入下降」时，对重视「安全/信任/可预测」的人意味着什么？","constrained_mapping_v0.2","semantic_preflight"
"CC2-00536","PF-B05","当前现实负担","SC-S2-03","钱/财务","SC-S1-05","结婚/建立家庭","SC-S3-03","失业/收入下降","NF-N1-07","公平/可靠/合作","Conditional / gate","N3-02/N3-03","当「当前现实负担」进入「结婚/建立家庭」的「钱/财务」，遇到「失业/收入下降」时，对重视「公平/可靠/合作」的人意味着什么？","constrained_mapping_v0.2","semantic_preflight"
"CC2-00537","PF-B05","当前现实负担","SC-S2-03","钱/财务","SC-S1-05","结婚/建立家庭","SC-S3-03","失业/收入下降","NF-N1-03","被理解/被回应/被关心","Gate or conditional","N3-01","当「当前现实负担」进入「结婚/建立家庭」的「钱/财务」，遇到「失业/收入下降」时，对重视「被理解/被回应/被关心」的人意味着什么？","constrained_mapping_v0.2","semantic_preflight"
"CC2-00538","PF-B05","当前现实负担","SC-S2-03","钱/财务","SC-S1-05","结婚/建立家庭","SC-S3-04","大额财务事件","NF-N1-05","安全/信任/可预测","Gate / conditional","N3-02/N3-06","当「当前现实负担」进入「结婚/建立家庭」的「钱/财务」，遇到「大额财务事件」时，对重视「安全/信任/可预测」的人意味着什么？","constrained_mapping_v0.2","semantic_preflight"
"CC2-00539","PF-B05","当前现实负担","SC-S2-03","钱/财务","SC-S1-05","结婚/建立家庭","SC-S3-04","大额财务事件","NF-N1-07","公平/可靠/合作","Conditional / gate","N3-02/N3-03","当「当前现实负担」进入「结婚/建立家庭」的「钱/财务」，遇到「大额财务事件」时，对重视「公平/可靠/合作」的人意味着什么？","constrained_mapping_v0.2","semantic_preflight"
"CC2-00540","PF-B05","当前现实负担","SC-S2-03","钱/财务","SC-S1-05","结婚/建立家庭","SC-S3-04","大额财务事件","NF-N1-03","被理解/被回应/被关心","Gate or conditional","N3-01","当「当前现实负担」进入「结婚/建立家庭」的「钱/财务」，遇到「大额财务事件」时，对重视「被理解/被回应/被关心」的人意味着什么？","constrained_mapping_v0.2","semantic_preflight"
"CC2-00541","PF-B05","当前现实负担","SC-S2-03","钱/财务","SC-S1-06","备孕/怀孕/生育","SC-S3-03","失业/收入下降","NF-N1-05","安全/信任/可预测","Gate / conditional","N3-02/N3-06","当「当前现实负担」进入「备孕/怀孕/生育」的「钱/财务」，遇到「失业/收入下降」时，对重视「安全/信任/可预测」的人意味着什么？","constrained_mapping_v0.2","semantic_preflight"
"CC2-00542","PF-B05","当前现实负担","SC-S2-03","钱/财务","SC-S1-06","备孕/怀孕/生育","SC-S3-03","失业/收入下降","NF-N1-07","公平/可靠/合作","Conditional / gate","N3-02/N3-03","当「当前现实负担」进入「备孕/怀孕/生育」的「钱/财务」，遇到「失业/收入下降」时，对重视「公平/可靠/合作」的人意味着什么？","constrained_mapping_v0.2","semantic_preflight"
"CC2-00543","PF-B05","当前现实负担","SC-S2-03","钱/财务","SC-S1-06","备孕/怀孕/生育","SC-S3-03","失业/收入下降","NF-N1-03","被理解/被回应/被关心","Gate or conditional","N3-01","当「当前现实负担」进入「备孕/怀孕/生育」的「钱/财务」，遇到「失业/收入下降」时，对重视「被理解/被回应/被关心」的人意味着什么？","constrained_mapping_v0.2","semantic_preflight"
"CC2-00544","PF-B05","当前现实负担","SC-S2-03","钱/财务","SC-S1-06","备孕/怀孕/生育","SC-S3-04","大额财务事件","NF-N1-05","安全/信任/可预测","Gate / conditional","N3-02/N3-06","当「当前现实负担」进入「备孕/怀孕/生育」的「钱/财务」，遇到「大额财务事件」时，对重视「安全/信任/可预测」的人意味着什么？","constrained_mapping_v0.2","semantic_preflight"
"CC2-00545","PF-B05","当前现实负担","SC-S2-03","钱/财务","SC-S1-06","备孕/怀孕/生育","SC-S3-04","大额财务事件","NF-N1-07","公平/可靠/合作","Conditional / gate","N3-02/N3-03","当「当前现实负担」进入「备孕/怀孕/生育」的「钱/财务」，遇到「大额财务事件」时，对重视「公平/可靠/合作」的人意味着什么？","constrained_mapping_v0.2","semantic_preflight"
"CC2-00546","PF-B05","当前现实负担","SC-S2-03","钱/财务","SC-S1-06","备孕/怀孕/生育","SC-S3-04","大额财务事件","NF-N1-03","被理解/被回应/被关心","Gate or conditional","N3-01","当「当前现实负担」进入「备孕/怀孕/生育」的「钱/财务」，遇到「大额财务事件」时，对重视「被理解/被回应/被关心」的人意味着什么？","constrained_mapping_v0.2","semantic_preflight"
"CC2-00547","PF-B05","当前现实负担","SC-S2-03","钱/财务","SC-S1-07","婴幼儿照护","SC-S3-03","失业/收入下降","NF-N1-05","安全/信任/可预测","Gate / conditional","N3-02/N3-06","当「当前现实负担」进入「婴幼儿照护」的「钱/财务」，遇到「失业/收入下降」时，对重视「安全/信任/可预测」的人意味着什么？","constrained_mapping_v0.2","semantic_preflight"
"CC2-00548","PF-B05","当前现实负担","SC-S2-03","钱/财务","SC-S1-07","婴幼儿照护","SC-S3-03","失业/收入下降","NF-N1-07","公平/可靠/合作","Conditional / gate","N3-02/N3-03","当「当前现实负担」进入「婴幼儿照护」的「钱/财务」，遇到「失业/收入下降」时，对重视「公平/可靠/合作」的人意味着什么？","constrained_mapping_v0.2","semantic_preflight"
"CC2-00549","PF-B05","当前现实负担","SC-S2-03","钱/财务","SC-S1-07","婴幼儿照护","SC-S3-03","失业/收入下降","NF-N1-03","被理解/被回应/被关心","Gate or conditional","N3-01","当「当前现实负担」进入「婴幼儿照护」的「钱/财务」，遇到「失业/收入下降」时，对重视「被理解/被回应/被关心」的人意味着什么？","constrained_mapping_v0.2","semantic_preflight"
"CC2-00550","PF-B05","当前现实负担","SC-S2-03","钱/财务","SC-S1-07","婴幼儿照护","SC-S3-04","大额财务事件","NF-N1-05","安全/信任/可预测","Gate / conditional","N3-02/N3-06","当「当前现实负担」进入「婴幼儿照护」的「钱/财务」，遇到「大额财务事件」时，对重视「安全/信任/可预测」的人意味着什么？","constrained_mapping_v0.2","semantic_preflight"
"CC2-00551","PF-B05","当前现实负担","SC-S2-03","钱/财务","SC-S1-07","婴幼儿照护","SC-S3-04","大额财务事件","NF-N1-07","公平/可靠/合作","Conditional / gate","N3-02/N3-03","当「当前现实负担」进入「婴幼儿照护」的「钱/财务」，遇到「大额财务事件」时，对重视「公平/可靠/合作」的人意味着什么？","constrained_mapping_v0.2","semantic_preflight"
"CC2-00552","PF-B05","当前现实负担","SC-S2-03","钱/财务","SC-S1-07","婴幼儿照护","SC-S3-04","大额财务事件","NF-N1-03","被理解/被回应/被关心","Gate or conditional","N3-01","当「当前现实负担」进入「婴幼儿照护」的「钱/财务」，遇到「大额财务事件」时，对重视「被理解/被回应/被关心」的人意味着什么？","constrained_mapping_v0.2","semantic_preflight"
"CC2-00553","PF-B05","当前现实负担","SC-S2-11","健康/疾病/照护","SC-S1-03","稳定交往","SC-S3-08","本人健康变化","NF-N1-05","安全/信任/可预测","Gate / conditional","N3-02/N3-06","当「当前现实负担」进入「稳定交往」的「健康/疾病/照护」，遇到「本人健康变化」时，对重视「安全/信任/可预测」的人意味着什么？","constrained_mapping_v0.2","semantic_preflight"
"CC2-00554","PF-B05","当前现实负担","SC-S2-11","健康/疾病/照护","SC-S1-03","稳定交往","SC-S3-08","本人健康变化","NF-N1-07","公平/可靠/合作","Conditional / gate","N3-02/N3-03","当「当前现实负担」进入「稳定交往」的「健康/疾病/照护」，遇到「本人健康变化」时，对重视「公平/可靠/合作」的人意味着什么？","constrained_mapping_v0.2","semantic_preflight"
"CC2-00555","PF-B05","当前现实负担","SC-S2-11","健康/疾病/照护","SC-S1-03","稳定交往","SC-S3-08","本人健康变化","NF-N1-03","被理解/被回应/被关心","Gate or conditional","N3-01","当「当前现实负担」进入「稳定交往」的「健康/疾病/照护」，遇到「本人健康变化」时，对重视「被理解/被回应/被关心」的人意味着什么？","constrained_mapping_v0.2","semantic_preflight"
"CC2-00556","PF-B05","当前现实负担","SC-S2-11","健康/疾病/照护","SC-S1-03","稳定交往","SC-S3-07","父母责任变化","NF-N1-05","安全/信任/可预测","Gate / conditional","N3-02/N3-06","当「当前现实负担」进入「稳定交往」的「健康/疾病/照护」，遇到「父母责任变化」时，对重视「安全/信任/可预测」的人意味着什么？","constrained_mapping_v0.2","semantic_preflight"
"CC2-00557","PF-B05","当前现实负担","SC-S2-11","健康/疾病/照护","SC-S1-03","稳定交往","SC-S3-07","父母责任变化","NF-N1-07","公平/可靠/合作","Conditional / gate","N3-02/N3-03","当「当前现实负担」进入「稳定交往」的「健康/疾病/照护」，遇到「父母责任变化」时，对重视「公平/可靠/合作」的人意味着什么？","constrained_mapping_v0.2","semantic_preflight"
"CC2-00558","PF-B05","当前现实负担","SC-S2-11","健康/疾病/照护","SC-S1-03","稳定交往","SC-S3-07","父母责任变化","NF-N1-03","被理解/被回应/被关心","Gate or conditional","N3-01","当「当前现实负担」进入「稳定交往」的「健康/疾病/照护」，遇到「父母责任变化」时，对重视「被理解/被回应/被关心」的人意味着什么？","constrained_mapping_v0.2","semantic_preflight"
"CC2-00559","PF-B05","当前现实负担","SC-S2-11","健康/疾病/照护","SC-S1-06","备孕/怀孕/生育","SC-S3-08","本人健康变化","NF-N1-05","安全/信任/可预测","Gate / conditional","N3-02/N3-06","当「当前现实负担」进入「备孕/怀孕/生育」的「健康/疾病/照护」，遇到「本人健康变化」时，对重视「安全/信任/可预测」的人意味着什么？","constrained_mapping_v0.2","semantic_preflight"
"CC2-00560","PF-B05","当前现实负担","SC-S2-11","健康/疾病/照护","SC-S1-06","备孕/怀孕/生育","SC-S3-08","本人健康变化","NF-N1-07","公平/可靠/合作","Conditional / gate","N3-02/N3-03","当「当前现实负担」进入「备孕/怀孕/生育」的「健康/疾病/照护」，遇到「本人健康变化」时，对重视「公平/可靠/合作」的人意味着什么？","constrained_mapping_v0.2","semantic_preflight"
"CC2-00561","PF-B05","当前现实负担","SC-S2-11","健康/疾病/照护","SC-S1-06","备孕/怀孕/生育","SC-S3-08","本人健康变化","NF-N1-03","被理解/被回应/被关心","Gate or conditional","N3-01","当「当前现实负担」进入「备孕/怀孕/生育」的「健康/疾病/照护」，遇到「本人健康变化」时，对重视「被理解/被回应/被关心」的人意味着什么？","constrained_mapping_v0.2","semantic_preflight"
"CC2-00562","PF-B05","当前现实负担","SC-S2-11","健康/疾病/照护","SC-S1-06","备孕/怀孕/生育","SC-S3-07","父母责任变化","NF-N1-05","安全/信任/可预测","Gate / conditional","N3-02/N3-06","当「当前现实负担」进入「备孕/怀孕/生育」的「健康/疾病/照护」，遇到「父母责任变化」时，对重视「安全/信任/可预测」的人意味着什么？","constrained_mapping_v0.2","semantic_preflight"
"CC2-00563","PF-B05","当前现实负担","SC-S2-11","健康/疾病/照护","SC-S1-06","备孕/怀孕/生育","SC-S3-07","父母责任变化","NF-N1-07","公平/可靠/合作","Conditional / gate","N3-02/N3-03","当「当前现实负担」进入「备孕/怀孕/生育」的「健康/疾病/照护」，遇到「父母责任变化」时，对重视「公平/可靠/合作」的人意味着什么？","constrained_mapping_v0.2","semantic_preflight"
"CC2-00564","PF-B05","当前现实负担","SC-S2-11","健康/疾病/照护","SC-S1-06","备孕/怀孕/生育","SC-S3-07","父母责任变化","NF-N1-03","被理解/被回应/被关心","Gate or conditional","N3-01","当「当前现实负担」进入「备孕/怀孕/生育」的「健康/疾病/照护」，遇到「父母责任变化」时，对重视「被理解/被回应/被关心」的人意味着什么？","constrained_mapping_v0.2","semantic_preflight"
"CC2-00565","PF-B05","当前现实负担","SC-S2-11","健康/疾病/照护","SC-S1-07","婴幼儿照护","SC-S3-08","本人健康变化","NF-N1-05","安全/信任/可预测","Gate / conditional","N3-02/N3-06","当「当前现实负担」进入「婴幼儿照护」的「健康/疾病/照护」，遇到「本人健康变化」时，对重视「安全/信任/可预测」的人意味着什么？","constrained_mapping_v0.2","semantic_preflight"
"CC2-00566","PF-B05","当前现实负担","SC-S2-11","健康/疾病/照护","SC-S1-07","婴幼儿照护","SC-S3-08","本人健康变化","NF-N1-07","公平/可靠/合作","Conditional / gate","N3-02/N3-03","当「当前现实负担」进入「婴幼儿照护」的「健康/疾病/照护」，遇到「本人健康变化」时，对重视「公平/可靠/合作」的人意味着什么？","constrained_mapping_v0.2","semantic_preflight"
"CC2-00567","PF-B05","当前现实负担","SC-S2-11","健康/疾病/照护","SC-S1-07","婴幼儿照护","SC-S3-08","本人健康变化","NF-N1-03","被理解/被回应/被关心","Gate or conditional","N3-01","当「当前现实负担」进入「婴幼儿照护」的「健康/疾病/照护」，遇到「本人健康变化」时，对重视「被理解/被回应/被关心」的人意味着什么？","constrained_mapping_v0.2","semantic_preflight"
"CC2-00568","PF-B05","当前现实负担","SC-S2-11","健康/疾病/照护","SC-S1-07","婴幼儿照护","SC-S3-07","父母责任变化","NF-N1-05","安全/信任/可预测","Gate / conditional","N3-02/N3-06","当「当前现实负担」进入「婴幼儿照护」的「健康/疾病/照护」，遇到「父母责任变化」时，对重视「安全/信任/可预测」的人意味着什么？","constrained_mapping_v0.2","semantic_preflight"
"CC2-00569","PF-B05","当前现实负担","SC-S2-11","健康/疾病/照护","SC-S1-07","婴幼儿照护","SC-S3-07","父母责任变化","NF-N1-07","公平/可靠/合作","Conditional / gate","N3-02/N3-03","当「当前现实负担」进入「婴幼儿照护」的「健康/疾病/照护」，遇到「父母责任变化」时，对重视「公平/可靠/合作」的人意味着什么？","constrained_mapping_v0.2","semantic_preflight"
"CC2-00570","PF-B05","当前现实负担","SC-S2-11","健康/疾病/照护","SC-S1-07","婴幼儿照护","SC-S3-07","父母责任变化","NF-N1-03","被理解/被回应/被关心","Gate or conditional","N3-01","当「当前现实负担」进入「婴幼儿照护」的「健康/疾病/照护」，遇到「父母责任变化」时，对重视「被理解/被回应/被关心」的人意味着什么？","constrained_mapping_v0.2","semantic_preflight"
"CC2-00571","PF-B05","当前现实负担","SC-S2-11","健康/疾病/照护","SC-S1-10","退休/老年/长期照护","SC-S3-08","本人健康变化","NF-N1-05","安全/信任/可预测","Gate / conditional","N3-02/N3-06","当「当前现实负担」进入「退休/老年/长期照护」的「健康/疾病/照护」，遇到「本人健康变化」时，对重视「安全/信任/可预测」的人意味着什么？","constrained_mapping_v0.2","semantic_preflight"
"CC2-00572","PF-B05","当前现实负担","SC-S2-11","健康/疾病/照护","SC-S1-10","退休/老年/长期照护","SC-S3-08","本人健康变化","NF-N1-07","公平/可靠/合作","Conditional / gate","N3-02/N3-03","当「当前现实负担」进入「退休/老年/长期照护」的「健康/疾病/照护」，遇到「本人健康变化」时，对重视「公平/可靠/合作」的人意味着什么？","constrained_mapping_v0.2","semantic_preflight"
"CC2-00573","PF-B05","当前现实负担","SC-S2-11","健康/疾病/照护","SC-S1-10","退休/老年/长期照护","SC-S3-08","本人健康变化","NF-N1-03","被理解/被回应/被关心","Gate or conditional","N3-01","当「当前现实负担」进入「退休/老年/长期照护」的「健康/疾病/照护」，遇到「本人健康变化」时，对重视「被理解/被回应/被关心」的人意味着什么？","constrained_mapping_v0.2","semantic_preflight"
"CC2-00574","PF-B05","当前现实负担","SC-S2-11","健康/疾病/照护","SC-S1-10","退休/老年/长期照护","SC-S3-07","父母责任变化","NF-N1-05","安全/信任/可预测","Gate / conditional","N3-02/N3-06","当「当前现实负担」进入「退休/老年/长期照护」的「健康/疾病/照护」，遇到「父母责任变化」时，对重视「安全/信任/可预测」的人意味着什么？","constrained_mapping_v0.2","semantic_preflight"
"CC2-00575","PF-B05","当前现实负担","SC-S2-11","健康/疾病/照护","SC-S1-10","退休/老年/长期照护","SC-S3-07","父母责任变化","NF-N1-07","公平/可靠/合作","Conditional / gate","N3-02/N3-03","当「当前现实负担」进入「退休/老年/长期照护」的「健康/疾病/照护」，遇到「父母责任变化」时，对重视「公平/可靠/合作」的人意味着什么？","constrained_mapping_v0.2","semantic_preflight"
"CC2-00576","PF-B05","当前现实负担","SC-S2-11","健康/疾病/照护","SC-S1-10","退休/老年/长期照护","SC-S3-07","父母责任变化","NF-N1-03","被理解/被回应/被关心","Gate or conditional","N3-01","当「当前现实负担」进入「退休/老年/长期照护」的「健康/疾病/照护」，遇到「父母责任变化」时，对重视「被理解/被回应/被关心」的人意味着什么？","constrained_mapping_v0.2","semantic_preflight"
"CC2-00577","PF-B06","职业环境约束","SC-S2-02","工作/事业/学习","SC-S1-02","恋爱/磨合","SC-S3-01","工作时间突变","NF-N1-02","陪伴/连接/归属","Ideal range / conditional","N3-01/N3-05","当「职业环境约束」进入「恋爱/磨合」的「工作/事业/学习」，遇到「工作时间突变」时，对重视「陪伴/连接/归属」的人意味着什么？","constrained_mapping_v0.2","semantic_preflight"
"CC2-00578","PF-B06","职业环境约束","SC-S2-02","工作/事业/学习","SC-S1-02","恋爱/磨合","SC-S3-01","工作时间突变","NF-N1-05","安全/信任/可预测","Gate / conditional","N3-02/N3-06","当「职业环境约束」进入「恋爱/磨合」的「工作/事业/学习」，遇到「工作时间突变」时，对重视「安全/信任/可预测」的人意味着什么？","constrained_mapping_v0.2","semantic_preflight"
"CC2-00579","PF-B06","职业环境约束","SC-S2-02","工作/事业/学习","SC-S1-02","恋爱/磨合","SC-S3-01","工作时间突变","NF-N1-12","价值/人生方向/未来一致性","Gate / fit","N3-06/N3-07","当「职业环境约束」进入「恋爱/磨合」的「工作/事业/学习」，遇到「工作时间突变」时，对重视「价值/人生方向/未来一致性」的人意味着什么？","constrained_mapping_v0.2","semantic_preflight"
"CC2-00580","PF-B06","职业环境约束","SC-S2-02","工作/事业/学习","SC-S1-02","恋爱/磨合","SC-S3-02","事业机会/职业转折","NF-N1-02","陪伴/连接/归属","Ideal range / conditional","N3-01/N3-05","当「职业环境约束」进入「恋爱/磨合」的「工作/事业/学习」，遇到「事业机会/职业转折」时，对重视「陪伴/连接/归属」的人意味着什么？","constrained_mapping_v0.2","semantic_preflight"
"CC2-00581","PF-B06","职业环境约束","SC-S2-02","工作/事业/学习","SC-S1-02","恋爱/磨合","SC-S3-02","事业机会/职业转折","NF-N1-05","安全/信任/可预测","Gate / conditional","N3-02/N3-06","当「职业环境约束」进入「恋爱/磨合」的「工作/事业/学习」，遇到「事业机会/职业转折」时，对重视「安全/信任/可预测」的人意味着什么？","constrained_mapping_v0.2","semantic_preflight"
"CC2-00582","PF-B06","职业环境约束","SC-S2-02","工作/事业/学习","SC-S1-02","恋爱/磨合","SC-S3-02","事业机会/职业转折","NF-N1-12","价值/人生方向/未来一致性","Gate / fit","N3-06/N3-07","当「职业环境约束」进入「恋爱/磨合」的「工作/事业/学习」，遇到「事业机会/职业转折」时，对重视「价值/人生方向/未来一致性」的人意味着什么？","constrained_mapping_v0.2","semantic_preflight"
"CC2-00583","PF-B06","职业环境约束","SC-S2-02","工作/事业/学习","SC-S1-05","结婚/建立家庭","SC-S3-01","工作时间突变","NF-N1-02","陪伴/连接/归属","Ideal range / conditional","N3-01/N3-05","当「职业环境约束」进入「结婚/建立家庭」的「工作/事业/学习」，遇到「工作时间突变」时，对重视「陪伴/连接/归属」的人意味着什么？","constrained_mapping_v0.2","semantic_preflight"
"CC2-00584","PF-B06","职业环境约束","SC-S2-02","工作/事业/学习","SC-S1-05","结婚/建立家庭","SC-S3-01","工作时间突变","NF-N1-05","安全/信任/可预测","Gate / conditional","N3-02/N3-06","当「职业环境约束」进入「结婚/建立家庭」的「工作/事业/学习」，遇到「工作时间突变」时，对重视「安全/信任/可预测」的人意味着什么？","constrained_mapping_v0.2","semantic_preflight"
"CC2-00585","PF-B06","职业环境约束","SC-S2-02","工作/事业/学习","SC-S1-05","结婚/建立家庭","SC-S3-01","工作时间突变","NF-N1-12","价值/人生方向/未来一致性","Gate / fit","N3-06/N3-07","当「职业环境约束」进入「结婚/建立家庭」的「工作/事业/学习」，遇到「工作时间突变」时，对重视「价值/人生方向/未来一致性」的人意味着什么？","constrained_mapping_v0.2","semantic_preflight"
"CC2-00586","PF-B06","职业环境约束","SC-S2-02","工作/事业/学习","SC-S1-05","结婚/建立家庭","SC-S3-02","事业机会/职业转折","NF-N1-02","陪伴/连接/归属","Ideal range / conditional","N3-01/N3-05","当「职业环境约束」进入「结婚/建立家庭」的「工作/事业/学习」，遇到「事业机会/职业转折」时，对重视「陪伴/连接/归属」的人意味着什么？","constrained_mapping_v0.2","semantic_preflight"
"CC2-00587","PF-B06","职业环境约束","SC-S2-02","工作/事业/学习","SC-S1-05","结婚/建立家庭","SC-S3-02","事业机会/职业转折","NF-N1-05","安全/信任/可预测","Gate / conditional","N3-02/N3-06","当「职业环境约束」进入「结婚/建立家庭」的「工作/事业/学习」，遇到「事业机会/职业转折」时，对重视「安全/信任/可预测」的人意味着什么？","constrained_mapping_v0.2","semantic_preflight"
"CC2-00588","PF-B06","职业环境约束","SC-S2-02","工作/事业/学习","SC-S1-05","结婚/建立家庭","SC-S3-02","事业机会/职业转折","NF-N1-12","价值/人生方向/未来一致性","Gate / fit","N3-06/N3-07","当「职业环境约束」进入「结婚/建立家庭」的「工作/事业/学习」，遇到「事业机会/职业转折」时，对重视「价值/人生方向/未来一致性」的人意味着什么？","constrained_mapping_v0.2","semantic_preflight"
"CC2-00589","PF-B06","职业环境约束","SC-S2-02","工作/事业/学习","SC-S1-09","中年多重责任","SC-S3-01","工作时间突变","NF-N1-02","陪伴/连接/归属","Ideal range / conditional","N3-01/N3-05","当「职业环境约束」进入「中年多重责任」的「工作/事业/学习」，遇到「工作时间突变」时，对重视「陪伴/连接/归属」的人意味着什么？","constrained_mapping_v0.2","semantic_preflight"
"CC2-00590","PF-B06","职业环境约束","SC-S2-02","工作/事业/学习","SC-S1-09","中年多重责任","SC-S3-01","工作时间突变","NF-N1-05","安全/信任/可预测","Gate / conditional","N3-02/N3-06","当「职业环境约束」进入「中年多重责任」的「工作/事业/学习」，遇到「工作时间突变」时，对重视「安全/信任/可预测」的人意味着什么？","constrained_mapping_v0.2","semantic_preflight"
"CC2-00591","PF-B06","职业环境约束","SC-S2-02","工作/事业/学习","SC-S1-09","中年多重责任","SC-S3-01","工作时间突变","NF-N1-12","价值/人生方向/未来一致性","Gate / fit","N3-06/N3-07","当「职业环境约束」进入「中年多重责任」的「工作/事业/学习」，遇到「工作时间突变」时，对重视「价值/人生方向/未来一致性」的人意味着什么？","constrained_mapping_v0.2","semantic_preflight"
"CC2-00592","PF-B06","职业环境约束","SC-S2-02","工作/事业/学习","SC-S1-09","中年多重责任","SC-S3-02","事业机会/职业转折","NF-N1-02","陪伴/连接/归属","Ideal range / conditional","N3-01/N3-05","当「职业环境约束」进入「中年多重责任」的「工作/事业/学习」，遇到「事业机会/职业转折」时，对重视「陪伴/连接/归属」的人意味着什么？","constrained_mapping_v0.2","semantic_preflight"
"CC2-00593","PF-B06","职业环境约束","SC-S2-02","工作/事业/学习","SC-S1-09","中年多重责任","SC-S3-02","事业机会/职业转折","NF-N1-05","安全/信任/可预测","Gate / conditional","N3-02/N3-06","当「职业环境约束」进入「中年多重责任」的「工作/事业/学习」，遇到「事业机会/职业转折」时，对重视「安全/信任/可预测」的人意味着什么？","constrained_mapping_v0.2","semantic_preflight"
"CC2-00594","PF-B06","职业环境约束","SC-S2-02","工作/事业/学习","SC-S1-09","中年多重责任","SC-S3-02","事业机会/职业转折","NF-N1-12","价值/人生方向/未来一致性","Gate / fit","N3-06/N3-07","当「职业环境约束」进入「中年多重责任」的「工作/事业/学习」，遇到「事业机会/职业转折」时，对重视「价值/人生方向/未来一致性」的人意味着什么？","constrained_mapping_v0.2","semantic_preflight"
"CC2-00595","PF-B06","职业环境约束","SC-S2-01","日常作息与生活管理","SC-S1-02","恋爱/磨合","SC-S3-01","工作时间突变","NF-N1-02","陪伴/连接/归属","Ideal range / conditional","N3-01/N3-05","当「职业环境约束」进入「恋爱/磨合」的「日常作息与生活管理」，遇到「工作时间突变」时，对重视「陪伴/连接/归属」的人意味着什么？","constrained_mapping_v0.2","semantic_preflight"
"CC2-00596","PF-B06","职业环境约束","SC-S2-01","日常作息与生活管理","SC-S1-02","恋爱/磨合","SC-S3-01","工作时间突变","NF-N1-05","安全/信任/可预测","Gate / conditional","N3-02/N3-06","当「职业环境约束」进入「恋爱/磨合」的「日常作息与生活管理」，遇到「工作时间突变」时，对重视「安全/信任/可预测」的人意味着什么？","constrained_mapping_v0.2","semantic_preflight"
"CC2-00597","PF-B06","职业环境约束","SC-S2-01","日常作息与生活管理","SC-S1-02","恋爱/磨合","SC-S3-01","工作时间突变","NF-N1-12","价值/人生方向/未来一致性","Gate / fit","N3-06/N3-07","当「职业环境约束」进入「恋爱/磨合」的「日常作息与生活管理」，遇到「工作时间突变」时，对重视「价值/人生方向/未来一致性」的人意味着什么？","constrained_mapping_v0.2","semantic_preflight"
"CC2-00598","PF-B06","职业环境约束","SC-S2-01","日常作息与生活管理","SC-S1-02","恋爱/磨合","SC-S3-10","反复小问题累积","NF-N1-02","陪伴/连接/归属","Ideal range / conditional","N3-01/N3-05","当「职业环境约束」进入「恋爱/磨合」的「日常作息与生活管理」，遇到「反复小问题累积」时，对重视「陪伴/连接/归属」的人意味着什么？","constrained_mapping_v0.2","semantic_preflight"
"CC2-00599","PF-B06","职业环境约束","SC-S2-01","日常作息与生活管理","SC-S1-02","恋爱/磨合","SC-S3-10","反复小问题累积","NF-N1-05","安全/信任/可预测","Gate / conditional","N3-02/N3-06","当「职业环境约束」进入「恋爱/磨合」的「日常作息与生活管理」，遇到「反复小问题累积」时，对重视「安全/信任/可预测」的人意味着什么？","constrained_mapping_v0.2","semantic_preflight"
"CC2-00600","PF-B06","职业环境约束","SC-S2-01","日常作息与生活管理","SC-S1-02","恋爱/磨合","SC-S3-10","反复小问题累积","NF-N1-12","价值/人生方向/未来一致性","Gate / fit","N3-06/N3-07","当「职业环境约束」进入「恋爱/磨合」的「日常作息与生活管理」，遇到「反复小问题累积」时，对重视「价值/人生方向/未来一致性」的人意味着什么？","constrained_mapping_v0.2","semantic_preflight"
"CC2-00601","PF-B06","职业环境约束","SC-S2-01","日常作息与生活管理","SC-S1-04","同居/婚前","SC-S3-01","工作时间突变","NF-N1-02","陪伴/连接/归属","Ideal range / conditional","N3-01/N3-05","当「职业环境约束」进入「同居/婚前」的「日常作息与生活管理」，遇到「工作时间突变」时，对重视「陪伴/连接/归属」的人意味着什么？","constrained_mapping_v0.2","semantic_preflight"
"CC2-00602","PF-B06","职业环境约束","SC-S2-01","日常作息与生活管理","SC-S1-04","同居/婚前","SC-S3-01","工作时间突变","NF-N1-05","安全/信任/可预测","Gate / conditional","N3-02/N3-06","当「职业环境约束」进入「同居/婚前」的「日常作息与生活管理」，遇到「工作时间突变」时，对重视「安全/信任/可预测」的人意味着什么？","constrained_mapping_v0.2","semantic_preflight"
"CC2-00603","PF-B06","职业环境约束","SC-S2-01","日常作息与生活管理","SC-S1-04","同居/婚前","SC-S3-01","工作时间突变","NF-N1-12","价值/人生方向/未来一致性","Gate / fit","N3-06/N3-07","当「职业环境约束」进入「同居/婚前」的「日常作息与生活管理」，遇到「工作时间突变」时，对重视「价值/人生方向/未来一致性」的人意味着什么？","constrained_mapping_v0.2","semantic_preflight"
"CC2-00604","PF-B06","职业环境约束","SC-S2-01","日常作息与生活管理","SC-S1-04","同居/婚前","SC-S3-10","反复小问题累积","NF-N1-02","陪伴/连接/归属","Ideal range / conditional","N3-01/N3-05","当「职业环境约束」进入「同居/婚前」的「日常作息与生活管理」，遇到「反复小问题累积」时，对重视「陪伴/连接/归属」的人意味着什么？","constrained_mapping_v0.2","semantic_preflight"
"CC2-00605","PF-B06","职业环境约束","SC-S2-01","日常作息与生活管理","SC-S1-04","同居/婚前","SC-S3-10","反复小问题累积","NF-N1-05","安全/信任/可预测","Gate / conditional","N3-02/N3-06","当「职业环境约束」进入「同居/婚前」的「日常作息与生活管理」，遇到「反复小问题累积」时，对重视「安全/信任/可预测」的人意味着什么？","constrained_mapping_v0.2","semantic_preflight"
"CC2-00606","PF-B06","职业环境约束","SC-S2-01","日常作息与生活管理","SC-S1-04","同居/婚前","SC-S3-10","反复小问题累积","NF-N1-12","价值/人生方向/未来一致性","Gate / fit","N3-06/N3-07","当「职业环境约束」进入「同居/婚前」的「日常作息与生活管理」，遇到「反复小问题累积」时，对重视「价值/人生方向/未来一致性」的人意味着什么？","constrained_mapping_v0.2","semantic_preflight"
"CC2-00607","PF-B06","职业环境约束","SC-S2-01","日常作息与生活管理","SC-S1-07","婴幼儿照护","SC-S3-01","工作时间突变","NF-N1-02","陪伴/连接/归属","Ideal range / conditional","N3-01/N3-05","当「职业环境约束」进入「婴幼儿照护」的「日常作息与生活管理」，遇到「工作时间突变」时，对重视「陪伴/连接/归属」的人意味着什么？","constrained_mapping_v0.2","semantic_preflight"
"CC2-00608","PF-B06","职业环境约束","SC-S2-01","日常作息与生活管理","SC-S1-07","婴幼儿照护","SC-S3-01","工作时间突变","NF-N1-05","安全/信任/可预测","Gate / conditional","N3-02/N3-06","当「职业环境约束」进入「婴幼儿照护」的「日常作息与生活管理」，遇到「工作时间突变」时，对重视「安全/信任/可预测」的人意味着什么？","constrained_mapping_v0.2","semantic_preflight"
"CC2-00609","PF-B06","职业环境约束","SC-S2-01","日常作息与生活管理","SC-S1-07","婴幼儿照护","SC-S3-01","工作时间突变","NF-N1-12","价值/人生方向/未来一致性","Gate / fit","N3-06/N3-07","当「职业环境约束」进入「婴幼儿照护」的「日常作息与生活管理」，遇到「工作时间突变」时，对重视「价值/人生方向/未来一致性」的人意味着什么？","constrained_mapping_v0.2","semantic_preflight"
"CC2-00610","PF-B06","职业环境约束","SC-S2-01","日常作息与生活管理","SC-S1-07","婴幼儿照护","SC-S3-10","反复小问题累积","NF-N1-02","陪伴/连接/归属","Ideal range / conditional","N3-01/N3-05","当「职业环境约束」进入「婴幼儿照护」的「日常作息与生活管理」，遇到「反复小问题累积」时，对重视「陪伴/连接/归属」的人意味着什么？","constrained_mapping_v0.2","semantic_preflight"
"CC2-00611","PF-B06","职业环境约束","SC-S2-01","日常作息与生活管理","SC-S1-07","婴幼儿照护","SC-S3-10","反复小问题累积","NF-N1-05","安全/信任/可预测","Gate / conditional","N3-02/N3-06","当「职业环境约束」进入「婴幼儿照护」的「日常作息与生活管理」，遇到「反复小问题累积」时，对重视「安全/信任/可预测」的人意味着什么？","constrained_mapping_v0.2","semantic_preflight"
"CC2-00612","PF-B06","职业环境约束","SC-S2-01","日常作息与生活管理","SC-S1-07","婴幼儿照护","SC-S3-10","反复小问题累积","NF-N1-12","价值/人生方向/未来一致性","Gate / fit","N3-06/N3-07","当「职业环境约束」进入「婴幼儿照护」的「日常作息与生活管理」，遇到「反复小问题累积」时，对重视「价值/人生方向/未来一致性」的人意味着什么？","constrained_mapping_v0.2","semantic_preflight"
"CC2-00613","PF-B06","职业环境约束","SC-S2-04","房/居住/地点","SC-S1-03","稳定交往","SC-S3-04","大额财务事件","NF-N1-02","陪伴/连接/归属","Ideal range / conditional","N3-01/N3-05","当「职业环境约束」进入「稳定交往」的「房/居住/地点」，遇到「大额财务事件」时，对重视「陪伴/连接/归属」的人意味着什么？","constrained_mapping_v0.2","semantic_preflight"
"CC2-00614","PF-B06","职业环境约束","SC-S2-04","房/居住/地点","SC-S1-03","稳定交往","SC-S3-04","大额财务事件","NF-N1-05","安全/信任/可预测","Gate / conditional","N3-02/N3-06","当「职业环境约束」进入「稳定交往」的「房/居住/地点」，遇到「大额财务事件」时，对重视「安全/信任/可预测」的人意味着什么？","constrained_mapping_v0.2","semantic_preflight"
"CC2-00615","PF-B06","职业环境约束","SC-S2-04","房/居住/地点","SC-S1-03","稳定交往","SC-S3-04","大额财务事件","NF-N1-12","价值/人生方向/未来一致性","Gate / fit","N3-06/N3-07","当「职业环境约束」进入「稳定交往」的「房/居住/地点」，遇到「大额财务事件」时，对重视「价值/人生方向/未来一致性」的人意味着什么？","constrained_mapping_v0.2","semantic_preflight"
"CC2-00616","PF-B06","职业环境约束","SC-S2-04","房/居住/地点","SC-S1-03","稳定交往","SC-S3-05","居住/迁移变化","NF-N1-02","陪伴/连接/归属","Ideal range / conditional","N3-01/N3-05","当「职业环境约束」进入「稳定交往」的「房/居住/地点」，遇到「居住/迁移变化」时，对重视「陪伴/连接/归属」的人意味着什么？","constrained_mapping_v0.2","semantic_preflight"
"CC2-00617","PF-B06","职业环境约束","SC-S2-04","房/居住/地点","SC-S1-03","稳定交往","SC-S3-05","居住/迁移变化","NF-N1-05","安全/信任/可预测","Gate / conditional","N3-02/N3-06","当「职业环境约束」进入「稳定交往」的「房/居住/地点」，遇到「居住/迁移变化」时，对重视「安全/信任/可预测」的人意味着什么？","constrained_mapping_v0.2","semantic_preflight"
"CC2-00618","PF-B06","职业环境约束","SC-S2-04","房/居住/地点","SC-S1-03","稳定交往","SC-S3-05","居住/迁移变化","NF-N1-12","价值/人生方向/未来一致性","Gate / fit","N3-06/N3-07","当「职业环境约束」进入「稳定交往」的「房/居住/地点」，遇到「居住/迁移变化」时，对重视「价值/人生方向/未来一致性」的人意味着什么？","constrained_mapping_v0.2","semantic_preflight"
"CC2-00619","PF-B06","职业环境约束","SC-S2-04","房/居住/地点","SC-S1-05","结婚/建立家庭","SC-S3-04","大额财务事件","NF-N1-02","陪伴/连接/归属","Ideal range / conditional","N3-01/N3-05","当「职业环境约束」进入「结婚/建立家庭」的「房/居住/地点」，遇到「大额财务事件」时，对重视「陪伴/连接/归属」的人意味着什么？","constrained_mapping_v0.2","semantic_preflight"
"CC2-00620","PF-B06","职业环境约束","SC-S2-04","房/居住/地点","SC-S1-05","结婚/建立家庭","SC-S3-04","大额财务事件","NF-N1-05","安全/信任/可预测","Gate / conditional","N3-02/N3-06","当「职业环境约束」进入「结婚/建立家庭」的「房/居住/地点」，遇到「大额财务事件」时，对重视「安全/信任/可预测」的人意味着什么？","constrained_mapping_v0.2","semantic_preflight"
"CC2-00621","PF-B06","职业环境约束","SC-S2-04","房/居住/地点","SC-S1-05","结婚/建立家庭","SC-S3-04","大额财务事件","NF-N1-12","价值/人生方向/未来一致性","Gate / fit","N3-06/N3-07","当「职业环境约束」进入「结婚/建立家庭」的「房/居住/地点」，遇到「大额财务事件」时，对重视「价值/人生方向/未来一致性」的人意味着什么？","constrained_mapping_v0.2","semantic_preflight"
"CC2-00622","PF-B06","职业环境约束","SC-S2-04","房/居住/地点","SC-S1-05","结婚/建立家庭","SC-S3-05","居住/迁移变化","NF-N1-02","陪伴/连接/归属","Ideal range / conditional","N3-01/N3-05","当「职业环境约束」进入「结婚/建立家庭」的「房/居住/地点」，遇到「居住/迁移变化」时，对重视「陪伴/连接/归属」的人意味着什么？","constrained_mapping_v0.2","semantic_preflight"
"CC2-00623","PF-B06","职业环境约束","SC-S2-04","房/居住/地点","SC-S1-05","结婚/建立家庭","SC-S3-05","居住/迁移变化","NF-N1-05","安全/信任/可预测","Gate / conditional","N3-02/N3-06","当「职业环境约束」进入「结婚/建立家庭」的「房/居住/地点」，遇到「居住/迁移变化」时，对重视「安全/信任/可预测」的人意味着什么？","constrained_mapping_v0.2","semantic_preflight"
"CC2-00624","PF-B06","职业环境约束","SC-S2-04","房/居住/地点","SC-S1-05","结婚/建立家庭","SC-S3-05","居住/迁移变化","NF-N1-12","价值/人生方向/未来一致性","Gate / fit","N3-06/N3-07","当「职业环境约束」进入「结婚/建立家庭」的「房/居住/地点」，遇到「居住/迁移变化」时，对重视「价值/人生方向/未来一致性」的人意味着什么？","constrained_mapping_v0.2","semantic_preflight"
"CC2-00625","PF-B06","职业环境约束","SC-S2-04","房/居住/地点","SC-S1-06","备孕/怀孕/生育","SC-S3-04","大额财务事件","NF-N1-02","陪伴/连接/归属","Ideal range / conditional","N3-01/N3-05","当「职业环境约束」进入「备孕/怀孕/生育」的「房/居住/地点」，遇到「大额财务事件」时，对重视「陪伴/连接/归属」的人意味着什么？","constrained_mapping_v0.2","semantic_preflight"
"CC2-00626","PF-B06","职业环境约束","SC-S2-04","房/居住/地点","SC-S1-06","备孕/怀孕/生育","SC-S3-04","大额财务事件","NF-N1-05","安全/信任/可预测","Gate / conditional","N3-02/N3-06","当「职业环境约束」进入「备孕/怀孕/生育」的「房/居住/地点」，遇到「大额财务事件」时，对重视「安全/信任/可预测」的人意味着什么？","constrained_mapping_v0.2","semantic_preflight"
"CC2-00627","PF-B06","职业环境约束","SC-S2-04","房/居住/地点","SC-S1-06","备孕/怀孕/生育","SC-S3-04","大额财务事件","NF-N1-12","价值/人生方向/未来一致性","Gate / fit","N3-06/N3-07","当「职业环境约束」进入「备孕/怀孕/生育」的「房/居住/地点」，遇到「大额财务事件」时，对重视「价值/人生方向/未来一致性」的人意味着什么？","constrained_mapping_v0.2","semantic_preflight"
"CC2-00628","PF-B06","职业环境约束","SC-S2-04","房/居住/地点","SC-S1-06","备孕/怀孕/生育","SC-S3-05","居住/迁移变化","NF-N1-02","陪伴/连接/归属","Ideal range / conditional","N3-01/N3-05","当「职业环境约束」进入「备孕/怀孕/生育」的「房/居住/地点」，遇到「居住/迁移变化」时，对重视「陪伴/连接/归属」的人意味着什么？","constrained_mapping_v0.2","semantic_preflight"
"CC2-00629","PF-B06","职业环境约束","SC-S2-04","房/居住/地点","SC-S1-06","备孕/怀孕/生育","SC-S3-05","居住/迁移变化","NF-N1-05","安全/信任/可预测","Gate / conditional","N3-02/N3-06","当「职业环境约束」进入「备孕/怀孕/生育」的「房/居住/地点」，遇到「居住/迁移变化」时，对重视「安全/信任/可预测」的人意味着什么？","constrained_mapping_v0.2","semantic_preflight"
"CC2-00630","PF-B06","职业环境约束","SC-S2-04","房/居住/地点","SC-S1-06","备孕/怀孕/生育","SC-S3-05","居住/迁移变化","NF-N1-12","价值/人生方向/未来一致性","Gate / fit","N3-06/N3-07","当「职业环境约束」进入「备孕/怀孕/生育」的「房/居住/地点」，遇到「居住/迁移变化」时，对重视「价值/人生方向/未来一致性」的人意味着什么？","constrained_mapping_v0.2","semantic_preflight"
"CC2-00631","PF-B06","职业环境约束","SC-S2-04","房/居住/地点","SC-S1-09","中年多重责任","SC-S3-04","大额财务事件","NF-N1-02","陪伴/连接/归属","Ideal range / conditional","N3-01/N3-05","当「职业环境约束」进入「中年多重责任」的「房/居住/地点」，遇到「大额财务事件」时，对重视「陪伴/连接/归属」的人意味着什么？","constrained_mapping_v0.2","semantic_preflight"
"CC2-00632","PF-B06","职业环境约束","SC-S2-04","房/居住/地点","SC-S1-09","中年多重责任","SC-S3-04","大额财务事件","NF-N1-05","安全/信任/可预测","Gate / conditional","N3-02/N3-06","当「职业环境约束」进入「中年多重责任」的「房/居住/地点」，遇到「大额财务事件」时，对重视「安全/信任/可预测」的人意味着什么？","constrained_mapping_v0.2","semantic_preflight"
"CC2-00633","PF-B06","职业环境约束","SC-S2-04","房/居住/地点","SC-S1-09","中年多重责任","SC-S3-04","大额财务事件","NF-N1-12","价值/人生方向/未来一致性","Gate / fit","N3-06/N3-07","当「职业环境约束」进入「中年多重责任」的「房/居住/地点」，遇到「大额财务事件」时，对重视「价值/人生方向/未来一致性」的人意味着什么？","constrained_mapping_v0.2","semantic_preflight"
"CC2-00634","PF-B06","职业环境约束","SC-S2-04","房/居住/地点","SC-S1-09","中年多重责任","SC-S3-05","居住/迁移变化","NF-N1-02","陪伴/连接/归属","Ideal range / conditional","N3-01/N3-05","当「职业环境约束」进入「中年多重责任」的「房/居住/地点」，遇到「居住/迁移变化」时，对重视「陪伴/连接/归属」的人意味着什么？","constrained_mapping_v0.2","semantic_preflight"
"CC2-00635","PF-B06","职业环境约束","SC-S2-04","房/居住/地点","SC-S1-09","中年多重责任","SC-S3-05","居住/迁移变化","NF-N1-05","安全/信任/可预测","Gate / conditional","N3-02/N3-06","当「职业环境约束」进入「中年多重责任」的「房/居住/地点」，遇到「居住/迁移变化」时，对重视「安全/信任/可预测」的人意味着什么？","constrained_mapping_v0.2","semantic_preflight"
"CC2-00636","PF-B06","职业环境约束","SC-S2-04","房/居住/地点","SC-S1-09","中年多重责任","SC-S3-05","居住/迁移变化","NF-N1-12","价值/人生方向/未来一致性","Gate / fit","N3-06/N3-07","当「职业环境约束」进入「中年多重责任」的「房/居住/地点」，遇到「居住/迁移变化」时，对重视「价值/人生方向/未来一致性」的人意味着什么？","constrained_mapping_v0.2","semantic_preflight"
"CC2-00637","PF-D01","事业优先级","SC-S2-02","工作/事业/学习","SC-S1-02","恋爱/磨合","SC-S3-01","工作时间突变","NF-N1-08","成长/能力/目标支持","Fit / trade-off","N3-09","当「事业优先级」进入「恋爱/磨合」的「工作/事业/学习」，遇到「工作时间突变」时，对重视「成长/能力/目标支持」的人意味着什么？","constrained_mapping_v0.2","semantic_preflight"
"CC2-00638","PF-D01","事业优先级","SC-S2-02","工作/事业/学习","SC-S1-02","恋爱/磨合","SC-S3-01","工作时间突变","NF-N1-02","陪伴/连接/归属","Ideal range / conditional","N3-01/N3-05","当「事业优先级」进入「恋爱/磨合」的「工作/事业/学习」，遇到「工作时间突变」时，对重视「陪伴/连接/归属」的人意味着什么？","constrained_mapping_v0.2","semantic_preflight"
"CC2-00639","PF-D01","事业优先级","SC-S2-02","工作/事业/学习","SC-S1-02","恋爱/磨合","SC-S3-01","工作时间突变","NF-N1-07","公平/可靠/合作","Conditional / gate","N3-02/N3-03","当「事业优先级」进入「恋爱/磨合」的「工作/事业/学习」，遇到「工作时间突变」时，对重视「公平/可靠/合作」的人意味着什么？","constrained_mapping_v0.2","semantic_preflight"
"CC2-00640","PF-D01","事业优先级","SC-S2-02","工作/事业/学习","SC-S1-02","恋爱/磨合","SC-S3-02","事业机会/职业转折","NF-N1-08","成长/能力/目标支持","Fit / trade-off","N3-09","当「事业优先级」进入「恋爱/磨合」的「工作/事业/学习」，遇到「事业机会/职业转折」时，对重视「成长/能力/目标支持」的人意味着什么？","constrained_mapping_v0.2","semantic_preflight"
"CC2-00641","PF-D01","事业优先级","SC-S2-02","工作/事业/学习","SC-S1-02","恋爱/磨合","SC-S3-02","事业机会/职业转折","NF-N1-02","陪伴/连接/归属","Ideal range / conditional","N3-01/N3-05","当「事业优先级」进入「恋爱/磨合」的「工作/事业/学习」，遇到「事业机会/职业转折」时，对重视「陪伴/连接/归属」的人意味着什么？","constrained_mapping_v0.2","semantic_preflight"
"CC2-00642","PF-D01","事业优先级","SC-S2-02","工作/事业/学习","SC-S1-02","恋爱/磨合","SC-S3-02","事业机会/职业转折","NF-N1-07","公平/可靠/合作","Conditional / gate","N3-02/N3-03","当「事业优先级」进入「恋爱/磨合」的「工作/事业/学习」，遇到「事业机会/职业转折」时，对重视「公平/可靠/合作」的人意味着什么？","constrained_mapping_v0.2","semantic_preflight"
"CC2-00643","PF-D01","事业优先级","SC-S2-02","工作/事业/学习","SC-S1-05","结婚/建立家庭","SC-S3-01","工作时间突变","NF-N1-08","成长/能力/目标支持","Fit / trade-off","N3-09","当「事业优先级」进入「结婚/建立家庭」的「工作/事业/学习」，遇到「工作时间突变」时，对重视「成长/能力/目标支持」的人意味着什么？","constrained_mapping_v0.2","semantic_preflight"
"CC2-00644","PF-D01","事业优先级","SC-S2-02","工作/事业/学习","SC-S1-05","结婚/建立家庭","SC-S3-01","工作时间突变","NF-N1-02","陪伴/连接/归属","Ideal range / conditional","N3-01/N3-05","当「事业优先级」进入「结婚/建立家庭」的「工作/事业/学习」，遇到「工作时间突变」时，对重视「陪伴/连接/归属」的人意味着什么？","constrained_mapping_v0.2","semantic_preflight"
"CC2-00645","PF-D01","事业优先级","SC-S2-02","工作/事业/学习","SC-S1-05","结婚/建立家庭","SC-S3-01","工作时间突变","NF-N1-07","公平/可靠/合作","Conditional / gate","N3-02/N3-03","当「事业优先级」进入「结婚/建立家庭」的「工作/事业/学习」，遇到「工作时间突变」时，对重视「公平/可靠/合作」的人意味着什么？","constrained_mapping_v0.2","semantic_preflight"
"CC2-00646","PF-D01","事业优先级","SC-S2-02","工作/事业/学习","SC-S1-05","结婚/建立家庭","SC-S3-02","事业机会/职业转折","NF-N1-08","成长/能力/目标支持","Fit / trade-off","N3-09","当「事业优先级」进入「结婚/建立家庭」的「工作/事业/学习」，遇到「事业机会/职业转折」时，对重视「成长/能力/目标支持」的人意味着什么？","constrained_mapping_v0.2","semantic_preflight"
"CC2-00647","PF-D01","事业优先级","SC-S2-02","工作/事业/学习","SC-S1-05","结婚/建立家庭","SC-S3-02","事业机会/职业转折","NF-N1-02","陪伴/连接/归属","Ideal range / conditional","N3-01/N3-05","当「事业优先级」进入「结婚/建立家庭」的「工作/事业/学习」，遇到「事业机会/职业转折」时，对重视「陪伴/连接/归属」的人意味着什么？","constrained_mapping_v0.2","semantic_preflight"
"CC2-00648","PF-D01","事业优先级","SC-S2-02","工作/事业/学习","SC-S1-05","结婚/建立家庭","SC-S3-02","事业机会/职业转折","NF-N1-07","公平/可靠/合作","Conditional / gate","N3-02/N3-03","当「事业优先级」进入「结婚/建立家庭」的「工作/事业/学习」，遇到「事业机会/职业转折」时，对重视「公平/可靠/合作」的人意味着什么？","constrained_mapping_v0.2","semantic_preflight"
"CC2-00649","PF-D01","事业优先级","SC-S2-02","工作/事业/学习","SC-S1-09","中年多重责任","SC-S3-01","工作时间突变","NF-N1-08","成长/能力/目标支持","Fit / trade-off","N3-09","当「事业优先级」进入「中年多重责任」的「工作/事业/学习」，遇到「工作时间突变」时，对重视「成长/能力/目标支持」的人意味着什么？","constrained_mapping_v0.2","semantic_preflight"
"CC2-00650","PF-D01","事业优先级","SC-S2-02","工作/事业/学习","SC-S1-09","中年多重责任","SC-S3-01","工作时间突变","NF-N1-02","陪伴/连接/归属","Ideal range / conditional","N3-01/N3-05","当「事业优先级」进入「中年多重责任」的「工作/事业/学习」，遇到「工作时间突变」时，对重视「陪伴/连接/归属」的人意味着什么？","constrained_mapping_v0.2","semantic_preflight"
"CC2-00651","PF-D01","事业优先级","SC-S2-02","工作/事业/学习","SC-S1-09","中年多重责任","SC-S3-01","工作时间突变","NF-N1-07","公平/可靠/合作","Conditional / gate","N3-02/N3-03","当「事业优先级」进入「中年多重责任」的「工作/事业/学习」，遇到「工作时间突变」时，对重视「公平/可靠/合作」的人意味着什么？","constrained_mapping_v0.2","semantic_preflight"
"CC2-00652","PF-D01","事业优先级","SC-S2-02","工作/事业/学习","SC-S1-09","中年多重责任","SC-S3-02","事业机会/职业转折","NF-N1-08","成长/能力/目标支持","Fit / trade-off","N3-09","当「事业优先级」进入「中年多重责任」的「工作/事业/学习」，遇到「事业机会/职业转折」时，对重视「成长/能力/目标支持」的人意味着什么？","constrained_mapping_v0.2","semantic_preflight"
"CC2-00653","PF-D01","事业优先级","SC-S2-02","工作/事业/学习","SC-S1-09","中年多重责任","SC-S3-02","事业机会/职业转折","NF-N1-02","陪伴/连接/归属","Ideal range / conditional","N3-01/N3-05","当「事业优先级」进入「中年多重责任」的「工作/事业/学习」，遇到「事业机会/职业转折」时，对重视「陪伴/连接/归属」的人意味着什么？","constrained_mapping_v0.2","semantic_preflight"
"CC2-00654","PF-D01","事业优先级","SC-S2-02","工作/事业/学习","SC-S1-09","中年多重责任","SC-S3-02","事业机会/职业转折","NF-N1-07","公平/可靠/合作","Conditional / gate","N3-02/N3-03","当「事业优先级」进入「中年多重责任」的「工作/事业/学习」，遇到「事业机会/职业转折」时，对重视「公平/可靠/合作」的人意味着什么？","constrained_mapping_v0.2","semantic_preflight"
"CC2-00655","PF-D01","事业优先级","SC-S2-01","日常作息与生活管理","SC-S1-02","恋爱/磨合","SC-S3-01","工作时间突变","NF-N1-08","成长/能力/目标支持","Fit / trade-off","N3-09","当「事业优先级」进入「恋爱/磨合」的「日常作息与生活管理」，遇到「工作时间突变」时，对重视「成长/能力/目标支持」的人意味着什么？","constrained_mapping_v0.2","semantic_preflight"
"CC2-00656","PF-D01","事业优先级","SC-S2-01","日常作息与生活管理","SC-S1-02","恋爱/磨合","SC-S3-01","工作时间突变","NF-N1-02","陪伴/连接/归属","Ideal range / conditional","N3-01/N3-05","当「事业优先级」进入「恋爱/磨合」的「日常作息与生活管理」，遇到「工作时间突变」时，对重视「陪伴/连接/归属」的人意味着什么？","constrained_mapping_v0.2","semantic_preflight"
"CC2-00657","PF-D01","事业优先级","SC-S2-01","日常作息与生活管理","SC-S1-02","恋爱/磨合","SC-S3-01","工作时间突变","NF-N1-07","公平/可靠/合作","Conditional / gate","N3-02/N3-03","当「事业优先级」进入「恋爱/磨合」的「日常作息与生活管理」，遇到「工作时间突变」时，对重视「公平/可靠/合作」的人意味着什么？","constrained_mapping_v0.2","semantic_preflight"
"CC2-00658","PF-D01","事业优先级","SC-S2-01","日常作息与生活管理","SC-S1-02","恋爱/磨合","SC-S3-10","反复小问题累积","NF-N1-08","成长/能力/目标支持","Fit / trade-off","N3-09","当「事业优先级」进入「恋爱/磨合」的「日常作息与生活管理」，遇到「反复小问题累积」时，对重视「成长/能力/目标支持」的人意味着什么？","constrained_mapping_v0.2","semantic_preflight"
"CC2-00659","PF-D01","事业优先级","SC-S2-01","日常作息与生活管理","SC-S1-02","恋爱/磨合","SC-S3-10","反复小问题累积","NF-N1-02","陪伴/连接/归属","Ideal range / conditional","N3-01/N3-05","当「事业优先级」进入「恋爱/磨合」的「日常作息与生活管理」，遇到「反复小问题累积」时，对重视「陪伴/连接/归属」的人意味着什么？","constrained_mapping_v0.2","semantic_preflight"
"CC2-00660","PF-D01","事业优先级","SC-S2-01","日常作息与生活管理","SC-S1-02","恋爱/磨合","SC-S3-10","反复小问题累积","NF-N1-07","公平/可靠/合作","Conditional / gate","N3-02/N3-03","当「事业优先级」进入「恋爱/磨合」的「日常作息与生活管理」，遇到「反复小问题累积」时，对重视「公平/可靠/合作」的人意味着什么？","constrained_mapping_v0.2","semantic_preflight"
"CC2-00661","PF-D01","事业优先级","SC-S2-01","日常作息与生活管理","SC-S1-04","同居/婚前","SC-S3-01","工作时间突变","NF-N1-08","成长/能力/目标支持","Fit / trade-off","N3-09","当「事业优先级」进入「同居/婚前」的「日常作息与生活管理」，遇到「工作时间突变」时，对重视「成长/能力/目标支持」的人意味着什么？","constrained_mapping_v0.2","semantic_preflight"
"CC2-00662","PF-D01","事业优先级","SC-S2-01","日常作息与生活管理","SC-S1-04","同居/婚前","SC-S3-01","工作时间突变","NF-N1-02","陪伴/连接/归属","Ideal range / conditional","N3-01/N3-05","当「事业优先级」进入「同居/婚前」的「日常作息与生活管理」，遇到「工作时间突变」时，对重视「陪伴/连接/归属」的人意味着什么？","constrained_mapping_v0.2","semantic_preflight"
"CC2-00663","PF-D01","事业优先级","SC-S2-01","日常作息与生活管理","SC-S1-04","同居/婚前","SC-S3-01","工作时间突变","NF-N1-07","公平/可靠/合作","Conditional / gate","N3-02/N3-03","当「事业优先级」进入「同居/婚前」的「日常作息与生活管理」，遇到「工作时间突变」时，对重视「公平/可靠/合作」的人意味着什么？","constrained_mapping_v0.2","semantic_preflight"
"CC2-00664","PF-D01","事业优先级","SC-S2-01","日常作息与生活管理","SC-S1-04","同居/婚前","SC-S3-10","反复小问题累积","NF-N1-08","成长/能力/目标支持","Fit / trade-off","N3-09","当「事业优先级」进入「同居/婚前」的「日常作息与生活管理」，遇到「反复小问题累积」时，对重视「成长/能力/目标支持」的人意味着什么？","constrained_mapping_v0.2","semantic_preflight"
"CC2-00665","PF-D01","事业优先级","SC-S2-01","日常作息与生活管理","SC-S1-04","同居/婚前","SC-S3-10","反复小问题累积","NF-N1-02","陪伴/连接/归属","Ideal range / conditional","N3-01/N3-05","当「事业优先级」进入「同居/婚前」的「日常作息与生活管理」，遇到「反复小问题累积」时，对重视「陪伴/连接/归属」的人意味着什么？","constrained_mapping_v0.2","semantic_preflight"
"CC2-00666","PF-D01","事业优先级","SC-S2-01","日常作息与生活管理","SC-S1-04","同居/婚前","SC-S3-10","反复小问题累积","NF-N1-07","公平/可靠/合作","Conditional / gate","N3-02/N3-03","当「事业优先级」进入「同居/婚前」的「日常作息与生活管理」，遇到「反复小问题累积」时，对重视「公平/可靠/合作」的人意味着什么？","constrained_mapping_v0.2","semantic_preflight"
"CC2-00667","PF-D01","事业优先级","SC-S2-01","日常作息与生活管理","SC-S1-07","婴幼儿照护","SC-S3-01","工作时间突变","NF-N1-08","成长/能力/目标支持","Fit / trade-off","N3-09","当「事业优先级」进入「婴幼儿照护」的「日常作息与生活管理」，遇到「工作时间突变」时，对重视「成长/能力/目标支持」的人意味着什么？","constrained_mapping_v0.2","semantic_preflight"
"CC2-00668","PF-D01","事业优先级","SC-S2-01","日常作息与生活管理","SC-S1-07","婴幼儿照护","SC-S3-01","工作时间突变","NF-N1-02","陪伴/连接/归属","Ideal range / conditional","N3-01/N3-05","当「事业优先级」进入「婴幼儿照护」的「日常作息与生活管理」，遇到「工作时间突变」时，对重视「陪伴/连接/归属」的人意味着什么？","constrained_mapping_v0.2","semantic_preflight"
"CC2-00669","PF-D01","事业优先级","SC-S2-01","日常作息与生活管理","SC-S1-07","婴幼儿照护","SC-S3-01","工作时间突变","NF-N1-07","公平/可靠/合作","Conditional / gate","N3-02/N3-03","当「事业优先级」进入「婴幼儿照护」的「日常作息与生活管理」，遇到「工作时间突变」时，对重视「公平/可靠/合作」的人意味着什么？","constrained_mapping_v0.2","semantic_preflight"
"CC2-00670","PF-D01","事业优先级","SC-S2-01","日常作息与生活管理","SC-S1-07","婴幼儿照护","SC-S3-10","反复小问题累积","NF-N1-08","成长/能力/目标支持","Fit / trade-off","N3-09","当「事业优先级」进入「婴幼儿照护」的「日常作息与生活管理」，遇到「反复小问题累积」时，对重视「成长/能力/目标支持」的人意味着什么？","constrained_mapping_v0.2","semantic_preflight"
"CC2-00671","PF-D01","事业优先级","SC-S2-01","日常作息与生活管理","SC-S1-07","婴幼儿照护","SC-S3-10","反复小问题累积","NF-N1-02","陪伴/连接/归属","Ideal range / conditional","N3-01/N3-05","当「事业优先级」进入「婴幼儿照护」的「日常作息与生活管理」，遇到「反复小问题累积」时，对重视「陪伴/连接/归属」的人意味着什么？","constrained_mapping_v0.2","semantic_preflight"
"CC2-00672","PF-D01","事业优先级","SC-S2-01","日常作息与生活管理","SC-S1-07","婴幼儿照护","SC-S3-10","反复小问题累积","NF-N1-07","公平/可靠/合作","Conditional / gate","N3-02/N3-03","当「事业优先级」进入「婴幼儿照护」的「日常作息与生活管理」，遇到「反复小问题累积」时，对重视「公平/可靠/合作」的人意味着什么？","constrained_mapping_v0.2","semantic_preflight"
"CC2-00673","PF-D01","事业优先级","SC-S2-06","孩子/生育/教育","SC-S1-05","结婚/建立家庭","SC-S3-06","生育/育儿转折","NF-N1-08","成长/能力/目标支持","Fit / trade-off","N3-09","当「事业优先级」进入「结婚/建立家庭」的「孩子/生育/教育」，遇到「生育/育儿转折」时，对重视「成长/能力/目标支持」的人意味着什么？","constrained_mapping_v0.2","semantic_preflight"
"CC2-00674","PF-D01","事业优先级","SC-S2-06","孩子/生育/教育","SC-S1-05","结婚/建立家庭","SC-S3-06","生育/育儿转折","NF-N1-02","陪伴/连接/归属","Ideal range / conditional","N3-01/N3-05","当「事业优先级」进入「结婚/建立家庭」的「孩子/生育/教育」，遇到「生育/育儿转折」时，对重视「陪伴/连接/归属」的人意味着什么？","constrained_mapping_v0.2","semantic_preflight"
"CC2-00675","PF-D01","事业优先级","SC-S2-06","孩子/生育/教育","SC-S1-05","结婚/建立家庭","SC-S3-06","生育/育儿转折","NF-N1-07","公平/可靠/合作","Conditional / gate","N3-02/N3-03","当「事业优先级」进入「结婚/建立家庭」的「孩子/生育/教育」，遇到「生育/育儿转折」时，对重视「公平/可靠/合作」的人意味着什么？","constrained_mapping_v0.2","semantic_preflight"
"CC2-00676","PF-D01","事业优先级","SC-S2-06","孩子/生育/教育","SC-S1-05","结婚/建立家庭","SC-S3-01","工作时间突变","NF-N1-08","成长/能力/目标支持","Fit / trade-off","N3-09","当「事业优先级」进入「结婚/建立家庭」的「孩子/生育/教育」，遇到「工作时间突变」时，对重视「成长/能力/目标支持」的人意味着什么？","constrained_mapping_v0.2","semantic_preflight"
"CC2-00677","PF-D01","事业优先级","SC-S2-06","孩子/生育/教育","SC-S1-05","结婚/建立家庭","SC-S3-01","工作时间突变","NF-N1-02","陪伴/连接/归属","Ideal range / conditional","N3-01/N3-05","当「事业优先级」进入「结婚/建立家庭」的「孩子/生育/教育」，遇到「工作时间突变」时，对重视「陪伴/连接/归属」的人意味着什么？","constrained_mapping_v0.2","semantic_preflight"
"CC2-00678","PF-D01","事业优先级","SC-S2-06","孩子/生育/教育","SC-S1-05","结婚/建立家庭","SC-S3-01","工作时间突变","NF-N1-07","公平/可靠/合作","Conditional / gate","N3-02/N3-03","当「事业优先级」进入「结婚/建立家庭」的「孩子/生育/教育」，遇到「工作时间突变」时，对重视「公平/可靠/合作」的人意味着什么？","constrained_mapping_v0.2","semantic_preflight"
"CC2-00679","PF-D01","事业优先级","SC-S2-06","孩子/生育/教育","SC-S1-06","备孕/怀孕/生育","SC-S3-06","生育/育儿转折","NF-N1-08","成长/能力/目标支持","Fit / trade-off","N3-09","当「事业优先级」进入「备孕/怀孕/生育」的「孩子/生育/教育」，遇到「生育/育儿转折」时，对重视「成长/能力/目标支持」的人意味着什么？","constrained_mapping_v0.2","semantic_preflight"
"CC2-00680","PF-D01","事业优先级","SC-S2-06","孩子/生育/教育","SC-S1-06","备孕/怀孕/生育","SC-S3-06","生育/育儿转折","NF-N1-02","陪伴/连接/归属","Ideal range / conditional","N3-01/N3-05","当「事业优先级」进入「备孕/怀孕/生育」的「孩子/生育/教育」，遇到「生育/育儿转折」时，对重视「陪伴/连接/归属」的人意味着什么？","constrained_mapping_v0.2","semantic_preflight"
"CC2-00681","PF-D01","事业优先级","SC-S2-06","孩子/生育/教育","SC-S1-06","备孕/怀孕/生育","SC-S3-06","生育/育儿转折","NF-N1-07","公平/可靠/合作","Conditional / gate","N3-02/N3-03","当「事业优先级」进入「备孕/怀孕/生育」的「孩子/生育/教育」，遇到「生育/育儿转折」时，对重视「公平/可靠/合作」的人意味着什么？","constrained_mapping_v0.2","semantic_preflight"
"CC2-00682","PF-D01","事业优先级","SC-S2-06","孩子/生育/教育","SC-S1-06","备孕/怀孕/生育","SC-S3-01","工作时间突变","NF-N1-08","成长/能力/目标支持","Fit / trade-off","N3-09","当「事业优先级」进入「备孕/怀孕/生育」的「孩子/生育/教育」，遇到「工作时间突变」时，对重视「成长/能力/目标支持」的人意味着什么？","constrained_mapping_v0.2","semantic_preflight"
"CC2-00683","PF-D01","事业优先级","SC-S2-06","孩子/生育/教育","SC-S1-06","备孕/怀孕/生育","SC-S3-01","工作时间突变","NF-N1-02","陪伴/连接/归属","Ideal range / conditional","N3-01/N3-05","当「事业优先级」进入「备孕/怀孕/生育」的「孩子/生育/教育」，遇到「工作时间突变」时，对重视「陪伴/连接/归属」的人意味着什么？","constrained_mapping_v0.2","semantic_preflight"
"CC2-00684","PF-D01","事业优先级","SC-S2-06","孩子/生育/教育","SC-S1-06","备孕/怀孕/生育","SC-S3-01","工作时间突变","NF-N1-07","公平/可靠/合作","Conditional / gate","N3-02/N3-03","当「事业优先级」进入「备孕/怀孕/生育」的「孩子/生育/教育」，遇到「工作时间突变」时，对重视「公平/可靠/合作」的人意味着什么？","constrained_mapping_v0.2","semantic_preflight"
"CC2-00685","PF-D01","事业优先级","SC-S2-06","孩子/生育/教育","SC-S1-07","婴幼儿照护","SC-S3-06","生育/育儿转折","NF-N1-08","成长/能力/目标支持","Fit / trade-off","N3-09","当「事业优先级」进入「婴幼儿照护」的「孩子/生育/教育」，遇到「生育/育儿转折」时，对重视「成长/能力/目标支持」的人意味着什么？","constrained_mapping_v0.2","semantic_preflight"
"CC2-00686","PF-D01","事业优先级","SC-S2-06","孩子/生育/教育","SC-S1-07","婴幼儿照护","SC-S3-06","生育/育儿转折","NF-N1-02","陪伴/连接/归属","Ideal range / conditional","N3-01/N3-05","当「事业优先级」进入「婴幼儿照护」的「孩子/生育/教育」，遇到「生育/育儿转折」时，对重视「陪伴/连接/归属」的人意味着什么？","constrained_mapping_v0.2","semantic_preflight"
"CC2-00687","PF-D01","事业优先级","SC-S2-06","孩子/生育/教育","SC-S1-07","婴幼儿照护","SC-S3-06","生育/育儿转折","NF-N1-07","公平/可靠/合作","Conditional / gate","N3-02/N3-03","当「事业优先级」进入「婴幼儿照护」的「孩子/生育/教育」，遇到「生育/育儿转折」时，对重视「公平/可靠/合作」的人意味着什么？","constrained_mapping_v0.2","semantic_preflight"
"CC2-00688","PF-D01","事业优先级","SC-S2-06","孩子/生育/教育","SC-S1-07","婴幼儿照护","SC-S3-01","工作时间突变","NF-N1-08","成长/能力/目标支持","Fit / trade-off","N3-09","当「事业优先级」进入「婴幼儿照护」的「孩子/生育/教育」，遇到「工作时间突变」时，对重视「成长/能力/目标支持」的人意味着什么？","constrained_mapping_v0.2","semantic_preflight"
"CC2-00689","PF-D01","事业优先级","SC-S2-06","孩子/生育/教育","SC-S1-07","婴幼儿照护","SC-S3-01","工作时间突变","NF-N1-02","陪伴/连接/归属","Ideal range / conditional","N3-01/N3-05","当「事业优先级」进入「婴幼儿照护」的「孩子/生育/教育」，遇到「工作时间突变」时，对重视「陪伴/连接/归属」的人意味着什么？","constrained_mapping_v0.2","semantic_preflight"
"CC2-00690","PF-D01","事业优先级","SC-S2-06","孩子/生育/教育","SC-S1-07","婴幼儿照护","SC-S3-01","工作时间突变","NF-N1-07","公平/可靠/合作","Conditional / gate","N3-02/N3-03","当「事业优先级」进入「婴幼儿照护」的「孩子/生育/教育」，遇到「工作时间突变」时，对重视「公平/可靠/合作」的人意味着什么？","constrained_mapping_v0.2","semantic_preflight"
"CC2-00691","PF-D01","事业优先级","SC-S2-06","孩子/生育/教育","SC-S1-08","孩子成长/教育","SC-S3-06","生育/育儿转折","NF-N1-08","成长/能力/目标支持","Fit / trade-off","N3-09","当「事业优先级」进入「孩子成长/教育」的「孩子/生育/教育」，遇到「生育/育儿转折」时，对重视「成长/能力/目标支持」的人意味着什么？","constrained_mapping_v0.2","semantic_preflight"
"CC2-00692","PF-D01","事业优先级","SC-S2-06","孩子/生育/教育","SC-S1-08","孩子成长/教育","SC-S3-06","生育/育儿转折","NF-N1-02","陪伴/连接/归属","Ideal range / conditional","N3-01/N3-05","当「事业优先级」进入「孩子成长/教育」的「孩子/生育/教育」，遇到「生育/育儿转折」时，对重视「陪伴/连接/归属」的人意味着什么？","constrained_mapping_v0.2","semantic_preflight"
"CC2-00693","PF-D01","事业优先级","SC-S2-06","孩子/生育/教育","SC-S1-08","孩子成长/教育","SC-S3-06","生育/育儿转折","NF-N1-07","公平/可靠/合作","Conditional / gate","N3-02/N3-03","当「事业优先级」进入「孩子成长/教育」的「孩子/生育/教育」，遇到「生育/育儿转折」时，对重视「公平/可靠/合作」的人意味着什么？","constrained_mapping_v0.2","semantic_preflight"
"CC2-00694","PF-D01","事业优先级","SC-S2-06","孩子/生育/教育","SC-S1-08","孩子成长/教育","SC-S3-01","工作时间突变","NF-N1-08","成长/能力/目标支持","Fit / trade-off","N3-09","当「事业优先级」进入「孩子成长/教育」的「孩子/生育/教育」，遇到「工作时间突变」时，对重视「成长/能力/目标支持」的人意味着什么？","constrained_mapping_v0.2","semantic_preflight"
"CC2-00695","PF-D01","事业优先级","SC-S2-06","孩子/生育/教育","SC-S1-08","孩子成长/教育","SC-S3-01","工作时间突变","NF-N1-02","陪伴/连接/归属","Ideal range / conditional","N3-01/N3-05","当「事业优先级」进入「孩子成长/教育」的「孩子/生育/教育」，遇到「工作时间突变」时，对重视「陪伴/连接/归属」的人意味着什么？","constrained_mapping_v0.2","semantic_preflight"
"CC2-00696","PF-D01","事业优先级","SC-S2-06","孩子/生育/教育","SC-S1-08","孩子成长/教育","SC-S3-01","工作时间突变","NF-N1-07","公平/可靠/合作","Conditional / gate","N3-02/N3-03","当「事业优先级」进入「孩子成长/教育」的「孩子/生育/教育」，遇到「工作时间突变」时，对重视「公平/可靠/合作」的人意味着什么？","constrained_mapping_v0.2","semantic_preflight"
"CC2-00697","PF-D01","事业优先级","SC-S2-04","房/居住/地点","SC-S1-03","稳定交往","SC-S3-04","大额财务事件","NF-N1-08","成长/能力/目标支持","Fit / trade-off","N3-09","当「事业优先级」进入「稳定交往」的「房/居住/地点」，遇到「大额财务事件」时，对重视「成长/能力/目标支持」的人意味着什么？","constrained_mapping_v0.2","semantic_preflight"
"CC2-00698","PF-D01","事业优先级","SC-S2-04","房/居住/地点","SC-S1-03","稳定交往","SC-S3-04","大额财务事件","NF-N1-02","陪伴/连接/归属","Ideal range / conditional","N3-01/N3-05","当「事业优先级」进入「稳定交往」的「房/居住/地点」，遇到「大额财务事件」时，对重视「陪伴/连接/归属」的人意味着什么？","constrained_mapping_v0.2","semantic_preflight"
"CC2-00699","PF-D01","事业优先级","SC-S2-04","房/居住/地点","SC-S1-03","稳定交往","SC-S3-04","大额财务事件","NF-N1-07","公平/可靠/合作","Conditional / gate","N3-02/N3-03","当「事业优先级」进入「稳定交往」的「房/居住/地点」，遇到「大额财务事件」时，对重视「公平/可靠/合作」的人意味着什么？","constrained_mapping_v0.2","semantic_preflight"
"CC2-00700","PF-D01","事业优先级","SC-S2-04","房/居住/地点","SC-S1-03","稳定交往","SC-S3-05","居住/迁移变化","NF-N1-08","成长/能力/目标支持","Fit / trade-off","N3-09","当「事业优先级」进入「稳定交往」的「房/居住/地点」，遇到「居住/迁移变化」时，对重视「成长/能力/目标支持」的人意味着什么？","constrained_mapping_v0.2","semantic_preflight"
"CC2-00701","PF-D01","事业优先级","SC-S2-04","房/居住/地点","SC-S1-03","稳定交往","SC-S3-05","居住/迁移变化","NF-N1-02","陪伴/连接/归属","Ideal range / conditional","N3-01/N3-05","当「事业优先级」进入「稳定交往」的「房/居住/地点」，遇到「居住/迁移变化」时，对重视「陪伴/连接/归属」的人意味着什么？","constrained_mapping_v0.2","semantic_preflight"
"CC2-00702","PF-D01","事业优先级","SC-S2-04","房/居住/地点","SC-S1-03","稳定交往","SC-S3-05","居住/迁移变化","NF-N1-07","公平/可靠/合作","Conditional / gate","N3-02/N3-03","当「事业优先级」进入「稳定交往」的「房/居住/地点」，遇到「居住/迁移变化」时，对重视「公平/可靠/合作」的人意味着什么？","constrained_mapping_v0.2","semantic_preflight"
"CC2-00703","PF-D01","事业优先级","SC-S2-04","房/居住/地点","SC-S1-05","结婚/建立家庭","SC-S3-04","大额财务事件","NF-N1-08","成长/能力/目标支持","Fit / trade-off","N3-09","当「事业优先级」进入「结婚/建立家庭」的「房/居住/地点」，遇到「大额财务事件」时，对重视「成长/能力/目标支持」的人意味着什么？","constrained_mapping_v0.2","semantic_preflight"
"CC2-00704","PF-D01","事业优先级","SC-S2-04","房/居住/地点","SC-S1-05","结婚/建立家庭","SC-S3-04","大额财务事件","NF-N1-02","陪伴/连接/归属","Ideal range / conditional","N3-01/N3-05","当「事业优先级」进入「结婚/建立家庭」的「房/居住/地点」，遇到「大额财务事件」时，对重视「陪伴/连接/归属」的人意味着什么？","constrained_mapping_v0.2","semantic_preflight"
"CC2-00705","PF-D01","事业优先级","SC-S2-04","房/居住/地点","SC-S1-05","结婚/建立家庭","SC-S3-04","大额财务事件","NF-N1-07","公平/可靠/合作","Conditional / gate","N3-02/N3-03","当「事业优先级」进入「结婚/建立家庭」的「房/居住/地点」，遇到「大额财务事件」时，对重视「公平/可靠/合作」的人意味着什么？","constrained_mapping_v0.2","semantic_preflight"
"CC2-00706","PF-D01","事业优先级","SC-S2-04","房/居住/地点","SC-S1-05","结婚/建立家庭","SC-S3-05","居住/迁移变化","NF-N1-08","成长/能力/目标支持","Fit / trade-off","N3-09","当「事业优先级」进入「结婚/建立家庭」的「房/居住/地点」，遇到「居住/迁移变化」时，对重视「成长/能力/目标支持」的人意味着什么？","constrained_mapping_v0.2","semantic_preflight"
"CC2-00707","PF-D01","事业优先级","SC-S2-04","房/居住/地点","SC-S1-05","结婚/建立家庭","SC-S3-05","居住/迁移变化","NF-N1-02","陪伴/连接/归属","Ideal range / conditional","N3-01/N3-05","当「事业优先级」进入「结婚/建立家庭」的「房/居住/地点」，遇到「居住/迁移变化」时，对重视「陪伴/连接/归属」的人意味着什么？","constrained_mapping_v0.2","semantic_preflight"
"CC2-00708","PF-D01","事业优先级","SC-S2-04","房/居住/地点","SC-S1-05","结婚/建立家庭","SC-S3-05","居住/迁移变化","NF-N1-07","公平/可靠/合作","Conditional / gate","N3-02/N3-03","当「事业优先级」进入「结婚/建立家庭」的「房/居住/地点」，遇到「居住/迁移变化」时，对重视「公平/可靠/合作」的人意味着什么？","constrained_mapping_v0.2","semantic_preflight"
"CC2-00709","PF-D01","事业优先级","SC-S2-04","房/居住/地点","SC-S1-06","备孕/怀孕/生育","SC-S3-04","大额财务事件","NF-N1-08","成长/能力/目标支持","Fit / trade-off","N3-09","当「事业优先级」进入「备孕/怀孕/生育」的「房/居住/地点」，遇到「大额财务事件」时，对重视「成长/能力/目标支持」的人意味着什么？","constrained_mapping_v0.2","semantic_preflight"
"CC2-00710","PF-D01","事业优先级","SC-S2-04","房/居住/地点","SC-S1-06","备孕/怀孕/生育","SC-S3-04","大额财务事件","NF-N1-02","陪伴/连接/归属","Ideal range / conditional","N3-01/N3-05","当「事业优先级」进入「备孕/怀孕/生育」的「房/居住/地点」，遇到「大额财务事件」时，对重视「陪伴/连接/归属」的人意味着什么？","constrained_mapping_v0.2","semantic_preflight"
"CC2-00711","PF-D01","事业优先级","SC-S2-04","房/居住/地点","SC-S1-06","备孕/怀孕/生育","SC-S3-04","大额财务事件","NF-N1-07","公平/可靠/合作","Conditional / gate","N3-02/N3-03","当「事业优先级」进入「备孕/怀孕/生育」的「房/居住/地点」，遇到「大额财务事件」时，对重视「公平/可靠/合作」的人意味着什么？","constrained_mapping_v0.2","semantic_preflight"
"CC2-00712","PF-D01","事业优先级","SC-S2-04","房/居住/地点","SC-S1-06","备孕/怀孕/生育","SC-S3-05","居住/迁移变化","NF-N1-08","成长/能力/目标支持","Fit / trade-off","N3-09","当「事业优先级」进入「备孕/怀孕/生育」的「房/居住/地点」，遇到「居住/迁移变化」时，对重视「成长/能力/目标支持」的人意味着什么？","constrained_mapping_v0.2","semantic_preflight"
"CC2-00713","PF-D01","事业优先级","SC-S2-04","房/居住/地点","SC-S1-06","备孕/怀孕/生育","SC-S3-05","居住/迁移变化","NF-N1-02","陪伴/连接/归属","Ideal range / conditional","N3-01/N3-05","当「事业优先级」进入「备孕/怀孕/生育」的「房/居住/地点」，遇到「居住/迁移变化」时，对重视「陪伴/连接/归属」的人意味着什么？","constrained_mapping_v0.2","semantic_preflight"
"CC2-00714","PF-D01","事业优先级","SC-S2-04","房/居住/地点","SC-S1-06","备孕/怀孕/生育","SC-S3-05","居住/迁移变化","NF-N1-07","公平/可靠/合作","Conditional / gate","N3-02/N3-03","当「事业优先级」进入「备孕/怀孕/生育」的「房/居住/地点」，遇到「居住/迁移变化」时，对重视「公平/可靠/合作」的人意味着什么？","constrained_mapping_v0.2","semantic_preflight"
"CC2-00715","PF-D01","事业优先级","SC-S2-04","房/居住/地点","SC-S1-09","中年多重责任","SC-S3-04","大额财务事件","NF-N1-08","成长/能力/目标支持","Fit / trade-off","N3-09","当「事业优先级」进入「中年多重责任」的「房/居住/地点」，遇到「大额财务事件」时，对重视「成长/能力/目标支持」的人意味着什么？","constrained_mapping_v0.2","semantic_preflight"
"CC2-00716","PF-D01","事业优先级","SC-S2-04","房/居住/地点","SC-S1-09","中年多重责任","SC-S3-04","大额财务事件","NF-N1-02","陪伴/连接/归属","Ideal range / conditional","N3-01/N3-05","当「事业优先级」进入「中年多重责任」的「房/居住/地点」，遇到「大额财务事件」时，对重视「陪伴/连接/归属」的人意味着什么？","constrained_mapping_v0.2","semantic_preflight"
"CC2-00717","PF-D01","事业优先级","SC-S2-04","房/居住/地点","SC-S1-09","中年多重责任","SC-S3-04","大额财务事件","NF-N1-07","公平/可靠/合作","Conditional / gate","N3-02/N3-03","当「事业优先级」进入「中年多重责任」的「房/居住/地点」，遇到「大额财务事件」时，对重视「公平/可靠/合作」的人意味着什么？","constrained_mapping_v0.2","semantic_preflight"
"CC2-00718","PF-D01","事业优先级","SC-S2-04","房/居住/地点","SC-S1-09","中年多重责任","SC-S3-05","居住/迁移变化","NF-N1-08","成长/能力/目标支持","Fit / trade-off","N3-09","当「事业优先级」进入「中年多重责任」的「房/居住/地点」，遇到「居住/迁移变化」时，对重视「成长/能力/目标支持」的人意味着什么？","constrained_mapping_v0.2","semantic_preflight"
"CC2-00719","PF-D01","事业优先级","SC-S2-04","房/居住/地点","SC-S1-09","中年多重责任","SC-S3-05","居住/迁移变化","NF-N1-02","陪伴/连接/归属","Ideal range / conditional","N3-01/N3-05","当「事业优先级」进入「中年多重责任」的「房/居住/地点」，遇到「居住/迁移变化」时，对重视「陪伴/连接/归属」的人意味着什么？","constrained_mapping_v0.2","semantic_preflight"
"CC2-00720","PF-D01","事业优先级","SC-S2-04","房/居住/地点","SC-S1-09","中年多重责任","SC-S3-05","居住/迁移变化","NF-N1-07","公平/可靠/合作","Conditional / gate","N3-02/N3-03","当「事业优先级」进入「中年多重责任」的「房/居住/地点」，遇到「居住/迁移变化」时，对重视「公平/可靠/合作」的人意味着什么？","constrained_mapping_v0.2","semantic_preflight"
"CC2-00721","PF-D02","家庭优先级","SC-S2-07","双方父母/原生家庭","SC-S1-05","结婚/建立家庭","SC-S3-07","父母责任变化","NF-N1-11","家庭投入/家庭边界","Fit / conditional","N3-03/N3-04","当「家庭优先级」进入「结婚/建立家庭」的「双方父母/原生家庭」，遇到「父母责任变化」时，对重视「家庭投入/家庭边界」的人意味着什么？","constrained_mapping_v0.2","semantic_preflight"
"CC2-00722","PF-D02","家庭优先级","SC-S2-07","双方父母/原生家庭","SC-S1-05","结婚/建立家庭","SC-S3-07","父母责任变化","NF-N1-07","公平/可靠/合作","Conditional / gate","N3-02/N3-03","当「家庭优先级」进入「结婚/建立家庭」的「双方父母/原生家庭」，遇到「父母责任变化」时，对重视「公平/可靠/合作」的人意味着什么？","constrained_mapping_v0.2","semantic_preflight"
"CC2-00723","PF-D02","家庭优先级","SC-S2-07","双方父母/原生家庭","SC-S1-05","结婚/建立家庭","SC-S3-07","父母责任变化","NF-N1-04","自主/空间/自由","Ideal range / fit","N3-04","当「家庭优先级」进入「结婚/建立家庭」的「双方父母/原生家庭」，遇到「父母责任变化」时，对重视「自主/空间/自由」的人意味着什么？","constrained_mapping_v0.2","semantic_preflight"
"CC2-00724","PF-D02","家庭优先级","SC-S2-07","双方父母/原生家庭","SC-S1-05","结婚/建立家庭","SC-S3-05","居住/迁移变化","NF-N1-11","家庭投入/家庭边界","Fit / conditional","N3-03/N3-04","当「家庭优先级」进入「结婚/建立家庭」的「双方父母/原生家庭」，遇到「居住/迁移变化」时，对重视「家庭投入/家庭边界」的人意味着什么？","constrained_mapping_v0.2","semantic_preflight"
"CC2-00725","PF-D02","家庭优先级","SC-S2-07","双方父母/原生家庭","SC-S1-05","结婚/建立家庭","SC-S3-05","居住/迁移变化","NF-N1-07","公平/可靠/合作","Conditional / gate","N3-02/N3-03","当「家庭优先级」进入「结婚/建立家庭」的「双方父母/原生家庭」，遇到「居住/迁移变化」时，对重视「公平/可靠/合作」的人意味着什么？","constrained_mapping_v0.2","semantic_preflight"
"CC2-00726","PF-D02","家庭优先级","SC-S2-07","双方父母/原生家庭","SC-S1-05","结婚/建立家庭","SC-S3-05","居住/迁移变化","NF-N1-04","自主/空间/自由","Ideal range / fit","N3-04","当「家庭优先级」进入「结婚/建立家庭」的「双方父母/原生家庭」，遇到「居住/迁移变化」时，对重视「自主/空间/自由」的人意味着什么？","constrained_mapping_v0.2","semantic_preflight"
"CC2-00727","PF-D02","家庭优先级","SC-S2-07","双方父母/原生家庭","SC-S1-06","备孕/怀孕/生育","SC-S3-07","父母责任变化","NF-N1-11","家庭投入/家庭边界","Fit / conditional","N3-03/N3-04","当「家庭优先级」进入「备孕/怀孕/生育」的「双方父母/原生家庭」，遇到「父母责任变化」时，对重视「家庭投入/家庭边界」的人意味着什么？","constrained_mapping_v0.2","semantic_preflight"
"CC2-00728","PF-D02","家庭优先级","SC-S2-07","双方父母/原生家庭","SC-S1-06","备孕/怀孕/生育","SC-S3-07","父母责任变化","NF-N1-07","公平/可靠/合作","Conditional / gate","N3-02/N3-03","当「家庭优先级」进入「备孕/怀孕/生育」的「双方父母/原生家庭」，遇到「父母责任变化」时，对重视「公平/可靠/合作」的人意味着什么？","constrained_mapping_v0.2","semantic_preflight"
"CC2-00729","PF-D02","家庭优先级","SC-S2-07","双方父母/原生家庭","SC-S1-06","备孕/怀孕/生育","SC-S3-07","父母责任变化","NF-N1-04","自主/空间/自由","Ideal range / fit","N3-04","当「家庭优先级」进入「备孕/怀孕/生育」的「双方父母/原生家庭」，遇到「父母责任变化」时，对重视「自主/空间/自由」的人意味着什么？","constrained_mapping_v0.2","semantic_preflight"
"CC2-00730","PF-D02","家庭优先级","SC-S2-07","双方父母/原生家庭","SC-S1-06","备孕/怀孕/生育","SC-S3-05","居住/迁移变化","NF-N1-11","家庭投入/家庭边界","Fit / conditional","N3-03/N3-04","当「家庭优先级」进入「备孕/怀孕/生育」的「双方父母/原生家庭」，遇到「居住/迁移变化」时，对重视「家庭投入/家庭边界」的人意味着什么？","constrained_mapping_v0.2","semantic_preflight"
"CC2-00731","PF-D02","家庭优先级","SC-S2-07","双方父母/原生家庭","SC-S1-06","备孕/怀孕/生育","SC-S3-05","居住/迁移变化","NF-N1-07","公平/可靠/合作","Conditional / gate","N3-02/N3-03","当「家庭优先级」进入「备孕/怀孕/生育」的「双方父母/原生家庭」，遇到「居住/迁移变化」时，对重视「公平/可靠/合作」的人意味着什么？","constrained_mapping_v0.2","semantic_preflight"
"CC2-00732","PF-D02","家庭优先级","SC-S2-07","双方父母/原生家庭","SC-S1-06","备孕/怀孕/生育","SC-S3-05","居住/迁移变化","NF-N1-04","自主/空间/自由","Ideal range / fit","N3-04","当「家庭优先级」进入「备孕/怀孕/生育」的「双方父母/原生家庭」，遇到「居住/迁移变化」时，对重视「自主/空间/自由」的人意味着什么？","constrained_mapping_v0.2","semantic_preflight"
"CC2-00733","PF-D02","家庭优先级","SC-S2-07","双方父母/原生家庭","SC-S1-07","婴幼儿照护","SC-S3-07","父母责任变化","NF-N1-11","家庭投入/家庭边界","Fit / conditional","N3-03/N3-04","当「家庭优先级」进入「婴幼儿照护」的「双方父母/原生家庭」，遇到「父母责任变化」时，对重视「家庭投入/家庭边界」的人意味着什么？","constrained_mapping_v0.2","semantic_preflight"
"CC2-00734","PF-D02","家庭优先级","SC-S2-07","双方父母/原生家庭","SC-S1-07","婴幼儿照护","SC-S3-07","父母责任变化","NF-N1-07","公平/可靠/合作","Conditional / gate","N3-02/N3-03","当「家庭优先级」进入「婴幼儿照护」的「双方父母/原生家庭」，遇到「父母责任变化」时，对重视「公平/可靠/合作」的人意味着什么？","constrained_mapping_v0.2","semantic_preflight"
"CC2-00735","PF-D02","家庭优先级","SC-S2-07","双方父母/原生家庭","SC-S1-07","婴幼儿照护","SC-S3-07","父母责任变化","NF-N1-04","自主/空间/自由","Ideal range / fit","N3-04","当「家庭优先级」进入「婴幼儿照护」的「双方父母/原生家庭」，遇到「父母责任变化」时，对重视「自主/空间/自由」的人意味着什么？","constrained_mapping_v0.2","semantic_preflight"
"CC2-00736","PF-D02","家庭优先级","SC-S2-07","双方父母/原生家庭","SC-S1-07","婴幼儿照护","SC-S3-05","居住/迁移变化","NF-N1-11","家庭投入/家庭边界","Fit / conditional","N3-03/N3-04","当「家庭优先级」进入「婴幼儿照护」的「双方父母/原生家庭」，遇到「居住/迁移变化」时，对重视「家庭投入/家庭边界」的人意味着什么？","constrained_mapping_v0.2","semantic_preflight"
"CC2-00737","PF-D02","家庭优先级","SC-S2-07","双方父母/原生家庭","SC-S1-07","婴幼儿照护","SC-S3-05","居住/迁移变化","NF-N1-07","公平/可靠/合作","Conditional / gate","N3-02/N3-03","当「家庭优先级」进入「婴幼儿照护」的「双方父母/原生家庭」，遇到「居住/迁移变化」时，对重视「公平/可靠/合作」的人意味着什么？","constrained_mapping_v0.2","semantic_preflight"
"CC2-00738","PF-D02","家庭优先级","SC-S2-07","双方父母/原生家庭","SC-S1-07","婴幼儿照护","SC-S3-05","居住/迁移变化","NF-N1-04","自主/空间/自由","Ideal range / fit","N3-04","当「家庭优先级」进入「婴幼儿照护」的「双方父母/原生家庭」，遇到「居住/迁移变化」时，对重视「自主/空间/自由」的人意味着什么？","constrained_mapping_v0.2","semantic_preflight"
"CC2-00739","PF-D02","家庭优先级","SC-S2-07","双方父母/原生家庭","SC-S1-09","中年多重责任","SC-S3-07","父母责任变化","NF-N1-11","家庭投入/家庭边界","Fit / conditional","N3-03/N3-04","当「家庭优先级」进入「中年多重责任」的「双方父母/原生家庭」，遇到「父母责任变化」时，对重视「家庭投入/家庭边界」的人意味着什么？","constrained_mapping_v0.2","semantic_preflight"
"CC2-00740","PF-D02","家庭优先级","SC-S2-07","双方父母/原生家庭","SC-S1-09","中年多重责任","SC-S3-07","父母责任变化","NF-N1-07","公平/可靠/合作","Conditional / gate","N3-02/N3-03","当「家庭优先级」进入「中年多重责任」的「双方父母/原生家庭」，遇到「父母责任变化」时，对重视「公平/可靠/合作」的人意味着什么？","constrained_mapping_v0.2","semantic_preflight"
"CC2-00741","PF-D02","家庭优先级","SC-S2-07","双方父母/原生家庭","SC-S1-09","中年多重责任","SC-S3-07","父母责任变化","NF-N1-04","自主/空间/自由","Ideal range / fit","N3-04","当「家庭优先级」进入「中年多重责任」的「双方父母/原生家庭」，遇到「父母责任变化」时，对重视「自主/空间/自由」的人意味着什么？","constrained_mapping_v0.2","semantic_preflight"
"CC2-00742","PF-D02","家庭优先级","SC-S2-07","双方父母/原生家庭","SC-S1-09","中年多重责任","SC-S3-05","居住/迁移变化","NF-N1-11","家庭投入/家庭边界","Fit / conditional","N3-03/N3-04","当「家庭优先级」进入「中年多重责任」的「双方父母/原生家庭」，遇到「居住/迁移变化」时，对重视「家庭投入/家庭边界」的人意味着什么？","constrained_mapping_v0.2","semantic_preflight"
"CC2-00743","PF-D02","家庭优先级","SC-S2-07","双方父母/原生家庭","SC-S1-09","中年多重责任","SC-S3-05","居住/迁移变化","NF-N1-07","公平/可靠/合作","Conditional / gate","N3-02/N3-03","当「家庭优先级」进入「中年多重责任」的「双方父母/原生家庭」，遇到「居住/迁移变化」时，对重视「公平/可靠/合作」的人意味着什么？","constrained_mapping_v0.2","semantic_preflight"
"CC2-00744","PF-D02","家庭优先级","SC-S2-07","双方父母/原生家庭","SC-S1-09","中年多重责任","SC-S3-05","居住/迁移变化","NF-N1-04","自主/空间/自由","Ideal range / fit","N3-04","当「家庭优先级」进入「中年多重责任」的「双方父母/原生家庭」，遇到「居住/迁移变化」时，对重视「自主/空间/自由」的人意味着什么？","constrained_mapping_v0.2","semantic_preflight"
"CC2-00745","PF-D02","家庭优先级","SC-S2-06","孩子/生育/教育","SC-S1-05","结婚/建立家庭","SC-S3-06","生育/育儿转折","NF-N1-11","家庭投入/家庭边界","Fit / conditional","N3-03/N3-04","当「家庭优先级」进入「结婚/建立家庭」的「孩子/生育/教育」，遇到「生育/育儿转折」时，对重视「家庭投入/家庭边界」的人意味着什么？","constrained_mapping_v0.2","semantic_preflight"
"CC2-00746","PF-D02","家庭优先级","SC-S2-06","孩子/生育/教育","SC-S1-05","结婚/建立家庭","SC-S3-06","生育/育儿转折","NF-N1-07","公平/可靠/合作","Conditional / gate","N3-02/N3-03","当「家庭优先级」进入「结婚/建立家庭」的「孩子/生育/教育」，遇到「生育/育儿转折」时，对重视「公平/可靠/合作」的人意味着什么？","constrained_mapping_v0.2","semantic_preflight"
"CC2-00747","PF-D02","家庭优先级","SC-S2-06","孩子/生育/教育","SC-S1-05","结婚/建立家庭","SC-S3-06","生育/育儿转折","NF-N1-04","自主/空间/自由","Ideal range / fit","N3-04","当「家庭优先级」进入「结婚/建立家庭」的「孩子/生育/教育」，遇到「生育/育儿转折」时，对重视「自主/空间/自由」的人意味着什么？","constrained_mapping_v0.2","semantic_preflight"
"CC2-00748","PF-D02","家庭优先级","SC-S2-06","孩子/生育/教育","SC-S1-05","结婚/建立家庭","SC-S3-01","工作时间突变","NF-N1-11","家庭投入/家庭边界","Fit / conditional","N3-03/N3-04","当「家庭优先级」进入「结婚/建立家庭」的「孩子/生育/教育」，遇到「工作时间突变」时，对重视「家庭投入/家庭边界」的人意味着什么？","constrained_mapping_v0.2","semantic_preflight"
"CC2-00749","PF-D02","家庭优先级","SC-S2-06","孩子/生育/教育","SC-S1-05","结婚/建立家庭","SC-S3-01","工作时间突变","NF-N1-07","公平/可靠/合作","Conditional / gate","N3-02/N3-03","当「家庭优先级」进入「结婚/建立家庭」的「孩子/生育/教育」，遇到「工作时间突变」时，对重视「公平/可靠/合作」的人意味着什么？","constrained_mapping_v0.2","semantic_preflight"
"CC2-00750","PF-D02","家庭优先级","SC-S2-06","孩子/生育/教育","SC-S1-05","结婚/建立家庭","SC-S3-01","工作时间突变","NF-N1-04","自主/空间/自由","Ideal range / fit","N3-04","当「家庭优先级」进入「结婚/建立家庭」的「孩子/生育/教育」，遇到「工作时间突变」时，对重视「自主/空间/自由」的人意味着什么？","constrained_mapping_v0.2","semantic_preflight"
"CC2-00751","PF-D02","家庭优先级","SC-S2-06","孩子/生育/教育","SC-S1-06","备孕/怀孕/生育","SC-S3-06","生育/育儿转折","NF-N1-11","家庭投入/家庭边界","Fit / conditional","N3-03/N3-04","当「家庭优先级」进入「备孕/怀孕/生育」的「孩子/生育/教育」，遇到「生育/育儿转折」时，对重视「家庭投入/家庭边界」的人意味着什么？","constrained_mapping_v0.2","semantic_preflight"
"CC2-00752","PF-D02","家庭优先级","SC-S2-06","孩子/生育/教育","SC-S1-06","备孕/怀孕/生育","SC-S3-06","生育/育儿转折","NF-N1-07","公平/可靠/合作","Conditional / gate","N3-02/N3-03","当「家庭优先级」进入「备孕/怀孕/生育」的「孩子/生育/教育」，遇到「生育/育儿转折」时，对重视「公平/可靠/合作」的人意味着什么？","constrained_mapping_v0.2","semantic_preflight"
"CC2-00753","PF-D02","家庭优先级","SC-S2-06","孩子/生育/教育","SC-S1-06","备孕/怀孕/生育","SC-S3-06","生育/育儿转折","NF-N1-04","自主/空间/自由","Ideal range / fit","N3-04","当「家庭优先级」进入「备孕/怀孕/生育」的「孩子/生育/教育」，遇到「生育/育儿转折」时，对重视「自主/空间/自由」的人意味着什么？","constrained_mapping_v0.2","semantic_preflight"
"CC2-00754","PF-D02","家庭优先级","SC-S2-06","孩子/生育/教育","SC-S1-06","备孕/怀孕/生育","SC-S3-01","工作时间突变","NF-N1-11","家庭投入/家庭边界","Fit / conditional","N3-03/N3-04","当「家庭优先级」进入「备孕/怀孕/生育」的「孩子/生育/教育」，遇到「工作时间突变」时，对重视「家庭投入/家庭边界」的人意味着什么？","constrained_mapping_v0.2","semantic_preflight"
"CC2-00755","PF-D02","家庭优先级","SC-S2-06","孩子/生育/教育","SC-S1-06","备孕/怀孕/生育","SC-S3-01","工作时间突变","NF-N1-07","公平/可靠/合作","Conditional / gate","N3-02/N3-03","当「家庭优先级」进入「备孕/怀孕/生育」的「孩子/生育/教育」，遇到「工作时间突变」时，对重视「公平/可靠/合作」的人意味着什么？","constrained_mapping_v0.2","semantic_preflight"
"CC2-00756","PF-D02","家庭优先级","SC-S2-06","孩子/生育/教育","SC-S1-06","备孕/怀孕/生育","SC-S3-01","工作时间突变","NF-N1-04","自主/空间/自由","Ideal range / fit","N3-04","当「家庭优先级」进入「备孕/怀孕/生育」的「孩子/生育/教育」，遇到「工作时间突变」时，对重视「自主/空间/自由」的人意味着什么？","constrained_mapping_v0.2","semantic_preflight"
"CC2-00757","PF-D02","家庭优先级","SC-S2-06","孩子/生育/教育","SC-S1-07","婴幼儿照护","SC-S3-06","生育/育儿转折","NF-N1-11","家庭投入/家庭边界","Fit / conditional","N3-03/N3-04","当「家庭优先级」进入「婴幼儿照护」的「孩子/生育/教育」，遇到「生育/育儿转折」时，对重视「家庭投入/家庭边界」的人意味着什么？","constrained_mapping_v0.2","semantic_preflight"
"CC2-00758","PF-D02","家庭优先级","SC-S2-06","孩子/生育/教育","SC-S1-07","婴幼儿照护","SC-S3-06","生育/育儿转折","NF-N1-07","公平/可靠/合作","Conditional / gate","N3-02/N3-03","当「家庭优先级」进入「婴幼儿照护」的「孩子/生育/教育」，遇到「生育/育儿转折」时，对重视「公平/可靠/合作」的人意味着什么？","constrained_mapping_v0.2","semantic_preflight"
"CC2-00759","PF-D02","家庭优先级","SC-S2-06","孩子/生育/教育","SC-S1-07","婴幼儿照护","SC-S3-06","生育/育儿转折","NF-N1-04","自主/空间/自由","Ideal range / fit","N3-04","当「家庭优先级」进入「婴幼儿照护」的「孩子/生育/教育」，遇到「生育/育儿转折」时，对重视「自主/空间/自由」的人意味着什么？","constrained_mapping_v0.2","semantic_preflight"
"CC2-00760","PF-D02","家庭优先级","SC-S2-06","孩子/生育/教育","SC-S1-07","婴幼儿照护","SC-S3-01","工作时间突变","NF-N1-11","家庭投入/家庭边界","Fit / conditional","N3-03/N3-04","当「家庭优先级」进入「婴幼儿照护」的「孩子/生育/教育」，遇到「工作时间突变」时，对重视「家庭投入/家庭边界」的人意味着什么？","constrained_mapping_v0.2","semantic_preflight"
"CC2-00761","PF-D02","家庭优先级","SC-S2-06","孩子/生育/教育","SC-S1-07","婴幼儿照护","SC-S3-01","工作时间突变","NF-N1-07","公平/可靠/合作","Conditional / gate","N3-02/N3-03","当「家庭优先级」进入「婴幼儿照护」的「孩子/生育/教育」，遇到「工作时间突变」时，对重视「公平/可靠/合作」的人意味着什么？","constrained_mapping_v0.2","semantic_preflight"
"CC2-00762","PF-D02","家庭优先级","SC-S2-06","孩子/生育/教育","SC-S1-07","婴幼儿照护","SC-S3-01","工作时间突变","NF-N1-04","自主/空间/自由","Ideal range / fit","N3-04","当「家庭优先级」进入「婴幼儿照护」的「孩子/生育/教育」，遇到「工作时间突变」时，对重视「自主/空间/自由」的人意味着什么？","constrained_mapping_v0.2","semantic_preflight"
"CC2-00763","PF-D02","家庭优先级","SC-S2-06","孩子/生育/教育","SC-S1-08","孩子成长/教育","SC-S3-06","生育/育儿转折","NF-N1-11","家庭投入/家庭边界","Fit / conditional","N3-03/N3-04","当「家庭优先级」进入「孩子成长/教育」的「孩子/生育/教育」，遇到「生育/育儿转折」时，对重视「家庭投入/家庭边界」的人意味着什么？","constrained_mapping_v0.2","semantic_preflight"
"CC2-00764","PF-D02","家庭优先级","SC-S2-06","孩子/生育/教育","SC-S1-08","孩子成长/教育","SC-S3-06","生育/育儿转折","NF-N1-07","公平/可靠/合作","Conditional / gate","N3-02/N3-03","当「家庭优先级」进入「孩子成长/教育」的「孩子/生育/教育」，遇到「生育/育儿转折」时，对重视「公平/可靠/合作」的人意味着什么？","constrained_mapping_v0.2","semantic_preflight"
"CC2-00765","PF-D02","家庭优先级","SC-S2-06","孩子/生育/教育","SC-S1-08","孩子成长/教育","SC-S3-06","生育/育儿转折","NF-N1-04","自主/空间/自由","Ideal range / fit","N3-04","当「家庭优先级」进入「孩子成长/教育」的「孩子/生育/教育」，遇到「生育/育儿转折」时，对重视「自主/空间/自由」的人意味着什么？","constrained_mapping_v0.2","semantic_preflight"
"CC2-00766","PF-D02","家庭优先级","SC-S2-06","孩子/生育/教育","SC-S1-08","孩子成长/教育","SC-S3-01","工作时间突变","NF-N1-11","家庭投入/家庭边界","Fit / conditional","N3-03/N3-04","当「家庭优先级」进入「孩子成长/教育」的「孩子/生育/教育」，遇到「工作时间突变」时，对重视「家庭投入/家庭边界」的人意味着什么？","constrained_mapping_v0.2","semantic_preflight"
"CC2-00767","PF-D02","家庭优先级","SC-S2-06","孩子/生育/教育","SC-S1-08","孩子成长/教育","SC-S3-01","工作时间突变","NF-N1-07","公平/可靠/合作","Conditional / gate","N3-02/N3-03","当「家庭优先级」进入「孩子成长/教育」的「孩子/生育/教育」，遇到「工作时间突变」时，对重视「公平/可靠/合作」的人意味着什么？","constrained_mapping_v0.2","semantic_preflight"
"CC2-00768","PF-D02","家庭优先级","SC-S2-06","孩子/生育/教育","SC-S1-08","孩子成长/教育","SC-S3-01","工作时间突变","NF-N1-04","自主/空间/自由","Ideal range / fit","N3-04","当「家庭优先级」进入「孩子成长/教育」的「孩子/生育/教育」，遇到「工作时间突变」时，对重视「自主/空间/自由」的人意味着什么？","constrained_mapping_v0.2","semantic_preflight"
"CC2-00769","PF-D02","家庭优先级","SC-S2-05","家务/家庭劳动","SC-S1-04","同居/婚前","SC-S3-10","反复小问题累积","NF-N1-11","家庭投入/家庭边界","Fit / conditional","N3-03/N3-04","当「家庭优先级」进入「同居/婚前」的「家务/家庭劳动」，遇到「反复小问题累积」时，对重视「家庭投入/家庭边界」的人意味着什么？","constrained_mapping_v0.2","semantic_preflight"
"CC2-00770","PF-D02","家庭优先级","SC-S2-05","家务/家庭劳动","SC-S1-04","同居/婚前","SC-S3-10","反复小问题累积","NF-N1-07","公平/可靠/合作","Conditional / gate","N3-02/N3-03","当「家庭优先级」进入「同居/婚前」的「家务/家庭劳动」，遇到「反复小问题累积」时，对重视「公平/可靠/合作」的人意味着什么？","constrained_mapping_v0.2","semantic_preflight"
"CC2-00771","PF-D02","家庭优先级","SC-S2-05","家务/家庭劳动","SC-S1-04","同居/婚前","SC-S3-10","反复小问题累积","NF-N1-04","自主/空间/自由","Ideal range / fit","N3-04","当「家庭优先级」进入「同居/婚前」的「家务/家庭劳动」，遇到「反复小问题累积」时，对重视「自主/空间/自由」的人意味着什么？","constrained_mapping_v0.2","semantic_preflight"
"CC2-00772","PF-D02","家庭优先级","SC-S2-05","家务/家庭劳动","SC-S1-06","备孕/怀孕/生育","SC-S3-06","生育/育儿转折","NF-N1-11","家庭投入/家庭边界","Fit / conditional","N3-03/N3-04","当「家庭优先级」进入「备孕/怀孕/生育」的「家务/家庭劳动」，遇到「生育/育儿转折」时，对重视「家庭投入/家庭边界」的人意味着什么？","constrained_mapping_v0.2","semantic_preflight"
"CC2-00773","PF-D02","家庭优先级","SC-S2-05","家务/家庭劳动","SC-S1-06","备孕/怀孕/生育","SC-S3-06","生育/育儿转折","NF-N1-07","公平/可靠/合作","Conditional / gate","N3-02/N3-03","当「家庭优先级」进入「备孕/怀孕/生育」的「家务/家庭劳动」，遇到「生育/育儿转折」时，对重视「公平/可靠/合作」的人意味着什么？","constrained_mapping_v0.2","semantic_preflight"
"CC2-00774","PF-D02","家庭优先级","SC-S2-05","家务/家庭劳动","SC-S1-06","备孕/怀孕/生育","SC-S3-06","生育/育儿转折","NF-N1-04","自主/空间/自由","Ideal range / fit","N3-04","当「家庭优先级」进入「备孕/怀孕/生育」的「家务/家庭劳动」，遇到「生育/育儿转折」时，对重视「自主/空间/自由」的人意味着什么？","constrained_mapping_v0.2","semantic_preflight"
"CC2-00775","PF-D02","家庭优先级","SC-S2-05","家务/家庭劳动","SC-S1-06","备孕/怀孕/生育","SC-S3-10","反复小问题累积","NF-N1-11","家庭投入/家庭边界","Fit / conditional","N3-03/N3-04","当「家庭优先级」进入「备孕/怀孕/生育」的「家务/家庭劳动」，遇到「反复小问题累积」时，对重视「家庭投入/家庭边界」的人意味着什么？","constrained_mapping_v0.2","semantic_preflight"
"CC2-00776","PF-D02","家庭优先级","SC-S2-05","家务/家庭劳动","SC-S1-06","备孕/怀孕/生育","SC-S3-10","反复小问题累积","NF-N1-07","公平/可靠/合作","Conditional / gate","N3-02/N3-03","当「家庭优先级」进入「备孕/怀孕/生育」的「家务/家庭劳动」，遇到「反复小问题累积」时，对重视「公平/可靠/合作」的人意味着什么？","constrained_mapping_v0.2","semantic_preflight"
"CC2-00777","PF-D02","家庭优先级","SC-S2-05","家务/家庭劳动","SC-S1-06","备孕/怀孕/生育","SC-S3-10","反复小问题累积","NF-N1-04","自主/空间/自由","Ideal range / fit","N3-04","当「家庭优先级」进入「备孕/怀孕/生育」的「家务/家庭劳动」，遇到「反复小问题累积」时，对重视「自主/空间/自由」的人意味着什么？","constrained_mapping_v0.2","semantic_preflight"
"CC2-00778","PF-D02","家庭优先级","SC-S2-05","家务/家庭劳动","SC-S1-07","婴幼儿照护","SC-S3-06","生育/育儿转折","NF-N1-11","家庭投入/家庭边界","Fit / conditional","N3-03/N3-04","当「家庭优先级」进入「婴幼儿照护」的「家务/家庭劳动」，遇到「生育/育儿转折」时，对重视「家庭投入/家庭边界」的人意味着什么？","constrained_mapping_v0.2","semantic_preflight"
"CC2-00779","PF-D02","家庭优先级","SC-S2-05","家务/家庭劳动","SC-S1-07","婴幼儿照护","SC-S3-06","生育/育儿转折","NF-N1-07","公平/可靠/合作","Conditional / gate","N3-02/N3-03","当「家庭优先级」进入「婴幼儿照护」的「家务/家庭劳动」，遇到「生育/育儿转折」时，对重视「公平/可靠/合作」的人意味着什么？","constrained_mapping_v0.2","semantic_preflight"
"CC2-00780","PF-D02","家庭优先级","SC-S2-05","家务/家庭劳动","SC-S1-07","婴幼儿照护","SC-S3-06","生育/育儿转折","NF-N1-04","自主/空间/自由","Ideal range / fit","N3-04","当「家庭优先级」进入「婴幼儿照护」的「家务/家庭劳动」，遇到「生育/育儿转折」时，对重视「自主/空间/自由」的人意味着什么？","constrained_mapping_v0.2","semantic_preflight"
"CC2-00781","PF-D02","家庭优先级","SC-S2-05","家务/家庭劳动","SC-S1-07","婴幼儿照护","SC-S3-10","反复小问题累积","NF-N1-11","家庭投入/家庭边界","Fit / conditional","N3-03/N3-04","当「家庭优先级」进入「婴幼儿照护」的「家务/家庭劳动」，遇到「反复小问题累积」时，对重视「家庭投入/家庭边界」的人意味着什么？","constrained_mapping_v0.2","semantic_preflight"
"CC2-00782","PF-D02","家庭优先级","SC-S2-05","家务/家庭劳动","SC-S1-07","婴幼儿照护","SC-S3-10","反复小问题累积","NF-N1-07","公平/可靠/合作","Conditional / gate","N3-02/N3-03","当「家庭优先级」进入「婴幼儿照护」的「家务/家庭劳动」，遇到「反复小问题累积」时，对重视「公平/可靠/合作」的人意味着什么？","constrained_mapping_v0.2","semantic_preflight"
"CC2-00783","PF-D02","家庭优先级","SC-S2-05","家务/家庭劳动","SC-S1-07","婴幼儿照护","SC-S3-10","反复小问题累积","NF-N1-04","自主/空间/自由","Ideal range / fit","N3-04","当「家庭优先级」进入「婴幼儿照护」的「家务/家庭劳动」，遇到「反复小问题累积」时，对重视「自主/空间/自由」的人意味着什么？","constrained_mapping_v0.2","semantic_preflight"
"CC2-00784","PF-D02","家庭优先级","SC-S2-05","家务/家庭劳动","SC-S1-09","中年多重责任","SC-S3-06","生育/育儿转折","NF-N1-11","家庭投入/家庭边界","Fit / conditional","N3-03/N3-04","当「家庭优先级」进入「中年多重责任」的「家务/家庭劳动」，遇到「生育/育儿转折」时，对重视「家庭投入/家庭边界」的人意味着什么？","constrained_mapping_v0.2","semantic_preflight"
"CC2-00785","PF-D02","家庭优先级","SC-S2-05","家务/家庭劳动","SC-S1-09","中年多重责任","SC-S3-06","生育/育儿转折","NF-N1-07","公平/可靠/合作","Conditional / gate","N3-02/N3-03","当「家庭优先级」进入「中年多重责任」的「家务/家庭劳动」，遇到「生育/育儿转折」时，对重视「公平/可靠/合作」的人意味着什么？","constrained_mapping_v0.2","semantic_preflight"
"CC2-00786","PF-D02","家庭优先级","SC-S2-05","家务/家庭劳动","SC-S1-09","中年多重责任","SC-S3-06","生育/育儿转折","NF-N1-04","自主/空间/自由","Ideal range / fit","N3-04","当「家庭优先级」进入「中年多重责任」的「家务/家庭劳动」，遇到「生育/育儿转折」时，对重视「自主/空间/自由」的人意味着什么？","constrained_mapping_v0.2","semantic_preflight"
"CC2-00787","PF-D02","家庭优先级","SC-S2-05","家务/家庭劳动","SC-S1-09","中年多重责任","SC-S3-10","反复小问题累积","NF-N1-11","家庭投入/家庭边界","Fit / conditional","N3-03/N3-04","当「家庭优先级」进入「中年多重责任」的「家务/家庭劳动」，遇到「反复小问题累积」时，对重视「家庭投入/家庭边界」的人意味着什么？","constrained_mapping_v0.2","semantic_preflight"
"CC2-00788","PF-D02","家庭优先级","SC-S2-05","家务/家庭劳动","SC-S1-09","中年多重责任","SC-S3-10","反复小问题累积","NF-N1-07","公平/可靠/合作","Conditional / gate","N3-02/N3-03","当「家庭优先级」进入「中年多重责任」的「家务/家庭劳动」，遇到「反复小问题累积」时，对重视「公平/可靠/合作」的人意味着什么？","constrained_mapping_v0.2","semantic_preflight"
"CC2-00789","PF-D02","家庭优先级","SC-S2-05","家务/家庭劳动","SC-S1-09","中年多重责任","SC-S3-10","反复小问题累积","NF-N1-04","自主/空间/自由","Ideal range / fit","N3-04","当「家庭优先级」进入「中年多重责任」的「家务/家庭劳动」，遇到「反复小问题累积」时，对重视「自主/空间/自由」的人意味着什么？","constrained_mapping_v0.2","semantic_preflight"
"CC2-00790","PF-D02","家庭优先级","SC-S2-01","日常作息与生活管理","SC-S1-02","恋爱/磨合","SC-S3-01","工作时间突变","NF-N1-11","家庭投入/家庭边界","Fit / conditional","N3-03/N3-04","当「家庭优先级」进入「恋爱/磨合」的「日常作息与生活管理」，遇到「工作时间突变」时，对重视「家庭投入/家庭边界」的人意味着什么？","constrained_mapping_v0.2","semantic_preflight"
"CC2-00791","PF-D02","家庭优先级","SC-S2-01","日常作息与生活管理","SC-S1-02","恋爱/磨合","SC-S3-01","工作时间突变","NF-N1-07","公平/可靠/合作","Conditional / gate","N3-02/N3-03","当「家庭优先级」进入「恋爱/磨合」的「日常作息与生活管理」，遇到「工作时间突变」时，对重视「公平/可靠/合作」的人意味着什么？","constrained_mapping_v0.2","semantic_preflight"
"CC2-00792","PF-D02","家庭优先级","SC-S2-01","日常作息与生活管理","SC-S1-02","恋爱/磨合","SC-S3-01","工作时间突变","NF-N1-04","自主/空间/自由","Ideal range / fit","N3-04","当「家庭优先级」进入「恋爱/磨合」的「日常作息与生活管理」，遇到「工作时间突变」时，对重视「自主/空间/自由」的人意味着什么？","constrained_mapping_v0.2","semantic_preflight"
"CC2-00793","PF-D02","家庭优先级","SC-S2-01","日常作息与生活管理","SC-S1-02","恋爱/磨合","SC-S3-10","反复小问题累积","NF-N1-11","家庭投入/家庭边界","Fit / conditional","N3-03/N3-04","当「家庭优先级」进入「恋爱/磨合」的「日常作息与生活管理」，遇到「反复小问题累积」时，对重视「家庭投入/家庭边界」的人意味着什么？","constrained_mapping_v0.2","semantic_preflight"
"CC2-00794","PF-D02","家庭优先级","SC-S2-01","日常作息与生活管理","SC-S1-02","恋爱/磨合","SC-S3-10","反复小问题累积","NF-N1-07","公平/可靠/合作","Conditional / gate","N3-02/N3-03","当「家庭优先级」进入「恋爱/磨合」的「日常作息与生活管理」，遇到「反复小问题累积」时，对重视「公平/可靠/合作」的人意味着什么？","constrained_mapping_v0.2","semantic_preflight"
"CC2-00795","PF-D02","家庭优先级","SC-S2-01","日常作息与生活管理","SC-S1-02","恋爱/磨合","SC-S3-10","反复小问题累积","NF-N1-04","自主/空间/自由","Ideal range / fit","N3-04","当「家庭优先级」进入「恋爱/磨合」的「日常作息与生活管理」，遇到「反复小问题累积」时，对重视「自主/空间/自由」的人意味着什么？","constrained_mapping_v0.2","semantic_preflight"
"CC2-00796","PF-D02","家庭优先级","SC-S2-01","日常作息与生活管理","SC-S1-04","同居/婚前","SC-S3-01","工作时间突变","NF-N1-11","家庭投入/家庭边界","Fit / conditional","N3-03/N3-04","当「家庭优先级」进入「同居/婚前」的「日常作息与生活管理」，遇到「工作时间突变」时，对重视「家庭投入/家庭边界」的人意味着什么？","constrained_mapping_v0.2","semantic_preflight"
"CC2-00797","PF-D02","家庭优先级","SC-S2-01","日常作息与生活管理","SC-S1-04","同居/婚前","SC-S3-01","工作时间突变","NF-N1-07","公平/可靠/合作","Conditional / gate","N3-02/N3-03","当「家庭优先级」进入「同居/婚前」的「日常作息与生活管理」，遇到「工作时间突变」时，对重视「公平/可靠/合作」的人意味着什么？","constrained_mapping_v0.2","semantic_preflight"
"CC2-00798","PF-D02","家庭优先级","SC-S2-01","日常作息与生活管理","SC-S1-04","同居/婚前","SC-S3-01","工作时间突变","NF-N1-04","自主/空间/自由","Ideal range / fit","N3-04","当「家庭优先级」进入「同居/婚前」的「日常作息与生活管理」，遇到「工作时间突变」时，对重视「自主/空间/自由」的人意味着什么？","constrained_mapping_v0.2","semantic_preflight"
"CC2-00799","PF-D02","家庭优先级","SC-S2-01","日常作息与生活管理","SC-S1-04","同居/婚前","SC-S3-10","反复小问题累积","NF-N1-11","家庭投入/家庭边界","Fit / conditional","N3-03/N3-04","当「家庭优先级」进入「同居/婚前」的「日常作息与生活管理」，遇到「反复小问题累积」时，对重视「家庭投入/家庭边界」的人意味着什么？","constrained_mapping_v0.2","semantic_preflight"
"CC2-00800","PF-D02","家庭优先级","SC-S2-01","日常作息与生活管理","SC-S1-04","同居/婚前","SC-S3-10","反复小问题累积","NF-N1-07","公平/可靠/合作","Conditional / gate","N3-02/N3-03","当「家庭优先级」进入「同居/婚前」的「日常作息与生活管理」，遇到「反复小问题累积」时，对重视「公平/可靠/合作」的人意味着什么？","constrained_mapping_v0.2","semantic_preflight"
"CC2-00801","PF-D02","家庭优先级","SC-S2-01","日常作息与生活管理","SC-S1-04","同居/婚前","SC-S3-10","反复小问题累积","NF-N1-04","自主/空间/自由","Ideal range / fit","N3-04","当「家庭优先级」进入「同居/婚前」的「日常作息与生活管理」，遇到「反复小问题累积」时，对重视「自主/空间/自由」的人意味着什么？","constrained_mapping_v0.2","semantic_preflight"
"CC2-00802","PF-D02","家庭优先级","SC-S2-01","日常作息与生活管理","SC-S1-07","婴幼儿照护","SC-S3-01","工作时间突变","NF-N1-11","家庭投入/家庭边界","Fit / conditional","N3-03/N3-04","当「家庭优先级」进入「婴幼儿照护」的「日常作息与生活管理」，遇到「工作时间突变」时，对重视「家庭投入/家庭边界」的人意味着什么？","constrained_mapping_v0.2","semantic_preflight"
"CC2-00803","PF-D02","家庭优先级","SC-S2-01","日常作息与生活管理","SC-S1-07","婴幼儿照护","SC-S3-01","工作时间突变","NF-N1-07","公平/可靠/合作","Conditional / gate","N3-02/N3-03","当「家庭优先级」进入「婴幼儿照护」的「日常作息与生活管理」，遇到「工作时间突变」时，对重视「公平/可靠/合作」的人意味着什么？","constrained_mapping_v0.2","semantic_preflight"
"CC2-00804","PF-D02","家庭优先级","SC-S2-01","日常作息与生活管理","SC-S1-07","婴幼儿照护","SC-S3-01","工作时间突变","NF-N1-04","自主/空间/自由","Ideal range / fit","N3-04","当「家庭优先级」进入「婴幼儿照护」的「日常作息与生活管理」，遇到「工作时间突变」时，对重视「自主/空间/自由」的人意味着什么？","constrained_mapping_v0.2","semantic_preflight"
"CC2-00805","PF-D02","家庭优先级","SC-S2-01","日常作息与生活管理","SC-S1-07","婴幼儿照护","SC-S3-10","反复小问题累积","NF-N1-11","家庭投入/家庭边界","Fit / conditional","N3-03/N3-04","当「家庭优先级」进入「婴幼儿照护」的「日常作息与生活管理」，遇到「反复小问题累积」时，对重视「家庭投入/家庭边界」的人意味着什么？","constrained_mapping_v0.2","semantic_preflight"
"CC2-00806","PF-D02","家庭优先级","SC-S2-01","日常作息与生活管理","SC-S1-07","婴幼儿照护","SC-S3-10","反复小问题累积","NF-N1-07","公平/可靠/合作","Conditional / gate","N3-02/N3-03","当「家庭优先级」进入「婴幼儿照护」的「日常作息与生活管理」，遇到「反复小问题累积」时，对重视「公平/可靠/合作」的人意味着什么？","constrained_mapping_v0.2","semantic_preflight"
"CC2-00807","PF-D02","家庭优先级","SC-S2-01","日常作息与生活管理","SC-S1-07","婴幼儿照护","SC-S3-10","反复小问题累积","NF-N1-04","自主/空间/自由","Ideal range / fit","N3-04","当「家庭优先级」进入「婴幼儿照护」的「日常作息与生活管理」，遇到「反复小问题累积」时，对重视「自主/空间/自由」的人意味着什么？","constrained_mapping_v0.2","semantic_preflight"
"CC2-00808","PF-D03","成长导向","SC-S2-02","工作/事业/学习","SC-S1-02","恋爱/磨合","SC-S3-01","工作时间突变","NF-N1-08","成长/能力/目标支持","Fit / trade-off","N3-09","当「成长导向」进入「恋爱/磨合」的「工作/事业/学习」，遇到「工作时间突变」时，对重视「成长/能力/目标支持」的人意味着什么？","constrained_mapping_v0.2","semantic_preflight"
"CC2-00809","PF-D03","成长导向","SC-S2-02","工作/事业/学习","SC-S1-02","恋爱/磨合","SC-S3-01","工作时间突变","NF-N1-04","自主/空间/自由","Ideal range / fit","N3-04","当「成长导向」进入「恋爱/磨合」的「工作/事业/学习」，遇到「工作时间突变」时，对重视「自主/空间/自由」的人意味着什么？","constrained_mapping_v0.2","semantic_preflight"
"CC2-00810","PF-D03","成长导向","SC-S2-02","工作/事业/学习","SC-S1-02","恋爱/磨合","SC-S3-01","工作时间突变","NF-N1-02","陪伴/连接/归属","Ideal range / conditional","N3-01/N3-05","当「成长导向」进入「恋爱/磨合」的「工作/事业/学习」，遇到「工作时间突变」时，对重视「陪伴/连接/归属」的人意味着什么？","constrained_mapping_v0.2","semantic_preflight"
"CC2-00811","PF-D03","成长导向","SC-S2-02","工作/事业/学习","SC-S1-02","恋爱/磨合","SC-S3-02","事业机会/职业转折","NF-N1-08","成长/能力/目标支持","Fit / trade-off","N3-09","当「成长导向」进入「恋爱/磨合」的「工作/事业/学习」，遇到「事业机会/职业转折」时，对重视「成长/能力/目标支持」的人意味着什么？","constrained_mapping_v0.2","semantic_preflight"
"CC2-00812","PF-D03","成长导向","SC-S2-02","工作/事业/学习","SC-S1-02","恋爱/磨合","SC-S3-02","事业机会/职业转折","NF-N1-04","自主/空间/自由","Ideal range / fit","N3-04","当「成长导向」进入「恋爱/磨合」的「工作/事业/学习」，遇到「事业机会/职业转折」时，对重视「自主/空间/自由」的人意味着什么？","constrained_mapping_v0.2","semantic_preflight"
"CC2-00813","PF-D03","成长导向","SC-S2-02","工作/事业/学习","SC-S1-02","恋爱/磨合","SC-S3-02","事业机会/职业转折","NF-N1-02","陪伴/连接/归属","Ideal range / conditional","N3-01/N3-05","当「成长导向」进入「恋爱/磨合」的「工作/事业/学习」，遇到「事业机会/职业转折」时，对重视「陪伴/连接/归属」的人意味着什么？","constrained_mapping_v0.2","semantic_preflight"
"CC2-00814","PF-D03","成长导向","SC-S2-02","工作/事业/学习","SC-S1-05","结婚/建立家庭","SC-S3-01","工作时间突变","NF-N1-08","成长/能力/目标支持","Fit / trade-off","N3-09","当「成长导向」进入「结婚/建立家庭」的「工作/事业/学习」，遇到「工作时间突变」时，对重视「成长/能力/目标支持」的人意味着什么？","constrained_mapping_v0.2","semantic_preflight"
"CC2-00815","PF-D03","成长导向","SC-S2-02","工作/事业/学习","SC-S1-05","结婚/建立家庭","SC-S3-01","工作时间突变","NF-N1-04","自主/空间/自由","Ideal range / fit","N3-04","当「成长导向」进入「结婚/建立家庭」的「工作/事业/学习」，遇到「工作时间突变」时，对重视「自主/空间/自由」的人意味着什么？","constrained_mapping_v0.2","semantic_preflight"
"CC2-00816","PF-D03","成长导向","SC-S2-02","工作/事业/学习","SC-S1-05","结婚/建立家庭","SC-S3-01","工作时间突变","NF-N1-02","陪伴/连接/归属","Ideal range / conditional","N3-01/N3-05","当「成长导向」进入「结婚/建立家庭」的「工作/事业/学习」，遇到「工作时间突变」时，对重视「陪伴/连接/归属」的人意味着什么？","constrained_mapping_v0.2","semantic_preflight"
"CC2-00817","PF-D03","成长导向","SC-S2-02","工作/事业/学习","SC-S1-05","结婚/建立家庭","SC-S3-02","事业机会/职业转折","NF-N1-08","成长/能力/目标支持","Fit / trade-off","N3-09","当「成长导向」进入「结婚/建立家庭」的「工作/事业/学习」，遇到「事业机会/职业转折」时，对重视「成长/能力/目标支持」的人意味着什么？","constrained_mapping_v0.2","semantic_preflight"
"CC2-00818","PF-D03","成长导向","SC-S2-02","工作/事业/学习","SC-S1-05","结婚/建立家庭","SC-S3-02","事业机会/职业转折","NF-N1-04","自主/空间/自由","Ideal range / fit","N3-04","当「成长导向」进入「结婚/建立家庭」的「工作/事业/学习」，遇到「事业机会/职业转折」时，对重视「自主/空间/自由」的人意味着什么？","constrained_mapping_v0.2","semantic_preflight"
"CC2-00819","PF-D03","成长导向","SC-S2-02","工作/事业/学习","SC-S1-05","结婚/建立家庭","SC-S3-02","事业机会/职业转折","NF-N1-02","陪伴/连接/归属","Ideal range / conditional","N3-01/N3-05","当「成长导向」进入「结婚/建立家庭」的「工作/事业/学习」，遇到「事业机会/职业转折」时，对重视「陪伴/连接/归属」的人意味着什么？","constrained_mapping_v0.2","semantic_preflight"
"CC2-00820","PF-D03","成长导向","SC-S2-02","工作/事业/学习","SC-S1-09","中年多重责任","SC-S3-01","工作时间突变","NF-N1-08","成长/能力/目标支持","Fit / trade-off","N3-09","当「成长导向」进入「中年多重责任」的「工作/事业/学习」，遇到「工作时间突变」时，对重视「成长/能力/目标支持」的人意味着什么？","constrained_mapping_v0.2","semantic_preflight"
"CC2-00821","PF-D03","成长导向","SC-S2-02","工作/事业/学习","SC-S1-09","中年多重责任","SC-S3-01","工作时间突变","NF-N1-04","自主/空间/自由","Ideal range / fit","N3-04","当「成长导向」进入「中年多重责任」的「工作/事业/学习」，遇到「工作时间突变」时，对重视「自主/空间/自由」的人意味着什么？","constrained_mapping_v0.2","semantic_preflight"
"CC2-00822","PF-D03","成长导向","SC-S2-02","工作/事业/学习","SC-S1-09","中年多重责任","SC-S3-01","工作时间突变","NF-N1-02","陪伴/连接/归属","Ideal range / conditional","N3-01/N3-05","当「成长导向」进入「中年多重责任」的「工作/事业/学习」，遇到「工作时间突变」时，对重视「陪伴/连接/归属」的人意味着什么？","constrained_mapping_v0.2","semantic_preflight"
"CC2-00823","PF-D03","成长导向","SC-S2-02","工作/事业/学习","SC-S1-09","中年多重责任","SC-S3-02","事业机会/职业转折","NF-N1-08","成长/能力/目标支持","Fit / trade-off","N3-09","当「成长导向」进入「中年多重责任」的「工作/事业/学习」，遇到「事业机会/职业转折」时，对重视「成长/能力/目标支持」的人意味着什么？","constrained_mapping_v0.2","semantic_preflight"
"CC2-00824","PF-D03","成长导向","SC-S2-02","工作/事业/学习","SC-S1-09","中年多重责任","SC-S3-02","事业机会/职业转折","NF-N1-04","自主/空间/自由","Ideal range / fit","N3-04","当「成长导向」进入「中年多重责任」的「工作/事业/学习」，遇到「事业机会/职业转折」时，对重视「自主/空间/自由」的人意味着什么？","constrained_mapping_v0.2","semantic_preflight"
"CC2-00825","PF-D03","成长导向","SC-S2-02","工作/事业/学习","SC-S1-09","中年多重责任","SC-S3-02","事业机会/职业转折","NF-N1-02","陪伴/连接/归属","Ideal range / conditional","N3-01/N3-05","当「成长导向」进入「中年多重责任」的「工作/事业/学习」，遇到「事业机会/职业转折」时，对重视「陪伴/连接/归属」的人意味着什么？","constrained_mapping_v0.2","semantic_preflight"
"CC2-00826","PF-D03","成长导向","SC-S2-09","兴趣/休闲/旅行","SC-S1-01","认识/相亲","SC-S3-01","工作时间突变","NF-N1-08","成长/能力/目标支持","Fit / trade-off","N3-09","当「成长导向」进入「认识/相亲」的「兴趣/休闲/旅行」，遇到「工作时间突变」时，对重视「成长/能力/目标支持」的人意味着什么？","constrained_mapping_v0.2","semantic_preflight"
"CC2-00827","PF-D03","成长导向","SC-S2-09","兴趣/休闲/旅行","SC-S1-01","认识/相亲","SC-S3-01","工作时间突变","NF-N1-04","自主/空间/自由","Ideal range / fit","N3-04","当「成长导向」进入「认识/相亲」的「兴趣/休闲/旅行」，遇到「工作时间突变」时，对重视「自主/空间/自由」的人意味着什么？","constrained_mapping_v0.2","semantic_preflight"
"CC2-00828","PF-D03","成长导向","SC-S2-09","兴趣/休闲/旅行","SC-S1-01","认识/相亲","SC-S3-01","工作时间突变","NF-N1-02","陪伴/连接/归属","Ideal range / conditional","N3-01/N3-05","当「成长导向」进入「认识/相亲」的「兴趣/休闲/旅行」，遇到「工作时间突变」时，对重视「陪伴/连接/归属」的人意味着什么？","constrained_mapping_v0.2","semantic_preflight"
"CC2-00829","PF-D03","成长导向","SC-S2-09","兴趣/休闲/旅行","SC-S1-03","稳定交往","SC-S3-01","工作时间突变","NF-N1-08","成长/能力/目标支持","Fit / trade-off","N3-09","当「成长导向」进入「稳定交往」的「兴趣/休闲/旅行」，遇到「工作时间突变」时，对重视「成长/能力/目标支持」的人意味着什么？","constrained_mapping_v0.2","semantic_preflight"
"CC2-00830","PF-D03","成长导向","SC-S2-09","兴趣/休闲/旅行","SC-S1-03","稳定交往","SC-S3-01","工作时间突变","NF-N1-04","自主/空间/自由","Ideal range / fit","N3-04","当「成长导向」进入「稳定交往」的「兴趣/休闲/旅行」，遇到「工作时间突变」时，对重视「自主/空间/自由」的人意味着什么？","constrained_mapping_v0.2","semantic_preflight"
"CC2-00831","PF-D03","成长导向","SC-S2-09","兴趣/休闲/旅行","SC-S1-03","稳定交往","SC-S3-01","工作时间突变","NF-N1-02","陪伴/连接/归属","Ideal range / conditional","N3-01/N3-05","当「成长导向」进入「稳定交往」的「兴趣/休闲/旅行」，遇到「工作时间突变」时，对重视「陪伴/连接/归属」的人意味着什么？","constrained_mapping_v0.2","semantic_preflight"
"CC2-00832","PF-D03","成长导向","SC-S2-09","兴趣/休闲/旅行","SC-S1-03","稳定交往","SC-S3-10","反复小问题累积","NF-N1-08","成长/能力/目标支持","Fit / trade-off","N3-09","当「成长导向」进入「稳定交往」的「兴趣/休闲/旅行」，遇到「反复小问题累积」时，对重视「成长/能力/目标支持」的人意味着什么？","constrained_mapping_v0.2","semantic_preflight"
"CC2-00833","PF-D03","成长导向","SC-S2-09","兴趣/休闲/旅行","SC-S1-03","稳定交往","SC-S3-10","反复小问题累积","NF-N1-04","自主/空间/自由","Ideal range / fit","N3-04","当「成长导向」进入「稳定交往」的「兴趣/休闲/旅行」，遇到「反复小问题累积」时，对重视「自主/空间/自由」的人意味着什么？","constrained_mapping_v0.2","semantic_preflight"
"CC2-00834","PF-D03","成长导向","SC-S2-09","兴趣/休闲/旅行","SC-S1-03","稳定交往","SC-S3-10","反复小问题累积","NF-N1-02","陪伴/连接/归属","Ideal range / conditional","N3-01/N3-05","当「成长导向」进入「稳定交往」的「兴趣/休闲/旅行」，遇到「反复小问题累积」时，对重视「陪伴/连接/归属」的人意味着什么？","constrained_mapping_v0.2","semantic_preflight"
"CC2-00835","PF-D03","成长导向","SC-S2-09","兴趣/休闲/旅行","SC-S1-07","婴幼儿照护","SC-S3-01","工作时间突变","NF-N1-08","成长/能力/目标支持","Fit / trade-off","N3-09","当「成长导向」进入「婴幼儿照护」的「兴趣/休闲/旅行」，遇到「工作时间突变」时，对重视「成长/能力/目标支持」的人意味着什么？","constrained_mapping_v0.2","semantic_preflight"
"CC2-00836","PF-D03","成长导向","SC-S2-09","兴趣/休闲/旅行","SC-S1-07","婴幼儿照护","SC-S3-01","工作时间突变","NF-N1-04","自主/空间/自由","Ideal range / fit","N3-04","当「成长导向」进入「婴幼儿照护」的「兴趣/休闲/旅行」，遇到「工作时间突变」时，对重视「自主/空间/自由」的人意味着什么？","constrained_mapping_v0.2","semantic_preflight"
"CC2-00837","PF-D03","成长导向","SC-S2-09","兴趣/休闲/旅行","SC-S1-07","婴幼儿照护","SC-S3-01","工作时间突变","NF-N1-02","陪伴/连接/归属","Ideal range / conditional","N3-01/N3-05","当「成长导向」进入「婴幼儿照护」的「兴趣/休闲/旅行」，遇到「工作时间突变」时，对重视「陪伴/连接/归属」的人意味着什么？","constrained_mapping_v0.2","semantic_preflight"
"CC2-00838","PF-D03","成长导向","SC-S2-09","兴趣/休闲/旅行","SC-S1-07","婴幼儿照护","SC-S3-10","反复小问题累积","NF-N1-08","成长/能力/目标支持","Fit / trade-off","N3-09","当「成长导向」进入「婴幼儿照护」的「兴趣/休闲/旅行」，遇到「反复小问题累积」时，对重视「成长/能力/目标支持」的人意味着什么？","constrained_mapping_v0.2","semantic_preflight"
"CC2-00839","PF-D03","成长导向","SC-S2-09","兴趣/休闲/旅行","SC-S1-07","婴幼儿照护","SC-S3-10","反复小问题累积","NF-N1-04","自主/空间/自由","Ideal range / fit","N3-04","当「成长导向」进入「婴幼儿照护」的「兴趣/休闲/旅行」，遇到「反复小问题累积」时，对重视「自主/空间/自由」的人意味着什么？","constrained_mapping_v0.2","semantic_preflight"
"CC2-00840","PF-D03","成长导向","SC-S2-09","兴趣/休闲/旅行","SC-S1-07","婴幼儿照护","SC-S3-10","反复小问题累积","NF-N1-02","陪伴/连接/归属","Ideal range / conditional","N3-01/N3-05","当「成长导向」进入「婴幼儿照护」的「兴趣/休闲/旅行」，遇到「反复小问题累积」时，对重视「陪伴/连接/归属」的人意味着什么？","constrained_mapping_v0.2","semantic_preflight"
"CC2-00841","PF-D03","成长导向","SC-S2-01","日常作息与生活管理","SC-S1-02","恋爱/磨合","SC-S3-01","工作时间突变","NF-N1-08","成长/能力/目标支持","Fit / trade-off","N3-09","当「成长导向」进入「恋爱/磨合」的「日常作息与生活管理」，遇到「工作时间突变」时，对重视「成长/能力/目标支持」的人意味着什么？","constrained_mapping_v0.2","semantic_preflight"
"CC2-00842","PF-D03","成长导向","SC-S2-01","日常作息与生活管理","SC-S1-02","恋爱/磨合","SC-S3-01","工作时间突变","NF-N1-04","自主/空间/自由","Ideal range / fit","N3-04","当「成长导向」进入「恋爱/磨合」的「日常作息与生活管理」，遇到「工作时间突变」时，对重视「自主/空间/自由」的人意味着什么？","constrained_mapping_v0.2","semantic_preflight"
"CC2-00843","PF-D03","成长导向","SC-S2-01","日常作息与生活管理","SC-S1-02","恋爱/磨合","SC-S3-01","工作时间突变","NF-N1-02","陪伴/连接/归属","Ideal range / conditional","N3-01/N3-05","当「成长导向」进入「恋爱/磨合」的「日常作息与生活管理」，遇到「工作时间突变」时，对重视「陪伴/连接/归属」的人意味着什么？","constrained_mapping_v0.2","semantic_preflight"
"CC2-00844","PF-D03","成长导向","SC-S2-01","日常作息与生活管理","SC-S1-02","恋爱/磨合","SC-S3-10","反复小问题累积","NF-N1-08","成长/能力/目标支持","Fit / trade-off","N3-09","当「成长导向」进入「恋爱/磨合」的「日常作息与生活管理」，遇到「反复小问题累积」时，对重视「成长/能力/目标支持」的人意味着什么？","constrained_mapping_v0.2","semantic_preflight"
"CC2-00845","PF-D03","成长导向","SC-S2-01","日常作息与生活管理","SC-S1-02","恋爱/磨合","SC-S3-10","反复小问题累积","NF-N1-04","自主/空间/自由","Ideal range / fit","N3-04","当「成长导向」进入「恋爱/磨合」的「日常作息与生活管理」，遇到「反复小问题累积」时，对重视「自主/空间/自由」的人意味着什么？","constrained_mapping_v0.2","semantic_preflight"
"CC2-00846","PF-D03","成长导向","SC-S2-01","日常作息与生活管理","SC-S1-02","恋爱/磨合","SC-S3-10","反复小问题累积","NF-N1-02","陪伴/连接/归属","Ideal range / conditional","N3-01/N3-05","当「成长导向」进入「恋爱/磨合」的「日常作息与生活管理」，遇到「反复小问题累积」时，对重视「陪伴/连接/归属」的人意味着什么？","constrained_mapping_v0.2","semantic_preflight"
"CC2-00847","PF-D03","成长导向","SC-S2-01","日常作息与生活管理","SC-S1-04","同居/婚前","SC-S3-01","工作时间突变","NF-N1-08","成长/能力/目标支持","Fit / trade-off","N3-09","当「成长导向」进入「同居/婚前」的「日常作息与生活管理」，遇到「工作时间突变」时，对重视「成长/能力/目标支持」的人意味着什么？","constrained_mapping_v0.2","semantic_preflight"
"CC2-00848","PF-D03","成长导向","SC-S2-01","日常作息与生活管理","SC-S1-04","同居/婚前","SC-S3-01","工作时间突变","NF-N1-04","自主/空间/自由","Ideal range / fit","N3-04","当「成长导向」进入「同居/婚前」的「日常作息与生活管理」，遇到「工作时间突变」时，对重视「自主/空间/自由」的人意味着什么？","constrained_mapping_v0.2","semantic_preflight"
"CC2-00849","PF-D03","成长导向","SC-S2-01","日常作息与生活管理","SC-S1-04","同居/婚前","SC-S3-01","工作时间突变","NF-N1-02","陪伴/连接/归属","Ideal range / conditional","N3-01/N3-05","当「成长导向」进入「同居/婚前」的「日常作息与生活管理」，遇到「工作时间突变」时，对重视「陪伴/连接/归属」的人意味着什么？","constrained_mapping_v0.2","semantic_preflight"
"CC2-00850","PF-D03","成长导向","SC-S2-01","日常作息与生活管理","SC-S1-04","同居/婚前","SC-S3-10","反复小问题累积","NF-N1-08","成长/能力/目标支持","Fit / trade-off","N3-09","当「成长导向」进入「同居/婚前」的「日常作息与生活管理」，遇到「反复小问题累积」时，对重视「成长/能力/目标支持」的人意味着什么？","constrained_mapping_v0.2","semantic_preflight"
"CC2-00851","PF-D03","成长导向","SC-S2-01","日常作息与生活管理","SC-S1-04","同居/婚前","SC-S3-10","反复小问题累积","NF-N1-04","自主/空间/自由","Ideal range / fit","N3-04","当「成长导向」进入「同居/婚前」的「日常作息与生活管理」，遇到「反复小问题累积」时，对重视「自主/空间/自由」的人意味着什么？","constrained_mapping_v0.2","semantic_preflight"
"CC2-00852","PF-D03","成长导向","SC-S2-01","日常作息与生活管理","SC-S1-04","同居/婚前","SC-S3-10","反复小问题累积","NF-N1-02","陪伴/连接/归属","Ideal range / conditional","N3-01/N3-05","当「成长导向」进入「同居/婚前」的「日常作息与生活管理」，遇到「反复小问题累积」时，对重视「陪伴/连接/归属」的人意味着什么？","constrained_mapping_v0.2","semantic_preflight"
"CC2-00853","PF-D03","成长导向","SC-S2-01","日常作息与生活管理","SC-S1-07","婴幼儿照护","SC-S3-01","工作时间突变","NF-N1-08","成长/能力/目标支持","Fit / trade-off","N3-09","当「成长导向」进入「婴幼儿照护」的「日常作息与生活管理」，遇到「工作时间突变」时，对重视「成长/能力/目标支持」的人意味着什么？","constrained_mapping_v0.2","semantic_preflight"
"CC2-00854","PF-D03","成长导向","SC-S2-01","日常作息与生活管理","SC-S1-07","婴幼儿照护","SC-S3-01","工作时间突变","NF-N1-04","自主/空间/自由","Ideal range / fit","N3-04","当「成长导向」进入「婴幼儿照护」的「日常作息与生活管理」，遇到「工作时间突变」时，对重视「自主/空间/自由」的人意味着什么？","constrained_mapping_v0.2","semantic_preflight"
"CC2-00855","PF-D03","成长导向","SC-S2-01","日常作息与生活管理","SC-S1-07","婴幼儿照护","SC-S3-01","工作时间突变","NF-N1-02","陪伴/连接/归属","Ideal range / conditional","N3-01/N3-05","当「成长导向」进入「婴幼儿照护」的「日常作息与生活管理」，遇到「工作时间突变」时，对重视「陪伴/连接/归属」的人意味着什么？","constrained_mapping_v0.2","semantic_preflight"
"CC2-00856","PF-D03","成长导向","SC-S2-01","日常作息与生活管理","SC-S1-07","婴幼儿照护","SC-S3-10","反复小问题累积","NF-N1-08","成长/能力/目标支持","Fit / trade-off","N3-09","当「成长导向」进入「婴幼儿照护」的「日常作息与生活管理」，遇到「反复小问题累积」时，对重视「成长/能力/目标支持」的人意味着什么？","constrained_mapping_v0.2","semantic_preflight"
"CC2-00857","PF-D03","成长导向","SC-S2-01","日常作息与生活管理","SC-S1-07","婴幼儿照护","SC-S3-10","反复小问题累积","NF-N1-04","自主/空间/自由","Ideal range / fit","N3-04","当「成长导向」进入「婴幼儿照护」的「日常作息与生活管理」，遇到「反复小问题累积」时，对重视「自主/空间/自由」的人意味着什么？","constrained_mapping_v0.2","semantic_preflight"
"CC2-00858","PF-D03","成长导向","SC-S2-01","日常作息与生活管理","SC-S1-07","婴幼儿照护","SC-S3-10","反复小问题累积","NF-N1-02","陪伴/连接/归属","Ideal range / conditional","N3-01/N3-05","当「成长导向」进入「婴幼儿照护」的「日常作息与生活管理」，遇到「反复小问题累积」时，对重视「陪伴/连接/归属」的人意味着什么？","constrained_mapping_v0.2","semantic_preflight"
"CC2-00859","PF-D04","自由/自主价值","SC-S2-08","社交/朋友/个人空间","SC-S1-01","认识/相亲","SC-S3-09","社交/边界事件","NF-N1-04","自主/空间/自由","Ideal range / fit","N3-04","当「自由/自主价值」进入「认识/相亲」的「社交/朋友/个人空间」，遇到「社交/边界事件」时，对重视「自主/空间/自由」的人意味着什么？","constrained_mapping_v0.2","semantic_preflight"
"CC2-00860","PF-D04","自由/自主价值","SC-S2-08","社交/朋友/个人空间","SC-S1-01","认识/相亲","SC-S3-09","社交/边界事件","NF-N1-02","陪伴/连接/归属","Ideal range / conditional","N3-01/N3-05","当「自由/自主价值」进入「认识/相亲」的「社交/朋友/个人空间」，遇到「社交/边界事件」时，对重视「陪伴/连接/归属」的人意味着什么？","constrained_mapping_v0.2","semantic_preflight"
"CC2-00861","PF-D04","自由/自主价值","SC-S2-08","社交/朋友/个人空间","SC-S1-01","认识/相亲","SC-S3-09","社交/边界事件","NF-N1-11","家庭投入/家庭边界","Fit / conditional","N3-03/N3-04","当「自由/自主价值」进入「认识/相亲」的「社交/朋友/个人空间」，遇到「社交/边界事件」时，对重视「家庭投入/家庭边界」的人意味着什么？","constrained_mapping_v0.2","semantic_preflight"
"CC2-00862","PF-D04","自由/自主价值","SC-S2-08","社交/朋友/个人空间","SC-S1-03","稳定交往","SC-S3-09","社交/边界事件","NF-N1-04","自主/空间/自由","Ideal range / fit","N3-04","当「自由/自主价值」进入「稳定交往」的「社交/朋友/个人空间」，遇到「社交/边界事件」时，对重视「自主/空间/自由」的人意味着什么？","constrained_mapping_v0.2","semantic_preflight"
"CC2-00863","PF-D04","自由/自主价值","SC-S2-08","社交/朋友/个人空间","SC-S1-03","稳定交往","SC-S3-09","社交/边界事件","NF-N1-02","陪伴/连接/归属","Ideal range / conditional","N3-01/N3-05","当「自由/自主价值」进入「稳定交往」的「社交/朋友/个人空间」，遇到「社交/边界事件」时，对重视「陪伴/连接/归属」的人意味着什么？","constrained_mapping_v0.2","semantic_preflight"
"CC2-00864","PF-D04","自由/自主价值","SC-S2-08","社交/朋友/个人空间","SC-S1-03","稳定交往","SC-S3-09","社交/边界事件","NF-N1-11","家庭投入/家庭边界","Fit / conditional","N3-03/N3-04","当「自由/自主价值」进入「稳定交往」的「社交/朋友/个人空间」，遇到「社交/边界事件」时，对重视「家庭投入/家庭边界」的人意味着什么？","constrained_mapping_v0.2","semantic_preflight"
"CC2-00865","PF-D04","自由/自主价值","SC-S2-08","社交/朋友/个人空间","SC-S1-03","稳定交往","SC-S3-10","反复小问题累积","NF-N1-04","自主/空间/自由","Ideal range / fit","N3-04","当「自由/自主价值」进入「稳定交往」的「社交/朋友/个人空间」，遇到「反复小问题累积」时，对重视「自主/空间/自由」的人意味着什么？","constrained_mapping_v0.2","semantic_preflight"
"CC2-00866","PF-D04","自由/自主价值","SC-S2-08","社交/朋友/个人空间","SC-S1-03","稳定交往","SC-S3-10","反复小问题累积","NF-N1-02","陪伴/连接/归属","Ideal range / conditional","N3-01/N3-05","当「自由/自主价值」进入「稳定交往」的「社交/朋友/个人空间」，遇到「反复小问题累积」时，对重视「陪伴/连接/归属」的人意味着什么？","constrained_mapping_v0.2","semantic_preflight"
"CC2-00867","PF-D04","自由/自主价值","SC-S2-08","社交/朋友/个人空间","SC-S1-03","稳定交往","SC-S3-10","反复小问题累积","NF-N1-11","家庭投入/家庭边界","Fit / conditional","N3-03/N3-04","当「自由/自主价值」进入「稳定交往」的「社交/朋友/个人空间」，遇到「反复小问题累积」时，对重视「家庭投入/家庭边界」的人意味着什么？","constrained_mapping_v0.2","semantic_preflight"
"CC2-00868","PF-D04","自由/自主价值","SC-S2-08","社交/朋友/个人空间","SC-S1-05","结婚/建立家庭","SC-S3-09","社交/边界事件","NF-N1-04","自主/空间/自由","Ideal range / fit","N3-04","当「自由/自主价值」进入「结婚/建立家庭」的「社交/朋友/个人空间」，遇到「社交/边界事件」时，对重视「自主/空间/自由」的人意味着什么？","constrained_mapping_v0.2","semantic_preflight"
"CC2-00869","PF-D04","自由/自主价值","SC-S2-08","社交/朋友/个人空间","SC-S1-05","结婚/建立家庭","SC-S3-09","社交/边界事件","NF-N1-02","陪伴/连接/归属","Ideal range / conditional","N3-01/N3-05","当「自由/自主价值」进入「结婚/建立家庭」的「社交/朋友/个人空间」，遇到「社交/边界事件」时，对重视「陪伴/连接/归属」的人意味着什么？","constrained_mapping_v0.2","semantic_preflight"
"CC2-00870","PF-D04","自由/自主价值","SC-S2-08","社交/朋友/个人空间","SC-S1-05","结婚/建立家庭","SC-S3-09","社交/边界事件","NF-N1-11","家庭投入/家庭边界","Fit / conditional","N3-03/N3-04","当「自由/自主价值」进入「结婚/建立家庭」的「社交/朋友/个人空间」，遇到「社交/边界事件」时，对重视「家庭投入/家庭边界」的人意味着什么？","constrained_mapping_v0.2","semantic_preflight"
"CC2-00871","PF-D04","自由/自主价值","SC-S2-08","社交/朋友/个人空间","SC-S1-05","结婚/建立家庭","SC-S3-10","反复小问题累积","NF-N1-04","自主/空间/自由","Ideal range / fit","N3-04","当「自由/自主价值」进入「结婚/建立家庭」的「社交/朋友/个人空间」，遇到「反复小问题累积」时，对重视「自主/空间/自由」的人意味着什么？","constrained_mapping_v0.2","semantic_preflight"
"CC2-00872","PF-D04","自由/自主价值","SC-S2-08","社交/朋友/个人空间","SC-S1-05","结婚/建立家庭","SC-S3-10","反复小问题累积","NF-N1-02","陪伴/连接/归属","Ideal range / conditional","N3-01/N3-05","当「自由/自主价值」进入「结婚/建立家庭」的「社交/朋友/个人空间」，遇到「反复小问题累积」时，对重视「陪伴/连接/归属」的人意味着什么？","constrained_mapping_v0.2","semantic_preflight"
"CC2-00873","PF-D04","自由/自主价值","SC-S2-08","社交/朋友/个人空间","SC-S1-05","结婚/建立家庭","SC-S3-10","反复小问题累积","NF-N1-11","家庭投入/家庭边界","Fit / conditional","N3-03/N3-04","当「自由/自主价值」进入「结婚/建立家庭」的「社交/朋友/个人空间」，遇到「反复小问题累积」时，对重视「家庭投入/家庭边界」的人意味着什么？","constrained_mapping_v0.2","semantic_preflight"
"CC2-00874","PF-D04","自由/自主价值","SC-S2-01","日常作息与生活管理","SC-S1-02","恋爱/磨合","SC-S3-01","工作时间突变","NF-N1-04","自主/空间/自由","Ideal range / fit","N3-04","当「自由/自主价值」进入「恋爱/磨合」的「日常作息与生活管理」，遇到「工作时间突变」时，对重视「自主/空间/自由」的人意味着什么？","constrained_mapping_v0.2","semantic_preflight"
"CC2-00875","PF-D04","自由/自主价值","SC-S2-01","日常作息与生活管理","SC-S1-02","恋爱/磨合","SC-S3-01","工作时间突变","NF-N1-02","陪伴/连接/归属","Ideal range / conditional","N3-01/N3-05","当「自由/自主价值」进入「恋爱/磨合」的「日常作息与生活管理」，遇到「工作时间突变」时，对重视「陪伴/连接/归属」的人意味着什么？","constrained_mapping_v0.2","semantic_preflight"
"CC2-00876","PF-D04","自由/自主价值","SC-S2-01","日常作息与生活管理","SC-S1-02","恋爱/磨合","SC-S3-01","工作时间突变","NF-N1-11","家庭投入/家庭边界","Fit / conditional","N3-03/N3-04","当「自由/自主价值」进入「恋爱/磨合」的「日常作息与生活管理」，遇到「工作时间突变」时，对重视「家庭投入/家庭边界」的人意味着什么？","constrained_mapping_v0.2","semantic_preflight"
"CC2-00877","PF-D04","自由/自主价值","SC-S2-01","日常作息与生活管理","SC-S1-02","恋爱/磨合","SC-S3-10","反复小问题累积","NF-N1-04","自主/空间/自由","Ideal range / fit","N3-04","当「自由/自主价值」进入「恋爱/磨合」的「日常作息与生活管理」，遇到「反复小问题累积」时，对重视「自主/空间/自由」的人意味着什么？","constrained_mapping_v0.2","semantic_preflight"
"CC2-00878","PF-D04","自由/自主价值","SC-S2-01","日常作息与生活管理","SC-S1-02","恋爱/磨合","SC-S3-10","反复小问题累积","NF-N1-02","陪伴/连接/归属","Ideal range / conditional","N3-01/N3-05","当「自由/自主价值」进入「恋爱/磨合」的「日常作息与生活管理」，遇到「反复小问题累积」时，对重视「陪伴/连接/归属」的人意味着什么？","constrained_mapping_v0.2","semantic_preflight"
"CC2-00879","PF-D04","自由/自主价值","SC-S2-01","日常作息与生活管理","SC-S1-02","恋爱/磨合","SC-S3-10","反复小问题累积","NF-N1-11","家庭投入/家庭边界","Fit / conditional","N3-03/N3-04","当「自由/自主价值」进入「恋爱/磨合」的「日常作息与生活管理」，遇到「反复小问题累积」时，对重视「家庭投入/家庭边界」的人意味着什么？","constrained_mapping_v0.2","semantic_preflight"
"CC2-00880","PF-D04","自由/自主价值","SC-S2-01","日常作息与生活管理","SC-S1-04","同居/婚前","SC-S3-01","工作时间突变","NF-N1-04","自主/空间/自由","Ideal range / fit","N3-04","当「自由/自主价值」进入「同居/婚前」的「日常作息与生活管理」，遇到「工作时间突变」时，对重视「自主/空间/自由」的人意味着什么？","constrained_mapping_v0.2","semantic_preflight"
"CC2-00881","PF-D04","自由/自主价值","SC-S2-01","日常作息与生活管理","SC-S1-04","同居/婚前","SC-S3-01","工作时间突变","NF-N1-02","陪伴/连接/归属","Ideal range / conditional","N3-01/N3-05","当「自由/自主价值」进入「同居/婚前」的「日常作息与生活管理」，遇到「工作时间突变」时，对重视「陪伴/连接/归属」的人意味着什么？","constrained_mapping_v0.2","semantic_preflight"
"CC2-00882","PF-D04","自由/自主价值","SC-S2-01","日常作息与生活管理","SC-S1-04","同居/婚前","SC-S3-01","工作时间突变","NF-N1-11","家庭投入/家庭边界","Fit / conditional","N3-03/N3-04","当「自由/自主价值」进入「同居/婚前」的「日常作息与生活管理」，遇到「工作时间突变」时，对重视「家庭投入/家庭边界」的人意味着什么？","constrained_mapping_v0.2","semantic_preflight"
"CC2-00883","PF-D04","自由/自主价值","SC-S2-01","日常作息与生活管理","SC-S1-04","同居/婚前","SC-S3-10","反复小问题累积","NF-N1-04","自主/空间/自由","Ideal range / fit","N3-04","当「自由/自主价值」进入「同居/婚前」的「日常作息与生活管理」，遇到「反复小问题累积」时，对重视「自主/空间/自由」的人意味着什么？","constrained_mapping_v0.2","semantic_preflight"
"CC2-00884","PF-D04","自由/自主价值","SC-S2-01","日常作息与生活管理","SC-S1-04","同居/婚前","SC-S3-10","反复小问题累积","NF-N1-02","陪伴/连接/归属","Ideal range / conditional","N3-01/N3-05","当「自由/自主价值」进入「同居/婚前」的「日常作息与生活管理」，遇到「反复小问题累积」时，对重视「陪伴/连接/归属」的人意味着什么？","constrained_mapping_v0.2","semantic_preflight"
"CC2-00885","PF-D04","自由/自主价值","SC-S2-01","日常作息与生活管理","SC-S1-04","同居/婚前","SC-S3-10","反复小问题累积","NF-N1-11","家庭投入/家庭边界","Fit / conditional","N3-03/N3-04","当「自由/自主价值」进入「同居/婚前」的「日常作息与生活管理」，遇到「反复小问题累积」时，对重视「家庭投入/家庭边界」的人意味着什么？","constrained_mapping_v0.2","semantic_preflight"
"CC2-00886","PF-D04","自由/自主价值","SC-S2-01","日常作息与生活管理","SC-S1-07","婴幼儿照护","SC-S3-01","工作时间突变","NF-N1-04","自主/空间/自由","Ideal range / fit","N3-04","当「自由/自主价值」进入「婴幼儿照护」的「日常作息与生活管理」，遇到「工作时间突变」时，对重视「自主/空间/自由」的人意味着什么？","constrained_mapping_v0.2","semantic_preflight"
"CC2-00887","PF-D04","自由/自主价值","SC-S2-01","日常作息与生活管理","SC-S1-07","婴幼儿照护","SC-S3-01","工作时间突变","NF-N1-02","陪伴/连接/归属","Ideal range / conditional","N3-01/N3-05","当「自由/自主价值」进入「婴幼儿照护」的「日常作息与生活管理」，遇到「工作时间突变」时，对重视「陪伴/连接/归属」的人意味着什么？","constrained_mapping_v0.2","semantic_preflight"
"CC2-00888","PF-D04","自由/自主价值","SC-S2-01","日常作息与生活管理","SC-S1-07","婴幼儿照护","SC-S3-01","工作时间突变","NF-N1-11","家庭投入/家庭边界","Fit / conditional","N3-03/N3-04","当「自由/自主价值」进入「婴幼儿照护」的「日常作息与生活管理」，遇到「工作时间突变」时，对重视「家庭投入/家庭边界」的人意味着什么？","constrained_mapping_v0.2","semantic_preflight"
"CC2-00889","PF-D04","自由/自主价值","SC-S2-01","日常作息与生活管理","SC-S1-07","婴幼儿照护","SC-S3-10","反复小问题累积","NF-N1-04","自主/空间/自由","Ideal range / fit","N3-04","当「自由/自主价值」进入「婴幼儿照护」的「日常作息与生活管理」，遇到「反复小问题累积」时，对重视「自主/空间/自由」的人意味着什么？","constrained_mapping_v0.2","semantic_preflight"
"CC2-00890","PF-D04","自由/自主价值","SC-S2-01","日常作息与生活管理","SC-S1-07","婴幼儿照护","SC-S3-10","反复小问题累积","NF-N1-02","陪伴/连接/归属","Ideal range / conditional","N3-01/N3-05","当「自由/自主价值」进入「婴幼儿照护」的「日常作息与生活管理」，遇到「反复小问题累积」时，对重视「陪伴/连接/归属」的人意味着什么？","constrained_mapping_v0.2","semantic_preflight"
"CC2-00891","PF-D04","自由/自主价值","SC-S2-01","日常作息与生活管理","SC-S1-07","婴幼儿照护","SC-S3-10","反复小问题累积","NF-N1-11","家庭投入/家庭边界","Fit / conditional","N3-03/N3-04","当「自由/自主价值」进入「婴幼儿照护」的「日常作息与生活管理」，遇到「反复小问题累积」时，对重视「家庭投入/家庭边界」的人意味着什么？","constrained_mapping_v0.2","semantic_preflight"
"CC2-00892","PF-D04","自由/自主价值","SC-S2-09","兴趣/休闲/旅行","SC-S1-01","认识/相亲","SC-S3-01","工作时间突变","NF-N1-04","自主/空间/自由","Ideal range / fit","N3-04","当「自由/自主价值」进入「认识/相亲」的「兴趣/休闲/旅行」，遇到「工作时间突变」时，对重视「自主/空间/自由」的人意味着什么？","constrained_mapping_v0.2","semantic_preflight"
"CC2-00893","PF-D04","自由/自主价值","SC-S2-09","兴趣/休闲/旅行","SC-S1-01","认识/相亲","SC-S3-01","工作时间突变","NF-N1-02","陪伴/连接/归属","Ideal range / conditional","N3-01/N3-05","当「自由/自主价值」进入「认识/相亲」的「兴趣/休闲/旅行」，遇到「工作时间突变」时，对重视「陪伴/连接/归属」的人意味着什么？","constrained_mapping_v0.2","semantic_preflight"
"CC2-00894","PF-D04","自由/自主价值","SC-S2-09","兴趣/休闲/旅行","SC-S1-01","认识/相亲","SC-S3-01","工作时间突变","NF-N1-11","家庭投入/家庭边界","Fit / conditional","N3-03/N3-04","当「自由/自主价值」进入「认识/相亲」的「兴趣/休闲/旅行」，遇到「工作时间突变」时，对重视「家庭投入/家庭边界」的人意味着什么？","constrained_mapping_v0.2","semantic_preflight"
"CC2-00895","PF-D04","自由/自主价值","SC-S2-09","兴趣/休闲/旅行","SC-S1-03","稳定交往","SC-S3-01","工作时间突变","NF-N1-04","自主/空间/自由","Ideal range / fit","N3-04","当「自由/自主价值」进入「稳定交往」的「兴趣/休闲/旅行」，遇到「工作时间突变」时，对重视「自主/空间/自由」的人意味着什么？","constrained_mapping_v0.2","semantic_preflight"
"CC2-00896","PF-D04","自由/自主价值","SC-S2-09","兴趣/休闲/旅行","SC-S1-03","稳定交往","SC-S3-01","工作时间突变","NF-N1-02","陪伴/连接/归属","Ideal range / conditional","N3-01/N3-05","当「自由/自主价值」进入「稳定交往」的「兴趣/休闲/旅行」，遇到「工作时间突变」时，对重视「陪伴/连接/归属」的人意味着什么？","constrained_mapping_v0.2","semantic_preflight"
"CC2-00897","PF-D04","自由/自主价值","SC-S2-09","兴趣/休闲/旅行","SC-S1-03","稳定交往","SC-S3-01","工作时间突变","NF-N1-11","家庭投入/家庭边界","Fit / conditional","N3-03/N3-04","当「自由/自主价值」进入「稳定交往」的「兴趣/休闲/旅行」，遇到「工作时间突变」时，对重视「家庭投入/家庭边界」的人意味着什么？","constrained_mapping_v0.2","semantic_preflight"
"CC2-00898","PF-D04","自由/自主价值","SC-S2-09","兴趣/休闲/旅行","SC-S1-03","稳定交往","SC-S3-10","反复小问题累积","NF-N1-04","自主/空间/自由","Ideal range / fit","N3-04","当「自由/自主价值」进入「稳定交往」的「兴趣/休闲/旅行」，遇到「反复小问题累积」时，对重视「自主/空间/自由」的人意味着什么？","constrained_mapping_v0.2","semantic_preflight"
"CC2-00899","PF-D04","自由/自主价值","SC-S2-09","兴趣/休闲/旅行","SC-S1-03","稳定交往","SC-S3-10","反复小问题累积","NF-N1-02","陪伴/连接/归属","Ideal range / conditional","N3-01/N3-05","当「自由/自主价值」进入「稳定交往」的「兴趣/休闲/旅行」，遇到「反复小问题累积」时，对重视「陪伴/连接/归属」的人意味着什么？","constrained_mapping_v0.2","semantic_preflight"
"CC2-00900","PF-D04","自由/自主价值","SC-S2-09","兴趣/休闲/旅行","SC-S1-03","稳定交往","SC-S3-10","反复小问题累积","NF-N1-11","家庭投入/家庭边界","Fit / conditional","N3-03/N3-04","当「自由/自主价值」进入「稳定交往」的「兴趣/休闲/旅行」，遇到「反复小问题累积」时，对重视「家庭投入/家庭边界」的人意味着什么？","constrained_mapping_v0.2","semantic_preflight"
"CC2-00901","PF-D04","自由/自主价值","SC-S2-09","兴趣/休闲/旅行","SC-S1-07","婴幼儿照护","SC-S3-01","工作时间突变","NF-N1-04","自主/空间/自由","Ideal range / fit","N3-04","当「自由/自主价值」进入「婴幼儿照护」的「兴趣/休闲/旅行」，遇到「工作时间突变」时，对重视「自主/空间/自由」的人意味着什么？","constrained_mapping_v0.2","semantic_preflight"
"CC2-00902","PF-D04","自由/自主价值","SC-S2-09","兴趣/休闲/旅行","SC-S1-07","婴幼儿照护","SC-S3-01","工作时间突变","NF-N1-02","陪伴/连接/归属","Ideal range / conditional","N3-01/N3-05","当「自由/自主价值」进入「婴幼儿照护」的「兴趣/休闲/旅行」，遇到「工作时间突变」时，对重视「陪伴/连接/归属」的人意味着什么？","constrained_mapping_v0.2","semantic_preflight"
"CC2-00903","PF-D04","自由/自主价值","SC-S2-09","兴趣/休闲/旅行","SC-S1-07","婴幼儿照护","SC-S3-01","工作时间突变","NF-N1-11","家庭投入/家庭边界","Fit / conditional","N3-03/N3-04","当「自由/自主价值」进入「婴幼儿照护」的「兴趣/休闲/旅行」，遇到「工作时间突变」时，对重视「家庭投入/家庭边界」的人意味着什么？","constrained_mapping_v0.2","semantic_preflight"
"CC2-00904","PF-D04","自由/自主价值","SC-S2-09","兴趣/休闲/旅行","SC-S1-07","婴幼儿照护","SC-S3-10","反复小问题累积","NF-N1-04","自主/空间/自由","Ideal range / fit","N3-04","当「自由/自主价值」进入「婴幼儿照护」的「兴趣/休闲/旅行」，遇到「反复小问题累积」时，对重视「自主/空间/自由」的人意味着什么？","constrained_mapping_v0.2","semantic_preflight"
"CC2-00905","PF-D04","自由/自主价值","SC-S2-09","兴趣/休闲/旅行","SC-S1-07","婴幼儿照护","SC-S3-10","反复小问题累积","NF-N1-02","陪伴/连接/归属","Ideal range / conditional","N3-01/N3-05","当「自由/自主价值」进入「婴幼儿照护」的「兴趣/休闲/旅行」，遇到「反复小问题累积」时，对重视「陪伴/连接/归属」的人意味着什么？","constrained_mapping_v0.2","semantic_preflight"
"CC2-00906","PF-D04","自由/自主价值","SC-S2-09","兴趣/休闲/旅行","SC-S1-07","婴幼儿照护","SC-S3-10","反复小问题累积","NF-N1-11","家庭投入/家庭边界","Fit / conditional","N3-03/N3-04","当「自由/自主价值」进入「婴幼儿照护」的「兴趣/休闲/旅行」，遇到「反复小问题累积」时，对重视「家庭投入/家庭边界」的人意味着什么？","constrained_mapping_v0.2","semantic_preflight"
"CC2-00907","PF-D04","自由/自主价值","SC-S2-05","家务/家庭劳动","SC-S1-04","同居/婚前","SC-S3-10","反复小问题累积","NF-N1-04","自主/空间/自由","Ideal range / fit","N3-04","当「自由/自主价值」进入「同居/婚前」的「家务/家庭劳动」，遇到「反复小问题累积」时，对重视「自主/空间/自由」的人意味着什么？","constrained_mapping_v0.2","semantic_preflight"
"CC2-00908","PF-D04","自由/自主价值","SC-S2-05","家务/家庭劳动","SC-S1-04","同居/婚前","SC-S3-10","反复小问题累积","NF-N1-02","陪伴/连接/归属","Ideal range / conditional","N3-01/N3-05","当「自由/自主价值」进入「同居/婚前」的「家务/家庭劳动」，遇到「反复小问题累积」时，对重视「陪伴/连接/归属」的人意味着什么？","constrained_mapping_v0.2","semantic_preflight"
"CC2-00909","PF-D04","自由/自主价值","SC-S2-05","家务/家庭劳动","SC-S1-04","同居/婚前","SC-S3-10","反复小问题累积","NF-N1-11","家庭投入/家庭边界","Fit / conditional","N3-03/N3-04","当「自由/自主价值」进入「同居/婚前」的「家务/家庭劳动」，遇到「反复小问题累积」时，对重视「家庭投入/家庭边界」的人意味着什么？","constrained_mapping_v0.2","semantic_preflight"
"CC2-00910","PF-D04","自由/自主价值","SC-S2-05","家务/家庭劳动","SC-S1-06","备孕/怀孕/生育","SC-S3-06","生育/育儿转折","NF-N1-04","自主/空间/自由","Ideal range / fit","N3-04","当「自由/自主价值」进入「备孕/怀孕/生育」的「家务/家庭劳动」，遇到「生育/育儿转折」时，对重视「自主/空间/自由」的人意味着什么？","constrained_mapping_v0.2","semantic_preflight"
"CC2-00911","PF-D04","自由/自主价值","SC-S2-05","家务/家庭劳动","SC-S1-06","备孕/怀孕/生育","SC-S3-06","生育/育儿转折","NF-N1-02","陪伴/连接/归属","Ideal range / conditional","N3-01/N3-05","当「自由/自主价值」进入「备孕/怀孕/生育」的「家务/家庭劳动」，遇到「生育/育儿转折」时，对重视「陪伴/连接/归属」的人意味着什么？","constrained_mapping_v0.2","semantic_preflight"
"CC2-00912","PF-D04","自由/自主价值","SC-S2-05","家务/家庭劳动","SC-S1-06","备孕/怀孕/生育","SC-S3-06","生育/育儿转折","NF-N1-11","家庭投入/家庭边界","Fit / conditional","N3-03/N3-04","当「自由/自主价值」进入「备孕/怀孕/生育」的「家务/家庭劳动」，遇到「生育/育儿转折」时，对重视「家庭投入/家庭边界」的人意味着什么？","constrained_mapping_v0.2","semantic_preflight"
"CC2-00913","PF-D04","自由/自主价值","SC-S2-05","家务/家庭劳动","SC-S1-06","备孕/怀孕/生育","SC-S3-10","反复小问题累积","NF-N1-04","自主/空间/自由","Ideal range / fit","N3-04","当「自由/自主价值」进入「备孕/怀孕/生育」的「家务/家庭劳动」，遇到「反复小问题累积」时，对重视「自主/空间/自由」的人意味着什么？","constrained_mapping_v0.2","semantic_preflight"
"CC2-00914","PF-D04","自由/自主价值","SC-S2-05","家务/家庭劳动","SC-S1-06","备孕/怀孕/生育","SC-S3-10","反复小问题累积","NF-N1-02","陪伴/连接/归属","Ideal range / conditional","N3-01/N3-05","当「自由/自主价值」进入「备孕/怀孕/生育」的「家务/家庭劳动」，遇到「反复小问题累积」时，对重视「陪伴/连接/归属」的人意味着什么？","constrained_mapping_v0.2","semantic_preflight"
"CC2-00915","PF-D04","自由/自主价值","SC-S2-05","家务/家庭劳动","SC-S1-06","备孕/怀孕/生育","SC-S3-10","反复小问题累积","NF-N1-11","家庭投入/家庭边界","Fit / conditional","N3-03/N3-04","当「自由/自主价值」进入「备孕/怀孕/生育」的「家务/家庭劳动」，遇到「反复小问题累积」时，对重视「家庭投入/家庭边界」的人意味着什么？","constrained_mapping_v0.2","semantic_preflight"
"CC2-00916","PF-D04","自由/自主价值","SC-S2-05","家务/家庭劳动","SC-S1-07","婴幼儿照护","SC-S3-06","生育/育儿转折","NF-N1-04","自主/空间/自由","Ideal range / fit","N3-04","当「自由/自主价值」进入「婴幼儿照护」的「家务/家庭劳动」，遇到「生育/育儿转折」时，对重视「自主/空间/自由」的人意味着什么？","constrained_mapping_v0.2","semantic_preflight"
"CC2-00917","PF-D04","自由/自主价值","SC-S2-05","家务/家庭劳动","SC-S1-07","婴幼儿照护","SC-S3-06","生育/育儿转折","NF-N1-02","陪伴/连接/归属","Ideal range / conditional","N3-01/N3-05","当「自由/自主价值」进入「婴幼儿照护」的「家务/家庭劳动」，遇到「生育/育儿转折」时，对重视「陪伴/连接/归属」的人意味着什么？","constrained_mapping_v0.2","semantic_preflight"
"CC2-00918","PF-D04","自由/自主价值","SC-S2-05","家务/家庭劳动","SC-S1-07","婴幼儿照护","SC-S3-06","生育/育儿转折","NF-N1-11","家庭投入/家庭边界","Fit / conditional","N3-03/N3-04","当「自由/自主价值」进入「婴幼儿照护」的「家务/家庭劳动」，遇到「生育/育儿转折」时，对重视「家庭投入/家庭边界」的人意味着什么？","constrained_mapping_v0.2","semantic_preflight"
"CC2-00919","PF-D04","自由/自主价值","SC-S2-05","家务/家庭劳动","SC-S1-07","婴幼儿照护","SC-S3-10","反复小问题累积","NF-N1-04","自主/空间/自由","Ideal range / fit","N3-04","当「自由/自主价值」进入「婴幼儿照护」的「家务/家庭劳动」，遇到「反复小问题累积」时，对重视「自主/空间/自由」的人意味着什么？","constrained_mapping_v0.2","semantic_preflight"
"CC2-00920","PF-D04","自由/自主价值","SC-S2-05","家务/家庭劳动","SC-S1-07","婴幼儿照护","SC-S3-10","反复小问题累积","NF-N1-02","陪伴/连接/归属","Ideal range / conditional","N3-01/N3-05","当「自由/自主价值」进入「婴幼儿照护」的「家务/家庭劳动」，遇到「反复小问题累积」时，对重视「陪伴/连接/归属」的人意味着什么？","constrained_mapping_v0.2","semantic_preflight"
"CC2-00921","PF-D04","自由/自主价值","SC-S2-05","家务/家庭劳动","SC-S1-07","婴幼儿照护","SC-S3-10","反复小问题累积","NF-N1-11","家庭投入/家庭边界","Fit / conditional","N3-03/N3-04","当「自由/自主价值」进入「婴幼儿照护」的「家务/家庭劳动」，遇到「反复小问题累积」时，对重视「家庭投入/家庭边界」的人意味着什么？","constrained_mapping_v0.2","semantic_preflight"
"CC2-00922","PF-D04","自由/自主价值","SC-S2-05","家务/家庭劳动","SC-S1-09","中年多重责任","SC-S3-06","生育/育儿转折","NF-N1-04","自主/空间/自由","Ideal range / fit","N3-04","当「自由/自主价值」进入「中年多重责任」的「家务/家庭劳动」，遇到「生育/育儿转折」时，对重视「自主/空间/自由」的人意味着什么？","constrained_mapping_v0.2","semantic_preflight"
"CC2-00923","PF-D04","自由/自主价值","SC-S2-05","家务/家庭劳动","SC-S1-09","中年多重责任","SC-S3-06","生育/育儿转折","NF-N1-02","陪伴/连接/归属","Ideal range / conditional","N3-01/N3-05","当「自由/自主价值」进入「中年多重责任」的「家务/家庭劳动」，遇到「生育/育儿转折」时，对重视「陪伴/连接/归属」的人意味着什么？","constrained_mapping_v0.2","semantic_preflight"
"CC2-00924","PF-D04","自由/自主价值","SC-S2-05","家务/家庭劳动","SC-S1-09","中年多重责任","SC-S3-06","生育/育儿转折","NF-N1-11","家庭投入/家庭边界","Fit / conditional","N3-03/N3-04","当「自由/自主价值」进入「中年多重责任」的「家务/家庭劳动」，遇到「生育/育儿转折」时，对重视「家庭投入/家庭边界」的人意味着什么？","constrained_mapping_v0.2","semantic_preflight"
"CC2-00925","PF-D04","自由/自主价值","SC-S2-05","家务/家庭劳动","SC-S1-09","中年多重责任","SC-S3-10","反复小问题累积","NF-N1-04","自主/空间/自由","Ideal range / fit","N3-04","当「自由/自主价值」进入「中年多重责任」的「家务/家庭劳动」，遇到「反复小问题累积」时，对重视「自主/空间/自由」的人意味着什么？","constrained_mapping_v0.2","semantic_preflight"
"CC2-00926","PF-D04","自由/自主价值","SC-S2-05","家务/家庭劳动","SC-S1-09","中年多重责任","SC-S3-10","反复小问题累积","NF-N1-02","陪伴/连接/归属","Ideal range / conditional","N3-01/N3-05","当「自由/自主价值」进入「中年多重责任」的「家务/家庭劳动」，遇到「反复小问题累积」时，对重视「陪伴/连接/归属」的人意味着什么？","constrained_mapping_v0.2","semantic_preflight"
"CC2-00927","PF-D04","自由/自主价值","SC-S2-05","家务/家庭劳动","SC-S1-09","中年多重责任","SC-S3-10","反复小问题累积","NF-N1-11","家庭投入/家庭边界","Fit / conditional","N3-03/N3-04","当「自由/自主价值」进入「中年多重责任」的「家务/家庭劳动」，遇到「反复小问题累积」时，对重视「家庭投入/家庭边界」的人意味着什么？","constrained_mapping_v0.2","semantic_preflight"
"CC2-00928","PF-D05","安全/稳定价值","SC-S2-03","钱/财务","SC-S1-03","稳定交往","SC-S3-03","失业/收入下降","NF-N1-05","安全/信任/可预测","Gate / conditional","N3-02/N3-06","当「安全/稳定价值」进入「稳定交往」的「钱/财务」，遇到「失业/收入下降」时，对重视「安全/信任/可预测」的人意味着什么？","constrained_mapping_v0.2","semantic_preflight"
"CC2-00929","PF-D05","安全/稳定价值","SC-S2-03","钱/财务","SC-S1-03","稳定交往","SC-S3-03","失业/收入下降","NF-N1-06","经济/物质安全","Threshold + diminishing return","N3-03/N3-06","当「安全/稳定价值」进入「稳定交往」的「钱/财务」，遇到「失业/收入下降」时，对重视「经济/物质安全」的人意味着什么？","constrained_mapping_v0.2","semantic_preflight"
"CC2-00930","PF-D05","安全/稳定价值","SC-S2-03","钱/财务","SC-S1-03","稳定交往","SC-S3-03","失业/收入下降","NF-N1-12","价值/人生方向/未来一致性","Gate / fit","N3-06/N3-07","当「安全/稳定价值」进入「稳定交往」的「钱/财务」，遇到「失业/收入下降」时，对重视「价值/人生方向/未来一致性」的人意味着什么？","constrained_mapping_v0.2","semantic_preflight"
"CC2-00931","PF-D05","安全/稳定价值","SC-S2-03","钱/财务","SC-S1-03","稳定交往","SC-S3-04","大额财务事件","NF-N1-05","安全/信任/可预测","Gate / conditional","N3-02/N3-06","当「安全/稳定价值」进入「稳定交往」的「钱/财务」，遇到「大额财务事件」时，对重视「安全/信任/可预测」的人意味着什么？","constrained_mapping_v0.2","semantic_preflight"
"CC2-00932","PF-D05","安全/稳定价值","SC-S2-03","钱/财务","SC-S1-03","稳定交往","SC-S3-04","大额财务事件","NF-N1-06","经济/物质安全","Threshold + diminishing return","N3-03/N3-06","当「安全/稳定价值」进入「稳定交往」的「钱/财务」，遇到「大额财务事件」时，对重视「经济/物质安全」的人意味着什么？","constrained_mapping_v0.2","semantic_preflight"
"CC2-00933","PF-D05","安全/稳定价值","SC-S2-03","钱/财务","SC-S1-03","稳定交往","SC-S3-04","大额财务事件","NF-N1-12","价值/人生方向/未来一致性","Gate / fit","N3-06/N3-07","当「安全/稳定价值」进入「稳定交往」的「钱/财务」，遇到「大额财务事件」时，对重视「价值/人生方向/未来一致性」的人意味着什么？","constrained_mapping_v0.2","semantic_preflight"
"CC2-00934","PF-D05","安全/稳定价值","SC-S2-03","钱/财务","SC-S1-05","结婚/建立家庭","SC-S3-03","失业/收入下降","NF-N1-05","安全/信任/可预测","Gate / conditional","N3-02/N3-06","当「安全/稳定价值」进入「结婚/建立家庭」的「钱/财务」，遇到「失业/收入下降」时，对重视「安全/信任/可预测」的人意味着什么？","constrained_mapping_v0.2","semantic_preflight"
"CC2-00935","PF-D05","安全/稳定价值","SC-S2-03","钱/财务","SC-S1-05","结婚/建立家庭","SC-S3-03","失业/收入下降","NF-N1-06","经济/物质安全","Threshold + diminishing return","N3-03/N3-06","当「安全/稳定价值」进入「结婚/建立家庭」的「钱/财务」，遇到「失业/收入下降」时，对重视「经济/物质安全」的人意味着什么？","constrained_mapping_v0.2","semantic_preflight"
"CC2-00936","PF-D05","安全/稳定价值","SC-S2-03","钱/财务","SC-S1-05","结婚/建立家庭","SC-S3-03","失业/收入下降","NF-N1-12","价值/人生方向/未来一致性","Gate / fit","N3-06/N3-07","当「安全/稳定价值」进入「结婚/建立家庭」的「钱/财务」，遇到「失业/收入下降」时，对重视「价值/人生方向/未来一致性」的人意味着什么？","constrained_mapping_v0.2","semantic_preflight"
"CC2-00937","PF-D05","安全/稳定价值","SC-S2-03","钱/财务","SC-S1-05","结婚/建立家庭","SC-S3-04","大额财务事件","NF-N1-05","安全/信任/可预测","Gate / conditional","N3-02/N3-06","当「安全/稳定价值」进入「结婚/建立家庭」的「钱/财务」，遇到「大额财务事件」时，对重视「安全/信任/可预测」的人意味着什么？","constrained_mapping_v0.2","semantic_preflight"
"CC2-00938","PF-D05","安全/稳定价值","SC-S2-03","钱/财务","SC-S1-05","结婚/建立家庭","SC-S3-04","大额财务事件","NF-N1-06","经济/物质安全","Threshold + diminishing return","N3-03/N3-06","当「安全/稳定价值」进入「结婚/建立家庭」的「钱/财务」，遇到「大额财务事件」时，对重视「经济/物质安全」的人意味着什么？","constrained_mapping_v0.2","semantic_preflight"
"CC2-00939","PF-D05","安全/稳定价值","SC-S2-03","钱/财务","SC-S1-05","结婚/建立家庭","SC-S3-04","大额财务事件","NF-N1-12","价值/人生方向/未来一致性","Gate / fit","N3-06/N3-07","当「安全/稳定价值」进入「结婚/建立家庭」的「钱/财务」，遇到「大额财务事件」时，对重视「价值/人生方向/未来一致性」的人意味着什么？","constrained_mapping_v0.2","semantic_preflight"
"CC2-00940","PF-D05","安全/稳定价值","SC-S2-03","钱/财务","SC-S1-06","备孕/怀孕/生育","SC-S3-03","失业/收入下降","NF-N1-05","安全/信任/可预测","Gate / conditional","N3-02/N3-06","当「安全/稳定价值」进入「备孕/怀孕/生育」的「钱/财务」，遇到「失业/收入下降」时，对重视「安全/信任/可预测」的人意味着什么？","constrained_mapping_v0.2","semantic_preflight"
"CC2-00941","PF-D05","安全/稳定价值","SC-S2-03","钱/财务","SC-S1-06","备孕/怀孕/生育","SC-S3-03","失业/收入下降","NF-N1-06","经济/物质安全","Threshold + diminishing return","N3-03/N3-06","当「安全/稳定价值」进入「备孕/怀孕/生育」的「钱/财务」，遇到「失业/收入下降」时，对重视「经济/物质安全」的人意味着什么？","constrained_mapping_v0.2","semantic_preflight"
"CC2-00942","PF-D05","安全/稳定价值","SC-S2-03","钱/财务","SC-S1-06","备孕/怀孕/生育","SC-S3-03","失业/收入下降","NF-N1-12","价值/人生方向/未来一致性","Gate / fit","N3-06/N3-07","当「安全/稳定价值」进入「备孕/怀孕/生育」的「钱/财务」，遇到「失业/收入下降」时，对重视「价值/人生方向/未来一致性」的人意味着什么？","constrained_mapping_v0.2","semantic_preflight"
"CC2-00943","PF-D05","安全/稳定价值","SC-S2-03","钱/财务","SC-S1-06","备孕/怀孕/生育","SC-S3-04","大额财务事件","NF-N1-05","安全/信任/可预测","Gate / conditional","N3-02/N3-06","当「安全/稳定价值」进入「备孕/怀孕/生育」的「钱/财务」，遇到「大额财务事件」时，对重视「安全/信任/可预测」的人意味着什么？","constrained_mapping_v0.2","semantic_preflight"
"CC2-00944","PF-D05","安全/稳定价值","SC-S2-03","钱/财务","SC-S1-06","备孕/怀孕/生育","SC-S3-04","大额财务事件","NF-N1-06","经济/物质安全","Threshold + diminishing return","N3-03/N3-06","当「安全/稳定价值」进入「备孕/怀孕/生育」的「钱/财务」，遇到「大额财务事件」时，对重视「经济/物质安全」的人意味着什么？","constrained_mapping_v0.2","semantic_preflight"
"CC2-00945","PF-D05","安全/稳定价值","SC-S2-03","钱/财务","SC-S1-06","备孕/怀孕/生育","SC-S3-04","大额财务事件","NF-N1-12","价值/人生方向/未来一致性","Gate / fit","N3-06/N3-07","当「安全/稳定价值」进入「备孕/怀孕/生育」的「钱/财务」，遇到「大额财务事件」时，对重视「价值/人生方向/未来一致性」的人意味着什么？","constrained_mapping_v0.2","semantic_preflight"
"CC2-00946","PF-D05","安全/稳定价值","SC-S2-03","钱/财务","SC-S1-07","婴幼儿照护","SC-S3-03","失业/收入下降","NF-N1-05","安全/信任/可预测","Gate / conditional","N3-02/N3-06","当「安全/稳定价值」进入「婴幼儿照护」的「钱/财务」，遇到「失业/收入下降」时，对重视「安全/信任/可预测」的人意味着什么？","constrained_mapping_v0.2","semantic_preflight"
"CC2-00947","PF-D05","安全/稳定价值","SC-S2-03","钱/财务","SC-S1-07","婴幼儿照护","SC-S3-03","失业/收入下降","NF-N1-06","经济/物质安全","Threshold + diminishing return","N3-03/N3-06","当「安全/稳定价值」进入「婴幼儿照护」的「钱/财务」，遇到「失业/收入下降」时，对重视「经济/物质安全」的人意味着什么？","constrained_mapping_v0.2","semantic_preflight"
"CC2-00948","PF-D05","安全/稳定价值","SC-S2-03","钱/财务","SC-S1-07","婴幼儿照护","SC-S3-03","失业/收入下降","NF-N1-12","价值/人生方向/未来一致性","Gate / fit","N3-06/N3-07","当「安全/稳定价值」进入「婴幼儿照护」的「钱/财务」，遇到「失业/收入下降」时，对重视「价值/人生方向/未来一致性」的人意味着什么？","constrained_mapping_v0.2","semantic_preflight"
"CC2-00949","PF-D05","安全/稳定价值","SC-S2-03","钱/财务","SC-S1-07","婴幼儿照护","SC-S3-04","大额财务事件","NF-N1-05","安全/信任/可预测","Gate / conditional","N3-02/N3-06","当「安全/稳定价值」进入「婴幼儿照护」的「钱/财务」，遇到「大额财务事件」时，对重视「安全/信任/可预测」的人意味着什么？","constrained_mapping_v0.2","semantic_preflight"
"CC2-00950","PF-D05","安全/稳定价值","SC-S2-03","钱/财务","SC-S1-07","婴幼儿照护","SC-S3-04","大额财务事件","NF-N1-06","经济/物质安全","Threshold + diminishing return","N3-03/N3-06","当「安全/稳定价值」进入「婴幼儿照护」的「钱/财务」，遇到「大额财务事件」时，对重视「经济/物质安全」的人意味着什么？","constrained_mapping_v0.2","semantic_preflight"
"CC2-00951","PF-D05","安全/稳定价值","SC-S2-03","钱/财务","SC-S1-07","婴幼儿照护","SC-S3-04","大额财务事件","NF-N1-12","价值/人生方向/未来一致性","Gate / fit","N3-06/N3-07","当「安全/稳定价值」进入「婴幼儿照护」的「钱/财务」，遇到「大额财务事件」时，对重视「价值/人生方向/未来一致性」的人意味着什么？","constrained_mapping_v0.2","semantic_preflight"
"CC2-00952","PF-D05","安全/稳定价值","SC-S2-04","房/居住/地点","SC-S1-03","稳定交往","SC-S3-04","大额财务事件","NF-N1-05","安全/信任/可预测","Gate / conditional","N3-02/N3-06","当「安全/稳定价值」进入「稳定交往」的「房/居住/地点」，遇到「大额财务事件」时，对重视「安全/信任/可预测」的人意味着什么？","constrained_mapping_v0.2","semantic_preflight"
"CC2-00953","PF-D05","安全/稳定价值","SC-S2-04","房/居住/地点","SC-S1-03","稳定交往","SC-S3-04","大额财务事件","NF-N1-06","经济/物质安全","Threshold + diminishing return","N3-03/N3-06","当「安全/稳定价值」进入「稳定交往」的「房/居住/地点」，遇到「大额财务事件」时，对重视「经济/物质安全」的人意味着什么？","constrained_mapping_v0.2","semantic_preflight"
"CC2-00954","PF-D05","安全/稳定价值","SC-S2-04","房/居住/地点","SC-S1-03","稳定交往","SC-S3-04","大额财务事件","NF-N1-12","价值/人生方向/未来一致性","Gate / fit","N3-06/N3-07","当「安全/稳定价值」进入「稳定交往」的「房/居住/地点」，遇到「大额财务事件」时，对重视「价值/人生方向/未来一致性」的人意味着什么？","constrained_mapping_v0.2","semantic_preflight"
"CC2-00955","PF-D05","安全/稳定价值","SC-S2-04","房/居住/地点","SC-S1-03","稳定交往","SC-S3-05","居住/迁移变化","NF-N1-05","安全/信任/可预测","Gate / conditional","N3-02/N3-06","当「安全/稳定价值」进入「稳定交往」的「房/居住/地点」，遇到「居住/迁移变化」时，对重视「安全/信任/可预测」的人意味着什么？","constrained_mapping_v0.2","semantic_preflight"
"CC2-00956","PF-D05","安全/稳定价值","SC-S2-04","房/居住/地点","SC-S1-03","稳定交往","SC-S3-05","居住/迁移变化","NF-N1-06","经济/物质安全","Threshold + diminishing return","N3-03/N3-06","当「安全/稳定价值」进入「稳定交往」的「房/居住/地点」，遇到「居住/迁移变化」时，对重视「经济/物质安全」的人意味着什么？","constrained_mapping_v0.2","semantic_preflight"
"CC2-00957","PF-D05","安全/稳定价值","SC-S2-04","房/居住/地点","SC-S1-03","稳定交往","SC-S3-05","居住/迁移变化","NF-N1-12","价值/人生方向/未来一致性","Gate / fit","N3-06/N3-07","当「安全/稳定价值」进入「稳定交往」的「房/居住/地点」，遇到「居住/迁移变化」时，对重视「价值/人生方向/未来一致性」的人意味着什么？","constrained_mapping_v0.2","semantic_preflight"
"CC2-00958","PF-D05","安全/稳定价值","SC-S2-04","房/居住/地点","SC-S1-05","结婚/建立家庭","SC-S3-04","大额财务事件","NF-N1-05","安全/信任/可预测","Gate / conditional","N3-02/N3-06","当「安全/稳定价值」进入「结婚/建立家庭」的「房/居住/地点」，遇到「大额财务事件」时，对重视「安全/信任/可预测」的人意味着什么？","constrained_mapping_v0.2","semantic_preflight"
"CC2-00959","PF-D05","安全/稳定价值","SC-S2-04","房/居住/地点","SC-S1-05","结婚/建立家庭","SC-S3-04","大额财务事件","NF-N1-06","经济/物质安全","Threshold + diminishing return","N3-03/N3-06","当「安全/稳定价值」进入「结婚/建立家庭」的「房/居住/地点」，遇到「大额财务事件」时，对重视「经济/物质安全」的人意味着什么？","constrained_mapping_v0.2","semantic_preflight"
"CC2-00960","PF-D05","安全/稳定价值","SC-S2-04","房/居住/地点","SC-S1-05","结婚/建立家庭","SC-S3-04","大额财务事件","NF-N1-12","价值/人生方向/未来一致性","Gate / fit","N3-06/N3-07","当「安全/稳定价值」进入「结婚/建立家庭」的「房/居住/地点」，遇到「大额财务事件」时，对重视「价值/人生方向/未来一致性」的人意味着什么？","constrained_mapping_v0.2","semantic_preflight"
"CC2-00961","PF-D05","安全/稳定价值","SC-S2-04","房/居住/地点","SC-S1-05","结婚/建立家庭","SC-S3-05","居住/迁移变化","NF-N1-05","安全/信任/可预测","Gate / conditional","N3-02/N3-06","当「安全/稳定价值」进入「结婚/建立家庭」的「房/居住/地点」，遇到「居住/迁移变化」时，对重视「安全/信任/可预测」的人意味着什么？","constrained_mapping_v0.2","semantic_preflight"
"CC2-00962","PF-D05","安全/稳定价值","SC-S2-04","房/居住/地点","SC-S1-05","结婚/建立家庭","SC-S3-05","居住/迁移变化","NF-N1-06","经济/物质安全","Threshold + diminishing return","N3-03/N3-06","当「安全/稳定价值」进入「结婚/建立家庭」的「房/居住/地点」，遇到「居住/迁移变化」时，对重视「经济/物质安全」的人意味着什么？","constrained_mapping_v0.2","semantic_preflight"
"CC2-00963","PF-D05","安全/稳定价值","SC-S2-04","房/居住/地点","SC-S1-05","结婚/建立家庭","SC-S3-05","居住/迁移变化","NF-N1-12","价值/人生方向/未来一致性","Gate / fit","N3-06/N3-07","当「安全/稳定价值」进入「结婚/建立家庭」的「房/居住/地点」，遇到「居住/迁移变化」时，对重视「价值/人生方向/未来一致性」的人意味着什么？","constrained_mapping_v0.2","semantic_preflight"
"CC2-00964","PF-D05","安全/稳定价值","SC-S2-04","房/居住/地点","SC-S1-06","备孕/怀孕/生育","SC-S3-04","大额财务事件","NF-N1-05","安全/信任/可预测","Gate / conditional","N3-02/N3-06","当「安全/稳定价值」进入「备孕/怀孕/生育」的「房/居住/地点」，遇到「大额财务事件」时，对重视「安全/信任/可预测」的人意味着什么？","constrained_mapping_v0.2","semantic_preflight"
"CC2-00965","PF-D05","安全/稳定价值","SC-S2-04","房/居住/地点","SC-S1-06","备孕/怀孕/生育","SC-S3-04","大额财务事件","NF-N1-06","经济/物质安全","Threshold + diminishing return","N3-03/N3-06","当「安全/稳定价值」进入「备孕/怀孕/生育」的「房/居住/地点」，遇到「大额财务事件」时，对重视「经济/物质安全」的人意味着什么？","constrained_mapping_v0.2","semantic_preflight"
"CC2-00966","PF-D05","安全/稳定价值","SC-S2-04","房/居住/地点","SC-S1-06","备孕/怀孕/生育","SC-S3-04","大额财务事件","NF-N1-12","价值/人生方向/未来一致性","Gate / fit","N3-06/N3-07","当「安全/稳定价值」进入「备孕/怀孕/生育」的「房/居住/地点」，遇到「大额财务事件」时，对重视「价值/人生方向/未来一致性」的人意味着什么？","constrained_mapping_v0.2","semantic_preflight"
"CC2-00967","PF-D05","安全/稳定价值","SC-S2-04","房/居住/地点","SC-S1-06","备孕/怀孕/生育","SC-S3-05","居住/迁移变化","NF-N1-05","安全/信任/可预测","Gate / conditional","N3-02/N3-06","当「安全/稳定价值」进入「备孕/怀孕/生育」的「房/居住/地点」，遇到「居住/迁移变化」时，对重视「安全/信任/可预测」的人意味着什么？","constrained_mapping_v0.2","semantic_preflight"
"CC2-00968","PF-D05","安全/稳定价值","SC-S2-04","房/居住/地点","SC-S1-06","备孕/怀孕/生育","SC-S3-05","居住/迁移变化","NF-N1-06","经济/物质安全","Threshold + diminishing return","N3-03/N3-06","当「安全/稳定价值」进入「备孕/怀孕/生育」的「房/居住/地点」，遇到「居住/迁移变化」时，对重视「经济/物质安全」的人意味着什么？","constrained_mapping_v0.2","semantic_preflight"
"CC2-00969","PF-D05","安全/稳定价值","SC-S2-04","房/居住/地点","SC-S1-06","备孕/怀孕/生育","SC-S3-05","居住/迁移变化","NF-N1-12","价值/人生方向/未来一致性","Gate / fit","N3-06/N3-07","当「安全/稳定价值」进入「备孕/怀孕/生育」的「房/居住/地点」，遇到「居住/迁移变化」时，对重视「价值/人生方向/未来一致性」的人意味着什么？","constrained_mapping_v0.2","semantic_preflight"
"CC2-00970","PF-D05","安全/稳定价值","SC-S2-04","房/居住/地点","SC-S1-09","中年多重责任","SC-S3-04","大额财务事件","NF-N1-05","安全/信任/可预测","Gate / conditional","N3-02/N3-06","当「安全/稳定价值」进入「中年多重责任」的「房/居住/地点」，遇到「大额财务事件」时，对重视「安全/信任/可预测」的人意味着什么？","constrained_mapping_v0.2","semantic_preflight"
"CC2-00971","PF-D05","安全/稳定价值","SC-S2-04","房/居住/地点","SC-S1-09","中年多重责任","SC-S3-04","大额财务事件","NF-N1-06","经济/物质安全","Threshold + diminishing return","N3-03/N3-06","当「安全/稳定价值」进入「中年多重责任」的「房/居住/地点」，遇到「大额财务事件」时，对重视「经济/物质安全」的人意味着什么？","constrained_mapping_v0.2","semantic_preflight"
"CC2-00972","PF-D05","安全/稳定价值","SC-S2-04","房/居住/地点","SC-S1-09","中年多重责任","SC-S3-04","大额财务事件","NF-N1-12","价值/人生方向/未来一致性","Gate / fit","N3-06/N3-07","当「安全/稳定价值」进入「中年多重责任」的「房/居住/地点」，遇到「大额财务事件」时，对重视「价值/人生方向/未来一致性」的人意味着什么？","constrained_mapping_v0.2","semantic_preflight"
"CC2-00973","PF-D05","安全/稳定价值","SC-S2-04","房/居住/地点","SC-S1-09","中年多重责任","SC-S3-05","居住/迁移变化","NF-N1-05","安全/信任/可预测","Gate / conditional","N3-02/N3-06","当「安全/稳定价值」进入「中年多重责任」的「房/居住/地点」，遇到「居住/迁移变化」时，对重视「安全/信任/可预测」的人意味着什么？","constrained_mapping_v0.2","semantic_preflight"
"CC2-00974","PF-D05","安全/稳定价值","SC-S2-04","房/居住/地点","SC-S1-09","中年多重责任","SC-S3-05","居住/迁移变化","NF-N1-06","经济/物质安全","Threshold + diminishing return","N3-03/N3-06","当「安全/稳定价值」进入「中年多重责任」的「房/居住/地点」，遇到「居住/迁移变化」时，对重视「经济/物质安全」的人意味着什么？","constrained_mapping_v0.2","semantic_preflight"
"CC2-00975","PF-D05","安全/稳定价值","SC-S2-04","房/居住/地点","SC-S1-09","中年多重责任","SC-S3-05","居住/迁移变化","NF-N1-12","价值/人生方向/未来一致性","Gate / fit","N3-06/N3-07","当「安全/稳定价值」进入「中年多重责任」的「房/居住/地点」，遇到「居住/迁移变化」时，对重视「价值/人生方向/未来一致性」的人意味着什么？","constrained_mapping_v0.2","semantic_preflight"
"CC2-00976","PF-D05","安全/稳定价值","SC-S2-02","工作/事业/学习","SC-S1-02","恋爱/磨合","SC-S3-01","工作时间突变","NF-N1-05","安全/信任/可预测","Gate / conditional","N3-02/N3-06","当「安全/稳定价值」进入「恋爱/磨合」的「工作/事业/学习」，遇到「工作时间突变」时，对重视「安全/信任/可预测」的人意味着什么？","constrained_mapping_v0.2","semantic_preflight"
"CC2-00977","PF-D05","安全/稳定价值","SC-S2-02","工作/事业/学习","SC-S1-02","恋爱/磨合","SC-S3-01","工作时间突变","NF-N1-06","经济/物质安全","Threshold + diminishing return","N3-03/N3-06","当「安全/稳定价值」进入「恋爱/磨合」的「工作/事业/学习」，遇到「工作时间突变」时，对重视「经济/物质安全」的人意味着什么？","constrained_mapping_v0.2","semantic_preflight"
"CC2-00978","PF-D05","安全/稳定价值","SC-S2-02","工作/事业/学习","SC-S1-02","恋爱/磨合","SC-S3-01","工作时间突变","NF-N1-12","价值/人生方向/未来一致性","Gate / fit","N3-06/N3-07","当「安全/稳定价值」进入「恋爱/磨合」的「工作/事业/学习」，遇到「工作时间突变」时，对重视「价值/人生方向/未来一致性」的人意味着什么？","constrained_mapping_v0.2","semantic_preflight"
"CC2-00979","PF-D05","安全/稳定价值","SC-S2-02","工作/事业/学习","SC-S1-02","恋爱/磨合","SC-S3-02","事业机会/职业转折","NF-N1-05","安全/信任/可预测","Gate / conditional","N3-02/N3-06","当「安全/稳定价值」进入「恋爱/磨合」的「工作/事业/学习」，遇到「事业机会/职业转折」时，对重视「安全/信任/可预测」的人意味着什么？","constrained_mapping_v0.2","semantic_preflight"
"CC2-00980","PF-D05","安全/稳定价值","SC-S2-02","工作/事业/学习","SC-S1-02","恋爱/磨合","SC-S3-02","事业机会/职业转折","NF-N1-06","经济/物质安全","Threshold + diminishing return","N3-03/N3-06","当「安全/稳定价值」进入「恋爱/磨合」的「工作/事业/学习」，遇到「事业机会/职业转折」时，对重视「经济/物质安全」的人意味着什么？","constrained_mapping_v0.2","semantic_preflight"
"CC2-00981","PF-D05","安全/稳定价值","SC-S2-02","工作/事业/学习","SC-S1-02","恋爱/磨合","SC-S3-02","事业机会/职业转折","NF-N1-12","价值/人生方向/未来一致性","Gate / fit","N3-06/N3-07","当「安全/稳定价值」进入「恋爱/磨合」的「工作/事业/学习」，遇到「事业机会/职业转折」时，对重视「价值/人生方向/未来一致性」的人意味着什么？","constrained_mapping_v0.2","semantic_preflight"
"CC2-00982","PF-D05","安全/稳定价值","SC-S2-02","工作/事业/学习","SC-S1-05","结婚/建立家庭","SC-S3-01","工作时间突变","NF-N1-05","安全/信任/可预测","Gate / conditional","N3-02/N3-06","当「安全/稳定价值」进入「结婚/建立家庭」的「工作/事业/学习」，遇到「工作时间突变」时，对重视「安全/信任/可预测」的人意味着什么？","constrained_mapping_v0.2","semantic_preflight"
"CC2-00983","PF-D05","安全/稳定价值","SC-S2-02","工作/事业/学习","SC-S1-05","结婚/建立家庭","SC-S3-01","工作时间突变","NF-N1-06","经济/物质安全","Threshold + diminishing return","N3-03/N3-06","当「安全/稳定价值」进入「结婚/建立家庭」的「工作/事业/学习」，遇到「工作时间突变」时，对重视「经济/物质安全」的人意味着什么？","constrained_mapping_v0.2","semantic_preflight"
"CC2-00984","PF-D05","安全/稳定价值","SC-S2-02","工作/事业/学习","SC-S1-05","结婚/建立家庭","SC-S3-01","工作时间突变","NF-N1-12","价值/人生方向/未来一致性","Gate / fit","N3-06/N3-07","当「安全/稳定价值」进入「结婚/建立家庭」的「工作/事业/学习」，遇到「工作时间突变」时，对重视「价值/人生方向/未来一致性」的人意味着什么？","constrained_mapping_v0.2","semantic_preflight"
"CC2-00985","PF-D05","安全/稳定价值","SC-S2-02","工作/事业/学习","SC-S1-05","结婚/建立家庭","SC-S3-02","事业机会/职业转折","NF-N1-05","安全/信任/可预测","Gate / conditional","N3-02/N3-06","当「安全/稳定价值」进入「结婚/建立家庭」的「工作/事业/学习」，遇到「事业机会/职业转折」时，对重视「安全/信任/可预测」的人意味着什么？","constrained_mapping_v0.2","semantic_preflight"
"CC2-00986","PF-D05","安全/稳定价值","SC-S2-02","工作/事业/学习","SC-S1-05","结婚/建立家庭","SC-S3-02","事业机会/职业转折","NF-N1-06","经济/物质安全","Threshold + diminishing return","N3-03/N3-06","当「安全/稳定价值」进入「结婚/建立家庭」的「工作/事业/学习」，遇到「事业机会/职业转折」时，对重视「经济/物质安全」的人意味着什么？","constrained_mapping_v0.2","semantic_preflight"
"CC2-00987","PF-D05","安全/稳定价值","SC-S2-02","工作/事业/学习","SC-S1-05","结婚/建立家庭","SC-S3-02","事业机会/职业转折","NF-N1-12","价值/人生方向/未来一致性","Gate / fit","N3-06/N3-07","当「安全/稳定价值」进入「结婚/建立家庭」的「工作/事业/学习」，遇到「事业机会/职业转折」时，对重视「价值/人生方向/未来一致性」的人意味着什么？","constrained_mapping_v0.2","semantic_preflight"
"CC2-00988","PF-D05","安全/稳定价值","SC-S2-02","工作/事业/学习","SC-S1-09","中年多重责任","SC-S3-01","工作时间突变","NF-N1-05","安全/信任/可预测","Gate / conditional","N3-02/N3-06","当「安全/稳定价值」进入「中年多重责任」的「工作/事业/学习」，遇到「工作时间突变」时，对重视「安全/信任/可预测」的人意味着什么？","constrained_mapping_v0.2","semantic_preflight"
"CC2-00989","PF-D05","安全/稳定价值","SC-S2-02","工作/事业/学习","SC-S1-09","中年多重责任","SC-S3-01","工作时间突变","NF-N1-06","经济/物质安全","Threshold + diminishing return","N3-03/N3-06","当「安全/稳定价值」进入「中年多重责任」的「工作/事业/学习」，遇到「工作时间突变」时，对重视「经济/物质安全」的人意味着什么？","constrained_mapping_v0.2","semantic_preflight"
"CC2-00990","PF-D05","安全/稳定价值","SC-S2-02","工作/事业/学习","SC-S1-09","中年多重责任","SC-S3-01","工作时间突变","NF-N1-12","价值/人生方向/未来一致性","Gate / fit","N3-06/N3-07","当「安全/稳定价值」进入「中年多重责任」的「工作/事业/学习」，遇到「工作时间突变」时，对重视「价值/人生方向/未来一致性」的人意味着什么？","constrained_mapping_v0.2","semantic_preflight"
"CC2-00991","PF-D05","安全/稳定价值","SC-S2-02","工作/事业/学习","SC-S1-09","中年多重责任","SC-S3-02","事业机会/职业转折","NF-N1-05","安全/信任/可预测","Gate / conditional","N3-02/N3-06","当「安全/稳定价值」进入「中年多重责任」的「工作/事业/学习」，遇到「事业机会/职业转折」时，对重视「安全/信任/可预测」的人意味着什么？","constrained_mapping_v0.2","semantic_preflight"
"CC2-00992","PF-D05","安全/稳定价值","SC-S2-02","工作/事业/学习","SC-S1-09","中年多重责任","SC-S3-02","事业机会/职业转折","NF-N1-06","经济/物质安全","Threshold + diminishing return","N3-03/N3-06","当「安全/稳定价值」进入「中年多重责任」的「工作/事业/学习」，遇到「事业机会/职业转折」时，对重视「经济/物质安全」的人意味着什么？","constrained_mapping_v0.2","semantic_preflight"
"CC2-00993","PF-D05","安全/稳定价值","SC-S2-02","工作/事业/学习","SC-S1-09","中年多重责任","SC-S3-02","事业机会/职业转折","NF-N1-12","价值/人生方向/未来一致性","Gate / fit","N3-06/N3-07","当「安全/稳定价值」进入「中年多重责任」的「工作/事业/学习」，遇到「事业机会/职业转折」时，对重视「价值/人生方向/未来一致性」的人意味着什么？","constrained_mapping_v0.2","semantic_preflight"
"CC2-00994","PF-D06","婚育方向","SC-S2-06","孩子/生育/教育","SC-S1-05","结婚/建立家庭","SC-S3-06","生育/育儿转折","NF-N1-12","价值/人生方向/未来一致性","Gate / fit","N3-06/N3-07","当「婚育方向」进入「结婚/建立家庭」的「孩子/生育/教育」，遇到「生育/育儿转折」时，对重视「价值/人生方向/未来一致性」的人意味着什么？","constrained_mapping_v0.2","semantic_preflight"
"CC2-00995","PF-D06","婚育方向","SC-S2-06","孩子/生育/教育","SC-S1-05","结婚/建立家庭","SC-S3-06","生育/育儿转折","NF-N1-11","家庭投入/家庭边界","Fit / conditional","N3-03/N3-04","当「婚育方向」进入「结婚/建立家庭」的「孩子/生育/教育」，遇到「生育/育儿转折」时，对重视「家庭投入/家庭边界」的人意味着什么？","constrained_mapping_v0.2","semantic_preflight"
"CC2-00996","PF-D06","婚育方向","SC-S2-06","孩子/生育/教育","SC-S1-05","结婚/建立家庭","SC-S3-06","生育/育儿转折","NF-N1-07","公平/可靠/合作","Conditional / gate","N3-02/N3-03","当「婚育方向」进入「结婚/建立家庭」的「孩子/生育/教育」，遇到「生育/育儿转折」时，对重视「公平/可靠/合作」的人意味着什么？","constrained_mapping_v0.2","semantic_preflight"
"CC2-00997","PF-D06","婚育方向","SC-S2-06","孩子/生育/教育","SC-S1-05","结婚/建立家庭","SC-S3-01","工作时间突变","NF-N1-12","价值/人生方向/未来一致性","Gate / fit","N3-06/N3-07","当「婚育方向」进入「结婚/建立家庭」的「孩子/生育/教育」，遇到「工作时间突变」时，对重视「价值/人生方向/未来一致性」的人意味着什么？","constrained_mapping_v0.2","semantic_preflight"
"CC2-00998","PF-D06","婚育方向","SC-S2-06","孩子/生育/教育","SC-S1-05","结婚/建立家庭","SC-S3-01","工作时间突变","NF-N1-11","家庭投入/家庭边界","Fit / conditional","N3-03/N3-04","当「婚育方向」进入「结婚/建立家庭」的「孩子/生育/教育」，遇到「工作时间突变」时，对重视「家庭投入/家庭边界」的人意味着什么？","constrained_mapping_v0.2","semantic_preflight"
"CC2-00999","PF-D06","婚育方向","SC-S2-06","孩子/生育/教育","SC-S1-05","结婚/建立家庭","SC-S3-01","工作时间突变","NF-N1-07","公平/可靠/合作","Conditional / gate","N3-02/N3-03","当「婚育方向」进入「结婚/建立家庭」的「孩子/生育/教育」，遇到「工作时间突变」时，对重视「公平/可靠/合作」的人意味着什么？","constrained_mapping_v0.2","semantic_preflight"
"CC2-01000","PF-D06","婚育方向","SC-S2-06","孩子/生育/教育","SC-S1-06","备孕/怀孕/生育","SC-S3-06","生育/育儿转折","NF-N1-12","价值/人生方向/未来一致性","Gate / fit","N3-06/N3-07","当「婚育方向」进入「备孕/怀孕/生育」的「孩子/生育/教育」，遇到「生育/育儿转折」时，对重视「价值/人生方向/未来一致性」的人意味着什么？","constrained_mapping_v0.2","semantic_preflight"
"CC2-01001","PF-D06","婚育方向","SC-S2-06","孩子/生育/教育","SC-S1-06","备孕/怀孕/生育","SC-S3-06","生育/育儿转折","NF-N1-11","家庭投入/家庭边界","Fit / conditional","N3-03/N3-04","当「婚育方向」进入「备孕/怀孕/生育」的「孩子/生育/教育」，遇到「生育/育儿转折」时，对重视「家庭投入/家庭边界」的人意味着什么？","constrained_mapping_v0.2","semantic_preflight"
"CC2-01002","PF-D06","婚育方向","SC-S2-06","孩子/生育/教育","SC-S1-06","备孕/怀孕/生育","SC-S3-06","生育/育儿转折","NF-N1-07","公平/可靠/合作","Conditional / gate","N3-02/N3-03","当「婚育方向」进入「备孕/怀孕/生育」的「孩子/生育/教育」，遇到「生育/育儿转折」时，对重视「公平/可靠/合作」的人意味着什么？","constrained_mapping_v0.2","semantic_preflight"
"CC2-01003","PF-D06","婚育方向","SC-S2-06","孩子/生育/教育","SC-S1-06","备孕/怀孕/生育","SC-S3-01","工作时间突变","NF-N1-12","价值/人生方向/未来一致性","Gate / fit","N3-06/N3-07","当「婚育方向」进入「备孕/怀孕/生育」的「孩子/生育/教育」，遇到「工作时间突变」时，对重视「价值/人生方向/未来一致性」的人意味着什么？","constrained_mapping_v0.2","semantic_preflight"
"CC2-01004","PF-D06","婚育方向","SC-S2-06","孩子/生育/教育","SC-S1-06","备孕/怀孕/生育","SC-S3-01","工作时间突变","NF-N1-11","家庭投入/家庭边界","Fit / conditional","N3-03/N3-04","当「婚育方向」进入「备孕/怀孕/生育」的「孩子/生育/教育」，遇到「工作时间突变」时，对重视「家庭投入/家庭边界」的人意味着什么？","constrained_mapping_v0.2","semantic_preflight"
"CC2-01005","PF-D06","婚育方向","SC-S2-06","孩子/生育/教育","SC-S1-06","备孕/怀孕/生育","SC-S3-01","工作时间突变","NF-N1-07","公平/可靠/合作","Conditional / gate","N3-02/N3-03","当「婚育方向」进入「备孕/怀孕/生育」的「孩子/生育/教育」，遇到「工作时间突变」时，对重视「公平/可靠/合作」的人意味着什么？","constrained_mapping_v0.2","semantic_preflight"
"CC2-01006","PF-D06","婚育方向","SC-S2-06","孩子/生育/教育","SC-S1-07","婴幼儿照护","SC-S3-06","生育/育儿转折","NF-N1-12","价值/人生方向/未来一致性","Gate / fit","N3-06/N3-07","当「婚育方向」进入「婴幼儿照护」的「孩子/生育/教育」，遇到「生育/育儿转折」时，对重视「价值/人生方向/未来一致性」的人意味着什么？","constrained_mapping_v0.2","semantic_preflight"
"CC2-01007","PF-D06","婚育方向","SC-S2-06","孩子/生育/教育","SC-S1-07","婴幼儿照护","SC-S3-06","生育/育儿转折","NF-N1-11","家庭投入/家庭边界","Fit / conditional","N3-03/N3-04","当「婚育方向」进入「婴幼儿照护」的「孩子/生育/教育」，遇到「生育/育儿转折」时，对重视「家庭投入/家庭边界」的人意味着什么？","constrained_mapping_v0.2","semantic_preflight"
"CC2-01008","PF-D06","婚育方向","SC-S2-06","孩子/生育/教育","SC-S1-07","婴幼儿照护","SC-S3-06","生育/育儿转折","NF-N1-07","公平/可靠/合作","Conditional / gate","N3-02/N3-03","当「婚育方向」进入「婴幼儿照护」的「孩子/生育/教育」，遇到「生育/育儿转折」时，对重视「公平/可靠/合作」的人意味着什么？","constrained_mapping_v0.2","semantic_preflight"
"CC2-01009","PF-D06","婚育方向","SC-S2-06","孩子/生育/教育","SC-S1-07","婴幼儿照护","SC-S3-01","工作时间突变","NF-N1-12","价值/人生方向/未来一致性","Gate / fit","N3-06/N3-07","当「婚育方向」进入「婴幼儿照护」的「孩子/生育/教育」，遇到「工作时间突变」时，对重视「价值/人生方向/未来一致性」的人意味着什么？","constrained_mapping_v0.2","semantic_preflight"
"CC2-01010","PF-D06","婚育方向","SC-S2-06","孩子/生育/教育","SC-S1-07","婴幼儿照护","SC-S3-01","工作时间突变","NF-N1-11","家庭投入/家庭边界","Fit / conditional","N3-03/N3-04","当「婚育方向」进入「婴幼儿照护」的「孩子/生育/教育」，遇到「工作时间突变」时，对重视「家庭投入/家庭边界」的人意味着什么？","constrained_mapping_v0.2","semantic_preflight"
"CC2-01011","PF-D06","婚育方向","SC-S2-06","孩子/生育/教育","SC-S1-07","婴幼儿照护","SC-S3-01","工作时间突变","NF-N1-07","公平/可靠/合作","Conditional / gate","N3-02/N3-03","当「婚育方向」进入「婴幼儿照护」的「孩子/生育/教育」，遇到「工作时间突变」时，对重视「公平/可靠/合作」的人意味着什么？","constrained_mapping_v0.2","semantic_preflight"
"CC2-01012","PF-D06","婚育方向","SC-S2-06","孩子/生育/教育","SC-S1-08","孩子成长/教育","SC-S3-06","生育/育儿转折","NF-N1-12","价值/人生方向/未来一致性","Gate / fit","N3-06/N3-07","当「婚育方向」进入「孩子成长/教育」的「孩子/生育/教育」，遇到「生育/育儿转折」时，对重视「价值/人生方向/未来一致性」的人意味着什么？","constrained_mapping_v0.2","semantic_preflight"
"CC2-01013","PF-D06","婚育方向","SC-S2-06","孩子/生育/教育","SC-S1-08","孩子成长/教育","SC-S3-06","生育/育儿转折","NF-N1-11","家庭投入/家庭边界","Fit / conditional","N3-03/N3-04","当「婚育方向」进入「孩子成长/教育」的「孩子/生育/教育」，遇到「生育/育儿转折」时，对重视「家庭投入/家庭边界」的人意味着什么？","constrained_mapping_v0.2","semantic_preflight"
"CC2-01014","PF-D06","婚育方向","SC-S2-06","孩子/生育/教育","SC-S1-08","孩子成长/教育","SC-S3-06","生育/育儿转折","NF-N1-07","公平/可靠/合作","Conditional / gate","N3-02/N3-03","当「婚育方向」进入「孩子成长/教育」的「孩子/生育/教育」，遇到「生育/育儿转折」时，对重视「公平/可靠/合作」的人意味着什么？","constrained_mapping_v0.2","semantic_preflight"
"CC2-01015","PF-D06","婚育方向","SC-S2-06","孩子/生育/教育","SC-S1-08","孩子成长/教育","SC-S3-01","工作时间突变","NF-N1-12","价值/人生方向/未来一致性","Gate / fit","N3-06/N3-07","当「婚育方向」进入「孩子成长/教育」的「孩子/生育/教育」，遇到「工作时间突变」时，对重视「价值/人生方向/未来一致性」的人意味着什么？","constrained_mapping_v0.2","semantic_preflight"
"CC2-01016","PF-D06","婚育方向","SC-S2-06","孩子/生育/教育","SC-S1-08","孩子成长/教育","SC-S3-01","工作时间突变","NF-N1-11","家庭投入/家庭边界","Fit / conditional","N3-03/N3-04","当「婚育方向」进入「孩子成长/教育」的「孩子/生育/教育」，遇到「工作时间突变」时，对重视「家庭投入/家庭边界」的人意味着什么？","constrained_mapping_v0.2","semantic_preflight"
"CC2-01017","PF-D06","婚育方向","SC-S2-06","孩子/生育/教育","SC-S1-08","孩子成长/教育","SC-S3-01","工作时间突变","NF-N1-07","公平/可靠/合作","Conditional / gate","N3-02/N3-03","当「婚育方向」进入「孩子成长/教育」的「孩子/生育/教育」，遇到「工作时间突变」时，对重视「公平/可靠/合作」的人意味着什么？","constrained_mapping_v0.2","semantic_preflight"
"CC2-01018","PF-D06","婚育方向","SC-S2-12","价值/人生方向","SC-S1-05","结婚/建立家庭","SC-S3-02","事业机会/职业转折","NF-N1-12","价值/人生方向/未来一致性","Gate / fit","N3-06/N3-07","当「婚育方向」进入「结婚/建立家庭」的「价值/人生方向」，遇到「事业机会/职业转折」时，对重视「价值/人生方向/未来一致性」的人意味着什么？","constrained_mapping_v0.2","semantic_preflight"
"CC2-01019","PF-D06","婚育方向","SC-S2-12","价值/人生方向","SC-S1-05","结婚/建立家庭","SC-S3-02","事业机会/职业转折","NF-N1-11","家庭投入/家庭边界","Fit / conditional","N3-03/N3-04","当「婚育方向」进入「结婚/建立家庭」的「价值/人生方向」，遇到「事业机会/职业转折」时，对重视「家庭投入/家庭边界」的人意味着什么？","constrained_mapping_v0.2","semantic_preflight"
"CC2-01020","PF-D06","婚育方向","SC-S2-12","价值/人生方向","SC-S1-05","结婚/建立家庭","SC-S3-02","事业机会/职业转折","NF-N1-07","公平/可靠/合作","Conditional / gate","N3-02/N3-03","当「婚育方向」进入「结婚/建立家庭」的「价值/人生方向」，遇到「事业机会/职业转折」时，对重视「公平/可靠/合作」的人意味着什么？","constrained_mapping_v0.2","semantic_preflight"
"CC2-01021","PF-D06","婚育方向","SC-S2-12","价值/人生方向","SC-S1-05","结婚/建立家庭","SC-S3-06","生育/育儿转折","NF-N1-12","价值/人生方向/未来一致性","Gate / fit","N3-06/N3-07","当「婚育方向」进入「结婚/建立家庭」的「价值/人生方向」，遇到「生育/育儿转折」时，对重视「价值/人生方向/未来一致性」的人意味着什么？","constrained_mapping_v0.2","semantic_preflight"
"CC2-01022","PF-D06","婚育方向","SC-S2-12","价值/人生方向","SC-S1-05","结婚/建立家庭","SC-S3-06","生育/育儿转折","NF-N1-11","家庭投入/家庭边界","Fit / conditional","N3-03/N3-04","当「婚育方向」进入「结婚/建立家庭」的「价值/人生方向」，遇到「生育/育儿转折」时，对重视「家庭投入/家庭边界」的人意味着什么？","constrained_mapping_v0.2","semantic_preflight"
"CC2-01023","PF-D06","婚育方向","SC-S2-12","价值/人生方向","SC-S1-05","结婚/建立家庭","SC-S3-06","生育/育儿转折","NF-N1-07","公平/可靠/合作","Conditional / gate","N3-02/N3-03","当「婚育方向」进入「结婚/建立家庭」的「价值/人生方向」，遇到「生育/育儿转折」时，对重视「公平/可靠/合作」的人意味着什么？","constrained_mapping_v0.2","semantic_preflight"
"CC2-01024","PF-D06","婚育方向","SC-S2-12","价值/人生方向","SC-S1-06","备孕/怀孕/生育","SC-S3-02","事业机会/职业转折","NF-N1-12","价值/人生方向/未来一致性","Gate / fit","N3-06/N3-07","当「婚育方向」进入「备孕/怀孕/生育」的「价值/人生方向」，遇到「事业机会/职业转折」时，对重视「价值/人生方向/未来一致性」的人意味着什么？","constrained_mapping_v0.2","semantic_preflight"
"CC2-01025","PF-D06","婚育方向","SC-S2-12","价值/人生方向","SC-S1-06","备孕/怀孕/生育","SC-S3-02","事业机会/职业转折","NF-N1-11","家庭投入/家庭边界","Fit / conditional","N3-03/N3-04","当「婚育方向」进入「备孕/怀孕/生育」的「价值/人生方向」，遇到「事业机会/职业转折」时，对重视「家庭投入/家庭边界」的人意味着什么？","constrained_mapping_v0.2","semantic_preflight"
"CC2-01026","PF-D06","婚育方向","SC-S2-12","价值/人生方向","SC-S1-06","备孕/怀孕/生育","SC-S3-02","事业机会/职业转折","NF-N1-07","公平/可靠/合作","Conditional / gate","N3-02/N3-03","当「婚育方向」进入「备孕/怀孕/生育」的「价值/人生方向」，遇到「事业机会/职业转折」时，对重视「公平/可靠/合作」的人意味着什么？","constrained_mapping_v0.2","semantic_preflight"
"CC2-01027","PF-D06","婚育方向","SC-S2-12","价值/人生方向","SC-S1-06","备孕/怀孕/生育","SC-S3-06","生育/育儿转折","NF-N1-12","价值/人生方向/未来一致性","Gate / fit","N3-06/N3-07","当「婚育方向」进入「备孕/怀孕/生育」的「价值/人生方向」，遇到「生育/育儿转折」时，对重视「价值/人生方向/未来一致性」的人意味着什么？","constrained_mapping_v0.2","semantic_preflight"
"CC2-01028","PF-D06","婚育方向","SC-S2-12","价值/人生方向","SC-S1-06","备孕/怀孕/生育","SC-S3-06","生育/育儿转折","NF-N1-11","家庭投入/家庭边界","Fit / conditional","N3-03/N3-04","当「婚育方向」进入「备孕/怀孕/生育」的「价值/人生方向」，遇到「生育/育儿转折」时，对重视「家庭投入/家庭边界」的人意味着什么？","constrained_mapping_v0.2","semantic_preflight"
"CC2-01029","PF-D06","婚育方向","SC-S2-12","价值/人生方向","SC-S1-06","备孕/怀孕/生育","SC-S3-06","生育/育儿转折","NF-N1-07","公平/可靠/合作","Conditional / gate","N3-02/N3-03","当「婚育方向」进入「备孕/怀孕/生育」的「价值/人生方向」，遇到「生育/育儿转折」时，对重视「公平/可靠/合作」的人意味着什么？","constrained_mapping_v0.2","semantic_preflight"
"CC2-01030","PF-D06","婚育方向","SC-S2-12","价值/人生方向","SC-S1-09","中年多重责任","SC-S3-02","事业机会/职业转折","NF-N1-12","价值/人生方向/未来一致性","Gate / fit","N3-06/N3-07","当「婚育方向」进入「中年多重责任」的「价值/人生方向」，遇到「事业机会/职业转折」时，对重视「价值/人生方向/未来一致性」的人意味着什么？","constrained_mapping_v0.2","semantic_preflight"
"CC2-01031","PF-D06","婚育方向","SC-S2-12","价值/人生方向","SC-S1-09","中年多重责任","SC-S3-02","事业机会/职业转折","NF-N1-11","家庭投入/家庭边界","Fit / conditional","N3-03/N3-04","当「婚育方向」进入「中年多重责任」的「价值/人生方向」，遇到「事业机会/职业转折」时，对重视「家庭投入/家庭边界」的人意味着什么？","constrained_mapping_v0.2","semantic_preflight"
"CC2-01032","PF-D06","婚育方向","SC-S2-12","价值/人生方向","SC-S1-09","中年多重责任","SC-S3-02","事业机会/职业转折","NF-N1-07","公平/可靠/合作","Conditional / gate","N3-02/N3-03","当「婚育方向」进入「中年多重责任」的「价值/人生方向」，遇到「事业机会/职业转折」时，对重视「公平/可靠/合作」的人意味着什么？","constrained_mapping_v0.2","semantic_preflight"
"CC2-01033","PF-D06","婚育方向","SC-S2-12","价值/人生方向","SC-S1-09","中年多重责任","SC-S3-06","生育/育儿转折","NF-N1-12","价值/人生方向/未来一致性","Gate / fit","N3-06/N3-07","当「婚育方向」进入「中年多重责任」的「价值/人生方向」，遇到「生育/育儿转折」时，对重视「价值/人生方向/未来一致性」的人意味着什么？","constrained_mapping_v0.2","semantic_preflight"
"CC2-01034","PF-D06","婚育方向","SC-S2-12","价值/人生方向","SC-S1-09","中年多重责任","SC-S3-06","生育/育儿转折","NF-N1-11","家庭投入/家庭边界","Fit / conditional","N3-03/N3-04","当「婚育方向」进入「中年多重责任」的「价值/人生方向」，遇到「生育/育儿转折」时，对重视「家庭投入/家庭边界」的人意味着什么？","constrained_mapping_v0.2","semantic_preflight"
"CC2-01035","PF-D06","婚育方向","SC-S2-12","价值/人生方向","SC-S1-09","中年多重责任","SC-S3-06","生育/育儿转折","NF-N1-07","公平/可靠/合作","Conditional / gate","N3-02/N3-03","当「婚育方向」进入「中年多重责任」的「价值/人生方向」，遇到「生育/育儿转折」时，对重视「公平/可靠/合作」的人意味着什么？","constrained_mapping_v0.2","semantic_preflight"
"CC2-01036","PF-D06","婚育方向","SC-S2-07","双方父母/原生家庭","SC-S1-05","结婚/建立家庭","SC-S3-07","父母责任变化","NF-N1-12","价值/人生方向/未来一致性","Gate / fit","N3-06/N3-07","当「婚育方向」进入「结婚/建立家庭」的「双方父母/原生家庭」，遇到「父母责任变化」时，对重视「价值/人生方向/未来一致性」的人意味着什么？","constrained_mapping_v0.2","semantic_preflight"
"CC2-01037","PF-D06","婚育方向","SC-S2-07","双方父母/原生家庭","SC-S1-05","结婚/建立家庭","SC-S3-07","父母责任变化","NF-N1-11","家庭投入/家庭边界","Fit / conditional","N3-03/N3-04","当「婚育方向」进入「结婚/建立家庭」的「双方父母/原生家庭」，遇到「父母责任变化」时，对重视「家庭投入/家庭边界」的人意味着什么？","constrained_mapping_v0.2","semantic_preflight"
"CC2-01038","PF-D06","婚育方向","SC-S2-07","双方父母/原生家庭","SC-S1-05","结婚/建立家庭","SC-S3-07","父母责任变化","NF-N1-07","公平/可靠/合作","Conditional / gate","N3-02/N3-03","当「婚育方向」进入「结婚/建立家庭」的「双方父母/原生家庭」，遇到「父母责任变化」时，对重视「公平/可靠/合作」的人意味着什么？","constrained_mapping_v0.2","semantic_preflight"
"CC2-01039","PF-D06","婚育方向","SC-S2-07","双方父母/原生家庭","SC-S1-05","结婚/建立家庭","SC-S3-05","居住/迁移变化","NF-N1-12","价值/人生方向/未来一致性","Gate / fit","N3-06/N3-07","当「婚育方向」进入「结婚/建立家庭」的「双方父母/原生家庭」，遇到「居住/迁移变化」时，对重视「价值/人生方向/未来一致性」的人意味着什么？","constrained_mapping_v0.2","semantic_preflight"
"CC2-01040","PF-D06","婚育方向","SC-S2-07","双方父母/原生家庭","SC-S1-05","结婚/建立家庭","SC-S3-05","居住/迁移变化","NF-N1-11","家庭投入/家庭边界","Fit / conditional","N3-03/N3-04","当「婚育方向」进入「结婚/建立家庭」的「双方父母/原生家庭」，遇到「居住/迁移变化」时，对重视「家庭投入/家庭边界」的人意味着什么？","constrained_mapping_v0.2","semantic_preflight"
"CC2-01041","PF-D06","婚育方向","SC-S2-07","双方父母/原生家庭","SC-S1-05","结婚/建立家庭","SC-S3-05","居住/迁移变化","NF-N1-07","公平/可靠/合作","Conditional / gate","N3-02/N3-03","当「婚育方向」进入「结婚/建立家庭」的「双方父母/原生家庭」，遇到「居住/迁移变化」时，对重视「公平/可靠/合作」的人意味着什么？","constrained_mapping_v0.2","semantic_preflight"
"CC2-01042","PF-D06","婚育方向","SC-S2-07","双方父母/原生家庭","SC-S1-06","备孕/怀孕/生育","SC-S3-07","父母责任变化","NF-N1-12","价值/人生方向/未来一致性","Gate / fit","N3-06/N3-07","当「婚育方向」进入「备孕/怀孕/生育」的「双方父母/原生家庭」，遇到「父母责任变化」时，对重视「价值/人生方向/未来一致性」的人意味着什么？","constrained_mapping_v0.2","semantic_preflight"
"CC2-01043","PF-D06","婚育方向","SC-S2-07","双方父母/原生家庭","SC-S1-06","备孕/怀孕/生育","SC-S3-07","父母责任变化","NF-N1-11","家庭投入/家庭边界","Fit / conditional","N3-03/N3-04","当「婚育方向」进入「备孕/怀孕/生育」的「双方父母/原生家庭」，遇到「父母责任变化」时，对重视「家庭投入/家庭边界」的人意味着什么？","constrained_mapping_v0.2","semantic_preflight"
"CC2-01044","PF-D06","婚育方向","SC-S2-07","双方父母/原生家庭","SC-S1-06","备孕/怀孕/生育","SC-S3-07","父母责任变化","NF-N1-07","公平/可靠/合作","Conditional / gate","N3-02/N3-03","当「婚育方向」进入「备孕/怀孕/生育」的「双方父母/原生家庭」，遇到「父母责任变化」时，对重视「公平/可靠/合作」的人意味着什么？","constrained_mapping_v0.2","semantic_preflight"
"CC2-01045","PF-D06","婚育方向","SC-S2-07","双方父母/原生家庭","SC-S1-06","备孕/怀孕/生育","SC-S3-05","居住/迁移变化","NF-N1-12","价值/人生方向/未来一致性","Gate / fit","N3-06/N3-07","当「婚育方向」进入「备孕/怀孕/生育」的「双方父母/原生家庭」，遇到「居住/迁移变化」时，对重视「价值/人生方向/未来一致性」的人意味着什么？","constrained_mapping_v0.2","semantic_preflight"
"CC2-01046","PF-D06","婚育方向","SC-S2-07","双方父母/原生家庭","SC-S1-06","备孕/怀孕/生育","SC-S3-05","居住/迁移变化","NF-N1-11","家庭投入/家庭边界","Fit / conditional","N3-03/N3-04","当「婚育方向」进入「备孕/怀孕/生育」的「双方父母/原生家庭」，遇到「居住/迁移变化」时，对重视「家庭投入/家庭边界」的人意味着什么？","constrained_mapping_v0.2","semantic_preflight"
"CC2-01047","PF-D06","婚育方向","SC-S2-07","双方父母/原生家庭","SC-S1-06","备孕/怀孕/生育","SC-S3-05","居住/迁移变化","NF-N1-07","公平/可靠/合作","Conditional / gate","N3-02/N3-03","当「婚育方向」进入「备孕/怀孕/生育」的「双方父母/原生家庭」，遇到「居住/迁移变化」时，对重视「公平/可靠/合作」的人意味着什么？","constrained_mapping_v0.2","semantic_preflight"
"CC2-01048","PF-D06","婚育方向","SC-S2-07","双方父母/原生家庭","SC-S1-07","婴幼儿照护","SC-S3-07","父母责任变化","NF-N1-12","价值/人生方向/未来一致性","Gate / fit","N3-06/N3-07","当「婚育方向」进入「婴幼儿照护」的「双方父母/原生家庭」，遇到「父母责任变化」时，对重视「价值/人生方向/未来一致性」的人意味着什么？","constrained_mapping_v0.2","semantic_preflight"
"CC2-01049","PF-D06","婚育方向","SC-S2-07","双方父母/原生家庭","SC-S1-07","婴幼儿照护","SC-S3-07","父母责任变化","NF-N1-11","家庭投入/家庭边界","Fit / conditional","N3-03/N3-04","当「婚育方向」进入「婴幼儿照护」的「双方父母/原生家庭」，遇到「父母责任变化」时，对重视「家庭投入/家庭边界」的人意味着什么？","constrained_mapping_v0.2","semantic_preflight"
"CC2-01050","PF-D06","婚育方向","SC-S2-07","双方父母/原生家庭","SC-S1-07","婴幼儿照护","SC-S3-07","父母责任变化","NF-N1-07","公平/可靠/合作","Conditional / gate","N3-02/N3-03","当「婚育方向」进入「婴幼儿照护」的「双方父母/原生家庭」，遇到「父母责任变化」时，对重视「公平/可靠/合作」的人意味着什么？","constrained_mapping_v0.2","semantic_preflight"
"CC2-01051","PF-D06","婚育方向","SC-S2-07","双方父母/原生家庭","SC-S1-07","婴幼儿照护","SC-S3-05","居住/迁移变化","NF-N1-12","价值/人生方向/未来一致性","Gate / fit","N3-06/N3-07","当「婚育方向」进入「婴幼儿照护」的「双方父母/原生家庭」，遇到「居住/迁移变化」时，对重视「价值/人生方向/未来一致性」的人意味着什么？","constrained_mapping_v0.2","semantic_preflight"
"CC2-01052","PF-D06","婚育方向","SC-S2-07","双方父母/原生家庭","SC-S1-07","婴幼儿照护","SC-S3-05","居住/迁移变化","NF-N1-11","家庭投入/家庭边界","Fit / conditional","N3-03/N3-04","当「婚育方向」进入「婴幼儿照护」的「双方父母/原生家庭」，遇到「居住/迁移变化」时，对重视「家庭投入/家庭边界」的人意味着什么？","constrained_mapping_v0.2","semantic_preflight"
"CC2-01053","PF-D06","婚育方向","SC-S2-07","双方父母/原生家庭","SC-S1-07","婴幼儿照护","SC-S3-05","居住/迁移变化","NF-N1-07","公平/可靠/合作","Conditional / gate","N3-02/N3-03","当「婚育方向」进入「婴幼儿照护」的「双方父母/原生家庭」，遇到「居住/迁移变化」时，对重视「公平/可靠/合作」的人意味着什么？","constrained_mapping_v0.2","semantic_preflight"
"CC2-01054","PF-D06","婚育方向","SC-S2-07","双方父母/原生家庭","SC-S1-09","中年多重责任","SC-S3-07","父母责任变化","NF-N1-12","价值/人生方向/未来一致性","Gate / fit","N3-06/N3-07","当「婚育方向」进入「中年多重责任」的「双方父母/原生家庭」，遇到「父母责任变化」时，对重视「价值/人生方向/未来一致性」的人意味着什么？","constrained_mapping_v0.2","semantic_preflight"
"CC2-01055","PF-D06","婚育方向","SC-S2-07","双方父母/原生家庭","SC-S1-09","中年多重责任","SC-S3-07","父母责任变化","NF-N1-11","家庭投入/家庭边界","Fit / conditional","N3-03/N3-04","当「婚育方向」进入「中年多重责任」的「双方父母/原生家庭」，遇到「父母责任变化」时，对重视「家庭投入/家庭边界」的人意味着什么？","constrained_mapping_v0.2","semantic_preflight"
"CC2-01056","PF-D06","婚育方向","SC-S2-07","双方父母/原生家庭","SC-S1-09","中年多重责任","SC-S3-07","父母责任变化","NF-N1-07","公平/可靠/合作","Conditional / gate","N3-02/N3-03","当「婚育方向」进入「中年多重责任」的「双方父母/原生家庭」，遇到「父母责任变化」时，对重视「公平/可靠/合作」的人意味着什么？","constrained_mapping_v0.2","semantic_preflight"
"CC2-01057","PF-D06","婚育方向","SC-S2-07","双方父母/原生家庭","SC-S1-09","中年多重责任","SC-S3-05","居住/迁移变化","NF-N1-12","价值/人生方向/未来一致性","Gate / fit","N3-06/N3-07","当「婚育方向」进入「中年多重责任」的「双方父母/原生家庭」，遇到「居住/迁移变化」时，对重视「价值/人生方向/未来一致性」的人意味着什么？","constrained_mapping_v0.2","semantic_preflight"
"CC2-01058","PF-D06","婚育方向","SC-S2-07","双方父母/原生家庭","SC-S1-09","中年多重责任","SC-S3-05","居住/迁移变化","NF-N1-11","家庭投入/家庭边界","Fit / conditional","N3-03/N3-04","当「婚育方向」进入「中年多重责任」的「双方父母/原生家庭」，遇到「居住/迁移变化」时，对重视「家庭投入/家庭边界」的人意味着什么？","constrained_mapping_v0.2","semantic_preflight"
"CC2-01059","PF-D06","婚育方向","SC-S2-07","双方父母/原生家庭","SC-S1-09","中年多重责任","SC-S3-05","居住/迁移变化","NF-N1-07","公平/可靠/合作","Conditional / gate","N3-02/N3-03","当「婚育方向」进入「中年多重责任」的「双方父母/原生家庭」，遇到「居住/迁移变化」时，对重视「公平/可靠/合作」的人意味着什么？","constrained_mapping_v0.2","semantic_preflight"
"CC2-01060","PF-D07","忠诚/边界价值","SC-S2-08","社交/朋友/个人空间","SC-S1-01","认识/相亲","SC-S3-09","社交/边界事件","NF-N1-05","安全/信任/可预测","Gate / conditional","N3-02/N3-06","当「忠诚/边界价值」进入「认识/相亲」的「社交/朋友/个人空间」，遇到「社交/边界事件」时，对重视「安全/信任/可预测」的人意味着什么？","constrained_mapping_v0.2","semantic_preflight"
"CC2-01061","PF-D07","忠诚/边界价值","SC-S2-08","社交/朋友/个人空间","SC-S1-01","认识/相亲","SC-S3-09","社交/边界事件","NF-N1-10","性/身体亲密","Gate / fit","N3-10","当「忠诚/边界价值」进入「认识/相亲」的「社交/朋友/个人空间」，遇到「社交/边界事件」时，对重视「性/身体亲密」的人意味着什么？","constrained_mapping_v0.2","semantic_preflight"
"CC2-01062","PF-D07","忠诚/边界价值","SC-S2-08","社交/朋友/个人空间","SC-S1-01","认识/相亲","SC-S3-09","社交/边界事件","NF-N1-11","家庭投入/家庭边界","Fit / conditional","N3-03/N3-04","当「忠诚/边界价值」进入「认识/相亲」的「社交/朋友/个人空间」，遇到「社交/边界事件」时，对重视「家庭投入/家庭边界」的人意味着什么？","constrained_mapping_v0.2","semantic_preflight"
"CC2-01063","PF-D07","忠诚/边界价值","SC-S2-08","社交/朋友/个人空间","SC-S1-03","稳定交往","SC-S3-09","社交/边界事件","NF-N1-05","安全/信任/可预测","Gate / conditional","N3-02/N3-06","当「忠诚/边界价值」进入「稳定交往」的「社交/朋友/个人空间」，遇到「社交/边界事件」时，对重视「安全/信任/可预测」的人意味着什么？","constrained_mapping_v0.2","semantic_preflight"
"CC2-01064","PF-D07","忠诚/边界价值","SC-S2-08","社交/朋友/个人空间","SC-S1-03","稳定交往","SC-S3-09","社交/边界事件","NF-N1-10","性/身体亲密","Gate / fit","N3-10","当「忠诚/边界价值」进入「稳定交往」的「社交/朋友/个人空间」，遇到「社交/边界事件」时，对重视「性/身体亲密」的人意味着什么？","constrained_mapping_v0.2","semantic_preflight"
"CC2-01065","PF-D07","忠诚/边界价值","SC-S2-08","社交/朋友/个人空间","SC-S1-03","稳定交往","SC-S3-09","社交/边界事件","NF-N1-11","家庭投入/家庭边界","Fit / conditional","N3-03/N3-04","当「忠诚/边界价值」进入「稳定交往」的「社交/朋友/个人空间」，遇到「社交/边界事件」时，对重视「家庭投入/家庭边界」的人意味着什么？","constrained_mapping_v0.2","semantic_preflight"
"CC2-01066","PF-D07","忠诚/边界价值","SC-S2-08","社交/朋友/个人空间","SC-S1-03","稳定交往","SC-S3-10","反复小问题累积","NF-N1-05","安全/信任/可预测","Gate / conditional","N3-02/N3-06","当「忠诚/边界价值」进入「稳定交往」的「社交/朋友/个人空间」，遇到「反复小问题累积」时，对重视「安全/信任/可预测」的人意味着什么？","constrained_mapping_v0.2","semantic_preflight"
"CC2-01067","PF-D07","忠诚/边界价值","SC-S2-08","社交/朋友/个人空间","SC-S1-03","稳定交往","SC-S3-10","反复小问题累积","NF-N1-10","性/身体亲密","Gate / fit","N3-10","当「忠诚/边界价值」进入「稳定交往」的「社交/朋友/个人空间」，遇到「反复小问题累积」时，对重视「性/身体亲密」的人意味着什么？","constrained_mapping_v0.2","semantic_preflight"
"CC2-01068","PF-D07","忠诚/边界价值","SC-S2-08","社交/朋友/个人空间","SC-S1-03","稳定交往","SC-S3-10","反复小问题累积","NF-N1-11","家庭投入/家庭边界","Fit / conditional","N3-03/N3-04","当「忠诚/边界价值」进入「稳定交往」的「社交/朋友/个人空间」，遇到「反复小问题累积」时，对重视「家庭投入/家庭边界」的人意味着什么？","constrained_mapping_v0.2","semantic_preflight"
"CC2-01069","PF-D07","忠诚/边界价值","SC-S2-08","社交/朋友/个人空间","SC-S1-05","结婚/建立家庭","SC-S3-09","社交/边界事件","NF-N1-05","安全/信任/可预测","Gate / conditional","N3-02/N3-06","当「忠诚/边界价值」进入「结婚/建立家庭」的「社交/朋友/个人空间」，遇到「社交/边界事件」时，对重视「安全/信任/可预测」的人意味着什么？","constrained_mapping_v0.2","semantic_preflight"
"CC2-01070","PF-D07","忠诚/边界价值","SC-S2-08","社交/朋友/个人空间","SC-S1-05","结婚/建立家庭","SC-S3-09","社交/边界事件","NF-N1-10","性/身体亲密","Gate / fit","N3-10","当「忠诚/边界价值」进入「结婚/建立家庭」的「社交/朋友/个人空间」，遇到「社交/边界事件」时，对重视「性/身体亲密」的人意味着什么？","constrained_mapping_v0.2","semantic_preflight"
"CC2-01071","PF-D07","忠诚/边界价值","SC-S2-08","社交/朋友/个人空间","SC-S1-05","结婚/建立家庭","SC-S3-09","社交/边界事件","NF-N1-11","家庭投入/家庭边界","Fit / conditional","N3-03/N3-04","当「忠诚/边界价值」进入「结婚/建立家庭」的「社交/朋友/个人空间」，遇到「社交/边界事件」时，对重视「家庭投入/家庭边界」的人意味着什么？","constrained_mapping_v0.2","semantic_preflight"
"CC2-01072","PF-D07","忠诚/边界价值","SC-S2-08","社交/朋友/个人空间","SC-S1-05","结婚/建立家庭","SC-S3-10","反复小问题累积","NF-N1-05","安全/信任/可预测","Gate / conditional","N3-02/N3-06","当「忠诚/边界价值」进入「结婚/建立家庭」的「社交/朋友/个人空间」，遇到「反复小问题累积」时，对重视「安全/信任/可预测」的人意味着什么？","constrained_mapping_v0.2","semantic_preflight"
"CC2-01073","PF-D07","忠诚/边界价值","SC-S2-08","社交/朋友/个人空间","SC-S1-05","结婚/建立家庭","SC-S3-10","反复小问题累积","NF-N1-10","性/身体亲密","Gate / fit","N3-10","当「忠诚/边界价值」进入「结婚/建立家庭」的「社交/朋友/个人空间」，遇到「反复小问题累积」时，对重视「性/身体亲密」的人意味着什么？","constrained_mapping_v0.2","semantic_preflight"
"CC2-01074","PF-D07","忠诚/边界价值","SC-S2-08","社交/朋友/个人空间","SC-S1-05","结婚/建立家庭","SC-S3-10","反复小问题累积","NF-N1-11","家庭投入/家庭边界","Fit / conditional","N3-03/N3-04","当「忠诚/边界价值」进入「结婚/建立家庭」的「社交/朋友/个人空间」，遇到「反复小问题累积」时，对重视「家庭投入/家庭边界」的人意味着什么？","constrained_mapping_v0.2","semantic_preflight"
"CC2-01075","PF-D07","忠诚/边界价值","SC-S2-10","性/身体亲密","SC-S1-02","恋爱/磨合","SC-S3-08","本人健康变化","NF-N1-05","安全/信任/可预测","Gate / conditional","N3-02/N3-06","当「忠诚/边界价值」进入「恋爱/磨合」的「性/身体亲密」，遇到「本人健康变化」时，对重视「安全/信任/可预测」的人意味着什么？","constrained_mapping_v0.2","semantic_preflight"
"CC2-01076","PF-D07","忠诚/边界价值","SC-S2-10","性/身体亲密","SC-S1-02","恋爱/磨合","SC-S3-08","本人健康变化","NF-N1-10","性/身体亲密","Gate / fit","N3-10","当「忠诚/边界价值」进入「恋爱/磨合」的「性/身体亲密」，遇到「本人健康变化」时，对重视「性/身体亲密」的人意味着什么？","constrained_mapping_v0.2","semantic_preflight"
"CC2-01077","PF-D07","忠诚/边界价值","SC-S2-10","性/身体亲密","SC-S1-02","恋爱/磨合","SC-S3-08","本人健康变化","NF-N1-11","家庭投入/家庭边界","Fit / conditional","N3-03/N3-04","当「忠诚/边界价值」进入「恋爱/磨合」的「性/身体亲密」，遇到「本人健康变化」时，对重视「家庭投入/家庭边界」的人意味着什么？","constrained_mapping_v0.2","semantic_preflight"
"CC2-01078","PF-D07","忠诚/边界价值","SC-S2-10","性/身体亲密","SC-S1-02","恋爱/磨合","SC-S3-10","反复小问题累积","NF-N1-05","安全/信任/可预测","Gate / conditional","N3-02/N3-06","当「忠诚/边界价值」进入「恋爱/磨合」的「性/身体亲密」，遇到「反复小问题累积」时，对重视「安全/信任/可预测」的人意味着什么？","constrained_mapping_v0.2","semantic_preflight"
"CC2-01079","PF-D07","忠诚/边界价值","SC-S2-10","性/身体亲密","SC-S1-02","恋爱/磨合","SC-S3-10","反复小问题累积","NF-N1-10","性/身体亲密","Gate / fit","N3-10","当「忠诚/边界价值」进入「恋爱/磨合」的「性/身体亲密」，遇到「反复小问题累积」时，对重视「性/身体亲密」的人意味着什么？","constrained_mapping_v0.2","semantic_preflight"
"CC2-01080","PF-D07","忠诚/边界价值","SC-S2-10","性/身体亲密","SC-S1-02","恋爱/磨合","SC-S3-10","反复小问题累积","NF-N1-11","家庭投入/家庭边界","Fit / conditional","N3-03/N3-04","当「忠诚/边界价值」进入「恋爱/磨合」的「性/身体亲密」，遇到「反复小问题累积」时，对重视「家庭投入/家庭边界」的人意味着什么？","constrained_mapping_v0.2","semantic_preflight"
"CC2-01081","PF-D07","忠诚/边界价值","SC-S2-10","性/身体亲密","SC-S1-05","结婚/建立家庭","SC-S3-08","本人健康变化","NF-N1-05","安全/信任/可预测","Gate / conditional","N3-02/N3-06","当「忠诚/边界价值」进入「结婚/建立家庭」的「性/身体亲密」，遇到「本人健康变化」时，对重视「安全/信任/可预测」的人意味着什么？","constrained_mapping_v0.2","semantic_preflight"
"CC2-01082","PF-D07","忠诚/边界价值","SC-S2-10","性/身体亲密","SC-S1-05","结婚/建立家庭","SC-S3-08","本人健康变化","NF-N1-10","性/身体亲密","Gate / fit","N3-10","当「忠诚/边界价值」进入「结婚/建立家庭」的「性/身体亲密」，遇到「本人健康变化」时，对重视「性/身体亲密」的人意味着什么？","constrained_mapping_v0.2","semantic_preflight"
"CC2-01083","PF-D07","忠诚/边界价值","SC-S2-10","性/身体亲密","SC-S1-05","结婚/建立家庭","SC-S3-08","本人健康变化","NF-N1-11","家庭投入/家庭边界","Fit / conditional","N3-03/N3-04","当「忠诚/边界价值」进入「结婚/建立家庭」的「性/身体亲密」，遇到「本人健康变化」时，对重视「家庭投入/家庭边界」的人意味着什么？","constrained_mapping_v0.2","semantic_preflight"
"CC2-01084","PF-D07","忠诚/边界价值","SC-S2-10","性/身体亲密","SC-S1-05","结婚/建立家庭","SC-S3-10","反复小问题累积","NF-N1-05","安全/信任/可预测","Gate / conditional","N3-02/N3-06","当「忠诚/边界价值」进入「结婚/建立家庭」的「性/身体亲密」，遇到「反复小问题累积」时，对重视「安全/信任/可预测」的人意味着什么？","constrained_mapping_v0.2","semantic_preflight"
"CC2-01085","PF-D07","忠诚/边界价值","SC-S2-10","性/身体亲密","SC-S1-05","结婚/建立家庭","SC-S3-10","反复小问题累积","NF-N1-10","性/身体亲密","Gate / fit","N3-10","当「忠诚/边界价值」进入「结婚/建立家庭」的「性/身体亲密」，遇到「反复小问题累积」时，对重视「性/身体亲密」的人意味着什么？","constrained_mapping_v0.2","semantic_preflight"
"CC2-01086","PF-D07","忠诚/边界价值","SC-S2-10","性/身体亲密","SC-S1-05","结婚/建立家庭","SC-S3-10","反复小问题累积","NF-N1-11","家庭投入/家庭边界","Fit / conditional","N3-03/N3-04","当「忠诚/边界价值」进入「结婚/建立家庭」的「性/身体亲密」，遇到「反复小问题累积」时，对重视「家庭投入/家庭边界」的人意味着什么？","constrained_mapping_v0.2","semantic_preflight"
"CC2-01087","PF-D07","忠诚/边界价值","SC-S2-10","性/身体亲密","SC-S1-06","备孕/怀孕/生育","SC-S3-08","本人健康变化","NF-N1-05","安全/信任/可预测","Gate / conditional","N3-02/N3-06","当「忠诚/边界价值」进入「备孕/怀孕/生育」的「性/身体亲密」，遇到「本人健康变化」时，对重视「安全/信任/可预测」的人意味着什么？","constrained_mapping_v0.2","semantic_preflight"
"CC2-01088","PF-D07","忠诚/边界价值","SC-S2-10","性/身体亲密","SC-S1-06","备孕/怀孕/生育","SC-S3-08","本人健康变化","NF-N1-10","性/身体亲密","Gate / fit","N3-10","当「忠诚/边界价值」进入「备孕/怀孕/生育」的「性/身体亲密」，遇到「本人健康变化」时，对重视「性/身体亲密」的人意味着什么？","constrained_mapping_v0.2","semantic_preflight"
"CC2-01089","PF-D07","忠诚/边界价值","SC-S2-10","性/身体亲密","SC-S1-06","备孕/怀孕/生育","SC-S3-08","本人健康变化","NF-N1-11","家庭投入/家庭边界","Fit / conditional","N3-03/N3-04","当「忠诚/边界价值」进入「备孕/怀孕/生育」的「性/身体亲密」，遇到「本人健康变化」时，对重视「家庭投入/家庭边界」的人意味着什么？","constrained_mapping_v0.2","semantic_preflight"
"CC2-01090","PF-D07","忠诚/边界价值","SC-S2-10","性/身体亲密","SC-S1-06","备孕/怀孕/生育","SC-S3-10","反复小问题累积","NF-N1-05","安全/信任/可预测","Gate / conditional","N3-02/N3-06","当「忠诚/边界价值」进入「备孕/怀孕/生育」的「性/身体亲密」，遇到「反复小问题累积」时，对重视「安全/信任/可预测」的人意味着什么？","constrained_mapping_v0.2","semantic_preflight"
"CC2-01091","PF-D07","忠诚/边界价值","SC-S2-10","性/身体亲密","SC-S1-06","备孕/怀孕/生育","SC-S3-10","反复小问题累积","NF-N1-10","性/身体亲密","Gate / fit","N3-10","当「忠诚/边界价值」进入「备孕/怀孕/生育」的「性/身体亲密」，遇到「反复小问题累积」时，对重视「性/身体亲密」的人意味着什么？","constrained_mapping_v0.2","semantic_preflight"
"CC2-01092","PF-D07","忠诚/边界价值","SC-S2-10","性/身体亲密","SC-S1-06","备孕/怀孕/生育","SC-S3-10","反复小问题累积","NF-N1-11","家庭投入/家庭边界","Fit / conditional","N3-03/N3-04","当「忠诚/边界价值」进入「备孕/怀孕/生育」的「性/身体亲密」，遇到「反复小问题累积」时，对重视「家庭投入/家庭边界」的人意味着什么？","constrained_mapping_v0.2","semantic_preflight"
"CC2-01093","PF-D07","忠诚/边界价值","SC-S2-10","性/身体亲密","SC-S1-07","婴幼儿照护","SC-S3-08","本人健康变化","NF-N1-05","安全/信任/可预测","Gate / conditional","N3-02/N3-06","当「忠诚/边界价值」进入「婴幼儿照护」的「性/身体亲密」，遇到「本人健康变化」时，对重视「安全/信任/可预测」的人意味着什么？","constrained_mapping_v0.2","semantic_preflight"
"CC2-01094","PF-D07","忠诚/边界价值","SC-S2-10","性/身体亲密","SC-S1-07","婴幼儿照护","SC-S3-08","本人健康变化","NF-N1-10","性/身体亲密","Gate / fit","N3-10","当「忠诚/边界价值」进入「婴幼儿照护」的「性/身体亲密」，遇到「本人健康变化」时，对重视「性/身体亲密」的人意味着什么？","constrained_mapping_v0.2","semantic_preflight"
"CC2-01095","PF-D07","忠诚/边界价值","SC-S2-10","性/身体亲密","SC-S1-07","婴幼儿照护","SC-S3-08","本人健康变化","NF-N1-11","家庭投入/家庭边界","Fit / conditional","N3-03/N3-04","当「忠诚/边界价值」进入「婴幼儿照护」的「性/身体亲密」，遇到「本人健康变化」时，对重视「家庭投入/家庭边界」的人意味着什么？","constrained_mapping_v0.2","semantic_preflight"
"CC2-01096","PF-D07","忠诚/边界价值","SC-S2-10","性/身体亲密","SC-S1-07","婴幼儿照护","SC-S3-10","反复小问题累积","NF-N1-05","安全/信任/可预测","Gate / conditional","N3-02/N3-06","当「忠诚/边界价值」进入「婴幼儿照护」的「性/身体亲密」，遇到「反复小问题累积」时，对重视「安全/信任/可预测」的人意味着什么？","constrained_mapping_v0.2","semantic_preflight"
"CC2-01097","PF-D07","忠诚/边界价值","SC-S2-10","性/身体亲密","SC-S1-07","婴幼儿照护","SC-S3-10","反复小问题累积","NF-N1-10","性/身体亲密","Gate / fit","N3-10","当「忠诚/边界价值」进入「婴幼儿照护」的「性/身体亲密」，遇到「反复小问题累积」时，对重视「性/身体亲密」的人意味着什么？","constrained_mapping_v0.2","semantic_preflight"
"CC2-01098","PF-D07","忠诚/边界价值","SC-S2-10","性/身体亲密","SC-S1-07","婴幼儿照护","SC-S3-10","反复小问题累积","NF-N1-11","家庭投入/家庭边界","Fit / conditional","N3-03/N3-04","当「忠诚/边界价值」进入「婴幼儿照护」的「性/身体亲密」，遇到「反复小问题累积」时，对重视「家庭投入/家庭边界」的人意味着什么？","constrained_mapping_v0.2","semantic_preflight"
"CC2-01099","PF-D07","忠诚/边界价值","SC-S2-07","双方父母/原生家庭","SC-S1-05","结婚/建立家庭","SC-S3-07","父母责任变化","NF-N1-05","安全/信任/可预测","Gate / conditional","N3-02/N3-06","当「忠诚/边界价值」进入「结婚/建立家庭」的「双方父母/原生家庭」，遇到「父母责任变化」时，对重视「安全/信任/可预测」的人意味着什么？","constrained_mapping_v0.2","semantic_preflight"
"CC2-01100","PF-D07","忠诚/边界价值","SC-S2-07","双方父母/原生家庭","SC-S1-05","结婚/建立家庭","SC-S3-07","父母责任变化","NF-N1-10","性/身体亲密","Gate / fit","N3-10","当「忠诚/边界价值」进入「结婚/建立家庭」的「双方父母/原生家庭」，遇到「父母责任变化」时，对重视「性/身体亲密」的人意味着什么？","constrained_mapping_v0.2","semantic_preflight"
"CC2-01101","PF-D07","忠诚/边界价值","SC-S2-07","双方父母/原生家庭","SC-S1-05","结婚/建立家庭","SC-S3-07","父母责任变化","NF-N1-11","家庭投入/家庭边界","Fit / conditional","N3-03/N3-04","当「忠诚/边界价值」进入「结婚/建立家庭」的「双方父母/原生家庭」，遇到「父母责任变化」时，对重视「家庭投入/家庭边界」的人意味着什么？","constrained_mapping_v0.2","semantic_preflight"
"CC2-01102","PF-D07","忠诚/边界价值","SC-S2-07","双方父母/原生家庭","SC-S1-05","结婚/建立家庭","SC-S3-05","居住/迁移变化","NF-N1-05","安全/信任/可预测","Gate / conditional","N3-02/N3-06","当「忠诚/边界价值」进入「结婚/建立家庭」的「双方父母/原生家庭」，遇到「居住/迁移变化」时，对重视「安全/信任/可预测」的人意味着什么？","constrained_mapping_v0.2","semantic_preflight"
"CC2-01103","PF-D07","忠诚/边界价值","SC-S2-07","双方父母/原生家庭","SC-S1-05","结婚/建立家庭","SC-S3-05","居住/迁移变化","NF-N1-10","性/身体亲密","Gate / fit","N3-10","当「忠诚/边界价值」进入「结婚/建立家庭」的「双方父母/原生家庭」，遇到「居住/迁移变化」时，对重视「性/身体亲密」的人意味着什么？","constrained_mapping_v0.2","semantic_preflight"
"CC2-01104","PF-D07","忠诚/边界价值","SC-S2-07","双方父母/原生家庭","SC-S1-05","结婚/建立家庭","SC-S3-05","居住/迁移变化","NF-N1-11","家庭投入/家庭边界","Fit / conditional","N3-03/N3-04","当「忠诚/边界价值」进入「结婚/建立家庭」的「双方父母/原生家庭」，遇到「居住/迁移变化」时，对重视「家庭投入/家庭边界」的人意味着什么？","constrained_mapping_v0.2","semantic_preflight"
"CC2-01105","PF-D07","忠诚/边界价值","SC-S2-07","双方父母/原生家庭","SC-S1-06","备孕/怀孕/生育","SC-S3-07","父母责任变化","NF-N1-05","安全/信任/可预测","Gate / conditional","N3-02/N3-06","当「忠诚/边界价值」进入「备孕/怀孕/生育」的「双方父母/原生家庭」，遇到「父母责任变化」时，对重视「安全/信任/可预测」的人意味着什么？","constrained_mapping_v0.2","semantic_preflight"
"CC2-01106","PF-D07","忠诚/边界价值","SC-S2-07","双方父母/原生家庭","SC-S1-06","备孕/怀孕/生育","SC-S3-07","父母责任变化","NF-N1-10","性/身体亲密","Gate / fit","N3-10","当「忠诚/边界价值」进入「备孕/怀孕/生育」的「双方父母/原生家庭」，遇到「父母责任变化」时，对重视「性/身体亲密」的人意味着什么？","constrained_mapping_v0.2","semantic_preflight"
"CC2-01107","PF-D07","忠诚/边界价值","SC-S2-07","双方父母/原生家庭","SC-S1-06","备孕/怀孕/生育","SC-S3-07","父母责任变化","NF-N1-11","家庭投入/家庭边界","Fit / conditional","N3-03/N3-04","当「忠诚/边界价值」进入「备孕/怀孕/生育」的「双方父母/原生家庭」，遇到「父母责任变化」时，对重视「家庭投入/家庭边界」的人意味着什么？","constrained_mapping_v0.2","semantic_preflight"
"CC2-01108","PF-D07","忠诚/边界价值","SC-S2-07","双方父母/原生家庭","SC-S1-06","备孕/怀孕/生育","SC-S3-05","居住/迁移变化","NF-N1-05","安全/信任/可预测","Gate / conditional","N3-02/N3-06","当「忠诚/边界价值」进入「备孕/怀孕/生育」的「双方父母/原生家庭」，遇到「居住/迁移变化」时，对重视「安全/信任/可预测」的人意味着什么？","constrained_mapping_v0.2","semantic_preflight"
"CC2-01109","PF-D07","忠诚/边界价值","SC-S2-07","双方父母/原生家庭","SC-S1-06","备孕/怀孕/生育","SC-S3-05","居住/迁移变化","NF-N1-10","性/身体亲密","Gate / fit","N3-10","当「忠诚/边界价值」进入「备孕/怀孕/生育」的「双方父母/原生家庭」，遇到「居住/迁移变化」时，对重视「性/身体亲密」的人意味着什么？","constrained_mapping_v0.2","semantic_preflight"
"CC2-01110","PF-D07","忠诚/边界价值","SC-S2-07","双方父母/原生家庭","SC-S1-06","备孕/怀孕/生育","SC-S3-05","居住/迁移变化","NF-N1-11","家庭投入/家庭边界","Fit / conditional","N3-03/N3-04","当「忠诚/边界价值」进入「备孕/怀孕/生育」的「双方父母/原生家庭」，遇到「居住/迁移变化」时，对重视「家庭投入/家庭边界」的人意味着什么？","constrained_mapping_v0.2","semantic_preflight"
"CC2-01111","PF-D07","忠诚/边界价值","SC-S2-07","双方父母/原生家庭","SC-S1-07","婴幼儿照护","SC-S3-07","父母责任变化","NF-N1-05","安全/信任/可预测","Gate / conditional","N3-02/N3-06","当「忠诚/边界价值」进入「婴幼儿照护」的「双方父母/原生家庭」，遇到「父母责任变化」时，对重视「安全/信任/可预测」的人意味着什么？","constrained_mapping_v0.2","semantic_preflight"
"CC2-01112","PF-D07","忠诚/边界价值","SC-S2-07","双方父母/原生家庭","SC-S1-07","婴幼儿照护","SC-S3-07","父母责任变化","NF-N1-10","性/身体亲密","Gate / fit","N3-10","当「忠诚/边界价值」进入「婴幼儿照护」的「双方父母/原生家庭」，遇到「父母责任变化」时，对重视「性/身体亲密」的人意味着什么？","constrained_mapping_v0.2","semantic_preflight"
"CC2-01113","PF-D07","忠诚/边界价值","SC-S2-07","双方父母/原生家庭","SC-S1-07","婴幼儿照护","SC-S3-07","父母责任变化","NF-N1-11","家庭投入/家庭边界","Fit / conditional","N3-03/N3-04","当「忠诚/边界价值」进入「婴幼儿照护」的「双方父母/原生家庭」，遇到「父母责任变化」时，对重视「家庭投入/家庭边界」的人意味着什么？","constrained_mapping_v0.2","semantic_preflight"
"CC2-01114","PF-D07","忠诚/边界价值","SC-S2-07","双方父母/原生家庭","SC-S1-07","婴幼儿照护","SC-S3-05","居住/迁移变化","NF-N1-05","安全/信任/可预测","Gate / conditional","N3-02/N3-06","当「忠诚/边界价值」进入「婴幼儿照护」的「双方父母/原生家庭」，遇到「居住/迁移变化」时，对重视「安全/信任/可预测」的人意味着什么？","constrained_mapping_v0.2","semantic_preflight"
"CC2-01115","PF-D07","忠诚/边界价值","SC-S2-07","双方父母/原生家庭","SC-S1-07","婴幼儿照护","SC-S3-05","居住/迁移变化","NF-N1-10","性/身体亲密","Gate / fit","N3-10","当「忠诚/边界价值」进入「婴幼儿照护」的「双方父母/原生家庭」，遇到「居住/迁移变化」时，对重视「性/身体亲密」的人意味着什么？","constrained_mapping_v0.2","semantic_preflight"
"CC2-01116","PF-D07","忠诚/边界价值","SC-S2-07","双方父母/原生家庭","SC-S1-07","婴幼儿照护","SC-S3-05","居住/迁移变化","NF-N1-11","家庭投入/家庭边界","Fit / conditional","N3-03/N3-04","当「忠诚/边界价值」进入「婴幼儿照护」的「双方父母/原生家庭」，遇到「居住/迁移变化」时，对重视「家庭投入/家庭边界」的人意味着什么？","constrained_mapping_v0.2","semantic_preflight"
"CC2-01117","PF-D07","忠诚/边界价值","SC-S2-07","双方父母/原生家庭","SC-S1-09","中年多重责任","SC-S3-07","父母责任变化","NF-N1-05","安全/信任/可预测","Gate / conditional","N3-02/N3-06","当「忠诚/边界价值」进入「中年多重责任」的「双方父母/原生家庭」，遇到「父母责任变化」时，对重视「安全/信任/可预测」的人意味着什么？","constrained_mapping_v0.2","semantic_preflight"
"CC2-01118","PF-D07","忠诚/边界价值","SC-S2-07","双方父母/原生家庭","SC-S1-09","中年多重责任","SC-S3-07","父母责任变化","NF-N1-10","性/身体亲密","Gate / fit","N3-10","当「忠诚/边界价值」进入「中年多重责任」的「双方父母/原生家庭」，遇到「父母责任变化」时，对重视「性/身体亲密」的人意味着什么？","constrained_mapping_v0.2","semantic_preflight"
"CC2-01119","PF-D07","忠诚/边界价值","SC-S2-07","双方父母/原生家庭","SC-S1-09","中年多重责任","SC-S3-07","父母责任变化","NF-N1-11","家庭投入/家庭边界","Fit / conditional","N3-03/N3-04","当「忠诚/边界价值」进入「中年多重责任」的「双方父母/原生家庭」，遇到「父母责任变化」时，对重视「家庭投入/家庭边界」的人意味着什么？","constrained_mapping_v0.2","semantic_preflight"
"CC2-01120","PF-D07","忠诚/边界价值","SC-S2-07","双方父母/原生家庭","SC-S1-09","中年多重责任","SC-S3-05","居住/迁移变化","NF-N1-05","安全/信任/可预测","Gate / conditional","N3-02/N3-06","当「忠诚/边界价值」进入「中年多重责任」的「双方父母/原生家庭」，遇到「居住/迁移变化」时，对重视「安全/信任/可预测」的人意味着什么？","constrained_mapping_v0.2","semantic_preflight"
"CC2-01121","PF-D07","忠诚/边界价值","SC-S2-07","双方父母/原生家庭","SC-S1-09","中年多重责任","SC-S3-05","居住/迁移变化","NF-N1-10","性/身体亲密","Gate / fit","N3-10","当「忠诚/边界价值」进入「中年多重责任」的「双方父母/原生家庭」，遇到「居住/迁移变化」时，对重视「性/身体亲密」的人意味着什么？","constrained_mapping_v0.2","semantic_preflight"
"CC2-01122","PF-D07","忠诚/边界价值","SC-S2-07","双方父母/原生家庭","SC-S1-09","中年多重责任","SC-S3-05","居住/迁移变化","NF-N1-11","家庭投入/家庭边界","Fit / conditional","N3-03/N3-04","当「忠诚/边界价值」进入「中年多重责任」的「双方父母/原生家庭」，遇到「居住/迁移变化」时，对重视「家庭投入/家庭边界」的人意味着什么？","constrained_mapping_v0.2","semantic_preflight"
"CC2-01123","PF-D08","父母/孝亲义务","SC-S2-07","双方父母/原生家庭","SC-S1-05","结婚/建立家庭","SC-S3-07","父母责任变化","NF-N1-11","家庭投入/家庭边界","Fit / conditional","N3-03/N3-04","当「父母/孝亲义务」进入「结婚/建立家庭」的「双方父母/原生家庭」，遇到「父母责任变化」时，对重视「家庭投入/家庭边界」的人意味着什么？","constrained_mapping_v0.2","semantic_preflight"
"CC2-01124","PF-D08","父母/孝亲义务","SC-S2-07","双方父母/原生家庭","SC-S1-05","结婚/建立家庭","SC-S3-07","父母责任变化","NF-N1-07","公平/可靠/合作","Conditional / gate","N3-02/N3-03","当「父母/孝亲义务」进入「结婚/建立家庭」的「双方父母/原生家庭」，遇到「父母责任变化」时，对重视「公平/可靠/合作」的人意味着什么？","constrained_mapping_v0.2","semantic_preflight"
"CC2-01125","PF-D08","父母/孝亲义务","SC-S2-07","双方父母/原生家庭","SC-S1-05","结婚/建立家庭","SC-S3-07","父母责任变化","NF-N1-04","自主/空间/自由","Ideal range / fit","N3-04","当「父母/孝亲义务」进入「结婚/建立家庭」的「双方父母/原生家庭」，遇到「父母责任变化」时，对重视「自主/空间/自由」的人意味着什么？","constrained_mapping_v0.2","semantic_preflight"
"CC2-01126","PF-D08","父母/孝亲义务","SC-S2-07","双方父母/原生家庭","SC-S1-05","结婚/建立家庭","SC-S3-05","居住/迁移变化","NF-N1-11","家庭投入/家庭边界","Fit / conditional","N3-03/N3-04","当「父母/孝亲义务」进入「结婚/建立家庭」的「双方父母/原生家庭」，遇到「居住/迁移变化」时，对重视「家庭投入/家庭边界」的人意味着什么？","constrained_mapping_v0.2","semantic_preflight"
"CC2-01127","PF-D08","父母/孝亲义务","SC-S2-07","双方父母/原生家庭","SC-S1-05","结婚/建立家庭","SC-S3-05","居住/迁移变化","NF-N1-07","公平/可靠/合作","Conditional / gate","N3-02/N3-03","当「父母/孝亲义务」进入「结婚/建立家庭」的「双方父母/原生家庭」，遇到「居住/迁移变化」时，对重视「公平/可靠/合作」的人意味着什么？","constrained_mapping_v0.2","semantic_preflight"
"CC2-01128","PF-D08","父母/孝亲义务","SC-S2-07","双方父母/原生家庭","SC-S1-05","结婚/建立家庭","SC-S3-05","居住/迁移变化","NF-N1-04","自主/空间/自由","Ideal range / fit","N3-04","当「父母/孝亲义务」进入「结婚/建立家庭」的「双方父母/原生家庭」，遇到「居住/迁移变化」时，对重视「自主/空间/自由」的人意味着什么？","constrained_mapping_v0.2","semantic_preflight"
"CC2-01129","PF-D08","父母/孝亲义务","SC-S2-07","双方父母/原生家庭","SC-S1-06","备孕/怀孕/生育","SC-S3-07","父母责任变化","NF-N1-11","家庭投入/家庭边界","Fit / conditional","N3-03/N3-04","当「父母/孝亲义务」进入「备孕/怀孕/生育」的「双方父母/原生家庭」，遇到「父母责任变化」时，对重视「家庭投入/家庭边界」的人意味着什么？","constrained_mapping_v0.2","semantic_preflight"
"CC2-01130","PF-D08","父母/孝亲义务","SC-S2-07","双方父母/原生家庭","SC-S1-06","备孕/怀孕/生育","SC-S3-07","父母责任变化","NF-N1-07","公平/可靠/合作","Conditional / gate","N3-02/N3-03","当「父母/孝亲义务」进入「备孕/怀孕/生育」的「双方父母/原生家庭」，遇到「父母责任变化」时，对重视「公平/可靠/合作」的人意味着什么？","constrained_mapping_v0.2","semantic_preflight"
"CC2-01131","PF-D08","父母/孝亲义务","SC-S2-07","双方父母/原生家庭","SC-S1-06","备孕/怀孕/生育","SC-S3-07","父母责任变化","NF-N1-04","自主/空间/自由","Ideal range / fit","N3-04","当「父母/孝亲义务」进入「备孕/怀孕/生育」的「双方父母/原生家庭」，遇到「父母责任变化」时，对重视「自主/空间/自由」的人意味着什么？","constrained_mapping_v0.2","semantic_preflight"
"CC2-01132","PF-D08","父母/孝亲义务","SC-S2-07","双方父母/原生家庭","SC-S1-06","备孕/怀孕/生育","SC-S3-05","居住/迁移变化","NF-N1-11","家庭投入/家庭边界","Fit / conditional","N3-03/N3-04","当「父母/孝亲义务」进入「备孕/怀孕/生育」的「双方父母/原生家庭」，遇到「居住/迁移变化」时，对重视「家庭投入/家庭边界」的人意味着什么？","constrained_mapping_v0.2","semantic_preflight"
"CC2-01133","PF-D08","父母/孝亲义务","SC-S2-07","双方父母/原生家庭","SC-S1-06","备孕/怀孕/生育","SC-S3-05","居住/迁移变化","NF-N1-07","公平/可靠/合作","Conditional / gate","N3-02/N3-03","当「父母/孝亲义务」进入「备孕/怀孕/生育」的「双方父母/原生家庭」，遇到「居住/迁移变化」时，对重视「公平/可靠/合作」的人意味着什么？","constrained_mapping_v0.2","semantic_preflight"
"CC2-01134","PF-D08","父母/孝亲义务","SC-S2-07","双方父母/原生家庭","SC-S1-06","备孕/怀孕/生育","SC-S3-05","居住/迁移变化","NF-N1-04","自主/空间/自由","Ideal range / fit","N3-04","当「父母/孝亲义务」进入「备孕/怀孕/生育」的「双方父母/原生家庭」，遇到「居住/迁移变化」时，对重视「自主/空间/自由」的人意味着什么？","constrained_mapping_v0.2","semantic_preflight"
"CC2-01135","PF-D08","父母/孝亲义务","SC-S2-07","双方父母/原生家庭","SC-S1-07","婴幼儿照护","SC-S3-07","父母责任变化","NF-N1-11","家庭投入/家庭边界","Fit / conditional","N3-03/N3-04","当「父母/孝亲义务」进入「婴幼儿照护」的「双方父母/原生家庭」，遇到「父母责任变化」时，对重视「家庭投入/家庭边界」的人意味着什么？","constrained_mapping_v0.2","semantic_preflight"
"CC2-01136","PF-D08","父母/孝亲义务","SC-S2-07","双方父母/原生家庭","SC-S1-07","婴幼儿照护","SC-S3-07","父母责任变化","NF-N1-07","公平/可靠/合作","Conditional / gate","N3-02/N3-03","当「父母/孝亲义务」进入「婴幼儿照护」的「双方父母/原生家庭」，遇到「父母责任变化」时，对重视「公平/可靠/合作」的人意味着什么？","constrained_mapping_v0.2","semantic_preflight"
"CC2-01137","PF-D08","父母/孝亲义务","SC-S2-07","双方父母/原生家庭","SC-S1-07","婴幼儿照护","SC-S3-07","父母责任变化","NF-N1-04","自主/空间/自由","Ideal range / fit","N3-04","当「父母/孝亲义务」进入「婴幼儿照护」的「双方父母/原生家庭」，遇到「父母责任变化」时，对重视「自主/空间/自由」的人意味着什么？","constrained_mapping_v0.2","semantic_preflight"
"CC2-01138","PF-D08","父母/孝亲义务","SC-S2-07","双方父母/原生家庭","SC-S1-07","婴幼儿照护","SC-S3-05","居住/迁移变化","NF-N1-11","家庭投入/家庭边界","Fit / conditional","N3-03/N3-04","当「父母/孝亲义务」进入「婴幼儿照护」的「双方父母/原生家庭」，遇到「居住/迁移变化」时，对重视「家庭投入/家庭边界」的人意味着什么？","constrained_mapping_v0.2","semantic_preflight"
"CC2-01139","PF-D08","父母/孝亲义务","SC-S2-07","双方父母/原生家庭","SC-S1-07","婴幼儿照护","SC-S3-05","居住/迁移变化","NF-N1-07","公平/可靠/合作","Conditional / gate","N3-02/N3-03","当「父母/孝亲义务」进入「婴幼儿照护」的「双方父母/原生家庭」，遇到「居住/迁移变化」时，对重视「公平/可靠/合作」的人意味着什么？","constrained_mapping_v0.2","semantic_preflight"
"CC2-01140","PF-D08","父母/孝亲义务","SC-S2-07","双方父母/原生家庭","SC-S1-07","婴幼儿照护","SC-S3-05","居住/迁移变化","NF-N1-04","自主/空间/自由","Ideal range / fit","N3-04","当「父母/孝亲义务」进入「婴幼儿照护」的「双方父母/原生家庭」，遇到「居住/迁移变化」时，对重视「自主/空间/自由」的人意味着什么？","constrained_mapping_v0.2","semantic_preflight"
"CC2-01141","PF-D08","父母/孝亲义务","SC-S2-07","双方父母/原生家庭","SC-S1-09","中年多重责任","SC-S3-07","父母责任变化","NF-N1-11","家庭投入/家庭边界","Fit / conditional","N3-03/N3-04","当「父母/孝亲义务」进入「中年多重责任」的「双方父母/原生家庭」，遇到「父母责任变化」时，对重视「家庭投入/家庭边界」的人意味着什么？","constrained_mapping_v0.2","semantic_preflight"
"CC2-01142","PF-D08","父母/孝亲义务","SC-S2-07","双方父母/原生家庭","SC-S1-09","中年多重责任","SC-S3-07","父母责任变化","NF-N1-07","公平/可靠/合作","Conditional / gate","N3-02/N3-03","当「父母/孝亲义务」进入「中年多重责任」的「双方父母/原生家庭」，遇到「父母责任变化」时，对重视「公平/可靠/合作」的人意味着什么？","constrained_mapping_v0.2","semantic_preflight"
"CC2-01143","PF-D08","父母/孝亲义务","SC-S2-07","双方父母/原生家庭","SC-S1-09","中年多重责任","SC-S3-07","父母责任变化","NF-N1-04","自主/空间/自由","Ideal range / fit","N3-04","当「父母/孝亲义务」进入「中年多重责任」的「双方父母/原生家庭」，遇到「父母责任变化」时，对重视「自主/空间/自由」的人意味着什么？","constrained_mapping_v0.2","semantic_preflight"
"CC2-01144","PF-D08","父母/孝亲义务","SC-S2-07","双方父母/原生家庭","SC-S1-09","中年多重责任","SC-S3-05","居住/迁移变化","NF-N1-11","家庭投入/家庭边界","Fit / conditional","N3-03/N3-04","当「父母/孝亲义务」进入「中年多重责任」的「双方父母/原生家庭」，遇到「居住/迁移变化」时，对重视「家庭投入/家庭边界」的人意味着什么？","constrained_mapping_v0.2","semantic_preflight"
"CC2-01145","PF-D08","父母/孝亲义务","SC-S2-07","双方父母/原生家庭","SC-S1-09","中年多重责任","SC-S3-05","居住/迁移变化","NF-N1-07","公平/可靠/合作","Conditional / gate","N3-02/N3-03","当「父母/孝亲义务」进入「中年多重责任」的「双方父母/原生家庭」，遇到「居住/迁移变化」时，对重视「公平/可靠/合作」的人意味着什么？","constrained_mapping_v0.2","semantic_preflight"
"CC2-01146","PF-D08","父母/孝亲义务","SC-S2-07","双方父母/原生家庭","SC-S1-09","中年多重责任","SC-S3-05","居住/迁移变化","NF-N1-04","自主/空间/自由","Ideal range / fit","N3-04","当「父母/孝亲义务」进入「中年多重责任」的「双方父母/原生家庭」，遇到「居住/迁移变化」时，对重视「自主/空间/自由」的人意味着什么？","constrained_mapping_v0.2","semantic_preflight"
"CC2-01147","PF-D08","父母/孝亲义务","SC-S2-03","钱/财务","SC-S1-03","稳定交往","SC-S3-03","失业/收入下降","NF-N1-11","家庭投入/家庭边界","Fit / conditional","N3-03/N3-04","当「父母/孝亲义务」进入「稳定交往」的「钱/财务」，遇到「失业/收入下降」时，对重视「家庭投入/家庭边界」的人意味着什么？","constrained_mapping_v0.2","semantic_preflight"
"CC2-01148","PF-D08","父母/孝亲义务","SC-S2-03","钱/财务","SC-S1-03","稳定交往","SC-S3-03","失业/收入下降","NF-N1-07","公平/可靠/合作","Conditional / gate","N3-02/N3-03","当「父母/孝亲义务」进入「稳定交往」的「钱/财务」，遇到「失业/收入下降」时，对重视「公平/可靠/合作」的人意味着什么？","constrained_mapping_v0.2","semantic_preflight"
"CC2-01149","PF-D08","父母/孝亲义务","SC-S2-03","钱/财务","SC-S1-03","稳定交往","SC-S3-03","失业/收入下降","NF-N1-04","自主/空间/自由","Ideal range / fit","N3-04","当「父母/孝亲义务」进入「稳定交往」的「钱/财务」，遇到「失业/收入下降」时，对重视「自主/空间/自由」的人意味着什么？","constrained_mapping_v0.2","semantic_preflight"
"CC2-01150","PF-D08","父母/孝亲义务","SC-S2-03","钱/财务","SC-S1-03","稳定交往","SC-S3-04","大额财务事件","NF-N1-11","家庭投入/家庭边界","Fit / conditional","N3-03/N3-04","当「父母/孝亲义务」进入「稳定交往」的「钱/财务」，遇到「大额财务事件」时，对重视「家庭投入/家庭边界」的人意味着什么？","constrained_mapping_v0.2","semantic_preflight"
"CC2-01151","PF-D08","父母/孝亲义务","SC-S2-03","钱/财务","SC-S1-03","稳定交往","SC-S3-04","大额财务事件","NF-N1-07","公平/可靠/合作","Conditional / gate","N3-02/N3-03","当「父母/孝亲义务」进入「稳定交往」的「钱/财务」，遇到「大额财务事件」时，对重视「公平/可靠/合作」的人意味着什么？","constrained_mapping_v0.2","semantic_preflight"
"CC2-01152","PF-D08","父母/孝亲义务","SC-S2-03","钱/财务","SC-S1-03","稳定交往","SC-S3-04","大额财务事件","NF-N1-04","自主/空间/自由","Ideal range / fit","N3-04","当「父母/孝亲义务」进入「稳定交往」的「钱/财务」，遇到「大额财务事件」时，对重视「自主/空间/自由」的人意味着什么？","constrained_mapping_v0.2","semantic_preflight"
"CC2-01153","PF-D08","父母/孝亲义务","SC-S2-03","钱/财务","SC-S1-05","结婚/建立家庭","SC-S3-03","失业/收入下降","NF-N1-11","家庭投入/家庭边界","Fit / conditional","N3-03/N3-04","当「父母/孝亲义务」进入「结婚/建立家庭」的「钱/财务」，遇到「失业/收入下降」时，对重视「家庭投入/家庭边界」的人意味着什么？","constrained_mapping_v0.2","semantic_preflight"
"CC2-01154","PF-D08","父母/孝亲义务","SC-S2-03","钱/财务","SC-S1-05","结婚/建立家庭","SC-S3-03","失业/收入下降","NF-N1-07","公平/可靠/合作","Conditional / gate","N3-02/N3-03","当「父母/孝亲义务」进入「结婚/建立家庭」的「钱/财务」，遇到「失业/收入下降」时，对重视「公平/可靠/合作」的人意味着什么？","constrained_mapping_v0.2","semantic_preflight"
"CC2-01155","PF-D08","父母/孝亲义务","SC-S2-03","钱/财务","SC-S1-05","结婚/建立家庭","SC-S3-03","失业/收入下降","NF-N1-04","自主/空间/自由","Ideal range / fit","N3-04","当「父母/孝亲义务」进入「结婚/建立家庭」的「钱/财务」，遇到「失业/收入下降」时，对重视「自主/空间/自由」的人意味着什么？","constrained_mapping_v0.2","semantic_preflight"
"CC2-01156","PF-D08","父母/孝亲义务","SC-S2-03","钱/财务","SC-S1-05","结婚/建立家庭","SC-S3-04","大额财务事件","NF-N1-11","家庭投入/家庭边界","Fit / conditional","N3-03/N3-04","当「父母/孝亲义务」进入「结婚/建立家庭」的「钱/财务」，遇到「大额财务事件」时，对重视「家庭投入/家庭边界」的人意味着什么？","constrained_mapping_v0.2","semantic_preflight"
"CC2-01157","PF-D08","父母/孝亲义务","SC-S2-03","钱/财务","SC-S1-05","结婚/建立家庭","SC-S3-04","大额财务事件","NF-N1-07","公平/可靠/合作","Conditional / gate","N3-02/N3-03","当「父母/孝亲义务」进入「结婚/建立家庭」的「钱/财务」，遇到「大额财务事件」时，对重视「公平/可靠/合作」的人意味着什么？","constrained_mapping_v0.2","semantic_preflight"
"CC2-01158","PF-D08","父母/孝亲义务","SC-S2-03","钱/财务","SC-S1-05","结婚/建立家庭","SC-S3-04","大额财务事件","NF-N1-04","自主/空间/自由","Ideal range / fit","N3-04","当「父母/孝亲义务」进入「结婚/建立家庭」的「钱/财务」，遇到「大额财务事件」时，对重视「自主/空间/自由」的人意味着什么？","constrained_mapping_v0.2","semantic_preflight"
"CC2-01159","PF-D08","父母/孝亲义务","SC-S2-03","钱/财务","SC-S1-06","备孕/怀孕/生育","SC-S3-03","失业/收入下降","NF-N1-11","家庭投入/家庭边界","Fit / conditional","N3-03/N3-04","当「父母/孝亲义务」进入「备孕/怀孕/生育」的「钱/财务」，遇到「失业/收入下降」时，对重视「家庭投入/家庭边界」的人意味着什么？","constrained_mapping_v0.2","semantic_preflight"
"CC2-01160","PF-D08","父母/孝亲义务","SC-S2-03","钱/财务","SC-S1-06","备孕/怀孕/生育","SC-S3-03","失业/收入下降","NF-N1-07","公平/可靠/合作","Conditional / gate","N3-02/N3-03","当「父母/孝亲义务」进入「备孕/怀孕/生育」的「钱/财务」，遇到「失业/收入下降」时，对重视「公平/可靠/合作」的人意味着什么？","constrained_mapping_v0.2","semantic_preflight"
"CC2-01161","PF-D08","父母/孝亲义务","SC-S2-03","钱/财务","SC-S1-06","备孕/怀孕/生育","SC-S3-03","失业/收入下降","NF-N1-04","自主/空间/自由","Ideal range / fit","N3-04","当「父母/孝亲义务」进入「备孕/怀孕/生育」的「钱/财务」，遇到「失业/收入下降」时，对重视「自主/空间/自由」的人意味着什么？","constrained_mapping_v0.2","semantic_preflight"
"CC2-01162","PF-D08","父母/孝亲义务","SC-S2-03","钱/财务","SC-S1-06","备孕/怀孕/生育","SC-S3-04","大额财务事件","NF-N1-11","家庭投入/家庭边界","Fit / conditional","N3-03/N3-04","当「父母/孝亲义务」进入「备孕/怀孕/生育」的「钱/财务」，遇到「大额财务事件」时，对重视「家庭投入/家庭边界」的人意味着什么？","constrained_mapping_v0.2","semantic_preflight"
"CC2-01163","PF-D08","父母/孝亲义务","SC-S2-03","钱/财务","SC-S1-06","备孕/怀孕/生育","SC-S3-04","大额财务事件","NF-N1-07","公平/可靠/合作","Conditional / gate","N3-02/N3-03","当「父母/孝亲义务」进入「备孕/怀孕/生育」的「钱/财务」，遇到「大额财务事件」时，对重视「公平/可靠/合作」的人意味着什么？","constrained_mapping_v0.2","semantic_preflight"
"CC2-01164","PF-D08","父母/孝亲义务","SC-S2-03","钱/财务","SC-S1-06","备孕/怀孕/生育","SC-S3-04","大额财务事件","NF-N1-04","自主/空间/自由","Ideal range / fit","N3-04","当「父母/孝亲义务」进入「备孕/怀孕/生育」的「钱/财务」，遇到「大额财务事件」时，对重视「自主/空间/自由」的人意味着什么？","constrained_mapping_v0.2","semantic_preflight"
"CC2-01165","PF-D08","父母/孝亲义务","SC-S2-03","钱/财务","SC-S1-07","婴幼儿照护","SC-S3-03","失业/收入下降","NF-N1-11","家庭投入/家庭边界","Fit / conditional","N3-03/N3-04","当「父母/孝亲义务」进入「婴幼儿照护」的「钱/财务」，遇到「失业/收入下降」时，对重视「家庭投入/家庭边界」的人意味着什么？","constrained_mapping_v0.2","semantic_preflight"
"CC2-01166","PF-D08","父母/孝亲义务","SC-S2-03","钱/财务","SC-S1-07","婴幼儿照护","SC-S3-03","失业/收入下降","NF-N1-07","公平/可靠/合作","Conditional / gate","N3-02/N3-03","当「父母/孝亲义务」进入「婴幼儿照护」的「钱/财务」，遇到「失业/收入下降」时，对重视「公平/可靠/合作」的人意味着什么？","constrained_mapping_v0.2","semantic_preflight"
"CC2-01167","PF-D08","父母/孝亲义务","SC-S2-03","钱/财务","SC-S1-07","婴幼儿照护","SC-S3-03","失业/收入下降","NF-N1-04","自主/空间/自由","Ideal range / fit","N3-04","当「父母/孝亲义务」进入「婴幼儿照护」的「钱/财务」，遇到「失业/收入下降」时，对重视「自主/空间/自由」的人意味着什么？","constrained_mapping_v0.2","semantic_preflight"
"CC2-01168","PF-D08","父母/孝亲义务","SC-S2-03","钱/财务","SC-S1-07","婴幼儿照护","SC-S3-04","大额财务事件","NF-N1-11","家庭投入/家庭边界","Fit / conditional","N3-03/N3-04","当「父母/孝亲义务」进入「婴幼儿照护」的「钱/财务」，遇到「大额财务事件」时，对重视「家庭投入/家庭边界」的人意味着什么？","constrained_mapping_v0.2","semantic_preflight"
"CC2-01169","PF-D08","父母/孝亲义务","SC-S2-03","钱/财务","SC-S1-07","婴幼儿照护","SC-S3-04","大额财务事件","NF-N1-07","公平/可靠/合作","Conditional / gate","N3-02/N3-03","当「父母/孝亲义务」进入「婴幼儿照护」的「钱/财务」，遇到「大额财务事件」时，对重视「公平/可靠/合作」的人意味着什么？","constrained_mapping_v0.2","semantic_preflight"
"CC2-01170","PF-D08","父母/孝亲义务","SC-S2-03","钱/财务","SC-S1-07","婴幼儿照护","SC-S3-04","大额财务事件","NF-N1-04","自主/空间/自由","Ideal range / fit","N3-04","当「父母/孝亲义务」进入「婴幼儿照护」的「钱/财务」，遇到「大额财务事件」时，对重视「自主/空间/自由」的人意味着什么？","constrained_mapping_v0.2","semantic_preflight"
"CC2-01171","PF-D08","父母/孝亲义务","SC-S2-04","房/居住/地点","SC-S1-03","稳定交往","SC-S3-04","大额财务事件","NF-N1-11","家庭投入/家庭边界","Fit / conditional","N3-03/N3-04","当「父母/孝亲义务」进入「稳定交往」的「房/居住/地点」，遇到「大额财务事件」时，对重视「家庭投入/家庭边界」的人意味着什么？","constrained_mapping_v0.2","semantic_preflight"
"CC2-01172","PF-D08","父母/孝亲义务","SC-S2-04","房/居住/地点","SC-S1-03","稳定交往","SC-S3-04","大额财务事件","NF-N1-07","公平/可靠/合作","Conditional / gate","N3-02/N3-03","当「父母/孝亲义务」进入「稳定交往」的「房/居住/地点」，遇到「大额财务事件」时，对重视「公平/可靠/合作」的人意味着什么？","constrained_mapping_v0.2","semantic_preflight"
"CC2-01173","PF-D08","父母/孝亲义务","SC-S2-04","房/居住/地点","SC-S1-03","稳定交往","SC-S3-04","大额财务事件","NF-N1-04","自主/空间/自由","Ideal range / fit","N3-04","当「父母/孝亲义务」进入「稳定交往」的「房/居住/地点」，遇到「大额财务事件」时，对重视「自主/空间/自由」的人意味着什么？","constrained_mapping_v0.2","semantic_preflight"
"CC2-01174","PF-D08","父母/孝亲义务","SC-S2-04","房/居住/地点","SC-S1-03","稳定交往","SC-S3-05","居住/迁移变化","NF-N1-11","家庭投入/家庭边界","Fit / conditional","N3-03/N3-04","当「父母/孝亲义务」进入「稳定交往」的「房/居住/地点」，遇到「居住/迁移变化」时，对重视「家庭投入/家庭边界」的人意味着什么？","constrained_mapping_v0.2","semantic_preflight"
"CC2-01175","PF-D08","父母/孝亲义务","SC-S2-04","房/居住/地点","SC-S1-03","稳定交往","SC-S3-05","居住/迁移变化","NF-N1-07","公平/可靠/合作","Conditional / gate","N3-02/N3-03","当「父母/孝亲义务」进入「稳定交往」的「房/居住/地点」，遇到「居住/迁移变化」时，对重视「公平/可靠/合作」的人意味着什么？","constrained_mapping_v0.2","semantic_preflight"
"CC2-01176","PF-D08","父母/孝亲义务","SC-S2-04","房/居住/地点","SC-S1-03","稳定交往","SC-S3-05","居住/迁移变化","NF-N1-04","自主/空间/自由","Ideal range / fit","N3-04","当「父母/孝亲义务」进入「稳定交往」的「房/居住/地点」，遇到「居住/迁移变化」时，对重视「自主/空间/自由」的人意味着什么？","constrained_mapping_v0.2","semantic_preflight"
"CC2-01177","PF-D08","父母/孝亲义务","SC-S2-04","房/居住/地点","SC-S1-05","结婚/建立家庭","SC-S3-04","大额财务事件","NF-N1-11","家庭投入/家庭边界","Fit / conditional","N3-03/N3-04","当「父母/孝亲义务」进入「结婚/建立家庭」的「房/居住/地点」，遇到「大额财务事件」时，对重视「家庭投入/家庭边界」的人意味着什么？","constrained_mapping_v0.2","semantic_preflight"
"CC2-01178","PF-D08","父母/孝亲义务","SC-S2-04","房/居住/地点","SC-S1-05","结婚/建立家庭","SC-S3-04","大额财务事件","NF-N1-07","公平/可靠/合作","Conditional / gate","N3-02/N3-03","当「父母/孝亲义务」进入「结婚/建立家庭」的「房/居住/地点」，遇到「大额财务事件」时，对重视「公平/可靠/合作」的人意味着什么？","constrained_mapping_v0.2","semantic_preflight"
"CC2-01179","PF-D08","父母/孝亲义务","SC-S2-04","房/居住/地点","SC-S1-05","结婚/建立家庭","SC-S3-04","大额财务事件","NF-N1-04","自主/空间/自由","Ideal range / fit","N3-04","当「父母/孝亲义务」进入「结婚/建立家庭」的「房/居住/地点」，遇到「大额财务事件」时，对重视「自主/空间/自由」的人意味着什么？","constrained_mapping_v0.2","semantic_preflight"
"CC2-01180","PF-D08","父母/孝亲义务","SC-S2-04","房/居住/地点","SC-S1-05","结婚/建立家庭","SC-S3-05","居住/迁移变化","NF-N1-11","家庭投入/家庭边界","Fit / conditional","N3-03/N3-04","当「父母/孝亲义务」进入「结婚/建立家庭」的「房/居住/地点」，遇到「居住/迁移变化」时，对重视「家庭投入/家庭边界」的人意味着什么？","constrained_mapping_v0.2","semantic_preflight"
"CC2-01181","PF-D08","父母/孝亲义务","SC-S2-04","房/居住/地点","SC-S1-05","结婚/建立家庭","SC-S3-05","居住/迁移变化","NF-N1-07","公平/可靠/合作","Conditional / gate","N3-02/N3-03","当「父母/孝亲义务」进入「结婚/建立家庭」的「房/居住/地点」，遇到「居住/迁移变化」时，对重视「公平/可靠/合作」的人意味着什么？","constrained_mapping_v0.2","semantic_preflight"
"CC2-01182","PF-D08","父母/孝亲义务","SC-S2-04","房/居住/地点","SC-S1-05","结婚/建立家庭","SC-S3-05","居住/迁移变化","NF-N1-04","自主/空间/自由","Ideal range / fit","N3-04","当「父母/孝亲义务」进入「结婚/建立家庭」的「房/居住/地点」，遇到「居住/迁移变化」时，对重视「自主/空间/自由」的人意味着什么？","constrained_mapping_v0.2","semantic_preflight"
"CC2-01183","PF-D08","父母/孝亲义务","SC-S2-04","房/居住/地点","SC-S1-06","备孕/怀孕/生育","SC-S3-04","大额财务事件","NF-N1-11","家庭投入/家庭边界","Fit / conditional","N3-03/N3-04","当「父母/孝亲义务」进入「备孕/怀孕/生育」的「房/居住/地点」，遇到「大额财务事件」时，对重视「家庭投入/家庭边界」的人意味着什么？","constrained_mapping_v0.2","semantic_preflight"
"CC2-01184","PF-D08","父母/孝亲义务","SC-S2-04","房/居住/地点","SC-S1-06","备孕/怀孕/生育","SC-S3-04","大额财务事件","NF-N1-07","公平/可靠/合作","Conditional / gate","N3-02/N3-03","当「父母/孝亲义务」进入「备孕/怀孕/生育」的「房/居住/地点」，遇到「大额财务事件」时，对重视「公平/可靠/合作」的人意味着什么？","constrained_mapping_v0.2","semantic_preflight"
"CC2-01185","PF-D08","父母/孝亲义务","SC-S2-04","房/居住/地点","SC-S1-06","备孕/怀孕/生育","SC-S3-04","大额财务事件","NF-N1-04","自主/空间/自由","Ideal range / fit","N3-04","当「父母/孝亲义务」进入「备孕/怀孕/生育」的「房/居住/地点」，遇到「大额财务事件」时，对重视「自主/空间/自由」的人意味着什么？","constrained_mapping_v0.2","semantic_preflight"
"CC2-01186","PF-D08","父母/孝亲义务","SC-S2-04","房/居住/地点","SC-S1-06","备孕/怀孕/生育","SC-S3-05","居住/迁移变化","NF-N1-11","家庭投入/家庭边界","Fit / conditional","N3-03/N3-04","当「父母/孝亲义务」进入「备孕/怀孕/生育」的「房/居住/地点」，遇到「居住/迁移变化」时，对重视「家庭投入/家庭边界」的人意味着什么？","constrained_mapping_v0.2","semantic_preflight"
"CC2-01187","PF-D08","父母/孝亲义务","SC-S2-04","房/居住/地点","SC-S1-06","备孕/怀孕/生育","SC-S3-05","居住/迁移变化","NF-N1-07","公平/可靠/合作","Conditional / gate","N3-02/N3-03","当「父母/孝亲义务」进入「备孕/怀孕/生育」的「房/居住/地点」，遇到「居住/迁移变化」时，对重视「公平/可靠/合作」的人意味着什么？","constrained_mapping_v0.2","semantic_preflight"
"CC2-01188","PF-D08","父母/孝亲义务","SC-S2-04","房/居住/地点","SC-S1-06","备孕/怀孕/生育","SC-S3-05","居住/迁移变化","NF-N1-04","自主/空间/自由","Ideal range / fit","N3-04","当「父母/孝亲义务」进入「备孕/怀孕/生育」的「房/居住/地点」，遇到「居住/迁移变化」时，对重视「自主/空间/自由」的人意味着什么？","constrained_mapping_v0.2","semantic_preflight"
"CC2-01189","PF-D08","父母/孝亲义务","SC-S2-04","房/居住/地点","SC-S1-09","中年多重责任","SC-S3-04","大额财务事件","NF-N1-11","家庭投入/家庭边界","Fit / conditional","N3-03/N3-04","当「父母/孝亲义务」进入「中年多重责任」的「房/居住/地点」，遇到「大额财务事件」时，对重视「家庭投入/家庭边界」的人意味着什么？","constrained_mapping_v0.2","semantic_preflight"
"CC2-01190","PF-D08","父母/孝亲义务","SC-S2-04","房/居住/地点","SC-S1-09","中年多重责任","SC-S3-04","大额财务事件","NF-N1-07","公平/可靠/合作","Conditional / gate","N3-02/N3-03","当「父母/孝亲义务」进入「中年多重责任」的「房/居住/地点」，遇到「大额财务事件」时，对重视「公平/可靠/合作」的人意味着什么？","constrained_mapping_v0.2","semantic_preflight"
"CC2-01191","PF-D08","父母/孝亲义务","SC-S2-04","房/居住/地点","SC-S1-09","中年多重责任","SC-S3-04","大额财务事件","NF-N1-04","自主/空间/自由","Ideal range / fit","N3-04","当「父母/孝亲义务」进入「中年多重责任」的「房/居住/地点」，遇到「大额财务事件」时，对重视「自主/空间/自由」的人意味着什么？","constrained_mapping_v0.2","semantic_preflight"
"CC2-01192","PF-D08","父母/孝亲义务","SC-S2-04","房/居住/地点","SC-S1-09","中年多重责任","SC-S3-05","居住/迁移变化","NF-N1-11","家庭投入/家庭边界","Fit / conditional","N3-03/N3-04","当「父母/孝亲义务」进入「中年多重责任」的「房/居住/地点」，遇到「居住/迁移变化」时，对重视「家庭投入/家庭边界」的人意味着什么？","constrained_mapping_v0.2","semantic_preflight"
"CC2-01193","PF-D08","父母/孝亲义务","SC-S2-04","房/居住/地点","SC-S1-09","中年多重责任","SC-S3-05","居住/迁移变化","NF-N1-07","公平/可靠/合作","Conditional / gate","N3-02/N3-03","当「父母/孝亲义务」进入「中年多重责任」的「房/居住/地点」，遇到「居住/迁移变化」时，对重视「公平/可靠/合作」的人意味着什么？","constrained_mapping_v0.2","semantic_preflight"
"CC2-01194","PF-D08","父母/孝亲义务","SC-S2-04","房/居住/地点","SC-S1-09","中年多重责任","SC-S3-05","居住/迁移变化","NF-N1-04","自主/空间/自由","Ideal range / fit","N3-04","当「父母/孝亲义务」进入「中年多重责任」的「房/居住/地点」，遇到「居住/迁移变化」时，对重视「自主/空间/自由」的人意味着什么？","constrained_mapping_v0.2","semantic_preflight"
"CC2-01195","PF-E01","工作与赚钱能力","SC-S2-02","工作/事业/学习","SC-S1-02","恋爱/磨合","SC-S3-01","工作时间突变","NF-N1-06","经济/物质安全","Threshold + diminishing return","N3-03/N3-06","当「工作与赚钱能力」进入「恋爱/磨合」的「工作/事业/学习」，遇到「工作时间突变」时，对重视「经济/物质安全」的人意味着什么？","constrained_mapping_v0.2","semantic_preflight"
"CC2-01196","PF-E01","工作与赚钱能力","SC-S2-02","工作/事业/学习","SC-S1-02","恋爱/磨合","SC-S3-01","工作时间突变","NF-N1-08","成长/能力/目标支持","Fit / trade-off","N3-09","当「工作与赚钱能力」进入「恋爱/磨合」的「工作/事业/学习」，遇到「工作时间突变」时，对重视「成长/能力/目标支持」的人意味着什么？","constrained_mapping_v0.2","semantic_preflight"
"CC2-01197","PF-E01","工作与赚钱能力","SC-S2-02","工作/事业/学习","SC-S1-02","恋爱/磨合","SC-S3-01","工作时间突变","NF-N1-07","公平/可靠/合作","Conditional / gate","N3-02/N3-03","当「工作与赚钱能力」进入「恋爱/磨合」的「工作/事业/学习」，遇到「工作时间突变」时，对重视「公平/可靠/合作」的人意味着什么？","constrained_mapping_v0.2","semantic_preflight"
"CC2-01198","PF-E01","工作与赚钱能力","SC-S2-02","工作/事业/学习","SC-S1-02","恋爱/磨合","SC-S3-02","事业机会/职业转折","NF-N1-06","经济/物质安全","Threshold + diminishing return","N3-03/N3-06","当「工作与赚钱能力」进入「恋爱/磨合」的「工作/事业/学习」，遇到「事业机会/职业转折」时，对重视「经济/物质安全」的人意味着什么？","constrained_mapping_v0.2","semantic_preflight"
"CC2-01199","PF-E01","工作与赚钱能力","SC-S2-02","工作/事业/学习","SC-S1-02","恋爱/磨合","SC-S3-02","事业机会/职业转折","NF-N1-08","成长/能力/目标支持","Fit / trade-off","N3-09","当「工作与赚钱能力」进入「恋爱/磨合」的「工作/事业/学习」，遇到「事业机会/职业转折」时，对重视「成长/能力/目标支持」的人意味着什么？","constrained_mapping_v0.2","semantic_preflight"
"CC2-01200","PF-E01","工作与赚钱能力","SC-S2-02","工作/事业/学习","SC-S1-02","恋爱/磨合","SC-S3-02","事业机会/职业转折","NF-N1-07","公平/可靠/合作","Conditional / gate","N3-02/N3-03","当「工作与赚钱能力」进入「恋爱/磨合」的「工作/事业/学习」，遇到「事业机会/职业转折」时，对重视「公平/可靠/合作」的人意味着什么？","constrained_mapping_v0.2","semantic_preflight"
"CC2-01201","PF-E01","工作与赚钱能力","SC-S2-02","工作/事业/学习","SC-S1-05","结婚/建立家庭","SC-S3-01","工作时间突变","NF-N1-06","经济/物质安全","Threshold + diminishing return","N3-03/N3-06","当「工作与赚钱能力」进入「结婚/建立家庭」的「工作/事业/学习」，遇到「工作时间突变」时，对重视「经济/物质安全」的人意味着什么？","constrained_mapping_v0.2","semantic_preflight"
"CC2-01202","PF-E01","工作与赚钱能力","SC-S2-02","工作/事业/学习","SC-S1-05","结婚/建立家庭","SC-S3-01","工作时间突变","NF-N1-08","成长/能力/目标支持","Fit / trade-off","N3-09","当「工作与赚钱能力」进入「结婚/建立家庭」的「工作/事业/学习」，遇到「工作时间突变」时，对重视「成长/能力/目标支持」的人意味着什么？","constrained_mapping_v0.2","semantic_preflight"
"CC2-01203","PF-E01","工作与赚钱能力","SC-S2-02","工作/事业/学习","SC-S1-05","结婚/建立家庭","SC-S3-01","工作时间突变","NF-N1-07","公平/可靠/合作","Conditional / gate","N3-02/N3-03","当「工作与赚钱能力」进入「结婚/建立家庭」的「工作/事业/学习」，遇到「工作时间突变」时，对重视「公平/可靠/合作」的人意味着什么？","constrained_mapping_v0.2","semantic_preflight"
"CC2-01204","PF-E01","工作与赚钱能力","SC-S2-02","工作/事业/学习","SC-S1-05","结婚/建立家庭","SC-S3-02","事业机会/职业转折","NF-N1-06","经济/物质安全","Threshold + diminishing return","N3-03/N3-06","当「工作与赚钱能力」进入「结婚/建立家庭」的「工作/事业/学习」，遇到「事业机会/职业转折」时，对重视「经济/物质安全」的人意味着什么？","constrained_mapping_v0.2","semantic_preflight"
"CC2-01205","PF-E01","工作与赚钱能力","SC-S2-02","工作/事业/学习","SC-S1-05","结婚/建立家庭","SC-S3-02","事业机会/职业转折","NF-N1-08","成长/能力/目标支持","Fit / trade-off","N3-09","当「工作与赚钱能力」进入「结婚/建立家庭」的「工作/事业/学习」，遇到「事业机会/职业转折」时，对重视「成长/能力/目标支持」的人意味着什么？","constrained_mapping_v0.2","semantic_preflight"
"CC2-01206","PF-E01","工作与赚钱能力","SC-S2-02","工作/事业/学习","SC-S1-05","结婚/建立家庭","SC-S3-02","事业机会/职业转折","NF-N1-07","公平/可靠/合作","Conditional / gate","N3-02/N3-03","当「工作与赚钱能力」进入「结婚/建立家庭」的「工作/事业/学习」，遇到「事业机会/职业转折」时，对重视「公平/可靠/合作」的人意味着什么？","constrained_mapping_v0.2","semantic_preflight"
"CC2-01207","PF-E01","工作与赚钱能力","SC-S2-02","工作/事业/学习","SC-S1-09","中年多重责任","SC-S3-01","工作时间突变","NF-N1-06","经济/物质安全","Threshold + diminishing return","N3-03/N3-06","当「工作与赚钱能力」进入「中年多重责任」的「工作/事业/学习」，遇到「工作时间突变」时，对重视「经济/物质安全」的人意味着什么？","constrained_mapping_v0.2","semantic_preflight"
"CC2-01208","PF-E01","工作与赚钱能力","SC-S2-02","工作/事业/学习","SC-S1-09","中年多重责任","SC-S3-01","工作时间突变","NF-N1-08","成长/能力/目标支持","Fit / trade-off","N3-09","当「工作与赚钱能力」进入「中年多重责任」的「工作/事业/学习」，遇到「工作时间突变」时，对重视「成长/能力/目标支持」的人意味着什么？","constrained_mapping_v0.2","semantic_preflight"
"CC2-01209","PF-E01","工作与赚钱能力","SC-S2-02","工作/事业/学习","SC-S1-09","中年多重责任","SC-S3-01","工作时间突变","NF-N1-07","公平/可靠/合作","Conditional / gate","N3-02/N3-03","当「工作与赚钱能力」进入「中年多重责任」的「工作/事业/学习」，遇到「工作时间突变」时，对重视「公平/可靠/合作」的人意味着什么？","constrained_mapping_v0.2","semantic_preflight"
"CC2-01210","PF-E01","工作与赚钱能力","SC-S2-02","工作/事业/学习","SC-S1-09","中年多重责任","SC-S3-02","事业机会/职业转折","NF-N1-06","经济/物质安全","Threshold + diminishing return","N3-03/N3-06","当「工作与赚钱能力」进入「中年多重责任」的「工作/事业/学习」，遇到「事业机会/职业转折」时，对重视「经济/物质安全」的人意味着什么？","constrained_mapping_v0.2","semantic_preflight"
"CC2-01211","PF-E01","工作与赚钱能力","SC-S2-02","工作/事业/学习","SC-S1-09","中年多重责任","SC-S3-02","事业机会/职业转折","NF-N1-08","成长/能力/目标支持","Fit / trade-off","N3-09","当「工作与赚钱能力」进入「中年多重责任」的「工作/事业/学习」，遇到「事业机会/职业转折」时，对重视「成长/能力/目标支持」的人意味着什么？","constrained_mapping_v0.2","semantic_preflight"
"CC2-01212","PF-E01","工作与赚钱能力","SC-S2-02","工作/事业/学习","SC-S1-09","中年多重责任","SC-S3-02","事业机会/职业转折","NF-N1-07","公平/可靠/合作","Conditional / gate","N3-02/N3-03","当「工作与赚钱能力」进入「中年多重责任」的「工作/事业/学习」，遇到「事业机会/职业转折」时，对重视「公平/可靠/合作」的人意味着什么？","constrained_mapping_v0.2","semantic_preflight"
"CC2-01213","PF-E01","工作与赚钱能力","SC-S2-03","钱/财务","SC-S1-03","稳定交往","SC-S3-03","失业/收入下降","NF-N1-06","经济/物质安全","Threshold + diminishing return","N3-03/N3-06","当「工作与赚钱能力」进入「稳定交往」的「钱/财务」，遇到「失业/收入下降」时，对重视「经济/物质安全」的人意味着什么？","constrained_mapping_v0.2","semantic_preflight"
"CC2-01214","PF-E01","工作与赚钱能力","SC-S2-03","钱/财务","SC-S1-03","稳定交往","SC-S3-03","失业/收入下降","NF-N1-08","成长/能力/目标支持","Fit / trade-off","N3-09","当「工作与赚钱能力」进入「稳定交往」的「钱/财务」，遇到「失业/收入下降」时，对重视「成长/能力/目标支持」的人意味着什么？","constrained_mapping_v0.2","semantic_preflight"
"CC2-01215","PF-E01","工作与赚钱能力","SC-S2-03","钱/财务","SC-S1-03","稳定交往","SC-S3-03","失业/收入下降","NF-N1-07","公平/可靠/合作","Conditional / gate","N3-02/N3-03","当「工作与赚钱能力」进入「稳定交往」的「钱/财务」，遇到「失业/收入下降」时，对重视「公平/可靠/合作」的人意味着什么？","constrained_mapping_v0.2","semantic_preflight"
"CC2-01216","PF-E01","工作与赚钱能力","SC-S2-03","钱/财务","SC-S1-03","稳定交往","SC-S3-04","大额财务事件","NF-N1-06","经济/物质安全","Threshold + diminishing return","N3-03/N3-06","当「工作与赚钱能力」进入「稳定交往」的「钱/财务」，遇到「大额财务事件」时，对重视「经济/物质安全」的人意味着什么？","constrained_mapping_v0.2","semantic_preflight"
"CC2-01217","PF-E01","工作与赚钱能力","SC-S2-03","钱/财务","SC-S1-03","稳定交往","SC-S3-04","大额财务事件","NF-N1-08","成长/能力/目标支持","Fit / trade-off","N3-09","当「工作与赚钱能力」进入「稳定交往」的「钱/财务」，遇到「大额财务事件」时，对重视「成长/能力/目标支持」的人意味着什么？","constrained_mapping_v0.2","semantic_preflight"
"CC2-01218","PF-E01","工作与赚钱能力","SC-S2-03","钱/财务","SC-S1-03","稳定交往","SC-S3-04","大额财务事件","NF-N1-07","公平/可靠/合作","Conditional / gate","N3-02/N3-03","当「工作与赚钱能力」进入「稳定交往」的「钱/财务」，遇到「大额财务事件」时，对重视「公平/可靠/合作」的人意味着什么？","constrained_mapping_v0.2","semantic_preflight"
"CC2-01219","PF-E01","工作与赚钱能力","SC-S2-03","钱/财务","SC-S1-05","结婚/建立家庭","SC-S3-03","失业/收入下降","NF-N1-06","经济/物质安全","Threshold + diminishing return","N3-03/N3-06","当「工作与赚钱能力」进入「结婚/建立家庭」的「钱/财务」，遇到「失业/收入下降」时，对重视「经济/物质安全」的人意味着什么？","constrained_mapping_v0.2","semantic_preflight"
"CC2-01220","PF-E01","工作与赚钱能力","SC-S2-03","钱/财务","SC-S1-05","结婚/建立家庭","SC-S3-03","失业/收入下降","NF-N1-08","成长/能力/目标支持","Fit / trade-off","N3-09","当「工作与赚钱能力」进入「结婚/建立家庭」的「钱/财务」，遇到「失业/收入下降」时，对重视「成长/能力/目标支持」的人意味着什么？","constrained_mapping_v0.2","semantic_preflight"
"CC2-01221","PF-E01","工作与赚钱能力","SC-S2-03","钱/财务","SC-S1-05","结婚/建立家庭","SC-S3-03","失业/收入下降","NF-N1-07","公平/可靠/合作","Conditional / gate","N3-02/N3-03","当「工作与赚钱能力」进入「结婚/建立家庭」的「钱/财务」，遇到「失业/收入下降」时，对重视「公平/可靠/合作」的人意味着什么？","constrained_mapping_v0.2","semantic_preflight"
"CC2-01222","PF-E01","工作与赚钱能力","SC-S2-03","钱/财务","SC-S1-05","结婚/建立家庭","SC-S3-04","大额财务事件","NF-N1-06","经济/物质安全","Threshold + diminishing return","N3-03/N3-06","当「工作与赚钱能力」进入「结婚/建立家庭」的「钱/财务」，遇到「大额财务事件」时，对重视「经济/物质安全」的人意味着什么？","constrained_mapping_v0.2","semantic_preflight"
"CC2-01223","PF-E01","工作与赚钱能力","SC-S2-03","钱/财务","SC-S1-05","结婚/建立家庭","SC-S3-04","大额财务事件","NF-N1-08","成长/能力/目标支持","Fit / trade-off","N3-09","当「工作与赚钱能力」进入「结婚/建立家庭」的「钱/财务」，遇到「大额财务事件」时，对重视「成长/能力/目标支持」的人意味着什么？","constrained_mapping_v0.2","semantic_preflight"
"CC2-01224","PF-E01","工作与赚钱能力","SC-S2-03","钱/财务","SC-S1-05","结婚/建立家庭","SC-S3-04","大额财务事件","NF-N1-07","公平/可靠/合作","Conditional / gate","N3-02/N3-03","当「工作与赚钱能力」进入「结婚/建立家庭」的「钱/财务」，遇到「大额财务事件」时，对重视「公平/可靠/合作」的人意味着什么？","constrained_mapping_v0.2","semantic_preflight"
"CC2-01225","PF-E01","工作与赚钱能力","SC-S2-03","钱/财务","SC-S1-06","备孕/怀孕/生育","SC-S3-03","失业/收入下降","NF-N1-06","经济/物质安全","Threshold + diminishing return","N3-03/N3-06","当「工作与赚钱能力」进入「备孕/怀孕/生育」的「钱/财务」，遇到「失业/收入下降」时，对重视「经济/物质安全」的人意味着什么？","constrained_mapping_v0.2","semantic_preflight"
"CC2-01226","PF-E01","工作与赚钱能力","SC-S2-03","钱/财务","SC-S1-06","备孕/怀孕/生育","SC-S3-03","失业/收入下降","NF-N1-08","成长/能力/目标支持","Fit / trade-off","N3-09","当「工作与赚钱能力」进入「备孕/怀孕/生育」的「钱/财务」，遇到「失业/收入下降」时，对重视「成长/能力/目标支持」的人意味着什么？","constrained_mapping_v0.2","semantic_preflight"
"CC2-01227","PF-E01","工作与赚钱能力","SC-S2-03","钱/财务","SC-S1-06","备孕/怀孕/生育","SC-S3-03","失业/收入下降","NF-N1-07","公平/可靠/合作","Conditional / gate","N3-02/N3-03","当「工作与赚钱能力」进入「备孕/怀孕/生育」的「钱/财务」，遇到「失业/收入下降」时，对重视「公平/可靠/合作」的人意味着什么？","constrained_mapping_v0.2","semantic_preflight"
"CC2-01228","PF-E01","工作与赚钱能力","SC-S2-03","钱/财务","SC-S1-06","备孕/怀孕/生育","SC-S3-04","大额财务事件","NF-N1-06","经济/物质安全","Threshold + diminishing return","N3-03/N3-06","当「工作与赚钱能力」进入「备孕/怀孕/生育」的「钱/财务」，遇到「大额财务事件」时，对重视「经济/物质安全」的人意味着什么？","constrained_mapping_v0.2","semantic_preflight"
"CC2-01229","PF-E01","工作与赚钱能力","SC-S2-03","钱/财务","SC-S1-06","备孕/怀孕/生育","SC-S3-04","大额财务事件","NF-N1-08","成长/能力/目标支持","Fit / trade-off","N3-09","当「工作与赚钱能力」进入「备孕/怀孕/生育」的「钱/财务」，遇到「大额财务事件」时，对重视「成长/能力/目标支持」的人意味着什么？","constrained_mapping_v0.2","semantic_preflight"
"CC2-01230","PF-E01","工作与赚钱能力","SC-S2-03","钱/财务","SC-S1-06","备孕/怀孕/生育","SC-S3-04","大额财务事件","NF-N1-07","公平/可靠/合作","Conditional / gate","N3-02/N3-03","当「工作与赚钱能力」进入「备孕/怀孕/生育」的「钱/财务」，遇到「大额财务事件」时，对重视「公平/可靠/合作」的人意味着什么？","constrained_mapping_v0.2","semantic_preflight"
"CC2-01231","PF-E01","工作与赚钱能力","SC-S2-03","钱/财务","SC-S1-07","婴幼儿照护","SC-S3-03","失业/收入下降","NF-N1-06","经济/物质安全","Threshold + diminishing return","N3-03/N3-06","当「工作与赚钱能力」进入「婴幼儿照护」的「钱/财务」，遇到「失业/收入下降」时，对重视「经济/物质安全」的人意味着什么？","constrained_mapping_v0.2","semantic_preflight"
"CC2-01232","PF-E01","工作与赚钱能力","SC-S2-03","钱/财务","SC-S1-07","婴幼儿照护","SC-S3-03","失业/收入下降","NF-N1-08","成长/能力/目标支持","Fit / trade-off","N3-09","当「工作与赚钱能力」进入「婴幼儿照护」的「钱/财务」，遇到「失业/收入下降」时，对重视「成长/能力/目标支持」的人意味着什么？","constrained_mapping_v0.2","semantic_preflight"
"CC2-01233","PF-E01","工作与赚钱能力","SC-S2-03","钱/财务","SC-S1-07","婴幼儿照护","SC-S3-03","失业/收入下降","NF-N1-07","公平/可靠/合作","Conditional / gate","N3-02/N3-03","当「工作与赚钱能力」进入「婴幼儿照护」的「钱/财务」，遇到「失业/收入下降」时，对重视「公平/可靠/合作」的人意味着什么？","constrained_mapping_v0.2","semantic_preflight"
"CC2-01234","PF-E01","工作与赚钱能力","SC-S2-03","钱/财务","SC-S1-07","婴幼儿照护","SC-S3-04","大额财务事件","NF-N1-06","经济/物质安全","Threshold + diminishing return","N3-03/N3-06","当「工作与赚钱能力」进入「婴幼儿照护」的「钱/财务」，遇到「大额财务事件」时，对重视「经济/物质安全」的人意味着什么？","constrained_mapping_v0.2","semantic_preflight"
"CC2-01235","PF-E01","工作与赚钱能力","SC-S2-03","钱/财务","SC-S1-07","婴幼儿照护","SC-S3-04","大额财务事件","NF-N1-08","成长/能力/目标支持","Fit / trade-off","N3-09","当「工作与赚钱能力」进入「婴幼儿照护」的「钱/财务」，遇到「大额财务事件」时，对重视「成长/能力/目标支持」的人意味着什么？","constrained_mapping_v0.2","semantic_preflight"
"CC2-01236","PF-E01","工作与赚钱能力","SC-S2-03","钱/财务","SC-S1-07","婴幼儿照护","SC-S3-04","大额财务事件","NF-N1-07","公平/可靠/合作","Conditional / gate","N3-02/N3-03","当「工作与赚钱能力」进入「婴幼儿照护」的「钱/财务」，遇到「大额财务事件」时，对重视「公平/可靠/合作」的人意味着什么？","constrained_mapping_v0.2","semantic_preflight"
"CC2-01237","PF-E01","工作与赚钱能力","SC-S2-06","孩子/生育/教育","SC-S1-05","结婚/建立家庭","SC-S3-06","生育/育儿转折","NF-N1-06","经济/物质安全","Threshold + diminishing return","N3-03/N3-06","当「工作与赚钱能力」进入「结婚/建立家庭」的「孩子/生育/教育」，遇到「生育/育儿转折」时，对重视「经济/物质安全」的人意味着什么？","constrained_mapping_v0.2","semantic_preflight"
"CC2-01238","PF-E01","工作与赚钱能力","SC-S2-06","孩子/生育/教育","SC-S1-05","结婚/建立家庭","SC-S3-06","生育/育儿转折","NF-N1-08","成长/能力/目标支持","Fit / trade-off","N3-09","当「工作与赚钱能力」进入「结婚/建立家庭」的「孩子/生育/教育」，遇到「生育/育儿转折」时，对重视「成长/能力/目标支持」的人意味着什么？","constrained_mapping_v0.2","semantic_preflight"
"CC2-01239","PF-E01","工作与赚钱能力","SC-S2-06","孩子/生育/教育","SC-S1-05","结婚/建立家庭","SC-S3-06","生育/育儿转折","NF-N1-07","公平/可靠/合作","Conditional / gate","N3-02/N3-03","当「工作与赚钱能力」进入「结婚/建立家庭」的「孩子/生育/教育」，遇到「生育/育儿转折」时，对重视「公平/可靠/合作」的人意味着什么？","constrained_mapping_v0.2","semantic_preflight"
"CC2-01240","PF-E01","工作与赚钱能力","SC-S2-06","孩子/生育/教育","SC-S1-05","结婚/建立家庭","SC-S3-01","工作时间突变","NF-N1-06","经济/物质安全","Threshold + diminishing return","N3-03/N3-06","当「工作与赚钱能力」进入「结婚/建立家庭」的「孩子/生育/教育」，遇到「工作时间突变」时，对重视「经济/物质安全」的人意味着什么？","constrained_mapping_v0.2","semantic_preflight"
"CC2-01241","PF-E01","工作与赚钱能力","SC-S2-06","孩子/生育/教育","SC-S1-05","结婚/建立家庭","SC-S3-01","工作时间突变","NF-N1-08","成长/能力/目标支持","Fit / trade-off","N3-09","当「工作与赚钱能力」进入「结婚/建立家庭」的「孩子/生育/教育」，遇到「工作时间突变」时，对重视「成长/能力/目标支持」的人意味着什么？","constrained_mapping_v0.2","semantic_preflight"
"CC2-01242","PF-E01","工作与赚钱能力","SC-S2-06","孩子/生育/教育","SC-S1-05","结婚/建立家庭","SC-S3-01","工作时间突变","NF-N1-07","公平/可靠/合作","Conditional / gate","N3-02/N3-03","当「工作与赚钱能力」进入「结婚/建立家庭」的「孩子/生育/教育」，遇到「工作时间突变」时，对重视「公平/可靠/合作」的人意味着什么？","constrained_mapping_v0.2","semantic_preflight"
"CC2-01243","PF-E01","工作与赚钱能力","SC-S2-06","孩子/生育/教育","SC-S1-06","备孕/怀孕/生育","SC-S3-06","生育/育儿转折","NF-N1-06","经济/物质安全","Threshold + diminishing return","N3-03/N3-06","当「工作与赚钱能力」进入「备孕/怀孕/生育」的「孩子/生育/教育」，遇到「生育/育儿转折」时，对重视「经济/物质安全」的人意味着什么？","constrained_mapping_v0.2","semantic_preflight"
"CC2-01244","PF-E01","工作与赚钱能力","SC-S2-06","孩子/生育/教育","SC-S1-06","备孕/怀孕/生育","SC-S3-06","生育/育儿转折","NF-N1-08","成长/能力/目标支持","Fit / trade-off","N3-09","当「工作与赚钱能力」进入「备孕/怀孕/生育」的「孩子/生育/教育」，遇到「生育/育儿转折」时，对重视「成长/能力/目标支持」的人意味着什么？","constrained_mapping_v0.2","semantic_preflight"
"CC2-01245","PF-E01","工作与赚钱能力","SC-S2-06","孩子/生育/教育","SC-S1-06","备孕/怀孕/生育","SC-S3-06","生育/育儿转折","NF-N1-07","公平/可靠/合作","Conditional / gate","N3-02/N3-03","当「工作与赚钱能力」进入「备孕/怀孕/生育」的「孩子/生育/教育」，遇到「生育/育儿转折」时，对重视「公平/可靠/合作」的人意味着什么？","constrained_mapping_v0.2","semantic_preflight"
"CC2-01246","PF-E01","工作与赚钱能力","SC-S2-06","孩子/生育/教育","SC-S1-06","备孕/怀孕/生育","SC-S3-01","工作时间突变","NF-N1-06","经济/物质安全","Threshold + diminishing return","N3-03/N3-06","当「工作与赚钱能力」进入「备孕/怀孕/生育」的「孩子/生育/教育」，遇到「工作时间突变」时，对重视「经济/物质安全」的人意味着什么？","constrained_mapping_v0.2","semantic_preflight"
"CC2-01247","PF-E01","工作与赚钱能力","SC-S2-06","孩子/生育/教育","SC-S1-06","备孕/怀孕/生育","SC-S3-01","工作时间突变","NF-N1-08","成长/能力/目标支持","Fit / trade-off","N3-09","当「工作与赚钱能力」进入「备孕/怀孕/生育」的「孩子/生育/教育」，遇到「工作时间突变」时，对重视「成长/能力/目标支持」的人意味着什么？","constrained_mapping_v0.2","semantic_preflight"
"CC2-01248","PF-E01","工作与赚钱能力","SC-S2-06","孩子/生育/教育","SC-S1-06","备孕/怀孕/生育","SC-S3-01","工作时间突变","NF-N1-07","公平/可靠/合作","Conditional / gate","N3-02/N3-03","当「工作与赚钱能力」进入「备孕/怀孕/生育」的「孩子/生育/教育」，遇到「工作时间突变」时，对重视「公平/可靠/合作」的人意味着什么？","constrained_mapping_v0.2","semantic_preflight"
"CC2-01249","PF-E01","工作与赚钱能力","SC-S2-06","孩子/生育/教育","SC-S1-07","婴幼儿照护","SC-S3-06","生育/育儿转折","NF-N1-06","经济/物质安全","Threshold + diminishing return","N3-03/N3-06","当「工作与赚钱能力」进入「婴幼儿照护」的「孩子/生育/教育」，遇到「生育/育儿转折」时，对重视「经济/物质安全」的人意味着什么？","constrained_mapping_v0.2","semantic_preflight"
"CC2-01250","PF-E01","工作与赚钱能力","SC-S2-06","孩子/生育/教育","SC-S1-07","婴幼儿照护","SC-S3-06","生育/育儿转折","NF-N1-08","成长/能力/目标支持","Fit / trade-off","N3-09","当「工作与赚钱能力」进入「婴幼儿照护」的「孩子/生育/教育」，遇到「生育/育儿转折」时，对重视「成长/能力/目标支持」的人意味着什么？","constrained_mapping_v0.2","semantic_preflight"
"CC2-01251","PF-E01","工作与赚钱能力","SC-S2-06","孩子/生育/教育","SC-S1-07","婴幼儿照护","SC-S3-06","生育/育儿转折","NF-N1-07","公平/可靠/合作","Conditional / gate","N3-02/N3-03","当「工作与赚钱能力」进入「婴幼儿照护」的「孩子/生育/教育」，遇到「生育/育儿转折」时，对重视「公平/可靠/合作」的人意味着什么？","constrained_mapping_v0.2","semantic_preflight"
"CC2-01252","PF-E01","工作与赚钱能力","SC-S2-06","孩子/生育/教育","SC-S1-07","婴幼儿照护","SC-S3-01","工作时间突变","NF-N1-06","经济/物质安全","Threshold + diminishing return","N3-03/N3-06","当「工作与赚钱能力」进入「婴幼儿照护」的「孩子/生育/教育」，遇到「工作时间突变」时，对重视「经济/物质安全」的人意味着什么？","constrained_mapping_v0.2","semantic_preflight"
"CC2-01253","PF-E01","工作与赚钱能力","SC-S2-06","孩子/生育/教育","SC-S1-07","婴幼儿照护","SC-S3-01","工作时间突变","NF-N1-08","成长/能力/目标支持","Fit / trade-off","N3-09","当「工作与赚钱能力」进入「婴幼儿照护」的「孩子/生育/教育」，遇到「工作时间突变」时，对重视「成长/能力/目标支持」的人意味着什么？","constrained_mapping_v0.2","semantic_preflight"
"CC2-01254","PF-E01","工作与赚钱能力","SC-S2-06","孩子/生育/教育","SC-S1-07","婴幼儿照护","SC-S3-01","工作时间突变","NF-N1-07","公平/可靠/合作","Conditional / gate","N3-02/N3-03","当「工作与赚钱能力」进入「婴幼儿照护」的「孩子/生育/教育」，遇到「工作时间突变」时，对重视「公平/可靠/合作」的人意味着什么？","constrained_mapping_v0.2","semantic_preflight"
"CC2-01255","PF-E01","工作与赚钱能力","SC-S2-06","孩子/生育/教育","SC-S1-08","孩子成长/教育","SC-S3-06","生育/育儿转折","NF-N1-06","经济/物质安全","Threshold + diminishing return","N3-03/N3-06","当「工作与赚钱能力」进入「孩子成长/教育」的「孩子/生育/教育」，遇到「生育/育儿转折」时，对重视「经济/物质安全」的人意味着什么？","constrained_mapping_v0.2","semantic_preflight"
"CC2-01256","PF-E01","工作与赚钱能力","SC-S2-06","孩子/生育/教育","SC-S1-08","孩子成长/教育","SC-S3-06","生育/育儿转折","NF-N1-08","成长/能力/目标支持","Fit / trade-off","N3-09","当「工作与赚钱能力」进入「孩子成长/教育」的「孩子/生育/教育」，遇到「生育/育儿转折」时，对重视「成长/能力/目标支持」的人意味着什么？","constrained_mapping_v0.2","semantic_preflight"
"CC2-01257","PF-E01","工作与赚钱能力","SC-S2-06","孩子/生育/教育","SC-S1-08","孩子成长/教育","SC-S3-06","生育/育儿转折","NF-N1-07","公平/可靠/合作","Conditional / gate","N3-02/N3-03","当「工作与赚钱能力」进入「孩子成长/教育」的「孩子/生育/教育」，遇到「生育/育儿转折」时，对重视「公平/可靠/合作」的人意味着什么？","constrained_mapping_v0.2","semantic_preflight"
"CC2-01258","PF-E01","工作与赚钱能力","SC-S2-06","孩子/生育/教育","SC-S1-08","孩子成长/教育","SC-S3-01","工作时间突变","NF-N1-06","经济/物质安全","Threshold + diminishing return","N3-03/N3-06","当「工作与赚钱能力」进入「孩子成长/教育」的「孩子/生育/教育」，遇到「工作时间突变」时，对重视「经济/物质安全」的人意味着什么？","constrained_mapping_v0.2","semantic_preflight"
"CC2-01259","PF-E01","工作与赚钱能力","SC-S2-06","孩子/生育/教育","SC-S1-08","孩子成长/教育","SC-S3-01","工作时间突变","NF-N1-08","成长/能力/目标支持","Fit / trade-off","N3-09","当「工作与赚钱能力」进入「孩子成长/教育」的「孩子/生育/教育」，遇到「工作时间突变」时，对重视「成长/能力/目标支持」的人意味着什么？","constrained_mapping_v0.2","semantic_preflight"
"CC2-01260","PF-E01","工作与赚钱能力","SC-S2-06","孩子/生育/教育","SC-S1-08","孩子成长/教育","SC-S3-01","工作时间突变","NF-N1-07","公平/可靠/合作","Conditional / gate","N3-02/N3-03","当「工作与赚钱能力」进入「孩子成长/教育」的「孩子/生育/教育」，遇到「工作时间突变」时，对重视「公平/可靠/合作」的人意味着什么？","constrained_mapping_v0.2","semantic_preflight"
"CC2-01261","PF-E02","思考/决策能力","SC-S2-03","钱/财务","SC-S1-03","稳定交往","SC-S3-03","失业/收入下降","NF-N1-07","公平/可靠/合作","Conditional / gate","N3-02/N3-03","当「思考/决策能力」进入「稳定交往」的「钱/财务」，遇到「失业/收入下降」时，对重视「公平/可靠/合作」的人意味着什么？","constrained_mapping_v0.2","semantic_preflight"
"CC2-01262","PF-E02","思考/决策能力","SC-S2-03","钱/财务","SC-S1-03","稳定交往","SC-S3-03","失业/收入下降","NF-N1-05","安全/信任/可预测","Gate / conditional","N3-02/N3-06","当「思考/决策能力」进入「稳定交往」的「钱/财务」，遇到「失业/收入下降」时，对重视「安全/信任/可预测」的人意味着什么？","constrained_mapping_v0.2","semantic_preflight"
"CC2-01263","PF-E02","思考/决策能力","SC-S2-03","钱/财务","SC-S1-03","稳定交往","SC-S3-03","失业/收入下降","NF-N1-12","价值/人生方向/未来一致性","Gate / fit","N3-06/N3-07","当「思考/决策能力」进入「稳定交往」的「钱/财务」，遇到「失业/收入下降」时，对重视「价值/人生方向/未来一致性」的人意味着什么？","constrained_mapping_v0.2","semantic_preflight"
"CC2-01264","PF-E02","思考/决策能力","SC-S2-03","钱/财务","SC-S1-03","稳定交往","SC-S3-04","大额财务事件","NF-N1-07","公平/可靠/合作","Conditional / gate","N3-02/N3-03","当「思考/决策能力」进入「稳定交往」的「钱/财务」，遇到「大额财务事件」时，对重视「公平/可靠/合作」的人意味着什么？","constrained_mapping_v0.2","semantic_preflight"
"CC2-01265","PF-E02","思考/决策能力","SC-S2-03","钱/财务","SC-S1-03","稳定交往","SC-S3-04","大额财务事件","NF-N1-05","安全/信任/可预测","Gate / conditional","N3-02/N3-06","当「思考/决策能力」进入「稳定交往」的「钱/财务」，遇到「大额财务事件」时，对重视「安全/信任/可预测」的人意味着什么？","constrained_mapping_v0.2","semantic_preflight"
"CC2-01266","PF-E02","思考/决策能力","SC-S2-03","钱/财务","SC-S1-03","稳定交往","SC-S3-04","大额财务事件","NF-N1-12","价值/人生方向/未来一致性","Gate / fit","N3-06/N3-07","当「思考/决策能力」进入「稳定交往」的「钱/财务」，遇到「大额财务事件」时，对重视「价值/人生方向/未来一致性」的人意味着什么？","constrained_mapping_v0.2","semantic_preflight"
"CC2-01267","PF-E02","思考/决策能力","SC-S2-03","钱/财务","SC-S1-05","结婚/建立家庭","SC-S3-03","失业/收入下降","NF-N1-07","公平/可靠/合作","Conditional / gate","N3-02/N3-03","当「思考/决策能力」进入「结婚/建立家庭」的「钱/财务」，遇到「失业/收入下降」时，对重视「公平/可靠/合作」的人意味着什么？","constrained_mapping_v0.2","semantic_preflight"
"CC2-01268","PF-E02","思考/决策能力","SC-S2-03","钱/财务","SC-S1-05","结婚/建立家庭","SC-S3-03","失业/收入下降","NF-N1-05","安全/信任/可预测","Gate / conditional","N3-02/N3-06","当「思考/决策能力」进入「结婚/建立家庭」的「钱/财务」，遇到「失业/收入下降」时，对重视「安全/信任/可预测」的人意味着什么？","constrained_mapping_v0.2","semantic_preflight"
"CC2-01269","PF-E02","思考/决策能力","SC-S2-03","钱/财务","SC-S1-05","结婚/建立家庭","SC-S3-03","失业/收入下降","NF-N1-12","价值/人生方向/未来一致性","Gate / fit","N3-06/N3-07","当「思考/决策能力」进入「结婚/建立家庭」的「钱/财务」，遇到「失业/收入下降」时，对重视「价值/人生方向/未来一致性」的人意味着什么？","constrained_mapping_v0.2","semantic_preflight"
"CC2-01270","PF-E02","思考/决策能力","SC-S2-03","钱/财务","SC-S1-05","结婚/建立家庭","SC-S3-04","大额财务事件","NF-N1-07","公平/可靠/合作","Conditional / gate","N3-02/N3-03","当「思考/决策能力」进入「结婚/建立家庭」的「钱/财务」，遇到「大额财务事件」时，对重视「公平/可靠/合作」的人意味着什么？","constrained_mapping_v0.2","semantic_preflight"
"CC2-01271","PF-E02","思考/决策能力","SC-S2-03","钱/财务","SC-S1-05","结婚/建立家庭","SC-S3-04","大额财务事件","NF-N1-05","安全/信任/可预测","Gate / conditional","N3-02/N3-06","当「思考/决策能力」进入「结婚/建立家庭」的「钱/财务」，遇到「大额财务事件」时，对重视「安全/信任/可预测」的人意味着什么？","constrained_mapping_v0.2","semantic_preflight"
"CC2-01272","PF-E02","思考/决策能力","SC-S2-03","钱/财务","SC-S1-05","结婚/建立家庭","SC-S3-04","大额财务事件","NF-N1-12","价值/人生方向/未来一致性","Gate / fit","N3-06/N3-07","当「思考/决策能力」进入「结婚/建立家庭」的「钱/财务」，遇到「大额财务事件」时，对重视「价值/人生方向/未来一致性」的人意味着什么？","constrained_mapping_v0.2","semantic_preflight"
"CC2-01273","PF-E02","思考/决策能力","SC-S2-03","钱/财务","SC-S1-06","备孕/怀孕/生育","SC-S3-03","失业/收入下降","NF-N1-07","公平/可靠/合作","Conditional / gate","N3-02/N3-03","当「思考/决策能力」进入「备孕/怀孕/生育」的「钱/财务」，遇到「失业/收入下降」时，对重视「公平/可靠/合作」的人意味着什么？","constrained_mapping_v0.2","semantic_preflight"
"CC2-01274","PF-E02","思考/决策能力","SC-S2-03","钱/财务","SC-S1-06","备孕/怀孕/生育","SC-S3-03","失业/收入下降","NF-N1-05","安全/信任/可预测","Gate / conditional","N3-02/N3-06","当「思考/决策能力」进入「备孕/怀孕/生育」的「钱/财务」，遇到「失业/收入下降」时，对重视「安全/信任/可预测」的人意味着什么？","constrained_mapping_v0.2","semantic_preflight"
"CC2-01275","PF-E02","思考/决策能力","SC-S2-03","钱/财务","SC-S1-06","备孕/怀孕/生育","SC-S3-03","失业/收入下降","NF-N1-12","价值/人生方向/未来一致性","Gate / fit","N3-06/N3-07","当「思考/决策能力」进入「备孕/怀孕/生育」的「钱/财务」，遇到「失业/收入下降」时，对重视「价值/人生方向/未来一致性」的人意味着什么？","constrained_mapping_v0.2","semantic_preflight"
"CC2-01276","PF-E02","思考/决策能力","SC-S2-03","钱/财务","SC-S1-06","备孕/怀孕/生育","SC-S3-04","大额财务事件","NF-N1-07","公平/可靠/合作","Conditional / gate","N3-02/N3-03","当「思考/决策能力」进入「备孕/怀孕/生育」的「钱/财务」，遇到「大额财务事件」时，对重视「公平/可靠/合作」的人意味着什么？","constrained_mapping_v0.2","semantic_preflight"
"CC2-01277","PF-E02","思考/决策能力","SC-S2-03","钱/财务","SC-S1-06","备孕/怀孕/生育","SC-S3-04","大额财务事件","NF-N1-05","安全/信任/可预测","Gate / conditional","N3-02/N3-06","当「思考/决策能力」进入「备孕/怀孕/生育」的「钱/财务」，遇到「大额财务事件」时，对重视「安全/信任/可预测」的人意味着什么？","constrained_mapping_v0.2","semantic_preflight"
"CC2-01278","PF-E02","思考/决策能力","SC-S2-03","钱/财务","SC-S1-06","备孕/怀孕/生育","SC-S3-04","大额财务事件","NF-N1-12","价值/人生方向/未来一致性","Gate / fit","N3-06/N3-07","当「思考/决策能力」进入「备孕/怀孕/生育」的「钱/财务」，遇到「大额财务事件」时，对重视「价值/人生方向/未来一致性」的人意味着什么？","constrained_mapping_v0.2","semantic_preflight"
"CC2-01279","PF-E02","思考/决策能力","SC-S2-03","钱/财务","SC-S1-07","婴幼儿照护","SC-S3-03","失业/收入下降","NF-N1-07","公平/可靠/合作","Conditional / gate","N3-02/N3-03","当「思考/决策能力」进入「婴幼儿照护」的「钱/财务」，遇到「失业/收入下降」时，对重视「公平/可靠/合作」的人意味着什么？","constrained_mapping_v0.2","semantic_preflight"
"CC2-01280","PF-E02","思考/决策能力","SC-S2-03","钱/财务","SC-S1-07","婴幼儿照护","SC-S3-03","失业/收入下降","NF-N1-05","安全/信任/可预测","Gate / conditional","N3-02/N3-06","当「思考/决策能力」进入「婴幼儿照护」的「钱/财务」，遇到「失业/收入下降」时，对重视「安全/信任/可预测」的人意味着什么？","constrained_mapping_v0.2","semantic_preflight"
"CC2-01281","PF-E02","思考/决策能力","SC-S2-03","钱/财务","SC-S1-07","婴幼儿照护","SC-S3-03","失业/收入下降","NF-N1-12","价值/人生方向/未来一致性","Gate / fit","N3-06/N3-07","当「思考/决策能力」进入「婴幼儿照护」的「钱/财务」，遇到「失业/收入下降」时，对重视「价值/人生方向/未来一致性」的人意味着什么？","constrained_mapping_v0.2","semantic_preflight"
"CC2-01282","PF-E02","思考/决策能力","SC-S2-03","钱/财务","SC-S1-07","婴幼儿照护","SC-S3-04","大额财务事件","NF-N1-07","公平/可靠/合作","Conditional / gate","N3-02/N3-03","当「思考/决策能力」进入「婴幼儿照护」的「钱/财务」，遇到「大额财务事件」时，对重视「公平/可靠/合作」的人意味着什么？","constrained_mapping_v0.2","semantic_preflight"
"CC2-01283","PF-E02","思考/决策能力","SC-S2-03","钱/财务","SC-S1-07","婴幼儿照护","SC-S3-04","大额财务事件","NF-N1-05","安全/信任/可预测","Gate / conditional","N3-02/N3-06","当「思考/决策能力」进入「婴幼儿照护」的「钱/财务」，遇到「大额财务事件」时，对重视「安全/信任/可预测」的人意味着什么？","constrained_mapping_v0.2","semantic_preflight"
"CC2-01284","PF-E02","思考/决策能力","SC-S2-03","钱/财务","SC-S1-07","婴幼儿照护","SC-S3-04","大额财务事件","NF-N1-12","价值/人生方向/未来一致性","Gate / fit","N3-06/N3-07","当「思考/决策能力」进入「婴幼儿照护」的「钱/财务」，遇到「大额财务事件」时，对重视「价值/人生方向/未来一致性」的人意味着什么？","constrained_mapping_v0.2","semantic_preflight"
"CC2-01285","PF-E02","思考/决策能力","SC-S2-04","房/居住/地点","SC-S1-03","稳定交往","SC-S3-04","大额财务事件","NF-N1-07","公平/可靠/合作","Conditional / gate","N3-02/N3-03","当「思考/决策能力」进入「稳定交往」的「房/居住/地点」，遇到「大额财务事件」时，对重视「公平/可靠/合作」的人意味着什么？","constrained_mapping_v0.2","semantic_preflight"
"CC2-01286","PF-E02","思考/决策能力","SC-S2-04","房/居住/地点","SC-S1-03","稳定交往","SC-S3-04","大额财务事件","NF-N1-05","安全/信任/可预测","Gate / conditional","N3-02/N3-06","当「思考/决策能力」进入「稳定交往」的「房/居住/地点」，遇到「大额财务事件」时，对重视「安全/信任/可预测」的人意味着什么？","constrained_mapping_v0.2","semantic_preflight"
"CC2-01287","PF-E02","思考/决策能力","SC-S2-04","房/居住/地点","SC-S1-03","稳定交往","SC-S3-04","大额财务事件","NF-N1-12","价值/人生方向/未来一致性","Gate / fit","N3-06/N3-07","当「思考/决策能力」进入「稳定交往」的「房/居住/地点」，遇到「大额财务事件」时，对重视「价值/人生方向/未来一致性」的人意味着什么？","constrained_mapping_v0.2","semantic_preflight"
"CC2-01288","PF-E02","思考/决策能力","SC-S2-04","房/居住/地点","SC-S1-03","稳定交往","SC-S3-05","居住/迁移变化","NF-N1-07","公平/可靠/合作","Conditional / gate","N3-02/N3-03","当「思考/决策能力」进入「稳定交往」的「房/居住/地点」，遇到「居住/迁移变化」时，对重视「公平/可靠/合作」的人意味着什么？","constrained_mapping_v0.2","semantic_preflight"
"CC2-01289","PF-E02","思考/决策能力","SC-S2-04","房/居住/地点","SC-S1-03","稳定交往","SC-S3-05","居住/迁移变化","NF-N1-05","安全/信任/可预测","Gate / conditional","N3-02/N3-06","当「思考/决策能力」进入「稳定交往」的「房/居住/地点」，遇到「居住/迁移变化」时，对重视「安全/信任/可预测」的人意味着什么？","constrained_mapping_v0.2","semantic_preflight"
"CC2-01290","PF-E02","思考/决策能力","SC-S2-04","房/居住/地点","SC-S1-03","稳定交往","SC-S3-05","居住/迁移变化","NF-N1-12","价值/人生方向/未来一致性","Gate / fit","N3-06/N3-07","当「思考/决策能力」进入「稳定交往」的「房/居住/地点」，遇到「居住/迁移变化」时，对重视「价值/人生方向/未来一致性」的人意味着什么？","constrained_mapping_v0.2","semantic_preflight"
"CC2-01291","PF-E02","思考/决策能力","SC-S2-04","房/居住/地点","SC-S1-05","结婚/建立家庭","SC-S3-04","大额财务事件","NF-N1-07","公平/可靠/合作","Conditional / gate","N3-02/N3-03","当「思考/决策能力」进入「结婚/建立家庭」的「房/居住/地点」，遇到「大额财务事件」时，对重视「公平/可靠/合作」的人意味着什么？","constrained_mapping_v0.2","semantic_preflight"
"CC2-01292","PF-E02","思考/决策能力","SC-S2-04","房/居住/地点","SC-S1-05","结婚/建立家庭","SC-S3-04","大额财务事件","NF-N1-05","安全/信任/可预测","Gate / conditional","N3-02/N3-06","当「思考/决策能力」进入「结婚/建立家庭」的「房/居住/地点」，遇到「大额财务事件」时，对重视「安全/信任/可预测」的人意味着什么？","constrained_mapping_v0.2","semantic_preflight"
"CC2-01293","PF-E02","思考/决策能力","SC-S2-04","房/居住/地点","SC-S1-05","结婚/建立家庭","SC-S3-04","大额财务事件","NF-N1-12","价值/人生方向/未来一致性","Gate / fit","N3-06/N3-07","当「思考/决策能力」进入「结婚/建立家庭」的「房/居住/地点」，遇到「大额财务事件」时，对重视「价值/人生方向/未来一致性」的人意味着什么？","constrained_mapping_v0.2","semantic_preflight"
"CC2-01294","PF-E02","思考/决策能力","SC-S2-04","房/居住/地点","SC-S1-05","结婚/建立家庭","SC-S3-05","居住/迁移变化","NF-N1-07","公平/可靠/合作","Conditional / gate","N3-02/N3-03","当「思考/决策能力」进入「结婚/建立家庭」的「房/居住/地点」，遇到「居住/迁移变化」时，对重视「公平/可靠/合作」的人意味着什么？","constrained_mapping_v0.2","semantic_preflight"
"CC2-01295","PF-E02","思考/决策能力","SC-S2-04","房/居住/地点","SC-S1-05","结婚/建立家庭","SC-S3-05","居住/迁移变化","NF-N1-05","安全/信任/可预测","Gate / conditional","N3-02/N3-06","当「思考/决策能力」进入「结婚/建立家庭」的「房/居住/地点」，遇到「居住/迁移变化」时，对重视「安全/信任/可预测」的人意味着什么？","constrained_mapping_v0.2","semantic_preflight"
"CC2-01296","PF-E02","思考/决策能力","SC-S2-04","房/居住/地点","SC-S1-05","结婚/建立家庭","SC-S3-05","居住/迁移变化","NF-N1-12","价值/人生方向/未来一致性","Gate / fit","N3-06/N3-07","当「思考/决策能力」进入「结婚/建立家庭」的「房/居住/地点」，遇到「居住/迁移变化」时，对重视「价值/人生方向/未来一致性」的人意味着什么？","constrained_mapping_v0.2","semantic_preflight"
"CC2-01297","PF-E02","思考/决策能力","SC-S2-04","房/居住/地点","SC-S1-06","备孕/怀孕/生育","SC-S3-04","大额财务事件","NF-N1-07","公平/可靠/合作","Conditional / gate","N3-02/N3-03","当「思考/决策能力」进入「备孕/怀孕/生育」的「房/居住/地点」，遇到「大额财务事件」时，对重视「公平/可靠/合作」的人意味着什么？","constrained_mapping_v0.2","semantic_preflight"
"CC2-01298","PF-E02","思考/决策能力","SC-S2-04","房/居住/地点","SC-S1-06","备孕/怀孕/生育","SC-S3-04","大额财务事件","NF-N1-05","安全/信任/可预测","Gate / conditional","N3-02/N3-06","当「思考/决策能力」进入「备孕/怀孕/生育」的「房/居住/地点」，遇到「大额财务事件」时，对重视「安全/信任/可预测」的人意味着什么？","constrained_mapping_v0.2","semantic_preflight"
"CC2-01299","PF-E02","思考/决策能力","SC-S2-04","房/居住/地点","SC-S1-06","备孕/怀孕/生育","SC-S3-04","大额财务事件","NF-N1-12","价值/人生方向/未来一致性","Gate / fit","N3-06/N3-07","当「思考/决策能力」进入「备孕/怀孕/生育」的「房/居住/地点」，遇到「大额财务事件」时，对重视「价值/人生方向/未来一致性」的人意味着什么？","constrained_mapping_v0.2","semantic_preflight"
"CC2-01300","PF-E02","思考/决策能力","SC-S2-04","房/居住/地点","SC-S1-06","备孕/怀孕/生育","SC-S3-05","居住/迁移变化","NF-N1-07","公平/可靠/合作","Conditional / gate","N3-02/N3-03","当「思考/决策能力」进入「备孕/怀孕/生育」的「房/居住/地点」，遇到「居住/迁移变化」时，对重视「公平/可靠/合作」的人意味着什么？","constrained_mapping_v0.2","semantic_preflight"
"CC2-01301","PF-E02","思考/决策能力","SC-S2-04","房/居住/地点","SC-S1-06","备孕/怀孕/生育","SC-S3-05","居住/迁移变化","NF-N1-05","安全/信任/可预测","Gate / conditional","N3-02/N3-06","当「思考/决策能力」进入「备孕/怀孕/生育」的「房/居住/地点」，遇到「居住/迁移变化」时，对重视「安全/信任/可预测」的人意味着什么？","constrained_mapping_v0.2","semantic_preflight"
"CC2-01302","PF-E02","思考/决策能力","SC-S2-04","房/居住/地点","SC-S1-06","备孕/怀孕/生育","SC-S3-05","居住/迁移变化","NF-N1-12","价值/人生方向/未来一致性","Gate / fit","N3-06/N3-07","当「思考/决策能力」进入「备孕/怀孕/生育」的「房/居住/地点」，遇到「居住/迁移变化」时，对重视「价值/人生方向/未来一致性」的人意味着什么？","constrained_mapping_v0.2","semantic_preflight"
"CC2-01303","PF-E02","思考/决策能力","SC-S2-04","房/居住/地点","SC-S1-09","中年多重责任","SC-S3-04","大额财务事件","NF-N1-07","公平/可靠/合作","Conditional / gate","N3-02/N3-03","当「思考/决策能力」进入「中年多重责任」的「房/居住/地点」，遇到「大额财务事件」时，对重视「公平/可靠/合作」的人意味着什么？","constrained_mapping_v0.2","semantic_preflight"
"CC2-01304","PF-E02","思考/决策能力","SC-S2-04","房/居住/地点","SC-S1-09","中年多重责任","SC-S3-04","大额财务事件","NF-N1-05","安全/信任/可预测","Gate / conditional","N3-02/N3-06","当「思考/决策能力」进入「中年多重责任」的「房/居住/地点」，遇到「大额财务事件」时，对重视「安全/信任/可预测」的人意味着什么？","constrained_mapping_v0.2","semantic_preflight"
"CC2-01305","PF-E02","思考/决策能力","SC-S2-04","房/居住/地点","SC-S1-09","中年多重责任","SC-S3-04","大额财务事件","NF-N1-12","价值/人生方向/未来一致性","Gate / fit","N3-06/N3-07","当「思考/决策能力」进入「中年多重责任」的「房/居住/地点」，遇到「大额财务事件」时，对重视「价值/人生方向/未来一致性」的人意味着什么？","constrained_mapping_v0.2","semantic_preflight"
"CC2-01306","PF-E02","思考/决策能力","SC-S2-04","房/居住/地点","SC-S1-09","中年多重责任","SC-S3-05","居住/迁移变化","NF-N1-07","公平/可靠/合作","Conditional / gate","N3-02/N3-03","当「思考/决策能力」进入「中年多重责任」的「房/居住/地点」，遇到「居住/迁移变化」时，对重视「公平/可靠/合作」的人意味着什么？","constrained_mapping_v0.2","semantic_preflight"
"CC2-01307","PF-E02","思考/决策能力","SC-S2-04","房/居住/地点","SC-S1-09","中年多重责任","SC-S3-05","居住/迁移变化","NF-N1-05","安全/信任/可预测","Gate / conditional","N3-02/N3-06","当「思考/决策能力」进入「中年多重责任」的「房/居住/地点」，遇到「居住/迁移变化」时，对重视「安全/信任/可预测」的人意味着什么？","constrained_mapping_v0.2","semantic_preflight"
"CC2-01308","PF-E02","思考/决策能力","SC-S2-04","房/居住/地点","SC-S1-09","中年多重责任","SC-S3-05","居住/迁移变化","NF-N1-12","价值/人生方向/未来一致性","Gate / fit","N3-06/N3-07","当「思考/决策能力」进入「中年多重责任」的「房/居住/地点」，遇到「居住/迁移变化」时，对重视「价值/人生方向/未来一致性」的人意味着什么？","constrained_mapping_v0.2","semantic_preflight"
"CC2-01309","PF-E02","思考/决策能力","SC-S2-06","孩子/生育/教育","SC-S1-05","结婚/建立家庭","SC-S3-06","生育/育儿转折","NF-N1-07","公平/可靠/合作","Conditional / gate","N3-02/N3-03","当「思考/决策能力」进入「结婚/建立家庭」的「孩子/生育/教育」，遇到「生育/育儿转折」时，对重视「公平/可靠/合作」的人意味着什么？","constrained_mapping_v0.2","semantic_preflight"
"CC2-01310","PF-E02","思考/决策能力","SC-S2-06","孩子/生育/教育","SC-S1-05","结婚/建立家庭","SC-S3-06","生育/育儿转折","NF-N1-05","安全/信任/可预测","Gate / conditional","N3-02/N3-06","当「思考/决策能力」进入「结婚/建立家庭」的「孩子/生育/教育」，遇到「生育/育儿转折」时，对重视「安全/信任/可预测」的人意味着什么？","constrained_mapping_v0.2","semantic_preflight"
"CC2-01311","PF-E02","思考/决策能力","SC-S2-06","孩子/生育/教育","SC-S1-05","结婚/建立家庭","SC-S3-06","生育/育儿转折","NF-N1-12","价值/人生方向/未来一致性","Gate / fit","N3-06/N3-07","当「思考/决策能力」进入「结婚/建立家庭」的「孩子/生育/教育」，遇到「生育/育儿转折」时，对重视「价值/人生方向/未来一致性」的人意味着什么？","constrained_mapping_v0.2","semantic_preflight"
"CC2-01312","PF-E02","思考/决策能力","SC-S2-06","孩子/生育/教育","SC-S1-05","结婚/建立家庭","SC-S3-01","工作时间突变","NF-N1-07","公平/可靠/合作","Conditional / gate","N3-02/N3-03","当「思考/决策能力」进入「结婚/建立家庭」的「孩子/生育/教育」，遇到「工作时间突变」时，对重视「公平/可靠/合作」的人意味着什么？","constrained_mapping_v0.2","semantic_preflight"
"CC2-01313","PF-E02","思考/决策能力","SC-S2-06","孩子/生育/教育","SC-S1-05","结婚/建立家庭","SC-S3-01","工作时间突变","NF-N1-05","安全/信任/可预测","Gate / conditional","N3-02/N3-06","当「思考/决策能力」进入「结婚/建立家庭」的「孩子/生育/教育」，遇到「工作时间突变」时，对重视「安全/信任/可预测」的人意味着什么？","constrained_mapping_v0.2","semantic_preflight"
"CC2-01314","PF-E02","思考/决策能力","SC-S2-06","孩子/生育/教育","SC-S1-05","结婚/建立家庭","SC-S3-01","工作时间突变","NF-N1-12","价值/人生方向/未来一致性","Gate / fit","N3-06/N3-07","当「思考/决策能力」进入「结婚/建立家庭」的「孩子/生育/教育」，遇到「工作时间突变」时，对重视「价值/人生方向/未来一致性」的人意味着什么？","constrained_mapping_v0.2","semantic_preflight"
"CC2-01315","PF-E02","思考/决策能力","SC-S2-06","孩子/生育/教育","SC-S1-06","备孕/怀孕/生育","SC-S3-06","生育/育儿转折","NF-N1-07","公平/可靠/合作","Conditional / gate","N3-02/N3-03","当「思考/决策能力」进入「备孕/怀孕/生育」的「孩子/生育/教育」，遇到「生育/育儿转折」时，对重视「公平/可靠/合作」的人意味着什么？","constrained_mapping_v0.2","semantic_preflight"
"CC2-01316","PF-E02","思考/决策能力","SC-S2-06","孩子/生育/教育","SC-S1-06","备孕/怀孕/生育","SC-S3-06","生育/育儿转折","NF-N1-05","安全/信任/可预测","Gate / conditional","N3-02/N3-06","当「思考/决策能力」进入「备孕/怀孕/生育」的「孩子/生育/教育」，遇到「生育/育儿转折」时，对重视「安全/信任/可预测」的人意味着什么？","constrained_mapping_v0.2","semantic_preflight"
"CC2-01317","PF-E02","思考/决策能力","SC-S2-06","孩子/生育/教育","SC-S1-06","备孕/怀孕/生育","SC-S3-06","生育/育儿转折","NF-N1-12","价值/人生方向/未来一致性","Gate / fit","N3-06/N3-07","当「思考/决策能力」进入「备孕/怀孕/生育」的「孩子/生育/教育」，遇到「生育/育儿转折」时，对重视「价值/人生方向/未来一致性」的人意味着什么？","constrained_mapping_v0.2","semantic_preflight"
"CC2-01318","PF-E02","思考/决策能力","SC-S2-06","孩子/生育/教育","SC-S1-06","备孕/怀孕/生育","SC-S3-01","工作时间突变","NF-N1-07","公平/可靠/合作","Conditional / gate","N3-02/N3-03","当「思考/决策能力」进入「备孕/怀孕/生育」的「孩子/生育/教育」，遇到「工作时间突变」时，对重视「公平/可靠/合作」的人意味着什么？","constrained_mapping_v0.2","semantic_preflight"
"CC2-01319","PF-E02","思考/决策能力","SC-S2-06","孩子/生育/教育","SC-S1-06","备孕/怀孕/生育","SC-S3-01","工作时间突变","NF-N1-05","安全/信任/可预测","Gate / conditional","N3-02/N3-06","当「思考/决策能力」进入「备孕/怀孕/生育」的「孩子/生育/教育」，遇到「工作时间突变」时，对重视「安全/信任/可预测」的人意味着什么？","constrained_mapping_v0.2","semantic_preflight"
"CC2-01320","PF-E02","思考/决策能力","SC-S2-06","孩子/生育/教育","SC-S1-06","备孕/怀孕/生育","SC-S3-01","工作时间突变","NF-N1-12","价值/人生方向/未来一致性","Gate / fit","N3-06/N3-07","当「思考/决策能力」进入「备孕/怀孕/生育」的「孩子/生育/教育」，遇到「工作时间突变」时，对重视「价值/人生方向/未来一致性」的人意味着什么？","constrained_mapping_v0.2","semantic_preflight"
"CC2-01321","PF-E02","思考/决策能力","SC-S2-06","孩子/生育/教育","SC-S1-07","婴幼儿照护","SC-S3-06","生育/育儿转折","NF-N1-07","公平/可靠/合作","Conditional / gate","N3-02/N3-03","当「思考/决策能力」进入「婴幼儿照护」的「孩子/生育/教育」，遇到「生育/育儿转折」时，对重视「公平/可靠/合作」的人意味着什么？","constrained_mapping_v0.2","semantic_preflight"
"CC2-01322","PF-E02","思考/决策能力","SC-S2-06","孩子/生育/教育","SC-S1-07","婴幼儿照护","SC-S3-06","生育/育儿转折","NF-N1-05","安全/信任/可预测","Gate / conditional","N3-02/N3-06","当「思考/决策能力」进入「婴幼儿照护」的「孩子/生育/教育」，遇到「生育/育儿转折」时，对重视「安全/信任/可预测」的人意味着什么？","constrained_mapping_v0.2","semantic_preflight"
"CC2-01323","PF-E02","思考/决策能力","SC-S2-06","孩子/生育/教育","SC-S1-07","婴幼儿照护","SC-S3-06","生育/育儿转折","NF-N1-12","价值/人生方向/未来一致性","Gate / fit","N3-06/N3-07","当「思考/决策能力」进入「婴幼儿照护」的「孩子/生育/教育」，遇到「生育/育儿转折」时，对重视「价值/人生方向/未来一致性」的人意味着什么？","constrained_mapping_v0.2","semantic_preflight"
"CC2-01324","PF-E02","思考/决策能力","SC-S2-06","孩子/生育/教育","SC-S1-07","婴幼儿照护","SC-S3-01","工作时间突变","NF-N1-07","公平/可靠/合作","Conditional / gate","N3-02/N3-03","当「思考/决策能力」进入「婴幼儿照护」的「孩子/生育/教育」，遇到「工作时间突变」时，对重视「公平/可靠/合作」的人意味着什么？","constrained_mapping_v0.2","semantic_preflight"
"CC2-01325","PF-E02","思考/决策能力","SC-S2-06","孩子/生育/教育","SC-S1-07","婴幼儿照护","SC-S3-01","工作时间突变","NF-N1-05","安全/信任/可预测","Gate / conditional","N3-02/N3-06","当「思考/决策能力」进入「婴幼儿照护」的「孩子/生育/教育」，遇到「工作时间突变」时，对重视「安全/信任/可预测」的人意味着什么？","constrained_mapping_v0.2","semantic_preflight"
"CC2-01326","PF-E02","思考/决策能力","SC-S2-06","孩子/生育/教育","SC-S1-07","婴幼儿照护","SC-S3-01","工作时间突变","NF-N1-12","价值/人生方向/未来一致性","Gate / fit","N3-06/N3-07","当「思考/决策能力」进入「婴幼儿照护」的「孩子/生育/教育」，遇到「工作时间突变」时，对重视「价值/人生方向/未来一致性」的人意味着什么？","constrained_mapping_v0.2","semantic_preflight"
"CC2-01327","PF-E02","思考/决策能力","SC-S2-06","孩子/生育/教育","SC-S1-08","孩子成长/教育","SC-S3-06","生育/育儿转折","NF-N1-07","公平/可靠/合作","Conditional / gate","N3-02/N3-03","当「思考/决策能力」进入「孩子成长/教育」的「孩子/生育/教育」，遇到「生育/育儿转折」时，对重视「公平/可靠/合作」的人意味着什么？","constrained_mapping_v0.2","semantic_preflight"
"CC2-01328","PF-E02","思考/决策能力","SC-S2-06","孩子/生育/教育","SC-S1-08","孩子成长/教育","SC-S3-06","生育/育儿转折","NF-N1-05","安全/信任/可预测","Gate / conditional","N3-02/N3-06","当「思考/决策能力」进入「孩子成长/教育」的「孩子/生育/教育」，遇到「生育/育儿转折」时，对重视「安全/信任/可预测」的人意味着什么？","constrained_mapping_v0.2","semantic_preflight"
"CC2-01329","PF-E02","思考/决策能力","SC-S2-06","孩子/生育/教育","SC-S1-08","孩子成长/教育","SC-S3-06","生育/育儿转折","NF-N1-12","价值/人生方向/未来一致性","Gate / fit","N3-06/N3-07","当「思考/决策能力」进入「孩子成长/教育」的「孩子/生育/教育」，遇到「生育/育儿转折」时，对重视「价值/人生方向/未来一致性」的人意味着什么？","constrained_mapping_v0.2","semantic_preflight"
"CC2-01330","PF-E02","思考/决策能力","SC-S2-06","孩子/生育/教育","SC-S1-08","孩子成长/教育","SC-S3-01","工作时间突变","NF-N1-07","公平/可靠/合作","Conditional / gate","N3-02/N3-03","当「思考/决策能力」进入「孩子成长/教育」的「孩子/生育/教育」，遇到「工作时间突变」时，对重视「公平/可靠/合作」的人意味着什么？","constrained_mapping_v0.2","semantic_preflight"
"CC2-01331","PF-E02","思考/决策能力","SC-S2-06","孩子/生育/教育","SC-S1-08","孩子成长/教育","SC-S3-01","工作时间突变","NF-N1-05","安全/信任/可预测","Gate / conditional","N3-02/N3-06","当「思考/决策能力」进入「孩子成长/教育」的「孩子/生育/教育」，遇到「工作时间突变」时，对重视「安全/信任/可预测」的人意味着什么？","constrained_mapping_v0.2","semantic_preflight"
"CC2-01332","PF-E02","思考/决策能力","SC-S2-06","孩子/生育/教育","SC-S1-08","孩子成长/教育","SC-S3-01","工作时间突变","NF-N1-12","价值/人生方向/未来一致性","Gate / fit","N3-06/N3-07","当「思考/决策能力」进入「孩子成长/教育」的「孩子/生育/教育」，遇到「工作时间突变」时，对重视「价值/人生方向/未来一致性」的人意味着什么？","constrained_mapping_v0.2","semantic_preflight"
"CC2-01333","PF-E03","情绪调节能力","SC-S2-01","日常作息与生活管理","SC-S1-02","恋爱/磨合","SC-S3-01","工作时间突变","NF-N1-03","被理解/被回应/被关心","Gate or conditional","N3-01","当「情绪调节能力」进入「恋爱/磨合」的「日常作息与生活管理」，遇到「工作时间突变」时，对重视「被理解/被回应/被关心」的人意味着什么？","constrained_mapping_v0.2","semantic_preflight"
"CC2-01334","PF-E03","情绪调节能力","SC-S2-01","日常作息与生活管理","SC-S1-02","恋爱/磨合","SC-S3-01","工作时间突变","NF-N1-05","安全/信任/可预测","Gate / conditional","N3-02/N3-06","当「情绪调节能力」进入「恋爱/磨合」的「日常作息与生活管理」，遇到「工作时间突变」时，对重视「安全/信任/可预测」的人意味着什么？","constrained_mapping_v0.2","semantic_preflight"
"CC2-01335","PF-E03","情绪调节能力","SC-S2-01","日常作息与生活管理","SC-S1-02","恋爱/磨合","SC-S3-01","工作时间突变","NF-N1-07","公平/可靠/合作","Conditional / gate","N3-02/N3-03","当「情绪调节能力」进入「恋爱/磨合」的「日常作息与生活管理」，遇到「工作时间突变」时，对重视「公平/可靠/合作」的人意味着什么？","constrained_mapping_v0.2","semantic_preflight"
"CC2-01336","PF-E03","情绪调节能力","SC-S2-01","日常作息与生活管理","SC-S1-02","恋爱/磨合","SC-S3-10","反复小问题累积","NF-N1-03","被理解/被回应/被关心","Gate or conditional","N3-01","当「情绪调节能力」进入「恋爱/磨合」的「日常作息与生活管理」，遇到「反复小问题累积」时，对重视「被理解/被回应/被关心」的人意味着什么？","constrained_mapping_v0.2","semantic_preflight"
"CC2-01337","PF-E03","情绪调节能力","SC-S2-01","日常作息与生活管理","SC-S1-02","恋爱/磨合","SC-S3-10","反复小问题累积","NF-N1-05","安全/信任/可预测","Gate / conditional","N3-02/N3-06","当「情绪调节能力」进入「恋爱/磨合」的「日常作息与生活管理」，遇到「反复小问题累积」时，对重视「安全/信任/可预测」的人意味着什么？","constrained_mapping_v0.2","semantic_preflight"
"CC2-01338","PF-E03","情绪调节能力","SC-S2-01","日常作息与生活管理","SC-S1-02","恋爱/磨合","SC-S3-10","反复小问题累积","NF-N1-07","公平/可靠/合作","Conditional / gate","N3-02/N3-03","当「情绪调节能力」进入「恋爱/磨合」的「日常作息与生活管理」，遇到「反复小问题累积」时，对重视「公平/可靠/合作」的人意味着什么？","constrained_mapping_v0.2","semantic_preflight"
"CC2-01339","PF-E03","情绪调节能力","SC-S2-01","日常作息与生活管理","SC-S1-04","同居/婚前","SC-S3-01","工作时间突变","NF-N1-03","被理解/被回应/被关心","Gate or conditional","N3-01","当「情绪调节能力」进入「同居/婚前」的「日常作息与生活管理」，遇到「工作时间突变」时，对重视「被理解/被回应/被关心」的人意味着什么？","constrained_mapping_v0.2","semantic_preflight"
"CC2-01340","PF-E03","情绪调节能力","SC-S2-01","日常作息与生活管理","SC-S1-04","同居/婚前","SC-S3-01","工作时间突变","NF-N1-05","安全/信任/可预测","Gate / conditional","N3-02/N3-06","当「情绪调节能力」进入「同居/婚前」的「日常作息与生活管理」，遇到「工作时间突变」时，对重视「安全/信任/可预测」的人意味着什么？","constrained_mapping_v0.2","semantic_preflight"
"CC2-01341","PF-E03","情绪调节能力","SC-S2-01","日常作息与生活管理","SC-S1-04","同居/婚前","SC-S3-01","工作时间突变","NF-N1-07","公平/可靠/合作","Conditional / gate","N3-02/N3-03","当「情绪调节能力」进入「同居/婚前」的「日常作息与生活管理」，遇到「工作时间突变」时，对重视「公平/可靠/合作」的人意味着什么？","constrained_mapping_v0.2","semantic_preflight"
"CC2-01342","PF-E03","情绪调节能力","SC-S2-01","日常作息与生活管理","SC-S1-04","同居/婚前","SC-S3-10","反复小问题累积","NF-N1-03","被理解/被回应/被关心","Gate or conditional","N3-01","当「情绪调节能力」进入「同居/婚前」的「日常作息与生活管理」，遇到「反复小问题累积」时，对重视「被理解/被回应/被关心」的人意味着什么？","constrained_mapping_v0.2","semantic_preflight"
"CC2-01343","PF-E03","情绪调节能力","SC-S2-01","日常作息与生活管理","SC-S1-04","同居/婚前","SC-S3-10","反复小问题累积","NF-N1-05","安全/信任/可预测","Gate / conditional","N3-02/N3-06","当「情绪调节能力」进入「同居/婚前」的「日常作息与生活管理」，遇到「反复小问题累积」时，对重视「安全/信任/可预测」的人意味着什么？","constrained_mapping_v0.2","semantic_preflight"
"CC2-01344","PF-E03","情绪调节能力","SC-S2-01","日常作息与生活管理","SC-S1-04","同居/婚前","SC-S3-10","反复小问题累积","NF-N1-07","公平/可靠/合作","Conditional / gate","N3-02/N3-03","当「情绪调节能力」进入「同居/婚前」的「日常作息与生活管理」，遇到「反复小问题累积」时，对重视「公平/可靠/合作」的人意味着什么？","constrained_mapping_v0.2","semantic_preflight"
"CC2-01345","PF-E03","情绪调节能力","SC-S2-01","日常作息与生活管理","SC-S1-07","婴幼儿照护","SC-S3-01","工作时间突变","NF-N1-03","被理解/被回应/被关心","Gate or conditional","N3-01","当「情绪调节能力」进入「婴幼儿照护」的「日常作息与生活管理」，遇到「工作时间突变」时，对重视「被理解/被回应/被关心」的人意味着什么？","constrained_mapping_v0.2","semantic_preflight"
"CC2-01346","PF-E03","情绪调节能力","SC-S2-01","日常作息与生活管理","SC-S1-07","婴幼儿照护","SC-S3-01","工作时间突变","NF-N1-05","安全/信任/可预测","Gate / conditional","N3-02/N3-06","当「情绪调节能力」进入「婴幼儿照护」的「日常作息与生活管理」，遇到「工作时间突变」时，对重视「安全/信任/可预测」的人意味着什么？","constrained_mapping_v0.2","semantic_preflight"
"CC2-01347","PF-E03","情绪调节能力","SC-S2-01","日常作息与生活管理","SC-S1-07","婴幼儿照护","SC-S3-01","工作时间突变","NF-N1-07","公平/可靠/合作","Conditional / gate","N3-02/N3-03","当「情绪调节能力」进入「婴幼儿照护」的「日常作息与生活管理」，遇到「工作时间突变」时，对重视「公平/可靠/合作」的人意味着什么？","constrained_mapping_v0.2","semantic_preflight"
"CC2-01348","PF-E03","情绪调节能力","SC-S2-01","日常作息与生活管理","SC-S1-07","婴幼儿照护","SC-S3-10","反复小问题累积","NF-N1-03","被理解/被回应/被关心","Gate or conditional","N3-01","当「情绪调节能力」进入「婴幼儿照护」的「日常作息与生活管理」，遇到「反复小问题累积」时，对重视「被理解/被回应/被关心」的人意味着什么？","constrained_mapping_v0.2","semantic_preflight"
"CC2-01349","PF-E03","情绪调节能力","SC-S2-01","日常作息与生活管理","SC-S1-07","婴幼儿照护","SC-S3-10","反复小问题累积","NF-N1-05","安全/信任/可预测","Gate / conditional","N3-02/N3-06","当「情绪调节能力」进入「婴幼儿照护」的「日常作息与生活管理」，遇到「反复小问题累积」时，对重视「安全/信任/可预测」的人意味着什么？","constrained_mapping_v0.2","semantic_preflight"
"CC2-01350","PF-E03","情绪调节能力","SC-S2-01","日常作息与生活管理","SC-S1-07","婴幼儿照护","SC-S3-10","反复小问题累积","NF-N1-07","公平/可靠/合作","Conditional / gate","N3-02/N3-03","当「情绪调节能力」进入「婴幼儿照护」的「日常作息与生活管理」，遇到「反复小问题累积」时，对重视「公平/可靠/合作」的人意味着什么？","constrained_mapping_v0.2","semantic_preflight"
"CC2-01351","PF-E03","情绪调节能力","SC-S2-07","双方父母/原生家庭","SC-S1-05","结婚/建立家庭","SC-S3-07","父母责任变化","NF-N1-03","被理解/被回应/被关心","Gate or conditional","N3-01","当「情绪调节能力」进入「结婚/建立家庭」的「双方父母/原生家庭」，遇到「父母责任变化」时，对重视「被理解/被回应/被关心」的人意味着什么？","constrained_mapping_v0.2","semantic_preflight"
"CC2-01352","PF-E03","情绪调节能力","SC-S2-07","双方父母/原生家庭","SC-S1-05","结婚/建立家庭","SC-S3-07","父母责任变化","NF-N1-05","安全/信任/可预测","Gate / conditional","N3-02/N3-06","当「情绪调节能力」进入「结婚/建立家庭」的「双方父母/原生家庭」，遇到「父母责任变化」时，对重视「安全/信任/可预测」的人意味着什么？","constrained_mapping_v0.2","semantic_preflight"
"CC2-01353","PF-E03","情绪调节能力","SC-S2-07","双方父母/原生家庭","SC-S1-05","结婚/建立家庭","SC-S3-07","父母责任变化","NF-N1-07","公平/可靠/合作","Conditional / gate","N3-02/N3-03","当「情绪调节能力」进入「结婚/建立家庭」的「双方父母/原生家庭」，遇到「父母责任变化」时，对重视「公平/可靠/合作」的人意味着什么？","constrained_mapping_v0.2","semantic_preflight"
"CC2-01354","PF-E03","情绪调节能力","SC-S2-07","双方父母/原生家庭","SC-S1-05","结婚/建立家庭","SC-S3-05","居住/迁移变化","NF-N1-03","被理解/被回应/被关心","Gate or conditional","N3-01","当「情绪调节能力」进入「结婚/建立家庭」的「双方父母/原生家庭」，遇到「居住/迁移变化」时，对重视「被理解/被回应/被关心」的人意味着什么？","constrained_mapping_v0.2","semantic_preflight"
"CC2-01355","PF-E03","情绪调节能力","SC-S2-07","双方父母/原生家庭","SC-S1-05","结婚/建立家庭","SC-S3-05","居住/迁移变化","NF-N1-05","安全/信任/可预测","Gate / conditional","N3-02/N3-06","当「情绪调节能力」进入「结婚/建立家庭」的「双方父母/原生家庭」，遇到「居住/迁移变化」时，对重视「安全/信任/可预测」的人意味着什么？","constrained_mapping_v0.2","semantic_preflight"
"CC2-01356","PF-E03","情绪调节能力","SC-S2-07","双方父母/原生家庭","SC-S1-05","结婚/建立家庭","SC-S3-05","居住/迁移变化","NF-N1-07","公平/可靠/合作","Conditional / gate","N3-02/N3-03","当「情绪调节能力」进入「结婚/建立家庭」的「双方父母/原生家庭」，遇到「居住/迁移变化」时，对重视「公平/可靠/合作」的人意味着什么？","constrained_mapping_v0.2","semantic_preflight"
"CC2-01357","PF-E03","情绪调节能力","SC-S2-07","双方父母/原生家庭","SC-S1-06","备孕/怀孕/生育","SC-S3-07","父母责任变化","NF-N1-03","被理解/被回应/被关心","Gate or conditional","N3-01","当「情绪调节能力」进入「备孕/怀孕/生育」的「双方父母/原生家庭」，遇到「父母责任变化」时，对重视「被理解/被回应/被关心」的人意味着什么？","constrained_mapping_v0.2","semantic_preflight"
"CC2-01358","PF-E03","情绪调节能力","SC-S2-07","双方父母/原生家庭","SC-S1-06","备孕/怀孕/生育","SC-S3-07","父母责任变化","NF-N1-05","安全/信任/可预测","Gate / conditional","N3-02/N3-06","当「情绪调节能力」进入「备孕/怀孕/生育」的「双方父母/原生家庭」，遇到「父母责任变化」时，对重视「安全/信任/可预测」的人意味着什么？","constrained_mapping_v0.2","semantic_preflight"
"CC2-01359","PF-E03","情绪调节能力","SC-S2-07","双方父母/原生家庭","SC-S1-06","备孕/怀孕/生育","SC-S3-07","父母责任变化","NF-N1-07","公平/可靠/合作","Conditional / gate","N3-02/N3-03","当「情绪调节能力」进入「备孕/怀孕/生育」的「双方父母/原生家庭」，遇到「父母责任变化」时，对重视「公平/可靠/合作」的人意味着什么？","constrained_mapping_v0.2","semantic_preflight"
"CC2-01360","PF-E03","情绪调节能力","SC-S2-07","双方父母/原生家庭","SC-S1-06","备孕/怀孕/生育","SC-S3-05","居住/迁移变化","NF-N1-03","被理解/被回应/被关心","Gate or conditional","N3-01","当「情绪调节能力」进入「备孕/怀孕/生育」的「双方父母/原生家庭」，遇到「居住/迁移变化」时，对重视「被理解/被回应/被关心」的人意味着什么？","constrained_mapping_v0.2","semantic_preflight"
"CC2-01361","PF-E03","情绪调节能力","SC-S2-07","双方父母/原生家庭","SC-S1-06","备孕/怀孕/生育","SC-S3-05","居住/迁移变化","NF-N1-05","安全/信任/可预测","Gate / conditional","N3-02/N3-06","当「情绪调节能力」进入「备孕/怀孕/生育」的「双方父母/原生家庭」，遇到「居住/迁移变化」时，对重视「安全/信任/可预测」的人意味着什么？","constrained_mapping_v0.2","semantic_preflight"
"CC2-01362","PF-E03","情绪调节能力","SC-S2-07","双方父母/原生家庭","SC-S1-06","备孕/怀孕/生育","SC-S3-05","居住/迁移变化","NF-N1-07","公平/可靠/合作","Conditional / gate","N3-02/N3-03","当「情绪调节能力」进入「备孕/怀孕/生育」的「双方父母/原生家庭」，遇到「居住/迁移变化」时，对重视「公平/可靠/合作」的人意味着什么？","constrained_mapping_v0.2","semantic_preflight"
"CC2-01363","PF-E03","情绪调节能力","SC-S2-07","双方父母/原生家庭","SC-S1-07","婴幼儿照护","SC-S3-07","父母责任变化","NF-N1-03","被理解/被回应/被关心","Gate or conditional","N3-01","当「情绪调节能力」进入「婴幼儿照护」的「双方父母/原生家庭」，遇到「父母责任变化」时，对重视「被理解/被回应/被关心」的人意味着什么？","constrained_mapping_v0.2","semantic_preflight"
"CC2-01364","PF-E03","情绪调节能力","SC-S2-07","双方父母/原生家庭","SC-S1-07","婴幼儿照护","SC-S3-07","父母责任变化","NF-N1-05","安全/信任/可预测","Gate / conditional","N3-02/N3-06","当「情绪调节能力」进入「婴幼儿照护」的「双方父母/原生家庭」，遇到「父母责任变化」时，对重视「安全/信任/可预测」的人意味着什么？","constrained_mapping_v0.2","semantic_preflight"
"CC2-01365","PF-E03","情绪调节能力","SC-S2-07","双方父母/原生家庭","SC-S1-07","婴幼儿照护","SC-S3-07","父母责任变化","NF-N1-07","公平/可靠/合作","Conditional / gate","N3-02/N3-03","当「情绪调节能力」进入「婴幼儿照护」的「双方父母/原生家庭」，遇到「父母责任变化」时，对重视「公平/可靠/合作」的人意味着什么？","constrained_mapping_v0.2","semantic_preflight"
"CC2-01366","PF-E03","情绪调节能力","SC-S2-07","双方父母/原生家庭","SC-S1-07","婴幼儿照护","SC-S3-05","居住/迁移变化","NF-N1-03","被理解/被回应/被关心","Gate or conditional","N3-01","当「情绪调节能力」进入「婴幼儿照护」的「双方父母/原生家庭」，遇到「居住/迁移变化」时，对重视「被理解/被回应/被关心」的人意味着什么？","constrained_mapping_v0.2","semantic_preflight"
"CC2-01367","PF-E03","情绪调节能力","SC-S2-07","双方父母/原生家庭","SC-S1-07","婴幼儿照护","SC-S3-05","居住/迁移变化","NF-N1-05","安全/信任/可预测","Gate / conditional","N3-02/N3-06","当「情绪调节能力」进入「婴幼儿照护」的「双方父母/原生家庭」，遇到「居住/迁移变化」时，对重视「安全/信任/可预测」的人意味着什么？","constrained_mapping_v0.2","semantic_preflight"
"CC2-01368","PF-E03","情绪调节能力","SC-S2-07","双方父母/原生家庭","SC-S1-07","婴幼儿照护","SC-S3-05","居住/迁移变化","NF-N1-07","公平/可靠/合作","Conditional / gate","N3-02/N3-03","当「情绪调节能力」进入「婴幼儿照护」的「双方父母/原生家庭」，遇到「居住/迁移变化」时，对重视「公平/可靠/合作」的人意味着什么？","constrained_mapping_v0.2","semantic_preflight"
"CC2-01369","PF-E03","情绪调节能力","SC-S2-07","双方父母/原生家庭","SC-S1-09","中年多重责任","SC-S3-07","父母责任变化","NF-N1-03","被理解/被回应/被关心","Gate or conditional","N3-01","当「情绪调节能力」进入「中年多重责任」的「双方父母/原生家庭」，遇到「父母责任变化」时，对重视「被理解/被回应/被关心」的人意味着什么？","constrained_mapping_v0.2","semantic_preflight"
"CC2-01370","PF-E03","情绪调节能力","SC-S2-07","双方父母/原生家庭","SC-S1-09","中年多重责任","SC-S3-07","父母责任变化","NF-N1-05","安全/信任/可预测","Gate / conditional","N3-02/N3-06","当「情绪调节能力」进入「中年多重责任」的「双方父母/原生家庭」，遇到「父母责任变化」时，对重视「安全/信任/可预测」的人意味着什么？","constrained_mapping_v0.2","semantic_preflight"
"CC2-01371","PF-E03","情绪调节能力","SC-S2-07","双方父母/原生家庭","SC-S1-09","中年多重责任","SC-S3-07","父母责任变化","NF-N1-07","公平/可靠/合作","Conditional / gate","N3-02/N3-03","当「情绪调节能力」进入「中年多重责任」的「双方父母/原生家庭」，遇到「父母责任变化」时，对重视「公平/可靠/合作」的人意味着什么？","constrained_mapping_v0.2","semantic_preflight"
"CC2-01372","PF-E03","情绪调节能力","SC-S2-07","双方父母/原生家庭","SC-S1-09","中年多重责任","SC-S3-05","居住/迁移变化","NF-N1-03","被理解/被回应/被关心","Gate or conditional","N3-01","当「情绪调节能力」进入「中年多重责任」的「双方父母/原生家庭」，遇到「居住/迁移变化」时，对重视「被理解/被回应/被关心」的人意味着什么？","constrained_mapping_v0.2","semantic_preflight"
"CC2-01373","PF-E03","情绪调节能力","SC-S2-07","双方父母/原生家庭","SC-S1-09","中年多重责任","SC-S3-05","居住/迁移变化","NF-N1-05","安全/信任/可预测","Gate / conditional","N3-02/N3-06","当「情绪调节能力」进入「中年多重责任」的「双方父母/原生家庭」，遇到「居住/迁移变化」时，对重视「安全/信任/可预测」的人意味着什么？","constrained_mapping_v0.2","semantic_preflight"
"CC2-01374","PF-E03","情绪调节能力","SC-S2-07","双方父母/原生家庭","SC-S1-09","中年多重责任","SC-S3-05","居住/迁移变化","NF-N1-07","公平/可靠/合作","Conditional / gate","N3-02/N3-03","当「情绪调节能力」进入「中年多重责任」的「双方父母/原生家庭」，遇到「居住/迁移变化」时，对重视「公平/可靠/合作」的人意味着什么？","constrained_mapping_v0.2","semantic_preflight"
"CC2-01375","PF-E03","情绪调节能力","SC-S2-11","健康/疾病/照护","SC-S1-03","稳定交往","SC-S3-08","本人健康变化","NF-N1-03","被理解/被回应/被关心","Gate or conditional","N3-01","当「情绪调节能力」进入「稳定交往」的「健康/疾病/照护」，遇到「本人健康变化」时，对重视「被理解/被回应/被关心」的人意味着什么？","constrained_mapping_v0.2","semantic_preflight"
"CC2-01376","PF-E03","情绪调节能力","SC-S2-11","健康/疾病/照护","SC-S1-03","稳定交往","SC-S3-08","本人健康变化","NF-N1-05","安全/信任/可预测","Gate / conditional","N3-02/N3-06","当「情绪调节能力」进入「稳定交往」的「健康/疾病/照护」，遇到「本人健康变化」时，对重视「安全/信任/可预测」的人意味着什么？","constrained_mapping_v0.2","semantic_preflight"
"CC2-01377","PF-E03","情绪调节能力","SC-S2-11","健康/疾病/照护","SC-S1-03","稳定交往","SC-S3-08","本人健康变化","NF-N1-07","公平/可靠/合作","Conditional / gate","N3-02/N3-03","当「情绪调节能力」进入「稳定交往」的「健康/疾病/照护」，遇到「本人健康变化」时，对重视「公平/可靠/合作」的人意味着什么？","constrained_mapping_v0.2","semantic_preflight"
"CC2-01378","PF-E03","情绪调节能力","SC-S2-11","健康/疾病/照护","SC-S1-03","稳定交往","SC-S3-07","父母责任变化","NF-N1-03","被理解/被回应/被关心","Gate or conditional","N3-01","当「情绪调节能力」进入「稳定交往」的「健康/疾病/照护」，遇到「父母责任变化」时，对重视「被理解/被回应/被关心」的人意味着什么？","constrained_mapping_v0.2","semantic_preflight"
"CC2-01379","PF-E03","情绪调节能力","SC-S2-11","健康/疾病/照护","SC-S1-03","稳定交往","SC-S3-07","父母责任变化","NF-N1-05","安全/信任/可预测","Gate / conditional","N3-02/N3-06","当「情绪调节能力」进入「稳定交往」的「健康/疾病/照护」，遇到「父母责任变化」时，对重视「安全/信任/可预测」的人意味着什么？","constrained_mapping_v0.2","semantic_preflight"
"CC2-01380","PF-E03","情绪调节能力","SC-S2-11","健康/疾病/照护","SC-S1-03","稳定交往","SC-S3-07","父母责任变化","NF-N1-07","公平/可靠/合作","Conditional / gate","N3-02/N3-03","当「情绪调节能力」进入「稳定交往」的「健康/疾病/照护」，遇到「父母责任变化」时，对重视「公平/可靠/合作」的人意味着什么？","constrained_mapping_v0.2","semantic_preflight"
"CC2-01381","PF-E03","情绪调节能力","SC-S2-11","健康/疾病/照护","SC-S1-06","备孕/怀孕/生育","SC-S3-08","本人健康变化","NF-N1-03","被理解/被回应/被关心","Gate or conditional","N3-01","当「情绪调节能力」进入「备孕/怀孕/生育」的「健康/疾病/照护」，遇到「本人健康变化」时，对重视「被理解/被回应/被关心」的人意味着什么？","constrained_mapping_v0.2","semantic_preflight"
"CC2-01382","PF-E03","情绪调节能力","SC-S2-11","健康/疾病/照护","SC-S1-06","备孕/怀孕/生育","SC-S3-08","本人健康变化","NF-N1-05","安全/信任/可预测","Gate / conditional","N3-02/N3-06","当「情绪调节能力」进入「备孕/怀孕/生育」的「健康/疾病/照护」，遇到「本人健康变化」时，对重视「安全/信任/可预测」的人意味着什么？","constrained_mapping_v0.2","semantic_preflight"
"CC2-01383","PF-E03","情绪调节能力","SC-S2-11","健康/疾病/照护","SC-S1-06","备孕/怀孕/生育","SC-S3-08","本人健康变化","NF-N1-07","公平/可靠/合作","Conditional / gate","N3-02/N3-03","当「情绪调节能力」进入「备孕/怀孕/生育」的「健康/疾病/照护」，遇到「本人健康变化」时，对重视「公平/可靠/合作」的人意味着什么？","constrained_mapping_v0.2","semantic_preflight"
"CC2-01384","PF-E03","情绪调节能力","SC-S2-11","健康/疾病/照护","SC-S1-06","备孕/怀孕/生育","SC-S3-07","父母责任变化","NF-N1-03","被理解/被回应/被关心","Gate or conditional","N3-01","当「情绪调节能力」进入「备孕/怀孕/生育」的「健康/疾病/照护」，遇到「父母责任变化」时，对重视「被理解/被回应/被关心」的人意味着什么？","constrained_mapping_v0.2","semantic_preflight"
"CC2-01385","PF-E03","情绪调节能力","SC-S2-11","健康/疾病/照护","SC-S1-06","备孕/怀孕/生育","SC-S3-07","父母责任变化","NF-N1-05","安全/信任/可预测","Gate / conditional","N3-02/N3-06","当「情绪调节能力」进入「备孕/怀孕/生育」的「健康/疾病/照护」，遇到「父母责任变化」时，对重视「安全/信任/可预测」的人意味着什么？","constrained_mapping_v0.2","semantic_preflight"
"CC2-01386","PF-E03","情绪调节能力","SC-S2-11","健康/疾病/照护","SC-S1-06","备孕/怀孕/生育","SC-S3-07","父母责任变化","NF-N1-07","公平/可靠/合作","Conditional / gate","N3-02/N3-03","当「情绪调节能力」进入「备孕/怀孕/生育」的「健康/疾病/照护」，遇到「父母责任变化」时，对重视「公平/可靠/合作」的人意味着什么？","constrained_mapping_v0.2","semantic_preflight"
"CC2-01387","PF-E03","情绪调节能力","SC-S2-11","健康/疾病/照护","SC-S1-07","婴幼儿照护","SC-S3-08","本人健康变化","NF-N1-03","被理解/被回应/被关心","Gate or conditional","N3-01","当「情绪调节能力」进入「婴幼儿照护」的「健康/疾病/照护」，遇到「本人健康变化」时，对重视「被理解/被回应/被关心」的人意味着什么？","constrained_mapping_v0.2","semantic_preflight"
"CC2-01388","PF-E03","情绪调节能力","SC-S2-11","健康/疾病/照护","SC-S1-07","婴幼儿照护","SC-S3-08","本人健康变化","NF-N1-05","安全/信任/可预测","Gate / conditional","N3-02/N3-06","当「情绪调节能力」进入「婴幼儿照护」的「健康/疾病/照护」，遇到「本人健康变化」时，对重视「安全/信任/可预测」的人意味着什么？","constrained_mapping_v0.2","semantic_preflight"
"CC2-01389","PF-E03","情绪调节能力","SC-S2-11","健康/疾病/照护","SC-S1-07","婴幼儿照护","SC-S3-08","本人健康变化","NF-N1-07","公平/可靠/合作","Conditional / gate","N3-02/N3-03","当「情绪调节能力」进入「婴幼儿照护」的「健康/疾病/照护」，遇到「本人健康变化」时，对重视「公平/可靠/合作」的人意味着什么？","constrained_mapping_v0.2","semantic_preflight"
"CC2-01390","PF-E03","情绪调节能力","SC-S2-11","健康/疾病/照护","SC-S1-07","婴幼儿照护","SC-S3-07","父母责任变化","NF-N1-03","被理解/被回应/被关心","Gate or conditional","N3-01","当「情绪调节能力」进入「婴幼儿照护」的「健康/疾病/照护」，遇到「父母责任变化」时，对重视「被理解/被回应/被关心」的人意味着什么？","constrained_mapping_v0.2","semantic_preflight"
"CC2-01391","PF-E03","情绪调节能力","SC-S2-11","健康/疾病/照护","SC-S1-07","婴幼儿照护","SC-S3-07","父母责任变化","NF-N1-05","安全/信任/可预测","Gate / conditional","N3-02/N3-06","当「情绪调节能力」进入「婴幼儿照护」的「健康/疾病/照护」，遇到「父母责任变化」时，对重视「安全/信任/可预测」的人意味着什么？","constrained_mapping_v0.2","semantic_preflight"
"CC2-01392","PF-E03","情绪调节能力","SC-S2-11","健康/疾病/照护","SC-S1-07","婴幼儿照护","SC-S3-07","父母责任变化","NF-N1-07","公平/可靠/合作","Conditional / gate","N3-02/N3-03","当「情绪调节能力」进入「婴幼儿照护」的「健康/疾病/照护」，遇到「父母责任变化」时，对重视「公平/可靠/合作」的人意味着什么？","constrained_mapping_v0.2","semantic_preflight"
"CC2-01393","PF-E03","情绪调节能力","SC-S2-11","健康/疾病/照护","SC-S1-10","退休/老年/长期照护","SC-S3-08","本人健康变化","NF-N1-03","被理解/被回应/被关心","Gate or conditional","N3-01","当「情绪调节能力」进入「退休/老年/长期照护」的「健康/疾病/照护」，遇到「本人健康变化」时，对重视「被理解/被回应/被关心」的人意味着什么？","constrained_mapping_v0.2","semantic_preflight"
"CC2-01394","PF-E03","情绪调节能力","SC-S2-11","健康/疾病/照护","SC-S1-10","退休/老年/长期照护","SC-S3-08","本人健康变化","NF-N1-05","安全/信任/可预测","Gate / conditional","N3-02/N3-06","当「情绪调节能力」进入「退休/老年/长期照护」的「健康/疾病/照护」，遇到「本人健康变化」时，对重视「安全/信任/可预测」的人意味着什么？","constrained_mapping_v0.2","semantic_preflight"
"CC2-01395","PF-E03","情绪调节能力","SC-S2-11","健康/疾病/照护","SC-S1-10","退休/老年/长期照护","SC-S3-08","本人健康变化","NF-N1-07","公平/可靠/合作","Conditional / gate","N3-02/N3-03","当「情绪调节能力」进入「退休/老年/长期照护」的「健康/疾病/照护」，遇到「本人健康变化」时，对重视「公平/可靠/合作」的人意味着什么？","constrained_mapping_v0.2","semantic_preflight"
"CC2-01396","PF-E03","情绪调节能力","SC-S2-11","健康/疾病/照护","SC-S1-10","退休/老年/长期照护","SC-S3-07","父母责任变化","NF-N1-03","被理解/被回应/被关心","Gate or conditional","N3-01","当「情绪调节能力」进入「退休/老年/长期照护」的「健康/疾病/照护」，遇到「父母责任变化」时，对重视「被理解/被回应/被关心」的人意味着什么？","constrained_mapping_v0.2","semantic_preflight"
"CC2-01397","PF-E03","情绪调节能力","SC-S2-11","健康/疾病/照护","SC-S1-10","退休/老年/长期照护","SC-S3-07","父母责任变化","NF-N1-05","安全/信任/可预测","Gate / conditional","N3-02/N3-06","当「情绪调节能力」进入「退休/老年/长期照护」的「健康/疾病/照护」，遇到「父母责任变化」时，对重视「安全/信任/可预测」的人意味着什么？","constrained_mapping_v0.2","semantic_preflight"
"CC2-01398","PF-E03","情绪调节能力","SC-S2-11","健康/疾病/照护","SC-S1-10","退休/老年/长期照护","SC-S3-07","父母责任变化","NF-N1-07","公平/可靠/合作","Conditional / gate","N3-02/N3-03","当「情绪调节能力」进入「退休/老年/长期照护」的「健康/疾病/照护」，遇到「父母责任变化」时，对重视「公平/可靠/合作」的人意味着什么？","constrained_mapping_v0.2","semantic_preflight"
"CC2-01399","PF-E04","沟通/共情能力","SC-S2-01","日常作息与生活管理","SC-S1-02","恋爱/磨合","SC-S3-01","工作时间突变","NF-N1-03","被理解/被回应/被关心","Gate or conditional","N3-01","当「沟通/共情能力」进入「恋爱/磨合」的「日常作息与生活管理」，遇到「工作时间突变」时，对重视「被理解/被回应/被关心」的人意味着什么？","constrained_mapping_v0.2","semantic_preflight"
"CC2-01400","PF-E04","沟通/共情能力","SC-S2-01","日常作息与生活管理","SC-S1-02","恋爱/磨合","SC-S3-01","工作时间突变","NF-N1-05","安全/信任/可预测","Gate / conditional","N3-02/N3-06","当「沟通/共情能力」进入「恋爱/磨合」的「日常作息与生活管理」，遇到「工作时间突变」时，对重视「安全/信任/可预测」的人意味着什么？","constrained_mapping_v0.2","semantic_preflight"
"CC2-01401","PF-E04","沟通/共情能力","SC-S2-01","日常作息与生活管理","SC-S1-02","恋爱/磨合","SC-S3-01","工作时间突变","NF-N1-10","性/身体亲密","Gate / fit","N3-10","当「沟通/共情能力」进入「恋爱/磨合」的「日常作息与生活管理」，遇到「工作时间突变」时，对重视「性/身体亲密」的人意味着什么？","constrained_mapping_v0.2","semantic_preflight"
"CC2-01402","PF-E04","沟通/共情能力","SC-S2-01","日常作息与生活管理","SC-S1-02","恋爱/磨合","SC-S3-10","反复小问题累积","NF-N1-03","被理解/被回应/被关心","Gate or conditional","N3-01","当「沟通/共情能力」进入「恋爱/磨合」的「日常作息与生活管理」，遇到「反复小问题累积」时，对重视「被理解/被回应/被关心」的人意味着什么？","constrained_mapping_v0.2","semantic_preflight"
"CC2-01403","PF-E04","沟通/共情能力","SC-S2-01","日常作息与生活管理","SC-S1-02","恋爱/磨合","SC-S3-10","反复小问题累积","NF-N1-05","安全/信任/可预测","Gate / conditional","N3-02/N3-06","当「沟通/共情能力」进入「恋爱/磨合」的「日常作息与生活管理」，遇到「反复小问题累积」时，对重视「安全/信任/可预测」的人意味着什么？","constrained_mapping_v0.2","semantic_preflight"
"CC2-01404","PF-E04","沟通/共情能力","SC-S2-01","日常作息与生活管理","SC-S1-02","恋爱/磨合","SC-S3-10","反复小问题累积","NF-N1-10","性/身体亲密","Gate / fit","N3-10","当「沟通/共情能力」进入「恋爱/磨合」的「日常作息与生活管理」，遇到「反复小问题累积」时，对重视「性/身体亲密」的人意味着什么？","constrained_mapping_v0.2","semantic_preflight"
"CC2-01405","PF-E04","沟通/共情能力","SC-S2-01","日常作息与生活管理","SC-S1-04","同居/婚前","SC-S3-01","工作时间突变","NF-N1-03","被理解/被回应/被关心","Gate or conditional","N3-01","当「沟通/共情能力」进入「同居/婚前」的「日常作息与生活管理」，遇到「工作时间突变」时，对重视「被理解/被回应/被关心」的人意味着什么？","constrained_mapping_v0.2","semantic_preflight"
"CC2-01406","PF-E04","沟通/共情能力","SC-S2-01","日常作息与生活管理","SC-S1-04","同居/婚前","SC-S3-01","工作时间突变","NF-N1-05","安全/信任/可预测","Gate / conditional","N3-02/N3-06","当「沟通/共情能力」进入「同居/婚前」的「日常作息与生活管理」，遇到「工作时间突变」时，对重视「安全/信任/可预测」的人意味着什么？","constrained_mapping_v0.2","semantic_preflight"
"CC2-01407","PF-E04","沟通/共情能力","SC-S2-01","日常作息与生活管理","SC-S1-04","同居/婚前","SC-S3-01","工作时间突变","NF-N1-10","性/身体亲密","Gate / fit","N3-10","当「沟通/共情能力」进入「同居/婚前」的「日常作息与生活管理」，遇到「工作时间突变」时，对重视「性/身体亲密」的人意味着什么？","constrained_mapping_v0.2","semantic_preflight"
"CC2-01408","PF-E04","沟通/共情能力","SC-S2-01","日常作息与生活管理","SC-S1-04","同居/婚前","SC-S3-10","反复小问题累积","NF-N1-03","被理解/被回应/被关心","Gate or conditional","N3-01","当「沟通/共情能力」进入「同居/婚前」的「日常作息与生活管理」，遇到「反复小问题累积」时，对重视「被理解/被回应/被关心」的人意味着什么？","constrained_mapping_v0.2","semantic_preflight"
"CC2-01409","PF-E04","沟通/共情能力","SC-S2-01","日常作息与生活管理","SC-S1-04","同居/婚前","SC-S3-10","反复小问题累积","NF-N1-05","安全/信任/可预测","Gate / conditional","N3-02/N3-06","当「沟通/共情能力」进入「同居/婚前」的「日常作息与生活管理」，遇到「反复小问题累积」时，对重视「安全/信任/可预测」的人意味着什么？","constrained_mapping_v0.2","semantic_preflight"
"CC2-01410","PF-E04","沟通/共情能力","SC-S2-01","日常作息与生活管理","SC-S1-04","同居/婚前","SC-S3-10","反复小问题累积","NF-N1-10","性/身体亲密","Gate / fit","N3-10","当「沟通/共情能力」进入「同居/婚前」的「日常作息与生活管理」，遇到「反复小问题累积」时，对重视「性/身体亲密」的人意味着什么？","constrained_mapping_v0.2","semantic_preflight"
"CC2-01411","PF-E04","沟通/共情能力","SC-S2-01","日常作息与生活管理","SC-S1-07","婴幼儿照护","SC-S3-01","工作时间突变","NF-N1-03","被理解/被回应/被关心","Gate or conditional","N3-01","当「沟通/共情能力」进入「婴幼儿照护」的「日常作息与生活管理」，遇到「工作时间突变」时，对重视「被理解/被回应/被关心」的人意味着什么？","constrained_mapping_v0.2","semantic_preflight"
"CC2-01412","PF-E04","沟通/共情能力","SC-S2-01","日常作息与生活管理","SC-S1-07","婴幼儿照护","SC-S3-01","工作时间突变","NF-N1-05","安全/信任/可预测","Gate / conditional","N3-02/N3-06","当「沟通/共情能力」进入「婴幼儿照护」的「日常作息与生活管理」，遇到「工作时间突变」时，对重视「安全/信任/可预测」的人意味着什么？","constrained_mapping_v0.2","semantic_preflight"
"CC2-01413","PF-E04","沟通/共情能力","SC-S2-01","日常作息与生活管理","SC-S1-07","婴幼儿照护","SC-S3-01","工作时间突变","NF-N1-10","性/身体亲密","Gate / fit","N3-10","当「沟通/共情能力」进入「婴幼儿照护」的「日常作息与生活管理」，遇到「工作时间突变」时，对重视「性/身体亲密」的人意味着什么？","constrained_mapping_v0.2","semantic_preflight"
"CC2-01414","PF-E04","沟通/共情能力","SC-S2-01","日常作息与生活管理","SC-S1-07","婴幼儿照护","SC-S3-10","反复小问题累积","NF-N1-03","被理解/被回应/被关心","Gate or conditional","N3-01","当「沟通/共情能力」进入「婴幼儿照护」的「日常作息与生活管理」，遇到「反复小问题累积」时，对重视「被理解/被回应/被关心」的人意味着什么？","constrained_mapping_v0.2","semantic_preflight"
"CC2-01415","PF-E04","沟通/共情能力","SC-S2-01","日常作息与生活管理","SC-S1-07","婴幼儿照护","SC-S3-10","反复小问题累积","NF-N1-05","安全/信任/可预测","Gate / conditional","N3-02/N3-06","当「沟通/共情能力」进入「婴幼儿照护」的「日常作息与生活管理」，遇到「反复小问题累积」时，对重视「安全/信任/可预测」的人意味着什么？","constrained_mapping_v0.2","semantic_preflight"
"CC2-01416","PF-E04","沟通/共情能力","SC-S2-01","日常作息与生活管理","SC-S1-07","婴幼儿照护","SC-S3-10","反复小问题累积","NF-N1-10","性/身体亲密","Gate / fit","N3-10","当「沟通/共情能力」进入「婴幼儿照护」的「日常作息与生活管理」，遇到「反复小问题累积」时，对重视「性/身体亲密」的人意味着什么？","constrained_mapping_v0.2","semantic_preflight"
"CC2-01417","PF-E04","沟通/共情能力","SC-S2-03","钱/财务","SC-S1-03","稳定交往","SC-S3-03","失业/收入下降","NF-N1-03","被理解/被回应/被关心","Gate or conditional","N3-01","当「沟通/共情能力」进入「稳定交往」的「钱/财务」，遇到「失业/收入下降」时，对重视「被理解/被回应/被关心」的人意味着什么？","constrained_mapping_v0.2","semantic_preflight"
"CC2-01418","PF-E04","沟通/共情能力","SC-S2-03","钱/财务","SC-S1-03","稳定交往","SC-S3-03","失业/收入下降","NF-N1-05","安全/信任/可预测","Gate / conditional","N3-02/N3-06","当「沟通/共情能力」进入「稳定交往」的「钱/财务」，遇到「失业/收入下降」时，对重视「安全/信任/可预测」的人意味着什么？","constrained_mapping_v0.2","semantic_preflight"
"CC2-01419","PF-E04","沟通/共情能力","SC-S2-03","钱/财务","SC-S1-03","稳定交往","SC-S3-03","失业/收入下降","NF-N1-10","性/身体亲密","Gate / fit","N3-10","当「沟通/共情能力」进入「稳定交往」的「钱/财务」，遇到「失业/收入下降」时，对重视「性/身体亲密」的人意味着什么？","constrained_mapping_v0.2","semantic_preflight"
"CC2-01420","PF-E04","沟通/共情能力","SC-S2-03","钱/财务","SC-S1-03","稳定交往","SC-S3-04","大额财务事件","NF-N1-03","被理解/被回应/被关心","Gate or conditional","N3-01","当「沟通/共情能力」进入「稳定交往」的「钱/财务」，遇到「大额财务事件」时，对重视「被理解/被回应/被关心」的人意味着什么？","constrained_mapping_v0.2","semantic_preflight"
"CC2-01421","PF-E04","沟通/共情能力","SC-S2-03","钱/财务","SC-S1-03","稳定交往","SC-S3-04","大额财务事件","NF-N1-05","安全/信任/可预测","Gate / conditional","N3-02/N3-06","当「沟通/共情能力」进入「稳定交往」的「钱/财务」，遇到「大额财务事件」时，对重视「安全/信任/可预测」的人意味着什么？","constrained_mapping_v0.2","semantic_preflight"
"CC2-01422","PF-E04","沟通/共情能力","SC-S2-03","钱/财务","SC-S1-03","稳定交往","SC-S3-04","大额财务事件","NF-N1-10","性/身体亲密","Gate / fit","N3-10","当「沟通/共情能力」进入「稳定交往」的「钱/财务」，遇到「大额财务事件」时，对重视「性/身体亲密」的人意味着什么？","constrained_mapping_v0.2","semantic_preflight"
"CC2-01423","PF-E04","沟通/共情能力","SC-S2-03","钱/财务","SC-S1-05","结婚/建立家庭","SC-S3-03","失业/收入下降","NF-N1-03","被理解/被回应/被关心","Gate or conditional","N3-01","当「沟通/共情能力」进入「结婚/建立家庭」的「钱/财务」，遇到「失业/收入下降」时，对重视「被理解/被回应/被关心」的人意味着什么？","constrained_mapping_v0.2","semantic_preflight"
"CC2-01424","PF-E04","沟通/共情能力","SC-S2-03","钱/财务","SC-S1-05","结婚/建立家庭","SC-S3-03","失业/收入下降","NF-N1-05","安全/信任/可预测","Gate / conditional","N3-02/N3-06","当「沟通/共情能力」进入「结婚/建立家庭」的「钱/财务」，遇到「失业/收入下降」时，对重视「安全/信任/可预测」的人意味着什么？","constrained_mapping_v0.2","semantic_preflight"
"CC2-01425","PF-E04","沟通/共情能力","SC-S2-03","钱/财务","SC-S1-05","结婚/建立家庭","SC-S3-03","失业/收入下降","NF-N1-10","性/身体亲密","Gate / fit","N3-10","当「沟通/共情能力」进入「结婚/建立家庭」的「钱/财务」，遇到「失业/收入下降」时，对重视「性/身体亲密」的人意味着什么？","constrained_mapping_v0.2","semantic_preflight"
"CC2-01426","PF-E04","沟通/共情能力","SC-S2-03","钱/财务","SC-S1-05","结婚/建立家庭","SC-S3-04","大额财务事件","NF-N1-03","被理解/被回应/被关心","Gate or conditional","N3-01","当「沟通/共情能力」进入「结婚/建立家庭」的「钱/财务」，遇到「大额财务事件」时，对重视「被理解/被回应/被关心」的人意味着什么？","constrained_mapping_v0.2","semantic_preflight"
"CC2-01427","PF-E04","沟通/共情能力","SC-S2-03","钱/财务","SC-S1-05","结婚/建立家庭","SC-S3-04","大额财务事件","NF-N1-05","安全/信任/可预测","Gate / conditional","N3-02/N3-06","当「沟通/共情能力」进入「结婚/建立家庭」的「钱/财务」，遇到「大额财务事件」时，对重视「安全/信任/可预测」的人意味着什么？","constrained_mapping_v0.2","semantic_preflight"
"CC2-01428","PF-E04","沟通/共情能力","SC-S2-03","钱/财务","SC-S1-05","结婚/建立家庭","SC-S3-04","大额财务事件","NF-N1-10","性/身体亲密","Gate / fit","N3-10","当「沟通/共情能力」进入「结婚/建立家庭」的「钱/财务」，遇到「大额财务事件」时，对重视「性/身体亲密」的人意味着什么？","constrained_mapping_v0.2","semantic_preflight"
"CC2-01429","PF-E04","沟通/共情能力","SC-S2-03","钱/财务","SC-S1-06","备孕/怀孕/生育","SC-S3-03","失业/收入下降","NF-N1-03","被理解/被回应/被关心","Gate or conditional","N3-01","当「沟通/共情能力」进入「备孕/怀孕/生育」的「钱/财务」，遇到「失业/收入下降」时，对重视「被理解/被回应/被关心」的人意味着什么？","constrained_mapping_v0.2","semantic_preflight"
"CC2-01430","PF-E04","沟通/共情能力","SC-S2-03","钱/财务","SC-S1-06","备孕/怀孕/生育","SC-S3-03","失业/收入下降","NF-N1-05","安全/信任/可预测","Gate / conditional","N3-02/N3-06","当「沟通/共情能力」进入「备孕/怀孕/生育」的「钱/财务」，遇到「失业/收入下降」时，对重视「安全/信任/可预测」的人意味着什么？","constrained_mapping_v0.2","semantic_preflight"
"CC2-01431","PF-E04","沟通/共情能力","SC-S2-03","钱/财务","SC-S1-06","备孕/怀孕/生育","SC-S3-03","失业/收入下降","NF-N1-10","性/身体亲密","Gate / fit","N3-10","当「沟通/共情能力」进入「备孕/怀孕/生育」的「钱/财务」，遇到「失业/收入下降」时，对重视「性/身体亲密」的人意味着什么？","constrained_mapping_v0.2","semantic_preflight"
"CC2-01432","PF-E04","沟通/共情能力","SC-S2-03","钱/财务","SC-S1-06","备孕/怀孕/生育","SC-S3-04","大额财务事件","NF-N1-03","被理解/被回应/被关心","Gate or conditional","N3-01","当「沟通/共情能力」进入「备孕/怀孕/生育」的「钱/财务」，遇到「大额财务事件」时，对重视「被理解/被回应/被关心」的人意味着什么？","constrained_mapping_v0.2","semantic_preflight"
"CC2-01433","PF-E04","沟通/共情能力","SC-S2-03","钱/财务","SC-S1-06","备孕/怀孕/生育","SC-S3-04","大额财务事件","NF-N1-05","安全/信任/可预测","Gate / conditional","N3-02/N3-06","当「沟通/共情能力」进入「备孕/怀孕/生育」的「钱/财务」，遇到「大额财务事件」时，对重视「安全/信任/可预测」的人意味着什么？","constrained_mapping_v0.2","semantic_preflight"
"CC2-01434","PF-E04","沟通/共情能力","SC-S2-03","钱/财务","SC-S1-06","备孕/怀孕/生育","SC-S3-04","大额财务事件","NF-N1-10","性/身体亲密","Gate / fit","N3-10","当「沟通/共情能力」进入「备孕/怀孕/生育」的「钱/财务」，遇到「大额财务事件」时，对重视「性/身体亲密」的人意味着什么？","constrained_mapping_v0.2","semantic_preflight"
"CC2-01435","PF-E04","沟通/共情能力","SC-S2-03","钱/财务","SC-S1-07","婴幼儿照护","SC-S3-03","失业/收入下降","NF-N1-03","被理解/被回应/被关心","Gate or conditional","N3-01","当「沟通/共情能力」进入「婴幼儿照护」的「钱/财务」，遇到「失业/收入下降」时，对重视「被理解/被回应/被关心」的人意味着什么？","constrained_mapping_v0.2","semantic_preflight"
"CC2-01436","PF-E04","沟通/共情能力","SC-S2-03","钱/财务","SC-S1-07","婴幼儿照护","SC-S3-03","失业/收入下降","NF-N1-05","安全/信任/可预测","Gate / conditional","N3-02/N3-06","当「沟通/共情能力」进入「婴幼儿照护」的「钱/财务」，遇到「失业/收入下降」时，对重视「安全/信任/可预测」的人意味着什么？","constrained_mapping_v0.2","semantic_preflight"
"CC2-01437","PF-E04","沟通/共情能力","SC-S2-03","钱/财务","SC-S1-07","婴幼儿照护","SC-S3-03","失业/收入下降","NF-N1-10","性/身体亲密","Gate / fit","N3-10","当「沟通/共情能力」进入「婴幼儿照护」的「钱/财务」，遇到「失业/收入下降」时，对重视「性/身体亲密」的人意味着什么？","constrained_mapping_v0.2","semantic_preflight"
"CC2-01438","PF-E04","沟通/共情能力","SC-S2-03","钱/财务","SC-S1-07","婴幼儿照护","SC-S3-04","大额财务事件","NF-N1-03","被理解/被回应/被关心","Gate or conditional","N3-01","当「沟通/共情能力」进入「婴幼儿照护」的「钱/财务」，遇到「大额财务事件」时，对重视「被理解/被回应/被关心」的人意味着什么？","constrained_mapping_v0.2","semantic_preflight"
"CC2-01439","PF-E04","沟通/共情能力","SC-S2-03","钱/财务","SC-S1-07","婴幼儿照护","SC-S3-04","大额财务事件","NF-N1-05","安全/信任/可预测","Gate / conditional","N3-02/N3-06","当「沟通/共情能力」进入「婴幼儿照护」的「钱/财务」，遇到「大额财务事件」时，对重视「安全/信任/可预测」的人意味着什么？","constrained_mapping_v0.2","semantic_preflight"
"CC2-01440","PF-E04","沟通/共情能力","SC-S2-03","钱/财务","SC-S1-07","婴幼儿照护","SC-S3-04","大额财务事件","NF-N1-10","性/身体亲密","Gate / fit","N3-10","当「沟通/共情能力」进入「婴幼儿照护」的「钱/财务」，遇到「大额财务事件」时，对重视「性/身体亲密」的人意味着什么？","constrained_mapping_v0.2","semantic_preflight"
"CC2-01441","PF-E04","沟通/共情能力","SC-S2-07","双方父母/原生家庭","SC-S1-05","结婚/建立家庭","SC-S3-07","父母责任变化","NF-N1-03","被理解/被回应/被关心","Gate or conditional","N3-01","当「沟通/共情能力」进入「结婚/建立家庭」的「双方父母/原生家庭」，遇到「父母责任变化」时，对重视「被理解/被回应/被关心」的人意味着什么？","constrained_mapping_v0.2","semantic_preflight"
"CC2-01442","PF-E04","沟通/共情能力","SC-S2-07","双方父母/原生家庭","SC-S1-05","结婚/建立家庭","SC-S3-07","父母责任变化","NF-N1-05","安全/信任/可预测","Gate / conditional","N3-02/N3-06","当「沟通/共情能力」进入「结婚/建立家庭」的「双方父母/原生家庭」，遇到「父母责任变化」时，对重视「安全/信任/可预测」的人意味着什么？","constrained_mapping_v0.2","semantic_preflight"
"CC2-01443","PF-E04","沟通/共情能力","SC-S2-07","双方父母/原生家庭","SC-S1-05","结婚/建立家庭","SC-S3-07","父母责任变化","NF-N1-10","性/身体亲密","Gate / fit","N3-10","当「沟通/共情能力」进入「结婚/建立家庭」的「双方父母/原生家庭」，遇到「父母责任变化」时，对重视「性/身体亲密」的人意味着什么？","constrained_mapping_v0.2","semantic_preflight"
"CC2-01444","PF-E04","沟通/共情能力","SC-S2-07","双方父母/原生家庭","SC-S1-05","结婚/建立家庭","SC-S3-05","居住/迁移变化","NF-N1-03","被理解/被回应/被关心","Gate or conditional","N3-01","当「沟通/共情能力」进入「结婚/建立家庭」的「双方父母/原生家庭」，遇到「居住/迁移变化」时，对重视「被理解/被回应/被关心」的人意味着什么？","constrained_mapping_v0.2","semantic_preflight"
"CC2-01445","PF-E04","沟通/共情能力","SC-S2-07","双方父母/原生家庭","SC-S1-05","结婚/建立家庭","SC-S3-05","居住/迁移变化","NF-N1-05","安全/信任/可预测","Gate / conditional","N3-02/N3-06","当「沟通/共情能力」进入「结婚/建立家庭」的「双方父母/原生家庭」，遇到「居住/迁移变化」时，对重视「安全/信任/可预测」的人意味着什么？","constrained_mapping_v0.2","semantic_preflight"
"CC2-01446","PF-E04","沟通/共情能力","SC-S2-07","双方父母/原生家庭","SC-S1-05","结婚/建立家庭","SC-S3-05","居住/迁移变化","NF-N1-10","性/身体亲密","Gate / fit","N3-10","当「沟通/共情能力」进入「结婚/建立家庭」的「双方父母/原生家庭」，遇到「居住/迁移变化」时，对重视「性/身体亲密」的人意味着什么？","constrained_mapping_v0.2","semantic_preflight"
"CC2-01447","PF-E04","沟通/共情能力","SC-S2-07","双方父母/原生家庭","SC-S1-06","备孕/怀孕/生育","SC-S3-07","父母责任变化","NF-N1-03","被理解/被回应/被关心","Gate or conditional","N3-01","当「沟通/共情能力」进入「备孕/怀孕/生育」的「双方父母/原生家庭」，遇到「父母责任变化」时，对重视「被理解/被回应/被关心」的人意味着什么？","constrained_mapping_v0.2","semantic_preflight"
"CC2-01448","PF-E04","沟通/共情能力","SC-S2-07","双方父母/原生家庭","SC-S1-06","备孕/怀孕/生育","SC-S3-07","父母责任变化","NF-N1-05","安全/信任/可预测","Gate / conditional","N3-02/N3-06","当「沟通/共情能力」进入「备孕/怀孕/生育」的「双方父母/原生家庭」，遇到「父母责任变化」时，对重视「安全/信任/可预测」的人意味着什么？","constrained_mapping_v0.2","semantic_preflight"
"CC2-01449","PF-E04","沟通/共情能力","SC-S2-07","双方父母/原生家庭","SC-S1-06","备孕/怀孕/生育","SC-S3-07","父母责任变化","NF-N1-10","性/身体亲密","Gate / fit","N3-10","当「沟通/共情能力」进入「备孕/怀孕/生育」的「双方父母/原生家庭」，遇到「父母责任变化」时，对重视「性/身体亲密」的人意味着什么？","constrained_mapping_v0.2","semantic_preflight"
"CC2-01450","PF-E04","沟通/共情能力","SC-S2-07","双方父母/原生家庭","SC-S1-06","备孕/怀孕/生育","SC-S3-05","居住/迁移变化","NF-N1-03","被理解/被回应/被关心","Gate or conditional","N3-01","当「沟通/共情能力」进入「备孕/怀孕/生育」的「双方父母/原生家庭」，遇到「居住/迁移变化」时，对重视「被理解/被回应/被关心」的人意味着什么？","constrained_mapping_v0.2","semantic_preflight"
"CC2-01451","PF-E04","沟通/共情能力","SC-S2-07","双方父母/原生家庭","SC-S1-06","备孕/怀孕/生育","SC-S3-05","居住/迁移变化","NF-N1-05","安全/信任/可预测","Gate / conditional","N3-02/N3-06","当「沟通/共情能力」进入「备孕/怀孕/生育」的「双方父母/原生家庭」，遇到「居住/迁移变化」时，对重视「安全/信任/可预测」的人意味着什么？","constrained_mapping_v0.2","semantic_preflight"
"CC2-01452","PF-E04","沟通/共情能力","SC-S2-07","双方父母/原生家庭","SC-S1-06","备孕/怀孕/生育","SC-S3-05","居住/迁移变化","NF-N1-10","性/身体亲密","Gate / fit","N3-10","当「沟通/共情能力」进入「备孕/怀孕/生育」的「双方父母/原生家庭」，遇到「居住/迁移变化」时，对重视「性/身体亲密」的人意味着什么？","constrained_mapping_v0.2","semantic_preflight"
"CC2-01453","PF-E04","沟通/共情能力","SC-S2-07","双方父母/原生家庭","SC-S1-07","婴幼儿照护","SC-S3-07","父母责任变化","NF-N1-03","被理解/被回应/被关心","Gate or conditional","N3-01","当「沟通/共情能力」进入「婴幼儿照护」的「双方父母/原生家庭」，遇到「父母责任变化」时，对重视「被理解/被回应/被关心」的人意味着什么？","constrained_mapping_v0.2","semantic_preflight"
"CC2-01454","PF-E04","沟通/共情能力","SC-S2-07","双方父母/原生家庭","SC-S1-07","婴幼儿照护","SC-S3-07","父母责任变化","NF-N1-05","安全/信任/可预测","Gate / conditional","N3-02/N3-06","当「沟通/共情能力」进入「婴幼儿照护」的「双方父母/原生家庭」，遇到「父母责任变化」时，对重视「安全/信任/可预测」的人意味着什么？","constrained_mapping_v0.2","semantic_preflight"
"CC2-01455","PF-E04","沟通/共情能力","SC-S2-07","双方父母/原生家庭","SC-S1-07","婴幼儿照护","SC-S3-07","父母责任变化","NF-N1-10","性/身体亲密","Gate / fit","N3-10","当「沟通/共情能力」进入「婴幼儿照护」的「双方父母/原生家庭」，遇到「父母责任变化」时，对重视「性/身体亲密」的人意味着什么？","constrained_mapping_v0.2","semantic_preflight"
"CC2-01456","PF-E04","沟通/共情能力","SC-S2-07","双方父母/原生家庭","SC-S1-07","婴幼儿照护","SC-S3-05","居住/迁移变化","NF-N1-03","被理解/被回应/被关心","Gate or conditional","N3-01","当「沟通/共情能力」进入「婴幼儿照护」的「双方父母/原生家庭」，遇到「居住/迁移变化」时，对重视「被理解/被回应/被关心」的人意味着什么？","constrained_mapping_v0.2","semantic_preflight"
"CC2-01457","PF-E04","沟通/共情能力","SC-S2-07","双方父母/原生家庭","SC-S1-07","婴幼儿照护","SC-S3-05","居住/迁移变化","NF-N1-05","安全/信任/可预测","Gate / conditional","N3-02/N3-06","当「沟通/共情能力」进入「婴幼儿照护」的「双方父母/原生家庭」，遇到「居住/迁移变化」时，对重视「安全/信任/可预测」的人意味着什么？","constrained_mapping_v0.2","semantic_preflight"
"CC2-01458","PF-E04","沟通/共情能力","SC-S2-07","双方父母/原生家庭","SC-S1-07","婴幼儿照护","SC-S3-05","居住/迁移变化","NF-N1-10","性/身体亲密","Gate / fit","N3-10","当「沟通/共情能力」进入「婴幼儿照护」的「双方父母/原生家庭」，遇到「居住/迁移变化」时，对重视「性/身体亲密」的人意味着什么？","constrained_mapping_v0.2","semantic_preflight"
"CC2-01459","PF-E04","沟通/共情能力","SC-S2-07","双方父母/原生家庭","SC-S1-09","中年多重责任","SC-S3-07","父母责任变化","NF-N1-03","被理解/被回应/被关心","Gate or conditional","N3-01","当「沟通/共情能力」进入「中年多重责任」的「双方父母/原生家庭」，遇到「父母责任变化」时，对重视「被理解/被回应/被关心」的人意味着什么？","constrained_mapping_v0.2","semantic_preflight"
"CC2-01460","PF-E04","沟通/共情能力","SC-S2-07","双方父母/原生家庭","SC-S1-09","中年多重责任","SC-S3-07","父母责任变化","NF-N1-05","安全/信任/可预测","Gate / conditional","N3-02/N3-06","当「沟通/共情能力」进入「中年多重责任」的「双方父母/原生家庭」，遇到「父母责任变化」时，对重视「安全/信任/可预测」的人意味着什么？","constrained_mapping_v0.2","semantic_preflight"
"CC2-01461","PF-E04","沟通/共情能力","SC-S2-07","双方父母/原生家庭","SC-S1-09","中年多重责任","SC-S3-07","父母责任变化","NF-N1-10","性/身体亲密","Gate / fit","N3-10","当「沟通/共情能力」进入「中年多重责任」的「双方父母/原生家庭」，遇到「父母责任变化」时，对重视「性/身体亲密」的人意味着什么？","constrained_mapping_v0.2","semantic_preflight"
"CC2-01462","PF-E04","沟通/共情能力","SC-S2-07","双方父母/原生家庭","SC-S1-09","中年多重责任","SC-S3-05","居住/迁移变化","NF-N1-03","被理解/被回应/被关心","Gate or conditional","N3-01","当「沟通/共情能力」进入「中年多重责任」的「双方父母/原生家庭」，遇到「居住/迁移变化」时，对重视「被理解/被回应/被关心」的人意味着什么？","constrained_mapping_v0.2","semantic_preflight"
"CC2-01463","PF-E04","沟通/共情能力","SC-S2-07","双方父母/原生家庭","SC-S1-09","中年多重责任","SC-S3-05","居住/迁移变化","NF-N1-05","安全/信任/可预测","Gate / conditional","N3-02/N3-06","当「沟通/共情能力」进入「中年多重责任」的「双方父母/原生家庭」，遇到「居住/迁移变化」时，对重视「安全/信任/可预测」的人意味着什么？","constrained_mapping_v0.2","semantic_preflight"
"CC2-01464","PF-E04","沟通/共情能力","SC-S2-07","双方父母/原生家庭","SC-S1-09","中年多重责任","SC-S3-05","居住/迁移变化","NF-N1-10","性/身体亲密","Gate / fit","N3-10","当「沟通/共情能力」进入「中年多重责任」的「双方父母/原生家庭」，遇到「居住/迁移变化」时，对重视「性/身体亲密」的人意味着什么？","constrained_mapping_v0.2","semantic_preflight"
"CC2-01465","PF-E04","沟通/共情能力","SC-S2-10","性/身体亲密","SC-S1-02","恋爱/磨合","SC-S3-08","本人健康变化","NF-N1-03","被理解/被回应/被关心","Gate or conditional","N3-01","当「沟通/共情能力」进入「恋爱/磨合」的「性/身体亲密」，遇到「本人健康变化」时，对重视「被理解/被回应/被关心」的人意味着什么？","constrained_mapping_v0.2","semantic_preflight"
"CC2-01466","PF-E04","沟通/共情能力","SC-S2-10","性/身体亲密","SC-S1-02","恋爱/磨合","SC-S3-08","本人健康变化","NF-N1-05","安全/信任/可预测","Gate / conditional","N3-02/N3-06","当「沟通/共情能力」进入「恋爱/磨合」的「性/身体亲密」，遇到「本人健康变化」时，对重视「安全/信任/可预测」的人意味着什么？","constrained_mapping_v0.2","semantic_preflight"
"CC2-01467","PF-E04","沟通/共情能力","SC-S2-10","性/身体亲密","SC-S1-02","恋爱/磨合","SC-S3-08","本人健康变化","NF-N1-10","性/身体亲密","Gate / fit","N3-10","当「沟通/共情能力」进入「恋爱/磨合」的「性/身体亲密」，遇到「本人健康变化」时，对重视「性/身体亲密」的人意味着什么？","constrained_mapping_v0.2","semantic_preflight"
"CC2-01468","PF-E04","沟通/共情能力","SC-S2-10","性/身体亲密","SC-S1-02","恋爱/磨合","SC-S3-10","反复小问题累积","NF-N1-03","被理解/被回应/被关心","Gate or conditional","N3-01","当「沟通/共情能力」进入「恋爱/磨合」的「性/身体亲密」，遇到「反复小问题累积」时，对重视「被理解/被回应/被关心」的人意味着什么？","constrained_mapping_v0.2","semantic_preflight"
"CC2-01469","PF-E04","沟通/共情能力","SC-S2-10","性/身体亲密","SC-S1-02","恋爱/磨合","SC-S3-10","反复小问题累积","NF-N1-05","安全/信任/可预测","Gate / conditional","N3-02/N3-06","当「沟通/共情能力」进入「恋爱/磨合」的「性/身体亲密」，遇到「反复小问题累积」时，对重视「安全/信任/可预测」的人意味着什么？","constrained_mapping_v0.2","semantic_preflight"
"CC2-01470","PF-E04","沟通/共情能力","SC-S2-10","性/身体亲密","SC-S1-02","恋爱/磨合","SC-S3-10","反复小问题累积","NF-N1-10","性/身体亲密","Gate / fit","N3-10","当「沟通/共情能力」进入「恋爱/磨合」的「性/身体亲密」，遇到「反复小问题累积」时，对重视「性/身体亲密」的人意味着什么？","constrained_mapping_v0.2","semantic_preflight"
"CC2-01471","PF-E04","沟通/共情能力","SC-S2-10","性/身体亲密","SC-S1-05","结婚/建立家庭","SC-S3-08","本人健康变化","NF-N1-03","被理解/被回应/被关心","Gate or conditional","N3-01","当「沟通/共情能力」进入「结婚/建立家庭」的「性/身体亲密」，遇到「本人健康变化」时，对重视「被理解/被回应/被关心」的人意味着什么？","constrained_mapping_v0.2","semantic_preflight"
"CC2-01472","PF-E04","沟通/共情能力","SC-S2-10","性/身体亲密","SC-S1-05","结婚/建立家庭","SC-S3-08","本人健康变化","NF-N1-05","安全/信任/可预测","Gate / conditional","N3-02/N3-06","当「沟通/共情能力」进入「结婚/建立家庭」的「性/身体亲密」，遇到「本人健康变化」时，对重视「安全/信任/可预测」的人意味着什么？","constrained_mapping_v0.2","semantic_preflight"
"CC2-01473","PF-E04","沟通/共情能力","SC-S2-10","性/身体亲密","SC-S1-05","结婚/建立家庭","SC-S3-08","本人健康变化","NF-N1-10","性/身体亲密","Gate / fit","N3-10","当「沟通/共情能力」进入「结婚/建立家庭」的「性/身体亲密」，遇到「本人健康变化」时，对重视「性/身体亲密」的人意味着什么？","constrained_mapping_v0.2","semantic_preflight"
"CC2-01474","PF-E04","沟通/共情能力","SC-S2-10","性/身体亲密","SC-S1-05","结婚/建立家庭","SC-S3-10","反复小问题累积","NF-N1-03","被理解/被回应/被关心","Gate or conditional","N3-01","当「沟通/共情能力」进入「结婚/建立家庭」的「性/身体亲密」，遇到「反复小问题累积」时，对重视「被理解/被回应/被关心」的人意味着什么？","constrained_mapping_v0.2","semantic_preflight"
"CC2-01475","PF-E04","沟通/共情能力","SC-S2-10","性/身体亲密","SC-S1-05","结婚/建立家庭","SC-S3-10","反复小问题累积","NF-N1-05","安全/信任/可预测","Gate / conditional","N3-02/N3-06","当「沟通/共情能力」进入「结婚/建立家庭」的「性/身体亲密」，遇到「反复小问题累积」时，对重视「安全/信任/可预测」的人意味着什么？","constrained_mapping_v0.2","semantic_preflight"
"CC2-01476","PF-E04","沟通/共情能力","SC-S2-10","性/身体亲密","SC-S1-05","结婚/建立家庭","SC-S3-10","反复小问题累积","NF-N1-10","性/身体亲密","Gate / fit","N3-10","当「沟通/共情能力」进入「结婚/建立家庭」的「性/身体亲密」，遇到「反复小问题累积」时，对重视「性/身体亲密」的人意味着什么？","constrained_mapping_v0.2","semantic_preflight"
"CC2-01477","PF-E04","沟通/共情能力","SC-S2-10","性/身体亲密","SC-S1-06","备孕/怀孕/生育","SC-S3-08","本人健康变化","NF-N1-03","被理解/被回应/被关心","Gate or conditional","N3-01","当「沟通/共情能力」进入「备孕/怀孕/生育」的「性/身体亲密」，遇到「本人健康变化」时，对重视「被理解/被回应/被关心」的人意味着什么？","constrained_mapping_v0.2","semantic_preflight"
"CC2-01478","PF-E04","沟通/共情能力","SC-S2-10","性/身体亲密","SC-S1-06","备孕/怀孕/生育","SC-S3-08","本人健康变化","NF-N1-05","安全/信任/可预测","Gate / conditional","N3-02/N3-06","当「沟通/共情能力」进入「备孕/怀孕/生育」的「性/身体亲密」，遇到「本人健康变化」时，对重视「安全/信任/可预测」的人意味着什么？","constrained_mapping_v0.2","semantic_preflight"
"CC2-01479","PF-E04","沟通/共情能力","SC-S2-10","性/身体亲密","SC-S1-06","备孕/怀孕/生育","SC-S3-08","本人健康变化","NF-N1-10","性/身体亲密","Gate / fit","N3-10","当「沟通/共情能力」进入「备孕/怀孕/生育」的「性/身体亲密」，遇到「本人健康变化」时，对重视「性/身体亲密」的人意味着什么？","constrained_mapping_v0.2","semantic_preflight"
"CC2-01480","PF-E04","沟通/共情能力","SC-S2-10","性/身体亲密","SC-S1-06","备孕/怀孕/生育","SC-S3-10","反复小问题累积","NF-N1-03","被理解/被回应/被关心","Gate or conditional","N3-01","当「沟通/共情能力」进入「备孕/怀孕/生育」的「性/身体亲密」，遇到「反复小问题累积」时，对重视「被理解/被回应/被关心」的人意味着什么？","constrained_mapping_v0.2","semantic_preflight"
"CC2-01481","PF-E04","沟通/共情能力","SC-S2-10","性/身体亲密","SC-S1-06","备孕/怀孕/生育","SC-S3-10","反复小问题累积","NF-N1-05","安全/信任/可预测","Gate / conditional","N3-02/N3-06","当「沟通/共情能力」进入「备孕/怀孕/生育」的「性/身体亲密」，遇到「反复小问题累积」时，对重视「安全/信任/可预测」的人意味着什么？","constrained_mapping_v0.2","semantic_preflight"
"CC2-01482","PF-E04","沟通/共情能力","SC-S2-10","性/身体亲密","SC-S1-06","备孕/怀孕/生育","SC-S3-10","反复小问题累积","NF-N1-10","性/身体亲密","Gate / fit","N3-10","当「沟通/共情能力」进入「备孕/怀孕/生育」的「性/身体亲密」，遇到「反复小问题累积」时，对重视「性/身体亲密」的人意味着什么？","constrained_mapping_v0.2","semantic_preflight"
"CC2-01483","PF-E04","沟通/共情能力","SC-S2-10","性/身体亲密","SC-S1-07","婴幼儿照护","SC-S3-08","本人健康变化","NF-N1-03","被理解/被回应/被关心","Gate or conditional","N3-01","当「沟通/共情能力」进入「婴幼儿照护」的「性/身体亲密」，遇到「本人健康变化」时，对重视「被理解/被回应/被关心」的人意味着什么？","constrained_mapping_v0.2","semantic_preflight"
"CC2-01484","PF-E04","沟通/共情能力","SC-S2-10","性/身体亲密","SC-S1-07","婴幼儿照护","SC-S3-08","本人健康变化","NF-N1-05","安全/信任/可预测","Gate / conditional","N3-02/N3-06","当「沟通/共情能力」进入「婴幼儿照护」的「性/身体亲密」，遇到「本人健康变化」时，对重视「安全/信任/可预测」的人意味着什么？","constrained_mapping_v0.2","semantic_preflight"
"CC2-01485","PF-E04","沟通/共情能力","SC-S2-10","性/身体亲密","SC-S1-07","婴幼儿照护","SC-S3-08","本人健康变化","NF-N1-10","性/身体亲密","Gate / fit","N3-10","当「沟通/共情能力」进入「婴幼儿照护」的「性/身体亲密」，遇到「本人健康变化」时，对重视「性/身体亲密」的人意味着什么？","constrained_mapping_v0.2","semantic_preflight"
"CC2-01486","PF-E04","沟通/共情能力","SC-S2-10","性/身体亲密","SC-S1-07","婴幼儿照护","SC-S3-10","反复小问题累积","NF-N1-03","被理解/被回应/被关心","Gate or conditional","N3-01","当「沟通/共情能力」进入「婴幼儿照护」的「性/身体亲密」，遇到「反复小问题累积」时，对重视「被理解/被回应/被关心」的人意味着什么？","constrained_mapping_v0.2","semantic_preflight"
"CC2-01487","PF-E04","沟通/共情能力","SC-S2-10","性/身体亲密","SC-S1-07","婴幼儿照护","SC-S3-10","反复小问题累积","NF-N1-05","安全/信任/可预测","Gate / conditional","N3-02/N3-06","当「沟通/共情能力」进入「婴幼儿照护」的「性/身体亲密」，遇到「反复小问题累积」时，对重视「安全/信任/可预测」的人意味着什么？","constrained_mapping_v0.2","semantic_preflight"
"CC2-01488","PF-E04","沟通/共情能力","SC-S2-10","性/身体亲密","SC-S1-07","婴幼儿照护","SC-S3-10","反复小问题累积","NF-N1-10","性/身体亲密","Gate / fit","N3-10","当「沟通/共情能力」进入「婴幼儿照护」的「性/身体亲密」，遇到「反复小问题累积」时，对重视「性/身体亲密」的人意味着什么？","constrained_mapping_v0.2","semantic_preflight"
"CC2-01489","PF-E05","生活管理能力","SC-S2-05","家务/家庭劳动","SC-S1-04","同居/婚前","SC-S3-10","反复小问题累积","NF-N1-07","公平/可靠/合作","Conditional / gate","N3-02/N3-03","当「生活管理能力」进入「同居/婚前」的「家务/家庭劳动」，遇到「反复小问题累积」时，对重视「公平/可靠/合作」的人意味着什么？","constrained_mapping_v0.2","semantic_preflight"
"CC2-01490","PF-E05","生活管理能力","SC-S2-05","家务/家庭劳动","SC-S1-04","同居/婚前","SC-S3-10","反复小问题累积","NF-N1-05","安全/信任/可预测","Gate / conditional","N3-02/N3-06","当「生活管理能力」进入「同居/婚前」的「家务/家庭劳动」，遇到「反复小问题累积」时，对重视「安全/信任/可预测」的人意味着什么？","constrained_mapping_v0.2","semantic_preflight"
"CC2-01491","PF-E05","生活管理能力","SC-S2-05","家务/家庭劳动","SC-S1-04","同居/婚前","SC-S3-10","反复小问题累积","NF-N1-11","家庭投入/家庭边界","Fit / conditional","N3-03/N3-04","当「生活管理能力」进入「同居/婚前」的「家务/家庭劳动」，遇到「反复小问题累积」时，对重视「家庭投入/家庭边界」的人意味着什么？","constrained_mapping_v0.2","semantic_preflight"
"CC2-01492","PF-E05","生活管理能力","SC-S2-05","家务/家庭劳动","SC-S1-06","备孕/怀孕/生育","SC-S3-06","生育/育儿转折","NF-N1-07","公平/可靠/合作","Conditional / gate","N3-02/N3-03","当「生活管理能力」进入「备孕/怀孕/生育」的「家务/家庭劳动」，遇到「生育/育儿转折」时，对重视「公平/可靠/合作」的人意味着什么？","constrained_mapping_v0.2","semantic_preflight"
"CC2-01493","PF-E05","生活管理能力","SC-S2-05","家务/家庭劳动","SC-S1-06","备孕/怀孕/生育","SC-S3-06","生育/育儿转折","NF-N1-05","安全/信任/可预测","Gate / conditional","N3-02/N3-06","当「生活管理能力」进入「备孕/怀孕/生育」的「家务/家庭劳动」，遇到「生育/育儿转折」时，对重视「安全/信任/可预测」的人意味着什么？","constrained_mapping_v0.2","semantic_preflight"
"CC2-01494","PF-E05","生活管理能力","SC-S2-05","家务/家庭劳动","SC-S1-06","备孕/怀孕/生育","SC-S3-06","生育/育儿转折","NF-N1-11","家庭投入/家庭边界","Fit / conditional","N3-03/N3-04","当「生活管理能力」进入「备孕/怀孕/生育」的「家务/家庭劳动」，遇到「生育/育儿转折」时，对重视「家庭投入/家庭边界」的人意味着什么？","constrained_mapping_v0.2","semantic_preflight"
"CC2-01495","PF-E05","生活管理能力","SC-S2-05","家务/家庭劳动","SC-S1-06","备孕/怀孕/生育","SC-S3-10","反复小问题累积","NF-N1-07","公平/可靠/合作","Conditional / gate","N3-02/N3-03","当「生活管理能力」进入「备孕/怀孕/生育」的「家务/家庭劳动」，遇到「反复小问题累积」时，对重视「公平/可靠/合作」的人意味着什么？","constrained_mapping_v0.2","semantic_preflight"
"CC2-01496","PF-E05","生活管理能力","SC-S2-05","家务/家庭劳动","SC-S1-06","备孕/怀孕/生育","SC-S3-10","反复小问题累积","NF-N1-05","安全/信任/可预测","Gate / conditional","N3-02/N3-06","当「生活管理能力」进入「备孕/怀孕/生育」的「家务/家庭劳动」，遇到「反复小问题累积」时，对重视「安全/信任/可预测」的人意味着什么？","constrained_mapping_v0.2","semantic_preflight"
"CC2-01497","PF-E05","生活管理能力","SC-S2-05","家务/家庭劳动","SC-S1-06","备孕/怀孕/生育","SC-S3-10","反复小问题累积","NF-N1-11","家庭投入/家庭边界","Fit / conditional","N3-03/N3-04","当「生活管理能力」进入「备孕/怀孕/生育」的「家务/家庭劳动」，遇到「反复小问题累积」时，对重视「家庭投入/家庭边界」的人意味着什么？","constrained_mapping_v0.2","semantic_preflight"
"CC2-01498","PF-E05","生活管理能力","SC-S2-05","家务/家庭劳动","SC-S1-07","婴幼儿照护","SC-S3-06","生育/育儿转折","NF-N1-07","公平/可靠/合作","Conditional / gate","N3-02/N3-03","当「生活管理能力」进入「婴幼儿照护」的「家务/家庭劳动」，遇到「生育/育儿转折」时，对重视「公平/可靠/合作」的人意味着什么？","constrained_mapping_v0.2","semantic_preflight"
"CC2-01499","PF-E05","生活管理能力","SC-S2-05","家务/家庭劳动","SC-S1-07","婴幼儿照护","SC-S3-06","生育/育儿转折","NF-N1-05","安全/信任/可预测","Gate / conditional","N3-02/N3-06","当「生活管理能力」进入「婴幼儿照护」的「家务/家庭劳动」，遇到「生育/育儿转折」时，对重视「安全/信任/可预测」的人意味着什么？","constrained_mapping_v0.2","semantic_preflight"
"CC2-01500","PF-E05","生活管理能力","SC-S2-05","家务/家庭劳动","SC-S1-07","婴幼儿照护","SC-S3-06","生育/育儿转折","NF-N1-11","家庭投入/家庭边界","Fit / conditional","N3-03/N3-04","当「生活管理能力」进入「婴幼儿照护」的「家务/家庭劳动」，遇到「生育/育儿转折」时，对重视「家庭投入/家庭边界」的人意味着什么？","constrained_mapping_v0.2","semantic_preflight"
"CC2-01501","PF-E05","生活管理能力","SC-S2-05","家务/家庭劳动","SC-S1-07","婴幼儿照护","SC-S3-10","反复小问题累积","NF-N1-07","公平/可靠/合作","Conditional / gate","N3-02/N3-03","当「生活管理能力」进入「婴幼儿照护」的「家务/家庭劳动」，遇到「反复小问题累积」时，对重视「公平/可靠/合作」的人意味着什么？","constrained_mapping_v0.2","semantic_preflight"
"CC2-01502","PF-E05","生活管理能力","SC-S2-05","家务/家庭劳动","SC-S1-07","婴幼儿照护","SC-S3-10","反复小问题累积","NF-N1-05","安全/信任/可预测","Gate / conditional","N3-02/N3-06","当「生活管理能力」进入「婴幼儿照护」的「家务/家庭劳动」，遇到「反复小问题累积」时，对重视「安全/信任/可预测」的人意味着什么？","constrained_mapping_v0.2","semantic_preflight"
"CC2-01503","PF-E05","生活管理能力","SC-S2-05","家务/家庭劳动","SC-S1-07","婴幼儿照护","SC-S3-10","反复小问题累积","NF-N1-11","家庭投入/家庭边界","Fit / conditional","N3-03/N3-04","当「生活管理能力」进入「婴幼儿照护」的「家务/家庭劳动」，遇到「反复小问题累积」时，对重视「家庭投入/家庭边界」的人意味着什么？","constrained_mapping_v0.2","semantic_preflight"
"CC2-01504","PF-E05","生活管理能力","SC-S2-05","家务/家庭劳动","SC-S1-09","中年多重责任","SC-S3-06","生育/育儿转折","NF-N1-07","公平/可靠/合作","Conditional / gate","N3-02/N3-03","当「生活管理能力」进入「中年多重责任」的「家务/家庭劳动」，遇到「生育/育儿转折」时，对重视「公平/可靠/合作」的人意味着什么？","constrained_mapping_v0.2","semantic_preflight"
"CC2-01505","PF-E05","生活管理能力","SC-S2-05","家务/家庭劳动","SC-S1-09","中年多重责任","SC-S3-06","生育/育儿转折","NF-N1-05","安全/信任/可预测","Gate / conditional","N3-02/N3-06","当「生活管理能力」进入「中年多重责任」的「家务/家庭劳动」，遇到「生育/育儿转折」时，对重视「安全/信任/可预测」的人意味着什么？","constrained_mapping_v0.2","semantic_preflight"
"CC2-01506","PF-E05","生活管理能力","SC-S2-05","家务/家庭劳动","SC-S1-09","中年多重责任","SC-S3-06","生育/育儿转折","NF-N1-11","家庭投入/家庭边界","Fit / conditional","N3-03/N3-04","当「生活管理能力」进入「中年多重责任」的「家务/家庭劳动」，遇到「生育/育儿转折」时，对重视「家庭投入/家庭边界」的人意味着什么？","constrained_mapping_v0.2","semantic_preflight"
"CC2-01507","PF-E05","生活管理能力","SC-S2-05","家务/家庭劳动","SC-S1-09","中年多重责任","SC-S3-10","反复小问题累积","NF-N1-07","公平/可靠/合作","Conditional / gate","N3-02/N3-03","当「生活管理能力」进入「中年多重责任」的「家务/家庭劳动」，遇到「反复小问题累积」时，对重视「公平/可靠/合作」的人意味着什么？","constrained_mapping_v0.2","semantic_preflight"
"CC2-01508","PF-E05","生活管理能力","SC-S2-05","家务/家庭劳动","SC-S1-09","中年多重责任","SC-S3-10","反复小问题累积","NF-N1-05","安全/信任/可预测","Gate / conditional","N3-02/N3-06","当「生活管理能力」进入「中年多重责任」的「家务/家庭劳动」，遇到「反复小问题累积」时，对重视「安全/信任/可预测」的人意味着什么？","constrained_mapping_v0.2","semantic_preflight"
"CC2-01509","PF-E05","生活管理能力","SC-S2-05","家务/家庭劳动","SC-S1-09","中年多重责任","SC-S3-10","反复小问题累积","NF-N1-11","家庭投入/家庭边界","Fit / conditional","N3-03/N3-04","当「生活管理能力」进入「中年多重责任」的「家务/家庭劳动」，遇到「反复小问题累积」时，对重视「家庭投入/家庭边界」的人意味着什么？","constrained_mapping_v0.2","semantic_preflight"
"CC2-01510","PF-E05","生活管理能力","SC-S2-01","日常作息与生活管理","SC-S1-02","恋爱/磨合","SC-S3-01","工作时间突变","NF-N1-07","公平/可靠/合作","Conditional / gate","N3-02/N3-03","当「生活管理能力」进入「恋爱/磨合」的「日常作息与生活管理」，遇到「工作时间突变」时，对重视「公平/可靠/合作」的人意味着什么？","constrained_mapping_v0.2","semantic_preflight"
"CC2-01511","PF-E05","生活管理能力","SC-S2-01","日常作息与生活管理","SC-S1-02","恋爱/磨合","SC-S3-01","工作时间突变","NF-N1-05","安全/信任/可预测","Gate / conditional","N3-02/N3-06","当「生活管理能力」进入「恋爱/磨合」的「日常作息与生活管理」，遇到「工作时间突变」时，对重视「安全/信任/可预测」的人意味着什么？","constrained_mapping_v0.2","semantic_preflight"
"CC2-01512","PF-E05","生活管理能力","SC-S2-01","日常作息与生活管理","SC-S1-02","恋爱/磨合","SC-S3-01","工作时间突变","NF-N1-11","家庭投入/家庭边界","Fit / conditional","N3-03/N3-04","当「生活管理能力」进入「恋爱/磨合」的「日常作息与生活管理」，遇到「工作时间突变」时，对重视「家庭投入/家庭边界」的人意味着什么？","constrained_mapping_v0.2","semantic_preflight"
"CC2-01513","PF-E05","生活管理能力","SC-S2-01","日常作息与生活管理","SC-S1-02","恋爱/磨合","SC-S3-10","反复小问题累积","NF-N1-07","公平/可靠/合作","Conditional / gate","N3-02/N3-03","当「生活管理能力」进入「恋爱/磨合」的「日常作息与生活管理」，遇到「反复小问题累积」时，对重视「公平/可靠/合作」的人意味着什么？","constrained_mapping_v0.2","semantic_preflight"
"CC2-01514","PF-E05","生活管理能力","SC-S2-01","日常作息与生活管理","SC-S1-02","恋爱/磨合","SC-S3-10","反复小问题累积","NF-N1-05","安全/信任/可预测","Gate / conditional","N3-02/N3-06","当「生活管理能力」进入「恋爱/磨合」的「日常作息与生活管理」，遇到「反复小问题累积」时，对重视「安全/信任/可预测」的人意味着什么？","constrained_mapping_v0.2","semantic_preflight"
"CC2-01515","PF-E05","生活管理能力","SC-S2-01","日常作息与生活管理","SC-S1-02","恋爱/磨合","SC-S3-10","反复小问题累积","NF-N1-11","家庭投入/家庭边界","Fit / conditional","N3-03/N3-04","当「生活管理能力」进入「恋爱/磨合」的「日常作息与生活管理」，遇到「反复小问题累积」时，对重视「家庭投入/家庭边界」的人意味着什么？","constrained_mapping_v0.2","semantic_preflight"
"CC2-01516","PF-E05","生活管理能力","SC-S2-01","日常作息与生活管理","SC-S1-04","同居/婚前","SC-S3-01","工作时间突变","NF-N1-07","公平/可靠/合作","Conditional / gate","N3-02/N3-03","当「生活管理能力」进入「同居/婚前」的「日常作息与生活管理」，遇到「工作时间突变」时，对重视「公平/可靠/合作」的人意味着什么？","constrained_mapping_v0.2","semantic_preflight"
"CC2-01517","PF-E05","生活管理能力","SC-S2-01","日常作息与生活管理","SC-S1-04","同居/婚前","SC-S3-01","工作时间突变","NF-N1-05","安全/信任/可预测","Gate / conditional","N3-02/N3-06","当「生活管理能力」进入「同居/婚前」的「日常作息与生活管理」，遇到「工作时间突变」时，对重视「安全/信任/可预测」的人意味着什么？","constrained_mapping_v0.2","semantic_preflight"
"CC2-01518","PF-E05","生活管理能力","SC-S2-01","日常作息与生活管理","SC-S1-04","同居/婚前","SC-S3-01","工作时间突变","NF-N1-11","家庭投入/家庭边界","Fit / conditional","N3-03/N3-04","当「生活管理能力」进入「同居/婚前」的「日常作息与生活管理」，遇到「工作时间突变」时，对重视「家庭投入/家庭边界」的人意味着什么？","constrained_mapping_v0.2","semantic_preflight"
"CC2-01519","PF-E05","生活管理能力","SC-S2-01","日常作息与生活管理","SC-S1-04","同居/婚前","SC-S3-10","反复小问题累积","NF-N1-07","公平/可靠/合作","Conditional / gate","N3-02/N3-03","当「生活管理能力」进入「同居/婚前」的「日常作息与生活管理」，遇到「反复小问题累积」时，对重视「公平/可靠/合作」的人意味着什么？","constrained_mapping_v0.2","semantic_preflight"
"CC2-01520","PF-E05","生活管理能力","SC-S2-01","日常作息与生活管理","SC-S1-04","同居/婚前","SC-S3-10","反复小问题累积","NF-N1-05","安全/信任/可预测","Gate / conditional","N3-02/N3-06","当「生活管理能力」进入「同居/婚前」的「日常作息与生活管理」，遇到「反复小问题累积」时，对重视「安全/信任/可预测」的人意味着什么？","constrained_mapping_v0.2","semantic_preflight"
"CC2-01521","PF-E05","生活管理能力","SC-S2-01","日常作息与生活管理","SC-S1-04","同居/婚前","SC-S3-10","反复小问题累积","NF-N1-11","家庭投入/家庭边界","Fit / conditional","N3-03/N3-04","当「生活管理能力」进入「同居/婚前」的「日常作息与生活管理」，遇到「反复小问题累积」时，对重视「家庭投入/家庭边界」的人意味着什么？","constrained_mapping_v0.2","semantic_preflight"
"CC2-01522","PF-E05","生活管理能力","SC-S2-01","日常作息与生活管理","SC-S1-07","婴幼儿照护","SC-S3-01","工作时间突变","NF-N1-07","公平/可靠/合作","Conditional / gate","N3-02/N3-03","当「生活管理能力」进入「婴幼儿照护」的「日常作息与生活管理」，遇到「工作时间突变」时，对重视「公平/可靠/合作」的人意味着什么？","constrained_mapping_v0.2","semantic_preflight"
"CC2-01523","PF-E05","生活管理能力","SC-S2-01","日常作息与生活管理","SC-S1-07","婴幼儿照护","SC-S3-01","工作时间突变","NF-N1-05","安全/信任/可预测","Gate / conditional","N3-02/N3-06","当「生活管理能力」进入「婴幼儿照护」的「日常作息与生活管理」，遇到「工作时间突变」时，对重视「安全/信任/可预测」的人意味着什么？","constrained_mapping_v0.2","semantic_preflight"
"CC2-01524","PF-E05","生活管理能力","SC-S2-01","日常作息与生活管理","SC-S1-07","婴幼儿照护","SC-S3-01","工作时间突变","NF-N1-11","家庭投入/家庭边界","Fit / conditional","N3-03/N3-04","当「生活管理能力」进入「婴幼儿照护」的「日常作息与生活管理」，遇到「工作时间突变」时，对重视「家庭投入/家庭边界」的人意味着什么？","constrained_mapping_v0.2","semantic_preflight"
"CC2-01525","PF-E05","生活管理能力","SC-S2-01","日常作息与生活管理","SC-S1-07","婴幼儿照护","SC-S3-10","反复小问题累积","NF-N1-07","公平/可靠/合作","Conditional / gate","N3-02/N3-03","当「生活管理能力」进入「婴幼儿照护」的「日常作息与生活管理」，遇到「反复小问题累积」时，对重视「公平/可靠/合作」的人意味着什么？","constrained_mapping_v0.2","semantic_preflight"
"CC2-01526","PF-E05","生活管理能力","SC-S2-01","日常作息与生活管理","SC-S1-07","婴幼儿照护","SC-S3-10","反复小问题累积","NF-N1-05","安全/信任/可预测","Gate / conditional","N3-02/N3-06","当「生活管理能力」进入「婴幼儿照护」的「日常作息与生活管理」，遇到「反复小问题累积」时，对重视「安全/信任/可预测」的人意味着什么？","constrained_mapping_v0.2","semantic_preflight"
"CC2-01527","PF-E05","生活管理能力","SC-S2-01","日常作息与生活管理","SC-S1-07","婴幼儿照护","SC-S3-10","反复小问题累积","NF-N1-11","家庭投入/家庭边界","Fit / conditional","N3-03/N3-04","当「生活管理能力」进入「婴幼儿照护」的「日常作息与生活管理」，遇到「反复小问题累积」时，对重视「家庭投入/家庭边界」的人意味着什么？","constrained_mapping_v0.2","semantic_preflight"
"CC2-01528","PF-E05","生活管理能力","SC-S2-06","孩子/生育/教育","SC-S1-05","结婚/建立家庭","SC-S3-06","生育/育儿转折","NF-N1-07","公平/可靠/合作","Conditional / gate","N3-02/N3-03","当「生活管理能力」进入「结婚/建立家庭」的「孩子/生育/教育」，遇到「生育/育儿转折」时，对重视「公平/可靠/合作」的人意味着什么？","constrained_mapping_v0.2","semantic_preflight"
"CC2-01529","PF-E05","生活管理能力","SC-S2-06","孩子/生育/教育","SC-S1-05","结婚/建立家庭","SC-S3-06","生育/育儿转折","NF-N1-05","安全/信任/可预测","Gate / conditional","N3-02/N3-06","当「生活管理能力」进入「结婚/建立家庭」的「孩子/生育/教育」，遇到「生育/育儿转折」时，对重视「安全/信任/可预测」的人意味着什么？","constrained_mapping_v0.2","semantic_preflight"
"CC2-01530","PF-E05","生活管理能力","SC-S2-06","孩子/生育/教育","SC-S1-05","结婚/建立家庭","SC-S3-06","生育/育儿转折","NF-N1-11","家庭投入/家庭边界","Fit / conditional","N3-03/N3-04","当「生活管理能力」进入「结婚/建立家庭」的「孩子/生育/教育」，遇到「生育/育儿转折」时，对重视「家庭投入/家庭边界」的人意味着什么？","constrained_mapping_v0.2","semantic_preflight"
"CC2-01531","PF-E05","生活管理能力","SC-S2-06","孩子/生育/教育","SC-S1-05","结婚/建立家庭","SC-S3-01","工作时间突变","NF-N1-07","公平/可靠/合作","Conditional / gate","N3-02/N3-03","当「生活管理能力」进入「结婚/建立家庭」的「孩子/生育/教育」，遇到「工作时间突变」时，对重视「公平/可靠/合作」的人意味着什么？","constrained_mapping_v0.2","semantic_preflight"
"CC2-01532","PF-E05","生活管理能力","SC-S2-06","孩子/生育/教育","SC-S1-05","结婚/建立家庭","SC-S3-01","工作时间突变","NF-N1-05","安全/信任/可预测","Gate / conditional","N3-02/N3-06","当「生活管理能力」进入「结婚/建立家庭」的「孩子/生育/教育」，遇到「工作时间突变」时，对重视「安全/信任/可预测」的人意味着什么？","constrained_mapping_v0.2","semantic_preflight"
"CC2-01533","PF-E05","生活管理能力","SC-S2-06","孩子/生育/教育","SC-S1-05","结婚/建立家庭","SC-S3-01","工作时间突变","NF-N1-11","家庭投入/家庭边界","Fit / conditional","N3-03/N3-04","当「生活管理能力」进入「结婚/建立家庭」的「孩子/生育/教育」，遇到「工作时间突变」时，对重视「家庭投入/家庭边界」的人意味着什么？","constrained_mapping_v0.2","semantic_preflight"
"CC2-01534","PF-E05","生活管理能力","SC-S2-06","孩子/生育/教育","SC-S1-06","备孕/怀孕/生育","SC-S3-06","生育/育儿转折","NF-N1-07","公平/可靠/合作","Conditional / gate","N3-02/N3-03","当「生活管理能力」进入「备孕/怀孕/生育」的「孩子/生育/教育」，遇到「生育/育儿转折」时，对重视「公平/可靠/合作」的人意味着什么？","constrained_mapping_v0.2","semantic_preflight"
"CC2-01535","PF-E05","生活管理能力","SC-S2-06","孩子/生育/教育","SC-S1-06","备孕/怀孕/生育","SC-S3-06","生育/育儿转折","NF-N1-05","安全/信任/可预测","Gate / conditional","N3-02/N3-06","当「生活管理能力」进入「备孕/怀孕/生育」的「孩子/生育/教育」，遇到「生育/育儿转折」时，对重视「安全/信任/可预测」的人意味着什么？","constrained_mapping_v0.2","semantic_preflight"
"CC2-01536","PF-E05","生活管理能力","SC-S2-06","孩子/生育/教育","SC-S1-06","备孕/怀孕/生育","SC-S3-06","生育/育儿转折","NF-N1-11","家庭投入/家庭边界","Fit / conditional","N3-03/N3-04","当「生活管理能力」进入「备孕/怀孕/生育」的「孩子/生育/教育」，遇到「生育/育儿转折」时，对重视「家庭投入/家庭边界」的人意味着什么？","constrained_mapping_v0.2","semantic_preflight"
"CC2-01537","PF-E05","生活管理能力","SC-S2-06","孩子/生育/教育","SC-S1-06","备孕/怀孕/生育","SC-S3-01","工作时间突变","NF-N1-07","公平/可靠/合作","Conditional / gate","N3-02/N3-03","当「生活管理能力」进入「备孕/怀孕/生育」的「孩子/生育/教育」，遇到「工作时间突变」时，对重视「公平/可靠/合作」的人意味着什么？","constrained_mapping_v0.2","semantic_preflight"
"CC2-01538","PF-E05","生活管理能力","SC-S2-06","孩子/生育/教育","SC-S1-06","备孕/怀孕/生育","SC-S3-01","工作时间突变","NF-N1-05","安全/信任/可预测","Gate / conditional","N3-02/N3-06","当「生活管理能力」进入「备孕/怀孕/生育」的「孩子/生育/教育」，遇到「工作时间突变」时，对重视「安全/信任/可预测」的人意味着什么？","constrained_mapping_v0.2","semantic_preflight"
"CC2-01539","PF-E05","生活管理能力","SC-S2-06","孩子/生育/教育","SC-S1-06","备孕/怀孕/生育","SC-S3-01","工作时间突变","NF-N1-11","家庭投入/家庭边界","Fit / conditional","N3-03/N3-04","当「生活管理能力」进入「备孕/怀孕/生育」的「孩子/生育/教育」，遇到「工作时间突变」时，对重视「家庭投入/家庭边界」的人意味着什么？","constrained_mapping_v0.2","semantic_preflight"
"CC2-01540","PF-E05","生活管理能力","SC-S2-06","孩子/生育/教育","SC-S1-07","婴幼儿照护","SC-S3-06","生育/育儿转折","NF-N1-07","公平/可靠/合作","Conditional / gate","N3-02/N3-03","当「生活管理能力」进入「婴幼儿照护」的「孩子/生育/教育」，遇到「生育/育儿转折」时，对重视「公平/可靠/合作」的人意味着什么？","constrained_mapping_v0.2","semantic_preflight"
"CC2-01541","PF-E05","生活管理能力","SC-S2-06","孩子/生育/教育","SC-S1-07","婴幼儿照护","SC-S3-06","生育/育儿转折","NF-N1-05","安全/信任/可预测","Gate / conditional","N3-02/N3-06","当「生活管理能力」进入「婴幼儿照护」的「孩子/生育/教育」，遇到「生育/育儿转折」时，对重视「安全/信任/可预测」的人意味着什么？","constrained_mapping_v0.2","semantic_preflight"
"CC2-01542","PF-E05","生活管理能力","SC-S2-06","孩子/生育/教育","SC-S1-07","婴幼儿照护","SC-S3-06","生育/育儿转折","NF-N1-11","家庭投入/家庭边界","Fit / conditional","N3-03/N3-04","当「生活管理能力」进入「婴幼儿照护」的「孩子/生育/教育」，遇到「生育/育儿转折」时，对重视「家庭投入/家庭边界」的人意味着什么？","constrained_mapping_v0.2","semantic_preflight"
"CC2-01543","PF-E05","生活管理能力","SC-S2-06","孩子/生育/教育","SC-S1-07","婴幼儿照护","SC-S3-01","工作时间突变","NF-N1-07","公平/可靠/合作","Conditional / gate","N3-02/N3-03","当「生活管理能力」进入「婴幼儿照护」的「孩子/生育/教育」，遇到「工作时间突变」时，对重视「公平/可靠/合作」的人意味着什么？","constrained_mapping_v0.2","semantic_preflight"
"CC2-01544","PF-E05","生活管理能力","SC-S2-06","孩子/生育/教育","SC-S1-07","婴幼儿照护","SC-S3-01","工作时间突变","NF-N1-05","安全/信任/可预测","Gate / conditional","N3-02/N3-06","当「生活管理能力」进入「婴幼儿照护」的「孩子/生育/教育」，遇到「工作时间突变」时，对重视「安全/信任/可预测」的人意味着什么？","constrained_mapping_v0.2","semantic_preflight"
"CC2-01545","PF-E05","生活管理能力","SC-S2-06","孩子/生育/教育","SC-S1-07","婴幼儿照护","SC-S3-01","工作时间突变","NF-N1-11","家庭投入/家庭边界","Fit / conditional","N3-03/N3-04","当「生活管理能力」进入「婴幼儿照护」的「孩子/生育/教育」，遇到「工作时间突变」时，对重视「家庭投入/家庭边界」的人意味着什么？","constrained_mapping_v0.2","semantic_preflight"
"CC2-01546","PF-E05","生活管理能力","SC-S2-06","孩子/生育/教育","SC-S1-08","孩子成长/教育","SC-S3-06","生育/育儿转折","NF-N1-07","公平/可靠/合作","Conditional / gate","N3-02/N3-03","当「生活管理能力」进入「孩子成长/教育」的「孩子/生育/教育」，遇到「生育/育儿转折」时，对重视「公平/可靠/合作」的人意味着什么？","constrained_mapping_v0.2","semantic_preflight"
"CC2-01547","PF-E05","生活管理能力","SC-S2-06","孩子/生育/教育","SC-S1-08","孩子成长/教育","SC-S3-06","生育/育儿转折","NF-N1-05","安全/信任/可预测","Gate / conditional","N3-02/N3-06","当「生活管理能力」进入「孩子成长/教育」的「孩子/生育/教育」，遇到「生育/育儿转折」时，对重视「安全/信任/可预测」的人意味着什么？","constrained_mapping_v0.2","semantic_preflight"
"CC2-01548","PF-E05","生活管理能力","SC-S2-06","孩子/生育/教育","SC-S1-08","孩子成长/教育","SC-S3-06","生育/育儿转折","NF-N1-11","家庭投入/家庭边界","Fit / conditional","N3-03/N3-04","当「生活管理能力」进入「孩子成长/教育」的「孩子/生育/教育」，遇到「生育/育儿转折」时，对重视「家庭投入/家庭边界」的人意味着什么？","constrained_mapping_v0.2","semantic_preflight"
"CC2-01549","PF-E05","生活管理能力","SC-S2-06","孩子/生育/教育","SC-S1-08","孩子成长/教育","SC-S3-01","工作时间突变","NF-N1-07","公平/可靠/合作","Conditional / gate","N3-02/N3-03","当「生活管理能力」进入「孩子成长/教育」的「孩子/生育/教育」，遇到「工作时间突变」时，对重视「公平/可靠/合作」的人意味着什么？","constrained_mapping_v0.2","semantic_preflight"
"CC2-01550","PF-E05","生活管理能力","SC-S2-06","孩子/生育/教育","SC-S1-08","孩子成长/教育","SC-S3-01","工作时间突变","NF-N1-05","安全/信任/可预测","Gate / conditional","N3-02/N3-06","当「生活管理能力」进入「孩子成长/教育」的「孩子/生育/教育」，遇到「工作时间突变」时，对重视「安全/信任/可预测」的人意味着什么？","constrained_mapping_v0.2","semantic_preflight"
"CC2-01551","PF-E05","生活管理能力","SC-S2-06","孩子/生育/教育","SC-S1-08","孩子成长/教育","SC-S3-01","工作时间突变","NF-N1-11","家庭投入/家庭边界","Fit / conditional","N3-03/N3-04","当「生活管理能力」进入「孩子成长/教育」的「孩子/生育/教育」，遇到「工作时间突变」时，对重视「家庭投入/家庭边界」的人意味着什么？","constrained_mapping_v0.2","semantic_preflight"
"CC2-01552","PF-E06","学习/修正能力","SC-S2-01","日常作息与生活管理","SC-S1-02","恋爱/磨合","SC-S3-01","工作时间突变","NF-N1-03","被理解/被回应/被关心","Gate or conditional","N3-01","当「学习/修正能力」进入「恋爱/磨合」的「日常作息与生活管理」，遇到「工作时间突变」时，对重视「被理解/被回应/被关心」的人意味着什么？","constrained_mapping_v0.2","semantic_preflight"
"CC2-01553","PF-E06","学习/修正能力","SC-S2-01","日常作息与生活管理","SC-S1-02","恋爱/磨合","SC-S3-01","工作时间突变","NF-N1-07","公平/可靠/合作","Conditional / gate","N3-02/N3-03","当「学习/修正能力」进入「恋爱/磨合」的「日常作息与生活管理」，遇到「工作时间突变」时，对重视「公平/可靠/合作」的人意味着什么？","constrained_mapping_v0.2","semantic_preflight"
"CC2-01554","PF-E06","学习/修正能力","SC-S2-01","日常作息与生活管理","SC-S1-02","恋爱/磨合","SC-S3-01","工作时间突变","NF-N1-05","安全/信任/可预测","Gate / conditional","N3-02/N3-06","当「学习/修正能力」进入「恋爱/磨合」的「日常作息与生活管理」，遇到「工作时间突变」时，对重视「安全/信任/可预测」的人意味着什么？","constrained_mapping_v0.2","semantic_preflight"
"CC2-01555","PF-E06","学习/修正能力","SC-S2-01","日常作息与生活管理","SC-S1-02","恋爱/磨合","SC-S3-10","反复小问题累积","NF-N1-03","被理解/被回应/被关心","Gate or conditional","N3-01","当「学习/修正能力」进入「恋爱/磨合」的「日常作息与生活管理」，遇到「反复小问题累积」时，对重视「被理解/被回应/被关心」的人意味着什么？","constrained_mapping_v0.2","semantic_preflight"
"CC2-01556","PF-E06","学习/修正能力","SC-S2-01","日常作息与生活管理","SC-S1-02","恋爱/磨合","SC-S3-10","反复小问题累积","NF-N1-07","公平/可靠/合作","Conditional / gate","N3-02/N3-03","当「学习/修正能力」进入「恋爱/磨合」的「日常作息与生活管理」，遇到「反复小问题累积」时，对重视「公平/可靠/合作」的人意味着什么？","constrained_mapping_v0.2","semantic_preflight"
"CC2-01557","PF-E06","学习/修正能力","SC-S2-01","日常作息与生活管理","SC-S1-02","恋爱/磨合","SC-S3-10","反复小问题累积","NF-N1-05","安全/信任/可预测","Gate / conditional","N3-02/N3-06","当「学习/修正能力」进入「恋爱/磨合」的「日常作息与生活管理」，遇到「反复小问题累积」时，对重视「安全/信任/可预测」的人意味着什么？","constrained_mapping_v0.2","semantic_preflight"
"CC2-01558","PF-E06","学习/修正能力","SC-S2-01","日常作息与生活管理","SC-S1-04","同居/婚前","SC-S3-01","工作时间突变","NF-N1-03","被理解/被回应/被关心","Gate or conditional","N3-01","当「学习/修正能力」进入「同居/婚前」的「日常作息与生活管理」，遇到「工作时间突变」时，对重视「被理解/被回应/被关心」的人意味着什么？","constrained_mapping_v0.2","semantic_preflight"
"CC2-01559","PF-E06","学习/修正能力","SC-S2-01","日常作息与生活管理","SC-S1-04","同居/婚前","SC-S3-01","工作时间突变","NF-N1-07","公平/可靠/合作","Conditional / gate","N3-02/N3-03","当「学习/修正能力」进入「同居/婚前」的「日常作息与生活管理」，遇到「工作时间突变」时，对重视「公平/可靠/合作」的人意味着什么？","constrained_mapping_v0.2","semantic_preflight"
"CC2-01560","PF-E06","学习/修正能力","SC-S2-01","日常作息与生活管理","SC-S1-04","同居/婚前","SC-S3-01","工作时间突变","NF-N1-05","安全/信任/可预测","Gate / conditional","N3-02/N3-06","当「学习/修正能力」进入「同居/婚前」的「日常作息与生活管理」，遇到「工作时间突变」时，对重视「安全/信任/可预测」的人意味着什么？","constrained_mapping_v0.2","semantic_preflight"
"CC2-01561","PF-E06","学习/修正能力","SC-S2-01","日常作息与生活管理","SC-S1-04","同居/婚前","SC-S3-10","反复小问题累积","NF-N1-03","被理解/被回应/被关心","Gate or conditional","N3-01","当「学习/修正能力」进入「同居/婚前」的「日常作息与生活管理」，遇到「反复小问题累积」时，对重视「被理解/被回应/被关心」的人意味着什么？","constrained_mapping_v0.2","semantic_preflight"
"CC2-01562","PF-E06","学习/修正能力","SC-S2-01","日常作息与生活管理","SC-S1-04","同居/婚前","SC-S3-10","反复小问题累积","NF-N1-07","公平/可靠/合作","Conditional / gate","N3-02/N3-03","当「学习/修正能力」进入「同居/婚前」的「日常作息与生活管理」，遇到「反复小问题累积」时，对重视「公平/可靠/合作」的人意味着什么？","constrained_mapping_v0.2","semantic_preflight"
"CC2-01563","PF-E06","学习/修正能力","SC-S2-01","日常作息与生活管理","SC-S1-04","同居/婚前","SC-S3-10","反复小问题累积","NF-N1-05","安全/信任/可预测","Gate / conditional","N3-02/N3-06","当「学习/修正能力」进入「同居/婚前」的「日常作息与生活管理」，遇到「反复小问题累积」时，对重视「安全/信任/可预测」的人意味着什么？","constrained_mapping_v0.2","semantic_preflight"
"CC2-01564","PF-E06","学习/修正能力","SC-S2-01","日常作息与生活管理","SC-S1-07","婴幼儿照护","SC-S3-01","工作时间突变","NF-N1-03","被理解/被回应/被关心","Gate or conditional","N3-01","当「学习/修正能力」进入「婴幼儿照护」的「日常作息与生活管理」，遇到「工作时间突变」时，对重视「被理解/被回应/被关心」的人意味着什么？","constrained_mapping_v0.2","semantic_preflight"
"CC2-01565","PF-E06","学习/修正能力","SC-S2-01","日常作息与生活管理","SC-S1-07","婴幼儿照护","SC-S3-01","工作时间突变","NF-N1-07","公平/可靠/合作","Conditional / gate","N3-02/N3-03","当「学习/修正能力」进入「婴幼儿照护」的「日常作息与生活管理」，遇到「工作时间突变」时，对重视「公平/可靠/合作」的人意味着什么？","constrained_mapping_v0.2","semantic_preflight"
"CC2-01566","PF-E06","学习/修正能力","SC-S2-01","日常作息与生活管理","SC-S1-07","婴幼儿照护","SC-S3-01","工作时间突变","NF-N1-05","安全/信任/可预测","Gate / conditional","N3-02/N3-06","当「学习/修正能力」进入「婴幼儿照护」的「日常作息与生活管理」，遇到「工作时间突变」时，对重视「安全/信任/可预测」的人意味着什么？","constrained_mapping_v0.2","semantic_preflight"
"CC2-01567","PF-E06","学习/修正能力","SC-S2-01","日常作息与生活管理","SC-S1-07","婴幼儿照护","SC-S3-10","反复小问题累积","NF-N1-03","被理解/被回应/被关心","Gate or conditional","N3-01","当「学习/修正能力」进入「婴幼儿照护」的「日常作息与生活管理」，遇到「反复小问题累积」时，对重视「被理解/被回应/被关心」的人意味着什么？","constrained_mapping_v0.2","semantic_preflight"
"CC2-01568","PF-E06","学习/修正能力","SC-S2-01","日常作息与生活管理","SC-S1-07","婴幼儿照护","SC-S3-10","反复小问题累积","NF-N1-07","公平/可靠/合作","Conditional / gate","N3-02/N3-03","当「学习/修正能力」进入「婴幼儿照护」的「日常作息与生活管理」，遇到「反复小问题累积」时，对重视「公平/可靠/合作」的人意味着什么？","constrained_mapping_v0.2","semantic_preflight"
"CC2-01569","PF-E06","学习/修正能力","SC-S2-01","日常作息与生活管理","SC-S1-07","婴幼儿照护","SC-S3-10","反复小问题累积","NF-N1-05","安全/信任/可预测","Gate / conditional","N3-02/N3-06","当「学习/修正能力」进入「婴幼儿照护」的「日常作息与生活管理」，遇到「反复小问题累积」时，对重视「安全/信任/可预测」的人意味着什么？","constrained_mapping_v0.2","semantic_preflight"
"CC2-01570","PF-E06","学习/修正能力","SC-S2-05","家务/家庭劳动","SC-S1-04","同居/婚前","SC-S3-10","反复小问题累积","NF-N1-03","被理解/被回应/被关心","Gate or conditional","N3-01","当「学习/修正能力」进入「同居/婚前」的「家务/家庭劳动」，遇到「反复小问题累积」时，对重视「被理解/被回应/被关心」的人意味着什么？","constrained_mapping_v0.2","semantic_preflight"
"CC2-01571","PF-E06","学习/修正能力","SC-S2-05","家务/家庭劳动","SC-S1-04","同居/婚前","SC-S3-10","反复小问题累积","NF-N1-07","公平/可靠/合作","Conditional / gate","N3-02/N3-03","当「学习/修正能力」进入「同居/婚前」的「家务/家庭劳动」，遇到「反复小问题累积」时，对重视「公平/可靠/合作」的人意味着什么？","constrained_mapping_v0.2","semantic_preflight"
"CC2-01572","PF-E06","学习/修正能力","SC-S2-05","家务/家庭劳动","SC-S1-04","同居/婚前","SC-S3-10","反复小问题累积","NF-N1-05","安全/信任/可预测","Gate / conditional","N3-02/N3-06","当「学习/修正能力」进入「同居/婚前」的「家务/家庭劳动」，遇到「反复小问题累积」时，对重视「安全/信任/可预测」的人意味着什么？","constrained_mapping_v0.2","semantic_preflight"
"CC2-01573","PF-E06","学习/修正能力","SC-S2-05","家务/家庭劳动","SC-S1-06","备孕/怀孕/生育","SC-S3-06","生育/育儿转折","NF-N1-03","被理解/被回应/被关心","Gate or conditional","N3-01","当「学习/修正能力」进入「备孕/怀孕/生育」的「家务/家庭劳动」，遇到「生育/育儿转折」时，对重视「被理解/被回应/被关心」的人意味着什么？","constrained_mapping_v0.2","semantic_preflight"
"CC2-01574","PF-E06","学习/修正能力","SC-S2-05","家务/家庭劳动","SC-S1-06","备孕/怀孕/生育","SC-S3-06","生育/育儿转折","NF-N1-07","公平/可靠/合作","Conditional / gate","N3-02/N3-03","当「学习/修正能力」进入「备孕/怀孕/生育」的「家务/家庭劳动」，遇到「生育/育儿转折」时，对重视「公平/可靠/合作」的人意味着什么？","constrained_mapping_v0.2","semantic_preflight"
"CC2-01575","PF-E06","学习/修正能力","SC-S2-05","家务/家庭劳动","SC-S1-06","备孕/怀孕/生育","SC-S3-06","生育/育儿转折","NF-N1-05","安全/信任/可预测","Gate / conditional","N3-02/N3-06","当「学习/修正能力」进入「备孕/怀孕/生育」的「家务/家庭劳动」，遇到「生育/育儿转折」时，对重视「安全/信任/可预测」的人意味着什么？","constrained_mapping_v0.2","semantic_preflight"
"CC2-01576","PF-E06","学习/修正能力","SC-S2-05","家务/家庭劳动","SC-S1-06","备孕/怀孕/生育","SC-S3-10","反复小问题累积","NF-N1-03","被理解/被回应/被关心","Gate or conditional","N3-01","当「学习/修正能力」进入「备孕/怀孕/生育」的「家务/家庭劳动」，遇到「反复小问题累积」时，对重视「被理解/被回应/被关心」的人意味着什么？","constrained_mapping_v0.2","semantic_preflight"
"CC2-01577","PF-E06","学习/修正能力","SC-S2-05","家务/家庭劳动","SC-S1-06","备孕/怀孕/生育","SC-S3-10","反复小问题累积","NF-N1-07","公平/可靠/合作","Conditional / gate","N3-02/N3-03","当「学习/修正能力」进入「备孕/怀孕/生育」的「家务/家庭劳动」，遇到「反复小问题累积」时，对重视「公平/可靠/合作」的人意味着什么？","constrained_mapping_v0.2","semantic_preflight"
"CC2-01578","PF-E06","学习/修正能力","SC-S2-05","家务/家庭劳动","SC-S1-06","备孕/怀孕/生育","SC-S3-10","反复小问题累积","NF-N1-05","安全/信任/可预测","Gate / conditional","N3-02/N3-06","当「学习/修正能力」进入「备孕/怀孕/生育」的「家务/家庭劳动」，遇到「反复小问题累积」时，对重视「安全/信任/可预测」的人意味着什么？","constrained_mapping_v0.2","semantic_preflight"
"CC2-01579","PF-E06","学习/修正能力","SC-S2-05","家务/家庭劳动","SC-S1-07","婴幼儿照护","SC-S3-06","生育/育儿转折","NF-N1-03","被理解/被回应/被关心","Gate or conditional","N3-01","当「学习/修正能力」进入「婴幼儿照护」的「家务/家庭劳动」，遇到「生育/育儿转折」时，对重视「被理解/被回应/被关心」的人意味着什么？","constrained_mapping_v0.2","semantic_preflight"
"CC2-01580","PF-E06","学习/修正能力","SC-S2-05","家务/家庭劳动","SC-S1-07","婴幼儿照护","SC-S3-06","生育/育儿转折","NF-N1-07","公平/可靠/合作","Conditional / gate","N3-02/N3-03","当「学习/修正能力」进入「婴幼儿照护」的「家务/家庭劳动」，遇到「生育/育儿转折」时，对重视「公平/可靠/合作」的人意味着什么？","constrained_mapping_v0.2","semantic_preflight"
"CC2-01581","PF-E06","学习/修正能力","SC-S2-05","家务/家庭劳动","SC-S1-07","婴幼儿照护","SC-S3-06","生育/育儿转折","NF-N1-05","安全/信任/可预测","Gate / conditional","N3-02/N3-06","当「学习/修正能力」进入「婴幼儿照护」的「家务/家庭劳动」，遇到「生育/育儿转折」时，对重视「安全/信任/可预测」的人意味着什么？","constrained_mapping_v0.2","semantic_preflight"
"CC2-01582","PF-E06","学习/修正能力","SC-S2-05","家务/家庭劳动","SC-S1-07","婴幼儿照护","SC-S3-10","反复小问题累积","NF-N1-03","被理解/被回应/被关心","Gate or conditional","N3-01","当「学习/修正能力」进入「婴幼儿照护」的「家务/家庭劳动」，遇到「反复小问题累积」时，对重视「被理解/被回应/被关心」的人意味着什么？","constrained_mapping_v0.2","semantic_preflight"
"CC2-01583","PF-E06","学习/修正能力","SC-S2-05","家务/家庭劳动","SC-S1-07","婴幼儿照护","SC-S3-10","反复小问题累积","NF-N1-07","公平/可靠/合作","Conditional / gate","N3-02/N3-03","当「学习/修正能力」进入「婴幼儿照护」的「家务/家庭劳动」，遇到「反复小问题累积」时，对重视「公平/可靠/合作」的人意味着什么？","constrained_mapping_v0.2","semantic_preflight"
"CC2-01584","PF-E06","学习/修正能力","SC-S2-05","家务/家庭劳动","SC-S1-07","婴幼儿照护","SC-S3-10","反复小问题累积","NF-N1-05","安全/信任/可预测","Gate / conditional","N3-02/N3-06","当「学习/修正能力」进入「婴幼儿照护」的「家务/家庭劳动」，遇到「反复小问题累积」时，对重视「安全/信任/可预测」的人意味着什么？","constrained_mapping_v0.2","semantic_preflight"
"CC2-01585","PF-E06","学习/修正能力","SC-S2-05","家务/家庭劳动","SC-S1-09","中年多重责任","SC-S3-06","生育/育儿转折","NF-N1-03","被理解/被回应/被关心","Gate or conditional","N3-01","当「学习/修正能力」进入「中年多重责任」的「家务/家庭劳动」，遇到「生育/育儿转折」时，对重视「被理解/被回应/被关心」的人意味着什么？","constrained_mapping_v0.2","semantic_preflight"
"CC2-01586","PF-E06","学习/修正能力","SC-S2-05","家务/家庭劳动","SC-S1-09","中年多重责任","SC-S3-06","生育/育儿转折","NF-N1-07","公平/可靠/合作","Conditional / gate","N3-02/N3-03","当「学习/修正能力」进入「中年多重责任」的「家务/家庭劳动」，遇到「生育/育儿转折」时，对重视「公平/可靠/合作」的人意味着什么？","constrained_mapping_v0.2","semantic_preflight"
"CC2-01587","PF-E06","学习/修正能力","SC-S2-05","家务/家庭劳动","SC-S1-09","中年多重责任","SC-S3-06","生育/育儿转折","NF-N1-05","安全/信任/可预测","Gate / conditional","N3-02/N3-06","当「学习/修正能力」进入「中年多重责任」的「家务/家庭劳动」，遇到「生育/育儿转折」时，对重视「安全/信任/可预测」的人意味着什么？","constrained_mapping_v0.2","semantic_preflight"
"CC2-01588","PF-E06","学习/修正能力","SC-S2-05","家务/家庭劳动","SC-S1-09","中年多重责任","SC-S3-10","反复小问题累积","NF-N1-03","被理解/被回应/被关心","Gate or conditional","N3-01","当「学习/修正能力」进入「中年多重责任」的「家务/家庭劳动」，遇到「反复小问题累积」时，对重视「被理解/被回应/被关心」的人意味着什么？","constrained_mapping_v0.2","semantic_preflight"
"CC2-01589","PF-E06","学习/修正能力","SC-S2-05","家务/家庭劳动","SC-S1-09","中年多重责任","SC-S3-10","反复小问题累积","NF-N1-07","公平/可靠/合作","Conditional / gate","N3-02/N3-03","当「学习/修正能力」进入「中年多重责任」的「家务/家庭劳动」，遇到「反复小问题累积」时，对重视「公平/可靠/合作」的人意味着什么？","constrained_mapping_v0.2","semantic_preflight"
"CC2-01590","PF-E06","学习/修正能力","SC-S2-05","家务/家庭劳动","SC-S1-09","中年多重责任","SC-S3-10","反复小问题累积","NF-N1-05","安全/信任/可预测","Gate / conditional","N3-02/N3-06","当「学习/修正能力」进入「中年多重责任」的「家务/家庭劳动」，遇到「反复小问题累积」时，对重视「安全/信任/可预测」的人意味着什么？","constrained_mapping_v0.2","semantic_preflight"
"CC2-01591","PF-E06","学习/修正能力","SC-S2-07","双方父母/原生家庭","SC-S1-05","结婚/建立家庭","SC-S3-07","父母责任变化","NF-N1-03","被理解/被回应/被关心","Gate or conditional","N3-01","当「学习/修正能力」进入「结婚/建立家庭」的「双方父母/原生家庭」，遇到「父母责任变化」时，对重视「被理解/被回应/被关心」的人意味着什么？","constrained_mapping_v0.2","semantic_preflight"
"CC2-01592","PF-E06","学习/修正能力","SC-S2-07","双方父母/原生家庭","SC-S1-05","结婚/建立家庭","SC-S3-07","父母责任变化","NF-N1-07","公平/可靠/合作","Conditional / gate","N3-02/N3-03","当「学习/修正能力」进入「结婚/建立家庭」的「双方父母/原生家庭」，遇到「父母责任变化」时，对重视「公平/可靠/合作」的人意味着什么？","constrained_mapping_v0.2","semantic_preflight"
"CC2-01593","PF-E06","学习/修正能力","SC-S2-07","双方父母/原生家庭","SC-S1-05","结婚/建立家庭","SC-S3-07","父母责任变化","NF-N1-05","安全/信任/可预测","Gate / conditional","N3-02/N3-06","当「学习/修正能力」进入「结婚/建立家庭」的「双方父母/原生家庭」，遇到「父母责任变化」时，对重视「安全/信任/可预测」的人意味着什么？","constrained_mapping_v0.2","semantic_preflight"
"CC2-01594","PF-E06","学习/修正能力","SC-S2-07","双方父母/原生家庭","SC-S1-05","结婚/建立家庭","SC-S3-05","居住/迁移变化","NF-N1-03","被理解/被回应/被关心","Gate or conditional","N3-01","当「学习/修正能力」进入「结婚/建立家庭」的「双方父母/原生家庭」，遇到「居住/迁移变化」时，对重视「被理解/被回应/被关心」的人意味着什么？","constrained_mapping_v0.2","semantic_preflight"
"CC2-01595","PF-E06","学习/修正能力","SC-S2-07","双方父母/原生家庭","SC-S1-05","结婚/建立家庭","SC-S3-05","居住/迁移变化","NF-N1-07","公平/可靠/合作","Conditional / gate","N3-02/N3-03","当「学习/修正能力」进入「结婚/建立家庭」的「双方父母/原生家庭」，遇到「居住/迁移变化」时，对重视「公平/可靠/合作」的人意味着什么？","constrained_mapping_v0.2","semantic_preflight"
"CC2-01596","PF-E06","学习/修正能力","SC-S2-07","双方父母/原生家庭","SC-S1-05","结婚/建立家庭","SC-S3-05","居住/迁移变化","NF-N1-05","安全/信任/可预测","Gate / conditional","N3-02/N3-06","当「学习/修正能力」进入「结婚/建立家庭」的「双方父母/原生家庭」，遇到「居住/迁移变化」时，对重视「安全/信任/可预测」的人意味着什么？","constrained_mapping_v0.2","semantic_preflight"
"CC2-01597","PF-E06","学习/修正能力","SC-S2-07","双方父母/原生家庭","SC-S1-06","备孕/怀孕/生育","SC-S3-07","父母责任变化","NF-N1-03","被理解/被回应/被关心","Gate or conditional","N3-01","当「学习/修正能力」进入「备孕/怀孕/生育」的「双方父母/原生家庭」，遇到「父母责任变化」时，对重视「被理解/被回应/被关心」的人意味着什么？","constrained_mapping_v0.2","semantic_preflight"
"CC2-01598","PF-E06","学习/修正能力","SC-S2-07","双方父母/原生家庭","SC-S1-06","备孕/怀孕/生育","SC-S3-07","父母责任变化","NF-N1-07","公平/可靠/合作","Conditional / gate","N3-02/N3-03","当「学习/修正能力」进入「备孕/怀孕/生育」的「双方父母/原生家庭」，遇到「父母责任变化」时，对重视「公平/可靠/合作」的人意味着什么？","constrained_mapping_v0.2","semantic_preflight"
"CC2-01599","PF-E06","学习/修正能力","SC-S2-07","双方父母/原生家庭","SC-S1-06","备孕/怀孕/生育","SC-S3-07","父母责任变化","NF-N1-05","安全/信任/可预测","Gate / conditional","N3-02/N3-06","当「学习/修正能力」进入「备孕/怀孕/生育」的「双方父母/原生家庭」，遇到「父母责任变化」时，对重视「安全/信任/可预测」的人意味着什么？","constrained_mapping_v0.2","semantic_preflight"
"CC2-01600","PF-E06","学习/修正能力","SC-S2-07","双方父母/原生家庭","SC-S1-06","备孕/怀孕/生育","SC-S3-05","居住/迁移变化","NF-N1-03","被理解/被回应/被关心","Gate or conditional","N3-01","当「学习/修正能力」进入「备孕/怀孕/生育」的「双方父母/原生家庭」，遇到「居住/迁移变化」时，对重视「被理解/被回应/被关心」的人意味着什么？","constrained_mapping_v0.2","semantic_preflight"
"CC2-01601","PF-E06","学习/修正能力","SC-S2-07","双方父母/原生家庭","SC-S1-06","备孕/怀孕/生育","SC-S3-05","居住/迁移变化","NF-N1-07","公平/可靠/合作","Conditional / gate","N3-02/N3-03","当「学习/修正能力」进入「备孕/怀孕/生育」的「双方父母/原生家庭」，遇到「居住/迁移变化」时，对重视「公平/可靠/合作」的人意味着什么？","constrained_mapping_v0.2","semantic_preflight"
"CC2-01602","PF-E06","学习/修正能力","SC-S2-07","双方父母/原生家庭","SC-S1-06","备孕/怀孕/生育","SC-S3-05","居住/迁移变化","NF-N1-05","安全/信任/可预测","Gate / conditional","N3-02/N3-06","当「学习/修正能力」进入「备孕/怀孕/生育」的「双方父母/原生家庭」，遇到「居住/迁移变化」时，对重视「安全/信任/可预测」的人意味着什么？","constrained_mapping_v0.2","semantic_preflight"
"CC2-01603","PF-E06","学习/修正能力","SC-S2-07","双方父母/原生家庭","SC-S1-07","婴幼儿照护","SC-S3-07","父母责任变化","NF-N1-03","被理解/被回应/被关心","Gate or conditional","N3-01","当「学习/修正能力」进入「婴幼儿照护」的「双方父母/原生家庭」，遇到「父母责任变化」时，对重视「被理解/被回应/被关心」的人意味着什么？","constrained_mapping_v0.2","semantic_preflight"
"CC2-01604","PF-E06","学习/修正能力","SC-S2-07","双方父母/原生家庭","SC-S1-07","婴幼儿照护","SC-S3-07","父母责任变化","NF-N1-07","公平/可靠/合作","Conditional / gate","N3-02/N3-03","当「学习/修正能力」进入「婴幼儿照护」的「双方父母/原生家庭」，遇到「父母责任变化」时，对重视「公平/可靠/合作」的人意味着什么？","constrained_mapping_v0.2","semantic_preflight"
"CC2-01605","PF-E06","学习/修正能力","SC-S2-07","双方父母/原生家庭","SC-S1-07","婴幼儿照护","SC-S3-07","父母责任变化","NF-N1-05","安全/信任/可预测","Gate / conditional","N3-02/N3-06","当「学习/修正能力」进入「婴幼儿照护」的「双方父母/原生家庭」，遇到「父母责任变化」时，对重视「安全/信任/可预测」的人意味着什么？","constrained_mapping_v0.2","semantic_preflight"
"CC2-01606","PF-E06","学习/修正能力","SC-S2-07","双方父母/原生家庭","SC-S1-07","婴幼儿照护","SC-S3-05","居住/迁移变化","NF-N1-03","被理解/被回应/被关心","Gate or conditional","N3-01","当「学习/修正能力」进入「婴幼儿照护」的「双方父母/原生家庭」，遇到「居住/迁移变化」时，对重视「被理解/被回应/被关心」的人意味着什么？","constrained_mapping_v0.2","semantic_preflight"
"CC2-01607","PF-E06","学习/修正能力","SC-S2-07","双方父母/原生家庭","SC-S1-07","婴幼儿照护","SC-S3-05","居住/迁移变化","NF-N1-07","公平/可靠/合作","Conditional / gate","N3-02/N3-03","当「学习/修正能力」进入「婴幼儿照护」的「双方父母/原生家庭」，遇到「居住/迁移变化」时，对重视「公平/可靠/合作」的人意味着什么？","constrained_mapping_v0.2","semantic_preflight"
"CC2-01608","PF-E06","学习/修正能力","SC-S2-07","双方父母/原生家庭","SC-S1-07","婴幼儿照护","SC-S3-05","居住/迁移变化","NF-N1-05","安全/信任/可预测","Gate / conditional","N3-02/N3-06","当「学习/修正能力」进入「婴幼儿照护」的「双方父母/原生家庭」，遇到「居住/迁移变化」时，对重视「安全/信任/可预测」的人意味着什么？","constrained_mapping_v0.2","semantic_preflight"
"CC2-01609","PF-E06","学习/修正能力","SC-S2-07","双方父母/原生家庭","SC-S1-09","中年多重责任","SC-S3-07","父母责任变化","NF-N1-03","被理解/被回应/被关心","Gate or conditional","N3-01","当「学习/修正能力」进入「中年多重责任」的「双方父母/原生家庭」，遇到「父母责任变化」时，对重视「被理解/被回应/被关心」的人意味着什么？","constrained_mapping_v0.2","semantic_preflight"
"CC2-01610","PF-E06","学习/修正能力","SC-S2-07","双方父母/原生家庭","SC-S1-09","中年多重责任","SC-S3-07","父母责任变化","NF-N1-07","公平/可靠/合作","Conditional / gate","N3-02/N3-03","当「学习/修正能力」进入「中年多重责任」的「双方父母/原生家庭」，遇到「父母责任变化」时，对重视「公平/可靠/合作」的人意味着什么？","constrained_mapping_v0.2","semantic_preflight"
"CC2-01611","PF-E06","学习/修正能力","SC-S2-07","双方父母/原生家庭","SC-S1-09","中年多重责任","SC-S3-07","父母责任变化","NF-N1-05","安全/信任/可预测","Gate / conditional","N3-02/N3-06","当「学习/修正能力」进入「中年多重责任」的「双方父母/原生家庭」，遇到「父母责任变化」时，对重视「安全/信任/可预测」的人意味着什么？","constrained_mapping_v0.2","semantic_preflight"
"CC2-01612","PF-E06","学习/修正能力","SC-S2-07","双方父母/原生家庭","SC-S1-09","中年多重责任","SC-S3-05","居住/迁移变化","NF-N1-03","被理解/被回应/被关心","Gate or conditional","N3-01","当「学习/修正能力」进入「中年多重责任」的「双方父母/原生家庭」，遇到「居住/迁移变化」时，对重视「被理解/被回应/被关心」的人意味着什么？","constrained_mapping_v0.2","semantic_preflight"
"CC2-01613","PF-E06","学习/修正能力","SC-S2-07","双方父母/原生家庭","SC-S1-09","中年多重责任","SC-S3-05","居住/迁移变化","NF-N1-07","公平/可靠/合作","Conditional / gate","N3-02/N3-03","当「学习/修正能力」进入「中年多重责任」的「双方父母/原生家庭」，遇到「居住/迁移变化」时，对重视「公平/可靠/合作」的人意味着什么？","constrained_mapping_v0.2","semantic_preflight"
"CC2-01614","PF-E06","学习/修正能力","SC-S2-07","双方父母/原生家庭","SC-S1-09","中年多重责任","SC-S3-05","居住/迁移变化","NF-N1-05","安全/信任/可预测","Gate / conditional","N3-02/N3-06","当「学习/修正能力」进入「中年多重责任」的「双方父母/原生家庭」，遇到「居住/迁移变化」时，对重视「安全/信任/可预测」的人意味着什么？","constrained_mapping_v0.2","semantic_preflight"
"CC2-01615","PF-F01","工作投入强度","SC-S2-02","工作/事业/学习","SC-S1-02","恋爱/磨合","SC-S3-01","工作时间突变","NF-N1-02","陪伴/连接/归属","Ideal range / conditional","N3-01/N3-05","当「工作投入强度」进入「恋爱/磨合」的「工作/事业/学习」，遇到「工作时间突变」时，对重视「陪伴/连接/归属」的人意味着什么？","constrained_mapping_v0.2","semantic_preflight"
"CC2-01616","PF-F01","工作投入强度","SC-S2-02","工作/事业/学习","SC-S1-02","恋爱/磨合","SC-S3-01","工作时间突变","NF-N1-08","成长/能力/目标支持","Fit / trade-off","N3-09","当「工作投入强度」进入「恋爱/磨合」的「工作/事业/学习」，遇到「工作时间突变」时，对重视「成长/能力/目标支持」的人意味着什么？","constrained_mapping_v0.2","semantic_preflight"
"CC2-01617","PF-F01","工作投入强度","SC-S2-02","工作/事业/学习","SC-S1-02","恋爱/磨合","SC-S3-01","工作时间突变","NF-N1-07","公平/可靠/合作","Conditional / gate","N3-02/N3-03","当「工作投入强度」进入「恋爱/磨合」的「工作/事业/学习」，遇到「工作时间突变」时，对重视「公平/可靠/合作」的人意味着什么？","constrained_mapping_v0.2","semantic_preflight"
"CC2-01618","PF-F01","工作投入强度","SC-S2-02","工作/事业/学习","SC-S1-02","恋爱/磨合","SC-S3-02","事业机会/职业转折","NF-N1-02","陪伴/连接/归属","Ideal range / conditional","N3-01/N3-05","当「工作投入强度」进入「恋爱/磨合」的「工作/事业/学习」，遇到「事业机会/职业转折」时，对重视「陪伴/连接/归属」的人意味着什么？","constrained_mapping_v0.2","semantic_preflight"
"CC2-01619","PF-F01","工作投入强度","SC-S2-02","工作/事业/学习","SC-S1-02","恋爱/磨合","SC-S3-02","事业机会/职业转折","NF-N1-08","成长/能力/目标支持","Fit / trade-off","N3-09","当「工作投入强度」进入「恋爱/磨合」的「工作/事业/学习」，遇到「事业机会/职业转折」时，对重视「成长/能力/目标支持」的人意味着什么？","constrained_mapping_v0.2","semantic_preflight"
"CC2-01620","PF-F01","工作投入强度","SC-S2-02","工作/事业/学习","SC-S1-02","恋爱/磨合","SC-S3-02","事业机会/职业转折","NF-N1-07","公平/可靠/合作","Conditional / gate","N3-02/N3-03","当「工作投入强度」进入「恋爱/磨合」的「工作/事业/学习」，遇到「事业机会/职业转折」时，对重视「公平/可靠/合作」的人意味着什么？","constrained_mapping_v0.2","semantic_preflight"
"CC2-01621","PF-F01","工作投入强度","SC-S2-02","工作/事业/学习","SC-S1-05","结婚/建立家庭","SC-S3-01","工作时间突变","NF-N1-02","陪伴/连接/归属","Ideal range / conditional","N3-01/N3-05","当「工作投入强度」进入「结婚/建立家庭」的「工作/事业/学习」，遇到「工作时间突变」时，对重视「陪伴/连接/归属」的人意味着什么？","constrained_mapping_v0.2","semantic_preflight"
"CC2-01622","PF-F01","工作投入强度","SC-S2-02","工作/事业/学习","SC-S1-05","结婚/建立家庭","SC-S3-01","工作时间突变","NF-N1-08","成长/能力/目标支持","Fit / trade-off","N3-09","当「工作投入强度」进入「结婚/建立家庭」的「工作/事业/学习」，遇到「工作时间突变」时，对重视「成长/能力/目标支持」的人意味着什么？","constrained_mapping_v0.2","semantic_preflight"
"CC2-01623","PF-F01","工作投入强度","SC-S2-02","工作/事业/学习","SC-S1-05","结婚/建立家庭","SC-S3-01","工作时间突变","NF-N1-07","公平/可靠/合作","Conditional / gate","N3-02/N3-03","当「工作投入强度」进入「结婚/建立家庭」的「工作/事业/学习」，遇到「工作时间突变」时，对重视「公平/可靠/合作」的人意味着什么？","constrained_mapping_v0.2","semantic_preflight"
"CC2-01624","PF-F01","工作投入强度","SC-S2-02","工作/事业/学习","SC-S1-05","结婚/建立家庭","SC-S3-02","事业机会/职业转折","NF-N1-02","陪伴/连接/归属","Ideal range / conditional","N3-01/N3-05","当「工作投入强度」进入「结婚/建立家庭」的「工作/事业/学习」，遇到「事业机会/职业转折」时，对重视「陪伴/连接/归属」的人意味着什么？","constrained_mapping_v0.2","semantic_preflight"
"CC2-01625","PF-F01","工作投入强度","SC-S2-02","工作/事业/学习","SC-S1-05","结婚/建立家庭","SC-S3-02","事业机会/职业转折","NF-N1-08","成长/能力/目标支持","Fit / trade-off","N3-09","当「工作投入强度」进入「结婚/建立家庭」的「工作/事业/学习」，遇到「事业机会/职业转折」时，对重视「成长/能力/目标支持」的人意味着什么？","constrained_mapping_v0.2","semantic_preflight"
"CC2-01626","PF-F01","工作投入强度","SC-S2-02","工作/事业/学习","SC-S1-05","结婚/建立家庭","SC-S3-02","事业机会/职业转折","NF-N1-07","公平/可靠/合作","Conditional / gate","N3-02/N3-03","当「工作投入强度」进入「结婚/建立家庭」的「工作/事业/学习」，遇到「事业机会/职业转折」时，对重视「公平/可靠/合作」的人意味着什么？","constrained_mapping_v0.2","semantic_preflight"
"CC2-01627","PF-F01","工作投入强度","SC-S2-02","工作/事业/学习","SC-S1-09","中年多重责任","SC-S3-01","工作时间突变","NF-N1-02","陪伴/连接/归属","Ideal range / conditional","N3-01/N3-05","当「工作投入强度」进入「中年多重责任」的「工作/事业/学习」，遇到「工作时间突变」时，对重视「陪伴/连接/归属」的人意味着什么？","constrained_mapping_v0.2","semantic_preflight"
"CC2-01628","PF-F01","工作投入强度","SC-S2-02","工作/事业/学习","SC-S1-09","中年多重责任","SC-S3-01","工作时间突变","NF-N1-08","成长/能力/目标支持","Fit / trade-off","N3-09","当「工作投入强度」进入「中年多重责任」的「工作/事业/学习」，遇到「工作时间突变」时，对重视「成长/能力/目标支持」的人意味着什么？","constrained_mapping_v0.2","semantic_preflight"
"CC2-01629","PF-F01","工作投入强度","SC-S2-02","工作/事业/学习","SC-S1-09","中年多重责任","SC-S3-01","工作时间突变","NF-N1-07","公平/可靠/合作","Conditional / gate","N3-02/N3-03","当「工作投入强度」进入「中年多重责任」的「工作/事业/学习」，遇到「工作时间突变」时，对重视「公平/可靠/合作」的人意味着什么？","constrained_mapping_v0.2","semantic_preflight"
"CC2-01630","PF-F01","工作投入强度","SC-S2-02","工作/事业/学习","SC-S1-09","中年多重责任","SC-S3-02","事业机会/职业转折","NF-N1-02","陪伴/连接/归属","Ideal range / conditional","N3-01/N3-05","当「工作投入强度」进入「中年多重责任」的「工作/事业/学习」，遇到「事业机会/职业转折」时，对重视「陪伴/连接/归属」的人意味着什么？","constrained_mapping_v0.2","semantic_preflight"
"CC2-01631","PF-F01","工作投入强度","SC-S2-02","工作/事业/学习","SC-S1-09","中年多重责任","SC-S3-02","事业机会/职业转折","NF-N1-08","成长/能力/目标支持","Fit / trade-off","N3-09","当「工作投入强度」进入「中年多重责任」的「工作/事业/学习」，遇到「事业机会/职业转折」时，对重视「成长/能力/目标支持」的人意味着什么？","constrained_mapping_v0.2","semantic_preflight"
"CC2-01632","PF-F01","工作投入强度","SC-S2-02","工作/事业/学习","SC-S1-09","中年多重责任","SC-S3-02","事业机会/职业转折","NF-N1-07","公平/可靠/合作","Conditional / gate","N3-02/N3-03","当「工作投入强度」进入「中年多重责任」的「工作/事业/学习」，遇到「事业机会/职业转折」时，对重视「公平/可靠/合作」的人意味着什么？","constrained_mapping_v0.2","semantic_preflight"
"CC2-01633","PF-F01","工作投入强度","SC-S2-01","日常作息与生活管理","SC-S1-02","恋爱/磨合","SC-S3-01","工作时间突变","NF-N1-02","陪伴/连接/归属","Ideal range / conditional","N3-01/N3-05","当「工作投入强度」进入「恋爱/磨合」的「日常作息与生活管理」，遇到「工作时间突变」时，对重视「陪伴/连接/归属」的人意味着什么？","constrained_mapping_v0.2","semantic_preflight"
"CC2-01634","PF-F01","工作投入强度","SC-S2-01","日常作息与生活管理","SC-S1-02","恋爱/磨合","SC-S3-01","工作时间突变","NF-N1-08","成长/能力/目标支持","Fit / trade-off","N3-09","当「工作投入强度」进入「恋爱/磨合」的「日常作息与生活管理」，遇到「工作时间突变」时，对重视「成长/能力/目标支持」的人意味着什么？","constrained_mapping_v0.2","semantic_preflight"
"CC2-01635","PF-F01","工作投入强度","SC-S2-01","日常作息与生活管理","SC-S1-02","恋爱/磨合","SC-S3-01","工作时间突变","NF-N1-07","公平/可靠/合作","Conditional / gate","N3-02/N3-03","当「工作投入强度」进入「恋爱/磨合」的「日常作息与生活管理」，遇到「工作时间突变」时，对重视「公平/可靠/合作」的人意味着什么？","constrained_mapping_v0.2","semantic_preflight"
"CC2-01636","PF-F01","工作投入强度","SC-S2-01","日常作息与生活管理","SC-S1-02","恋爱/磨合","SC-S3-10","反复小问题累积","NF-N1-02","陪伴/连接/归属","Ideal range / conditional","N3-01/N3-05","当「工作投入强度」进入「恋爱/磨合」的「日常作息与生活管理」，遇到「反复小问题累积」时，对重视「陪伴/连接/归属」的人意味着什么？","constrained_mapping_v0.2","semantic_preflight"
"CC2-01637","PF-F01","工作投入强度","SC-S2-01","日常作息与生活管理","SC-S1-02","恋爱/磨合","SC-S3-10","反复小问题累积","NF-N1-08","成长/能力/目标支持","Fit / trade-off","N3-09","当「工作投入强度」进入「恋爱/磨合」的「日常作息与生活管理」，遇到「反复小问题累积」时，对重视「成长/能力/目标支持」的人意味着什么？","constrained_mapping_v0.2","semantic_preflight"
"CC2-01638","PF-F01","工作投入强度","SC-S2-01","日常作息与生活管理","SC-S1-02","恋爱/磨合","SC-S3-10","反复小问题累积","NF-N1-07","公平/可靠/合作","Conditional / gate","N3-02/N3-03","当「工作投入强度」进入「恋爱/磨合」的「日常作息与生活管理」，遇到「反复小问题累积」时，对重视「公平/可靠/合作」的人意味着什么？","constrained_mapping_v0.2","semantic_preflight"
"CC2-01639","PF-F01","工作投入强度","SC-S2-01","日常作息与生活管理","SC-S1-04","同居/婚前","SC-S3-01","工作时间突变","NF-N1-02","陪伴/连接/归属","Ideal range / conditional","N3-01/N3-05","当「工作投入强度」进入「同居/婚前」的「日常作息与生活管理」，遇到「工作时间突变」时，对重视「陪伴/连接/归属」的人意味着什么？","constrained_mapping_v0.2","semantic_preflight"
"CC2-01640","PF-F01","工作投入强度","SC-S2-01","日常作息与生活管理","SC-S1-04","同居/婚前","SC-S3-01","工作时间突变","NF-N1-08","成长/能力/目标支持","Fit / trade-off","N3-09","当「工作投入强度」进入「同居/婚前」的「日常作息与生活管理」，遇到「工作时间突变」时，对重视「成长/能力/目标支持」的人意味着什么？","constrained_mapping_v0.2","semantic_preflight"
"CC2-01641","PF-F01","工作投入强度","SC-S2-01","日常作息与生活管理","SC-S1-04","同居/婚前","SC-S3-01","工作时间突变","NF-N1-07","公平/可靠/合作","Conditional / gate","N3-02/N3-03","当「工作投入强度」进入「同居/婚前」的「日常作息与生活管理」，遇到「工作时间突变」时，对重视「公平/可靠/合作」的人意味着什么？","constrained_mapping_v0.2","semantic_preflight"
"CC2-01642","PF-F01","工作投入强度","SC-S2-01","日常作息与生活管理","SC-S1-04","同居/婚前","SC-S3-10","反复小问题累积","NF-N1-02","陪伴/连接/归属","Ideal range / conditional","N3-01/N3-05","当「工作投入强度」进入「同居/婚前」的「日常作息与生活管理」，遇到「反复小问题累积」时，对重视「陪伴/连接/归属」的人意味着什么？","constrained_mapping_v0.2","semantic_preflight"
"CC2-01643","PF-F01","工作投入强度","SC-S2-01","日常作息与生活管理","SC-S1-04","同居/婚前","SC-S3-10","反复小问题累积","NF-N1-08","成长/能力/目标支持","Fit / trade-off","N3-09","当「工作投入强度」进入「同居/婚前」的「日常作息与生活管理」，遇到「反复小问题累积」时，对重视「成长/能力/目标支持」的人意味着什么？","constrained_mapping_v0.2","semantic_preflight"
"CC2-01644","PF-F01","工作投入强度","SC-S2-01","日常作息与生活管理","SC-S1-04","同居/婚前","SC-S3-10","反复小问题累积","NF-N1-07","公平/可靠/合作","Conditional / gate","N3-02/N3-03","当「工作投入强度」进入「同居/婚前」的「日常作息与生活管理」，遇到「反复小问题累积」时，对重视「公平/可靠/合作」的人意味着什么？","constrained_mapping_v0.2","semantic_preflight"
"CC2-01645","PF-F01","工作投入强度","SC-S2-01","日常作息与生活管理","SC-S1-07","婴幼儿照护","SC-S3-01","工作时间突变","NF-N1-02","陪伴/连接/归属","Ideal range / conditional","N3-01/N3-05","当「工作投入强度」进入「婴幼儿照护」的「日常作息与生活管理」，遇到「工作时间突变」时，对重视「陪伴/连接/归属」的人意味着什么？","constrained_mapping_v0.2","semantic_preflight"
"CC2-01646","PF-F01","工作投入强度","SC-S2-01","日常作息与生活管理","SC-S1-07","婴幼儿照护","SC-S3-01","工作时间突变","NF-N1-08","成长/能力/目标支持","Fit / trade-off","N3-09","当「工作投入强度」进入「婴幼儿照护」的「日常作息与生活管理」，遇到「工作时间突变」时，对重视「成长/能力/目标支持」的人意味着什么？","constrained_mapping_v0.2","semantic_preflight"
"CC2-01647","PF-F01","工作投入强度","SC-S2-01","日常作息与生活管理","SC-S1-07","婴幼儿照护","SC-S3-01","工作时间突变","NF-N1-07","公平/可靠/合作","Conditional / gate","N3-02/N3-03","当「工作投入强度」进入「婴幼儿照护」的「日常作息与生活管理」，遇到「工作时间突变」时，对重视「公平/可靠/合作」的人意味着什么？","constrained_mapping_v0.2","semantic_preflight"
"CC2-01648","PF-F01","工作投入强度","SC-S2-01","日常作息与生活管理","SC-S1-07","婴幼儿照护","SC-S3-10","反复小问题累积","NF-N1-02","陪伴/连接/归属","Ideal range / conditional","N3-01/N3-05","当「工作投入强度」进入「婴幼儿照护」的「日常作息与生活管理」，遇到「反复小问题累积」时，对重视「陪伴/连接/归属」的人意味着什么？","constrained_mapping_v0.2","semantic_preflight"
"CC2-01649","PF-F01","工作投入强度","SC-S2-01","日常作息与生活管理","SC-S1-07","婴幼儿照护","SC-S3-10","反复小问题累积","NF-N1-08","成长/能力/目标支持","Fit / trade-off","N3-09","当「工作投入强度」进入「婴幼儿照护」的「日常作息与生活管理」，遇到「反复小问题累积」时，对重视「成长/能力/目标支持」的人意味着什么？","constrained_mapping_v0.2","semantic_preflight"
"CC2-01650","PF-F01","工作投入强度","SC-S2-01","日常作息与生活管理","SC-S1-07","婴幼儿照护","SC-S3-10","反复小问题累积","NF-N1-07","公平/可靠/合作","Conditional / gate","N3-02/N3-03","当「工作投入强度」进入「婴幼儿照护」的「日常作息与生活管理」，遇到「反复小问题累积」时，对重视「公平/可靠/合作」的人意味着什么？","constrained_mapping_v0.2","semantic_preflight"
"CC2-01651","PF-F01","工作投入强度","SC-S2-06","孩子/生育/教育","SC-S1-05","结婚/建立家庭","SC-S3-06","生育/育儿转折","NF-N1-02","陪伴/连接/归属","Ideal range / conditional","N3-01/N3-05","当「工作投入强度」进入「结婚/建立家庭」的「孩子/生育/教育」，遇到「生育/育儿转折」时，对重视「陪伴/连接/归属」的人意味着什么？","constrained_mapping_v0.2","semantic_preflight"
"CC2-01652","PF-F01","工作投入强度","SC-S2-06","孩子/生育/教育","SC-S1-05","结婚/建立家庭","SC-S3-06","生育/育儿转折","NF-N1-08","成长/能力/目标支持","Fit / trade-off","N3-09","当「工作投入强度」进入「结婚/建立家庭」的「孩子/生育/教育」，遇到「生育/育儿转折」时，对重视「成长/能力/目标支持」的人意味着什么？","constrained_mapping_v0.2","semantic_preflight"
"CC2-01653","PF-F01","工作投入强度","SC-S2-06","孩子/生育/教育","SC-S1-05","结婚/建立家庭","SC-S3-06","生育/育儿转折","NF-N1-07","公平/可靠/合作","Conditional / gate","N3-02/N3-03","当「工作投入强度」进入「结婚/建立家庭」的「孩子/生育/教育」，遇到「生育/育儿转折」时，对重视「公平/可靠/合作」的人意味着什么？","constrained_mapping_v0.2","semantic_preflight"
"CC2-01654","PF-F01","工作投入强度","SC-S2-06","孩子/生育/教育","SC-S1-05","结婚/建立家庭","SC-S3-01","工作时间突变","NF-N1-02","陪伴/连接/归属","Ideal range / conditional","N3-01/N3-05","当「工作投入强度」进入「结婚/建立家庭」的「孩子/生育/教育」，遇到「工作时间突变」时，对重视「陪伴/连接/归属」的人意味着什么？","constrained_mapping_v0.2","semantic_preflight"
"CC2-01655","PF-F01","工作投入强度","SC-S2-06","孩子/生育/教育","SC-S1-05","结婚/建立家庭","SC-S3-01","工作时间突变","NF-N1-08","成长/能力/目标支持","Fit / trade-off","N3-09","当「工作投入强度」进入「结婚/建立家庭」的「孩子/生育/教育」，遇到「工作时间突变」时，对重视「成长/能力/目标支持」的人意味着什么？","constrained_mapping_v0.2","semantic_preflight"
"CC2-01656","PF-F01","工作投入强度","SC-S2-06","孩子/生育/教育","SC-S1-05","结婚/建立家庭","SC-S3-01","工作时间突变","NF-N1-07","公平/可靠/合作","Conditional / gate","N3-02/N3-03","当「工作投入强度」进入「结婚/建立家庭」的「孩子/生育/教育」，遇到「工作时间突变」时，对重视「公平/可靠/合作」的人意味着什么？","constrained_mapping_v0.2","semantic_preflight"
"CC2-01657","PF-F01","工作投入强度","SC-S2-06","孩子/生育/教育","SC-S1-06","备孕/怀孕/生育","SC-S3-06","生育/育儿转折","NF-N1-02","陪伴/连接/归属","Ideal range / conditional","N3-01/N3-05","当「工作投入强度」进入「备孕/怀孕/生育」的「孩子/生育/教育」，遇到「生育/育儿转折」时，对重视「陪伴/连接/归属」的人意味着什么？","constrained_mapping_v0.2","semantic_preflight"
"CC2-01658","PF-F01","工作投入强度","SC-S2-06","孩子/生育/教育","SC-S1-06","备孕/怀孕/生育","SC-S3-06","生育/育儿转折","NF-N1-08","成长/能力/目标支持","Fit / trade-off","N3-09","当「工作投入强度」进入「备孕/怀孕/生育」的「孩子/生育/教育」，遇到「生育/育儿转折」时，对重视「成长/能力/目标支持」的人意味着什么？","constrained_mapping_v0.2","semantic_preflight"
"CC2-01659","PF-F01","工作投入强度","SC-S2-06","孩子/生育/教育","SC-S1-06","备孕/怀孕/生育","SC-S3-06","生育/育儿转折","NF-N1-07","公平/可靠/合作","Conditional / gate","N3-02/N3-03","当「工作投入强度」进入「备孕/怀孕/生育」的「孩子/生育/教育」，遇到「生育/育儿转折」时，对重视「公平/可靠/合作」的人意味着什么？","constrained_mapping_v0.2","semantic_preflight"
"CC2-01660","PF-F01","工作投入强度","SC-S2-06","孩子/生育/教育","SC-S1-06","备孕/怀孕/生育","SC-S3-01","工作时间突变","NF-N1-02","陪伴/连接/归属","Ideal range / conditional","N3-01/N3-05","当「工作投入强度」进入「备孕/怀孕/生育」的「孩子/生育/教育」，遇到「工作时间突变」时，对重视「陪伴/连接/归属」的人意味着什么？","constrained_mapping_v0.2","semantic_preflight"
"CC2-01661","PF-F01","工作投入强度","SC-S2-06","孩子/生育/教育","SC-S1-06","备孕/怀孕/生育","SC-S3-01","工作时间突变","NF-N1-08","成长/能力/目标支持","Fit / trade-off","N3-09","当「工作投入强度」进入「备孕/怀孕/生育」的「孩子/生育/教育」，遇到「工作时间突变」时，对重视「成长/能力/目标支持」的人意味着什么？","constrained_mapping_v0.2","semantic_preflight"
"CC2-01662","PF-F01","工作投入强度","SC-S2-06","孩子/生育/教育","SC-S1-06","备孕/怀孕/生育","SC-S3-01","工作时间突变","NF-N1-07","公平/可靠/合作","Conditional / gate","N3-02/N3-03","当「工作投入强度」进入「备孕/怀孕/生育」的「孩子/生育/教育」，遇到「工作时间突变」时，对重视「公平/可靠/合作」的人意味着什么？","constrained_mapping_v0.2","semantic_preflight"
"CC2-01663","PF-F01","工作投入强度","SC-S2-06","孩子/生育/教育","SC-S1-07","婴幼儿照护","SC-S3-06","生育/育儿转折","NF-N1-02","陪伴/连接/归属","Ideal range / conditional","N3-01/N3-05","当「工作投入强度」进入「婴幼儿照护」的「孩子/生育/教育」，遇到「生育/育儿转折」时，对重视「陪伴/连接/归属」的人意味着什么？","constrained_mapping_v0.2","semantic_preflight"
"CC2-01664","PF-F01","工作投入强度","SC-S2-06","孩子/生育/教育","SC-S1-07","婴幼儿照护","SC-S3-06","生育/育儿转折","NF-N1-08","成长/能力/目标支持","Fit / trade-off","N3-09","当「工作投入强度」进入「婴幼儿照护」的「孩子/生育/教育」，遇到「生育/育儿转折」时，对重视「成长/能力/目标支持」的人意味着什么？","constrained_mapping_v0.2","semantic_preflight"
"CC2-01665","PF-F01","工作投入强度","SC-S2-06","孩子/生育/教育","SC-S1-07","婴幼儿照护","SC-S3-06","生育/育儿转折","NF-N1-07","公平/可靠/合作","Conditional / gate","N3-02/N3-03","当「工作投入强度」进入「婴幼儿照护」的「孩子/生育/教育」，遇到「生育/育儿转折」时，对重视「公平/可靠/合作」的人意味着什么？","constrained_mapping_v0.2","semantic_preflight"
"CC2-01666","PF-F01","工作投入强度","SC-S2-06","孩子/生育/教育","SC-S1-07","婴幼儿照护","SC-S3-01","工作时间突变","NF-N1-02","陪伴/连接/归属","Ideal range / conditional","N3-01/N3-05","当「工作投入强度」进入「婴幼儿照护」的「孩子/生育/教育」，遇到「工作时间突变」时，对重视「陪伴/连接/归属」的人意味着什么？","constrained_mapping_v0.2","semantic_preflight"
"CC2-01667","PF-F01","工作投入强度","SC-S2-06","孩子/生育/教育","SC-S1-07","婴幼儿照护","SC-S3-01","工作时间突变","NF-N1-08","成长/能力/目标支持","Fit / trade-off","N3-09","当「工作投入强度」进入「婴幼儿照护」的「孩子/生育/教育」，遇到「工作时间突变」时，对重视「成长/能力/目标支持」的人意味着什么？","constrained_mapping_v0.2","semantic_preflight"
"CC2-01668","PF-F01","工作投入强度","SC-S2-06","孩子/生育/教育","SC-S1-07","婴幼儿照护","SC-S3-01","工作时间突变","NF-N1-07","公平/可靠/合作","Conditional / gate","N3-02/N3-03","当「工作投入强度」进入「婴幼儿照护」的「孩子/生育/教育」，遇到「工作时间突变」时，对重视「公平/可靠/合作」的人意味着什么？","constrained_mapping_v0.2","semantic_preflight"
"CC2-01669","PF-F01","工作投入强度","SC-S2-06","孩子/生育/教育","SC-S1-08","孩子成长/教育","SC-S3-06","生育/育儿转折","NF-N1-02","陪伴/连接/归属","Ideal range / conditional","N3-01/N3-05","当「工作投入强度」进入「孩子成长/教育」的「孩子/生育/教育」，遇到「生育/育儿转折」时，对重视「陪伴/连接/归属」的人意味着什么？","constrained_mapping_v0.2","semantic_preflight"
"CC2-01670","PF-F01","工作投入强度","SC-S2-06","孩子/生育/教育","SC-S1-08","孩子成长/教育","SC-S3-06","生育/育儿转折","NF-N1-08","成长/能力/目标支持","Fit / trade-off","N3-09","当「工作投入强度」进入「孩子成长/教育」的「孩子/生育/教育」，遇到「生育/育儿转折」时，对重视「成长/能力/目标支持」的人意味着什么？","constrained_mapping_v0.2","semantic_preflight"
"CC2-01671","PF-F01","工作投入强度","SC-S2-06","孩子/生育/教育","SC-S1-08","孩子成长/教育","SC-S3-06","生育/育儿转折","NF-N1-07","公平/可靠/合作","Conditional / gate","N3-02/N3-03","当「工作投入强度」进入「孩子成长/教育」的「孩子/生育/教育」，遇到「生育/育儿转折」时，对重视「公平/可靠/合作」的人意味着什么？","constrained_mapping_v0.2","semantic_preflight"
"CC2-01672","PF-F01","工作投入强度","SC-S2-06","孩子/生育/教育","SC-S1-08","孩子成长/教育","SC-S3-01","工作时间突变","NF-N1-02","陪伴/连接/归属","Ideal range / conditional","N3-01/N3-05","当「工作投入强度」进入「孩子成长/教育」的「孩子/生育/教育」，遇到「工作时间突变」时，对重视「陪伴/连接/归属」的人意味着什么？","constrained_mapping_v0.2","semantic_preflight"
"CC2-01673","PF-F01","工作投入强度","SC-S2-06","孩子/生育/教育","SC-S1-08","孩子成长/教育","SC-S3-01","工作时间突变","NF-N1-08","成长/能力/目标支持","Fit / trade-off","N3-09","当「工作投入强度」进入「孩子成长/教育」的「孩子/生育/教育」，遇到「工作时间突变」时，对重视「成长/能力/目标支持」的人意味着什么？","constrained_mapping_v0.2","semantic_preflight"
"CC2-01674","PF-F01","工作投入强度","SC-S2-06","孩子/生育/教育","SC-S1-08","孩子成长/教育","SC-S3-01","工作时间突变","NF-N1-07","公平/可靠/合作","Conditional / gate","N3-02/N3-03","当「工作投入强度」进入「孩子成长/教育」的「孩子/生育/教育」，遇到「工作时间突变」时，对重视「公平/可靠/合作」的人意味着什么？","constrained_mapping_v0.2","semantic_preflight"
"CC2-01675","PF-F02","日常可用时间","SC-S2-01","日常作息与生活管理","SC-S1-02","恋爱/磨合","SC-S3-01","工作时间突变","NF-N1-02","陪伴/连接/归属","Ideal range / conditional","N3-01/N3-05","当「日常可用时间」进入「恋爱/磨合」的「日常作息与生活管理」，遇到「工作时间突变」时，对重视「陪伴/连接/归属」的人意味着什么？","constrained_mapping_v0.2","semantic_preflight"
"CC2-01676","PF-F02","日常可用时间","SC-S2-01","日常作息与生活管理","SC-S1-02","恋爱/磨合","SC-S3-01","工作时间突变","NF-N1-04","自主/空间/自由","Ideal range / fit","N3-04","当「日常可用时间」进入「恋爱/磨合」的「日常作息与生活管理」，遇到「工作时间突变」时，对重视「自主/空间/自由」的人意味着什么？","constrained_mapping_v0.2","semantic_preflight"
"CC2-01677","PF-F02","日常可用时间","SC-S2-01","日常作息与生活管理","SC-S1-02","恋爱/磨合","SC-S3-01","工作时间突变","NF-N1-11","家庭投入/家庭边界","Fit / conditional","N3-03/N3-04","当「日常可用时间」进入「恋爱/磨合」的「日常作息与生活管理」，遇到「工作时间突变」时，对重视「家庭投入/家庭边界」的人意味着什么？","constrained_mapping_v0.2","semantic_preflight"
"CC2-01678","PF-F02","日常可用时间","SC-S2-01","日常作息与生活管理","SC-S1-02","恋爱/磨合","SC-S3-10","反复小问题累积","NF-N1-02","陪伴/连接/归属","Ideal range / conditional","N3-01/N3-05","当「日常可用时间」进入「恋爱/磨合」的「日常作息与生活管理」，遇到「反复小问题累积」时，对重视「陪伴/连接/归属」的人意味着什么？","constrained_mapping_v0.2","semantic_preflight"
"CC2-01679","PF-F02","日常可用时间","SC-S2-01","日常作息与生活管理","SC-S1-02","恋爱/磨合","SC-S3-10","反复小问题累积","NF-N1-04","自主/空间/自由","Ideal range / fit","N3-04","当「日常可用时间」进入「恋爱/磨合」的「日常作息与生活管理」，遇到「反复小问题累积」时，对重视「自主/空间/自由」的人意味着什么？","constrained_mapping_v0.2","semantic_preflight"
"CC2-01680","PF-F02","日常可用时间","SC-S2-01","日常作息与生活管理","SC-S1-02","恋爱/磨合","SC-S3-10","反复小问题累积","NF-N1-11","家庭投入/家庭边界","Fit / conditional","N3-03/N3-04","当「日常可用时间」进入「恋爱/磨合」的「日常作息与生活管理」，遇到「反复小问题累积」时，对重视「家庭投入/家庭边界」的人意味着什么？","constrained_mapping_v0.2","semantic_preflight"
"CC2-01681","PF-F02","日常可用时间","SC-S2-01","日常作息与生活管理","SC-S1-04","同居/婚前","SC-S3-01","工作时间突变","NF-N1-02","陪伴/连接/归属","Ideal range / conditional","N3-01/N3-05","当「日常可用时间」进入「同居/婚前」的「日常作息与生活管理」，遇到「工作时间突变」时，对重视「陪伴/连接/归属」的人意味着什么？","constrained_mapping_v0.2","semantic_preflight"
"CC2-01682","PF-F02","日常可用时间","SC-S2-01","日常作息与生活管理","SC-S1-04","同居/婚前","SC-S3-01","工作时间突变","NF-N1-04","自主/空间/自由","Ideal range / fit","N3-04","当「日常可用时间」进入「同居/婚前」的「日常作息与生活管理」，遇到「工作时间突变」时，对重视「自主/空间/自由」的人意味着什么？","constrained_mapping_v0.2","semantic_preflight"
"CC2-01683","PF-F02","日常可用时间","SC-S2-01","日常作息与生活管理","SC-S1-04","同居/婚前","SC-S3-01","工作时间突变","NF-N1-11","家庭投入/家庭边界","Fit / conditional","N3-03/N3-04","当「日常可用时间」进入「同居/婚前」的「日常作息与生活管理」，遇到「工作时间突变」时，对重视「家庭投入/家庭边界」的人意味着什么？","constrained_mapping_v0.2","semantic_preflight"
"CC2-01684","PF-F02","日常可用时间","SC-S2-01","日常作息与生活管理","SC-S1-04","同居/婚前","SC-S3-10","反复小问题累积","NF-N1-02","陪伴/连接/归属","Ideal range / conditional","N3-01/N3-05","当「日常可用时间」进入「同居/婚前」的「日常作息与生活管理」，遇到「反复小问题累积」时，对重视「陪伴/连接/归属」的人意味着什么？","constrained_mapping_v0.2","semantic_preflight"
"CC2-01685","PF-F02","日常可用时间","SC-S2-01","日常作息与生活管理","SC-S1-04","同居/婚前","SC-S3-10","反复小问题累积","NF-N1-04","自主/空间/自由","Ideal range / fit","N3-04","当「日常可用时间」进入「同居/婚前」的「日常作息与生活管理」，遇到「反复小问题累积」时，对重视「自主/空间/自由」的人意味着什么？","constrained_mapping_v0.2","semantic_preflight"
"CC2-01686","PF-F02","日常可用时间","SC-S2-01","日常作息与生活管理","SC-S1-04","同居/婚前","SC-S3-10","反复小问题累积","NF-N1-11","家庭投入/家庭边界","Fit / conditional","N3-03/N3-04","当「日常可用时间」进入「同居/婚前」的「日常作息与生活管理」，遇到「反复小问题累积」时，对重视「家庭投入/家庭边界」的人意味着什么？","constrained_mapping_v0.2","semantic_preflight"
"CC2-01687","PF-F02","日常可用时间","SC-S2-01","日常作息与生活管理","SC-S1-07","婴幼儿照护","SC-S3-01","工作时间突变","NF-N1-02","陪伴/连接/归属","Ideal range / conditional","N3-01/N3-05","当「日常可用时间」进入「婴幼儿照护」的「日常作息与生活管理」，遇到「工作时间突变」时，对重视「陪伴/连接/归属」的人意味着什么？","constrained_mapping_v0.2","semantic_preflight"
"CC2-01688","PF-F02","日常可用时间","SC-S2-01","日常作息与生活管理","SC-S1-07","婴幼儿照护","SC-S3-01","工作时间突变","NF-N1-04","自主/空间/自由","Ideal range / fit","N3-04","当「日常可用时间」进入「婴幼儿照护」的「日常作息与生活管理」，遇到「工作时间突变」时，对重视「自主/空间/自由」的人意味着什么？","constrained_mapping_v0.2","semantic_preflight"
"CC2-01689","PF-F02","日常可用时间","SC-S2-01","日常作息与生活管理","SC-S1-07","婴幼儿照护","SC-S3-01","工作时间突变","NF-N1-11","家庭投入/家庭边界","Fit / conditional","N3-03/N3-04","当「日常可用时间」进入「婴幼儿照护」的「日常作息与生活管理」，遇到「工作时间突变」时，对重视「家庭投入/家庭边界」的人意味着什么？","constrained_mapping_v0.2","semantic_preflight"
"CC2-01690","PF-F02","日常可用时间","SC-S2-01","日常作息与生活管理","SC-S1-07","婴幼儿照护","SC-S3-10","反复小问题累积","NF-N1-02","陪伴/连接/归属","Ideal range / conditional","N3-01/N3-05","当「日常可用时间」进入「婴幼儿照护」的「日常作息与生活管理」，遇到「反复小问题累积」时，对重视「陪伴/连接/归属」的人意味着什么？","constrained_mapping_v0.2","semantic_preflight"
"CC2-01691","PF-F02","日常可用时间","SC-S2-01","日常作息与生活管理","SC-S1-07","婴幼儿照护","SC-S3-10","反复小问题累积","NF-N1-04","自主/空间/自由","Ideal range / fit","N3-04","当「日常可用时间」进入「婴幼儿照护」的「日常作息与生活管理」，遇到「反复小问题累积」时，对重视「自主/空间/自由」的人意味着什么？","constrained_mapping_v0.2","semantic_preflight"
"CC2-01692","PF-F02","日常可用时间","SC-S2-01","日常作息与生活管理","SC-S1-07","婴幼儿照护","SC-S3-10","反复小问题累积","NF-N1-11","家庭投入/家庭边界","Fit / conditional","N3-03/N3-04","当「日常可用时间」进入「婴幼儿照护」的「日常作息与生活管理」，遇到「反复小问题累积」时，对重视「家庭投入/家庭边界」的人意味着什么？","constrained_mapping_v0.2","semantic_preflight"
"CC2-01693","PF-F02","日常可用时间","SC-S2-09","兴趣/休闲/旅行","SC-S1-01","认识/相亲","SC-S3-01","工作时间突变","NF-N1-02","陪伴/连接/归属","Ideal range / conditional","N3-01/N3-05","当「日常可用时间」进入「认识/相亲」的「兴趣/休闲/旅行」，遇到「工作时间突变」时，对重视「陪伴/连接/归属」的人意味着什么？","constrained_mapping_v0.2","semantic_preflight"
"CC2-01694","PF-F02","日常可用时间","SC-S2-09","兴趣/休闲/旅行","SC-S1-01","认识/相亲","SC-S3-01","工作时间突变","NF-N1-04","自主/空间/自由","Ideal range / fit","N3-04","当「日常可用时间」进入「认识/相亲」的「兴趣/休闲/旅行」，遇到「工作时间突变」时，对重视「自主/空间/自由」的人意味着什么？","constrained_mapping_v0.2","semantic_preflight"
"CC2-01695","PF-F02","日常可用时间","SC-S2-09","兴趣/休闲/旅行","SC-S1-01","认识/相亲","SC-S3-01","工作时间突变","NF-N1-11","家庭投入/家庭边界","Fit / conditional","N3-03/N3-04","当「日常可用时间」进入「认识/相亲」的「兴趣/休闲/旅行」，遇到「工作时间突变」时，对重视「家庭投入/家庭边界」的人意味着什么？","constrained_mapping_v0.2","semantic_preflight"
"CC2-01696","PF-F02","日常可用时间","SC-S2-09","兴趣/休闲/旅行","SC-S1-03","稳定交往","SC-S3-01","工作时间突变","NF-N1-02","陪伴/连接/归属","Ideal range / conditional","N3-01/N3-05","当「日常可用时间」进入「稳定交往」的「兴趣/休闲/旅行」，遇到「工作时间突变」时，对重视「陪伴/连接/归属」的人意味着什么？","constrained_mapping_v0.2","semantic_preflight"
"CC2-01697","PF-F02","日常可用时间","SC-S2-09","兴趣/休闲/旅行","SC-S1-03","稳定交往","SC-S3-01","工作时间突变","NF-N1-04","自主/空间/自由","Ideal range / fit","N3-04","当「日常可用时间」进入「稳定交往」的「兴趣/休闲/旅行」，遇到「工作时间突变」时，对重视「自主/空间/自由」的人意味着什么？","constrained_mapping_v0.2","semantic_preflight"
"CC2-01698","PF-F02","日常可用时间","SC-S2-09","兴趣/休闲/旅行","SC-S1-03","稳定交往","SC-S3-01","工作时间突变","NF-N1-11","家庭投入/家庭边界","Fit / conditional","N3-03/N3-04","当「日常可用时间」进入「稳定交往」的「兴趣/休闲/旅行」，遇到「工作时间突变」时，对重视「家庭投入/家庭边界」的人意味着什么？","constrained_mapping_v0.2","semantic_preflight"
"CC2-01699","PF-F02","日常可用时间","SC-S2-09","兴趣/休闲/旅行","SC-S1-03","稳定交往","SC-S3-10","反复小问题累积","NF-N1-02","陪伴/连接/归属","Ideal range / conditional","N3-01/N3-05","当「日常可用时间」进入「稳定交往」的「兴趣/休闲/旅行」，遇到「反复小问题累积」时，对重视「陪伴/连接/归属」的人意味着什么？","constrained_mapping_v0.2","semantic_preflight"
"CC2-01700","PF-F02","日常可用时间","SC-S2-09","兴趣/休闲/旅行","SC-S1-03","稳定交往","SC-S3-10","反复小问题累积","NF-N1-04","自主/空间/自由","Ideal range / fit","N3-04","当「日常可用时间」进入「稳定交往」的「兴趣/休闲/旅行」，遇到「反复小问题累积」时，对重视「自主/空间/自由」的人意味着什么？","constrained_mapping_v0.2","semantic_preflight"
"CC2-01701","PF-F02","日常可用时间","SC-S2-09","兴趣/休闲/旅行","SC-S1-03","稳定交往","SC-S3-10","反复小问题累积","NF-N1-11","家庭投入/家庭边界","Fit / conditional","N3-03/N3-04","当「日常可用时间」进入「稳定交往」的「兴趣/休闲/旅行」，遇到「反复小问题累积」时，对重视「家庭投入/家庭边界」的人意味着什么？","constrained_mapping_v0.2","semantic_preflight"
"CC2-01702","PF-F02","日常可用时间","SC-S2-09","兴趣/休闲/旅行","SC-S1-07","婴幼儿照护","SC-S3-01","工作时间突变","NF-N1-02","陪伴/连接/归属","Ideal range / conditional","N3-01/N3-05","当「日常可用时间」进入「婴幼儿照护」的「兴趣/休闲/旅行」，遇到「工作时间突变」时，对重视「陪伴/连接/归属」的人意味着什么？","constrained_mapping_v0.2","semantic_preflight"
"CC2-01703","PF-F02","日常可用时间","SC-S2-09","兴趣/休闲/旅行","SC-S1-07","婴幼儿照护","SC-S3-01","工作时间突变","NF-N1-04","自主/空间/自由","Ideal range / fit","N3-04","当「日常可用时间」进入「婴幼儿照护」的「兴趣/休闲/旅行」，遇到「工作时间突变」时，对重视「自主/空间/自由」的人意味着什么？","constrained_mapping_v0.2","semantic_preflight"
"CC2-01704","PF-F02","日常可用时间","SC-S2-09","兴趣/休闲/旅行","SC-S1-07","婴幼儿照护","SC-S3-01","工作时间突变","NF-N1-11","家庭投入/家庭边界","Fit / conditional","N3-03/N3-04","当「日常可用时间」进入「婴幼儿照护」的「兴趣/休闲/旅行」，遇到「工作时间突变」时，对重视「家庭投入/家庭边界」的人意味着什么？","constrained_mapping_v0.2","semantic_preflight"
"CC2-01705","PF-F02","日常可用时间","SC-S2-09","兴趣/休闲/旅行","SC-S1-07","婴幼儿照护","SC-S3-10","反复小问题累积","NF-N1-02","陪伴/连接/归属","Ideal range / conditional","N3-01/N3-05","当「日常可用时间」进入「婴幼儿照护」的「兴趣/休闲/旅行」，遇到「反复小问题累积」时，对重视「陪伴/连接/归属」的人意味着什么？","constrained_mapping_v0.2","semantic_preflight"
"CC2-01706","PF-F02","日常可用时间","SC-S2-09","兴趣/休闲/旅行","SC-S1-07","婴幼儿照护","SC-S3-10","反复小问题累积","NF-N1-04","自主/空间/自由","Ideal range / fit","N3-04","当「日常可用时间」进入「婴幼儿照护」的「兴趣/休闲/旅行」，遇到「反复小问题累积」时，对重视「自主/空间/自由」的人意味着什么？","constrained_mapping_v0.2","semantic_preflight"
"CC2-01707","PF-F02","日常可用时间","SC-S2-09","兴趣/休闲/旅行","SC-S1-07","婴幼儿照护","SC-S3-10","反复小问题累积","NF-N1-11","家庭投入/家庭边界","Fit / conditional","N3-03/N3-04","当「日常可用时间」进入「婴幼儿照护」的「兴趣/休闲/旅行」，遇到「反复小问题累积」时，对重视「家庭投入/家庭边界」的人意味着什么？","constrained_mapping_v0.2","semantic_preflight"
"CC2-01708","PF-F02","日常可用时间","SC-S2-06","孩子/生育/教育","SC-S1-05","结婚/建立家庭","SC-S3-06","生育/育儿转折","NF-N1-02","陪伴/连接/归属","Ideal range / conditional","N3-01/N3-05","当「日常可用时间」进入「结婚/建立家庭」的「孩子/生育/教育」，遇到「生育/育儿转折」时，对重视「陪伴/连接/归属」的人意味着什么？","constrained_mapping_v0.2","semantic_preflight"
"CC2-01709","PF-F02","日常可用时间","SC-S2-06","孩子/生育/教育","SC-S1-05","结婚/建立家庭","SC-S3-06","生育/育儿转折","NF-N1-04","自主/空间/自由","Ideal range / fit","N3-04","当「日常可用时间」进入「结婚/建立家庭」的「孩子/生育/教育」，遇到「生育/育儿转折」时，对重视「自主/空间/自由」的人意味着什么？","constrained_mapping_v0.2","semantic_preflight"
"CC2-01710","PF-F02","日常可用时间","SC-S2-06","孩子/生育/教育","SC-S1-05","结婚/建立家庭","SC-S3-06","生育/育儿转折","NF-N1-11","家庭投入/家庭边界","Fit / conditional","N3-03/N3-04","当「日常可用时间」进入「结婚/建立家庭」的「孩子/生育/教育」，遇到「生育/育儿转折」时，对重视「家庭投入/家庭边界」的人意味着什么？","constrained_mapping_v0.2","semantic_preflight"
"CC2-01711","PF-F02","日常可用时间","SC-S2-06","孩子/生育/教育","SC-S1-05","结婚/建立家庭","SC-S3-01","工作时间突变","NF-N1-02","陪伴/连接/归属","Ideal range / conditional","N3-01/N3-05","当「日常可用时间」进入「结婚/建立家庭」的「孩子/生育/教育」，遇到「工作时间突变」时，对重视「陪伴/连接/归属」的人意味着什么？","constrained_mapping_v0.2","semantic_preflight"
"CC2-01712","PF-F02","日常可用时间","SC-S2-06","孩子/生育/教育","SC-S1-05","结婚/建立家庭","SC-S3-01","工作时间突变","NF-N1-04","自主/空间/自由","Ideal range / fit","N3-04","当「日常可用时间」进入「结婚/建立家庭」的「孩子/生育/教育」，遇到「工作时间突变」时，对重视「自主/空间/自由」的人意味着什么？","constrained_mapping_v0.2","semantic_preflight"
"CC2-01713","PF-F02","日常可用时间","SC-S2-06","孩子/生育/教育","SC-S1-05","结婚/建立家庭","SC-S3-01","工作时间突变","NF-N1-11","家庭投入/家庭边界","Fit / conditional","N3-03/N3-04","当「日常可用时间」进入「结婚/建立家庭」的「孩子/生育/教育」，遇到「工作时间突变」时，对重视「家庭投入/家庭边界」的人意味着什么？","constrained_mapping_v0.2","semantic_preflight"
"CC2-01714","PF-F02","日常可用时间","SC-S2-06","孩子/生育/教育","SC-S1-06","备孕/怀孕/生育","SC-S3-06","生育/育儿转折","NF-N1-02","陪伴/连接/归属","Ideal range / conditional","N3-01/N3-05","当「日常可用时间」进入「备孕/怀孕/生育」的「孩子/生育/教育」，遇到「生育/育儿转折」时，对重视「陪伴/连接/归属」的人意味着什么？","constrained_mapping_v0.2","semantic_preflight"
"CC2-01715","PF-F02","日常可用时间","SC-S2-06","孩子/生育/教育","SC-S1-06","备孕/怀孕/生育","SC-S3-06","生育/育儿转折","NF-N1-04","自主/空间/自由","Ideal range / fit","N3-04","当「日常可用时间」进入「备孕/怀孕/生育」的「孩子/生育/教育」，遇到「生育/育儿转折」时，对重视「自主/空间/自由」的人意味着什么？","constrained_mapping_v0.2","semantic_preflight"
"CC2-01716","PF-F02","日常可用时间","SC-S2-06","孩子/生育/教育","SC-S1-06","备孕/怀孕/生育","SC-S3-06","生育/育儿转折","NF-N1-11","家庭投入/家庭边界","Fit / conditional","N3-03/N3-04","当「日常可用时间」进入「备孕/怀孕/生育」的「孩子/生育/教育」，遇到「生育/育儿转折」时，对重视「家庭投入/家庭边界」的人意味着什么？","constrained_mapping_v0.2","semantic_preflight"
"CC2-01717","PF-F02","日常可用时间","SC-S2-06","孩子/生育/教育","SC-S1-06","备孕/怀孕/生育","SC-S3-01","工作时间突变","NF-N1-02","陪伴/连接/归属","Ideal range / conditional","N3-01/N3-05","当「日常可用时间」进入「备孕/怀孕/生育」的「孩子/生育/教育」，遇到「工作时间突变」时，对重视「陪伴/连接/归属」的人意味着什么？","constrained_mapping_v0.2","semantic_preflight"
"CC2-01718","PF-F02","日常可用时间","SC-S2-06","孩子/生育/教育","SC-S1-06","备孕/怀孕/生育","SC-S3-01","工作时间突变","NF-N1-04","自主/空间/自由","Ideal range / fit","N3-04","当「日常可用时间」进入「备孕/怀孕/生育」的「孩子/生育/教育」，遇到「工作时间突变」时，对重视「自主/空间/自由」的人意味着什么？","constrained_mapping_v0.2","semantic_preflight"
"CC2-01719","PF-F02","日常可用时间","SC-S2-06","孩子/生育/教育","SC-S1-06","备孕/怀孕/生育","SC-S3-01","工作时间突变","NF-N1-11","家庭投入/家庭边界","Fit / conditional","N3-03/N3-04","当「日常可用时间」进入「备孕/怀孕/生育」的「孩子/生育/教育」，遇到「工作时间突变」时，对重视「家庭投入/家庭边界」的人意味着什么？","constrained_mapping_v0.2","semantic_preflight"
"CC2-01720","PF-F02","日常可用时间","SC-S2-06","孩子/生育/教育","SC-S1-07","婴幼儿照护","SC-S3-06","生育/育儿转折","NF-N1-02","陪伴/连接/归属","Ideal range / conditional","N3-01/N3-05","当「日常可用时间」进入「婴幼儿照护」的「孩子/生育/教育」，遇到「生育/育儿转折」时，对重视「陪伴/连接/归属」的人意味着什么？","constrained_mapping_v0.2","semantic_preflight"
"CC2-01721","PF-F02","日常可用时间","SC-S2-06","孩子/生育/教育","SC-S1-07","婴幼儿照护","SC-S3-06","生育/育儿转折","NF-N1-04","自主/空间/自由","Ideal range / fit","N3-04","当「日常可用时间」进入「婴幼儿照护」的「孩子/生育/教育」，遇到「生育/育儿转折」时，对重视「自主/空间/自由」的人意味着什么？","constrained_mapping_v0.2","semantic_preflight"
"CC2-01722","PF-F02","日常可用时间","SC-S2-06","孩子/生育/教育","SC-S1-07","婴幼儿照护","SC-S3-06","生育/育儿转折","NF-N1-11","家庭投入/家庭边界","Fit / conditional","N3-03/N3-04","当「日常可用时间」进入「婴幼儿照护」的「孩子/生育/教育」，遇到「生育/育儿转折」时，对重视「家庭投入/家庭边界」的人意味着什么？","constrained_mapping_v0.2","semantic_preflight"
"CC2-01723","PF-F02","日常可用时间","SC-S2-06","孩子/生育/教育","SC-S1-07","婴幼儿照护","SC-S3-01","工作时间突变","NF-N1-02","陪伴/连接/归属","Ideal range / conditional","N3-01/N3-05","当「日常可用时间」进入「婴幼儿照护」的「孩子/生育/教育」，遇到「工作时间突变」时，对重视「陪伴/连接/归属」的人意味着什么？","constrained_mapping_v0.2","semantic_preflight"
"CC2-01724","PF-F02","日常可用时间","SC-S2-06","孩子/生育/教育","SC-S1-07","婴幼儿照护","SC-S3-01","工作时间突变","NF-N1-04","自主/空间/自由","Ideal range / fit","N3-04","当「日常可用时间」进入「婴幼儿照护」的「孩子/生育/教育」，遇到「工作时间突变」时，对重视「自主/空间/自由」的人意味着什么？","constrained_mapping_v0.2","semantic_preflight"
"CC2-01725","PF-F02","日常可用时间","SC-S2-06","孩子/生育/教育","SC-S1-07","婴幼儿照护","SC-S3-01","工作时间突变","NF-N1-11","家庭投入/家庭边界","Fit / conditional","N3-03/N3-04","当「日常可用时间」进入「婴幼儿照护」的「孩子/生育/教育」，遇到「工作时间突变」时，对重视「家庭投入/家庭边界」的人意味着什么？","constrained_mapping_v0.2","semantic_preflight"
"CC2-01726","PF-F02","日常可用时间","SC-S2-06","孩子/生育/教育","SC-S1-08","孩子成长/教育","SC-S3-06","生育/育儿转折","NF-N1-02","陪伴/连接/归属","Ideal range / conditional","N3-01/N3-05","当「日常可用时间」进入「孩子成长/教育」的「孩子/生育/教育」，遇到「生育/育儿转折」时，对重视「陪伴/连接/归属」的人意味着什么？","constrained_mapping_v0.2","semantic_preflight"
"CC2-01727","PF-F02","日常可用时间","SC-S2-06","孩子/生育/教育","SC-S1-08","孩子成长/教育","SC-S3-06","生育/育儿转折","NF-N1-04","自主/空间/自由","Ideal range / fit","N3-04","当「日常可用时间」进入「孩子成长/教育」的「孩子/生育/教育」，遇到「生育/育儿转折」时，对重视「自主/空间/自由」的人意味着什么？","constrained_mapping_v0.2","semantic_preflight"
"CC2-01728","PF-F02","日常可用时间","SC-S2-06","孩子/生育/教育","SC-S1-08","孩子成长/教育","SC-S3-06","生育/育儿转折","NF-N1-11","家庭投入/家庭边界","Fit / conditional","N3-03/N3-04","当「日常可用时间」进入「孩子成长/教育」的「孩子/生育/教育」，遇到「生育/育儿转折」时，对重视「家庭投入/家庭边界」的人意味着什么？","constrained_mapping_v0.2","semantic_preflight"
"CC2-01729","PF-F02","日常可用时间","SC-S2-06","孩子/生育/教育","SC-S1-08","孩子成长/教育","SC-S3-01","工作时间突变","NF-N1-02","陪伴/连接/归属","Ideal range / conditional","N3-01/N3-05","当「日常可用时间」进入「孩子成长/教育」的「孩子/生育/教育」，遇到「工作时间突变」时，对重视「陪伴/连接/归属」的人意味着什么？","constrained_mapping_v0.2","semantic_preflight"
"CC2-01730","PF-F02","日常可用时间","SC-S2-06","孩子/生育/教育","SC-S1-08","孩子成长/教育","SC-S3-01","工作时间突变","NF-N1-04","自主/空间/自由","Ideal range / fit","N3-04","当「日常可用时间」进入「孩子成长/教育」的「孩子/生育/教育」，遇到「工作时间突变」时，对重视「自主/空间/自由」的人意味着什么？","constrained_mapping_v0.2","semantic_preflight"
"CC2-01731","PF-F02","日常可用时间","SC-S2-06","孩子/生育/教育","SC-S1-08","孩子成长/教育","SC-S3-01","工作时间突变","NF-N1-11","家庭投入/家庭边界","Fit / conditional","N3-03/N3-04","当「日常可用时间」进入「孩子成长/教育」的「孩子/生育/教育」，遇到「工作时间突变」时，对重视「家庭投入/家庭边界」的人意味着什么？","constrained_mapping_v0.2","semantic_preflight"
"CC2-01732","PF-F03","消费/储蓄方式","SC-S2-03","钱/财务","SC-S1-03","稳定交往","SC-S3-03","失业/收入下降","NF-N1-06","经济/物质安全","Threshold + diminishing return","N3-03/N3-06","当「消费/储蓄方式」进入「稳定交往」的「钱/财务」，遇到「失业/收入下降」时，对重视「经济/物质安全」的人意味着什么？","constrained_mapping_v0.2","semantic_preflight"
"CC2-01733","PF-F03","消费/储蓄方式","SC-S2-03","钱/财务","SC-S1-03","稳定交往","SC-S3-03","失业/收入下降","NF-N1-05","安全/信任/可预测","Gate / conditional","N3-02/N3-06","当「消费/储蓄方式」进入「稳定交往」的「钱/财务」，遇到「失业/收入下降」时，对重视「安全/信任/可预测」的人意味着什么？","constrained_mapping_v0.2","semantic_preflight"
"CC2-01734","PF-F03","消费/储蓄方式","SC-S2-03","钱/财务","SC-S1-03","稳定交往","SC-S3-03","失业/收入下降","NF-N1-09","活力/新鲜感/有趣/共同体验","Ideal range","N3-05/N3-06","当「消费/储蓄方式」进入「稳定交往」的「钱/财务」，遇到「失业/收入下降」时，对重视「活力/新鲜感/有趣/共同体验」的人意味着什么？","constrained_mapping_v0.2","semantic_preflight"
"CC2-01735","PF-F03","消费/储蓄方式","SC-S2-03","钱/财务","SC-S1-03","稳定交往","SC-S3-04","大额财务事件","NF-N1-06","经济/物质安全","Threshold + diminishing return","N3-03/N3-06","当「消费/储蓄方式」进入「稳定交往」的「钱/财务」，遇到「大额财务事件」时，对重视「经济/物质安全」的人意味着什么？","constrained_mapping_v0.2","semantic_preflight"
"CC2-01736","PF-F03","消费/储蓄方式","SC-S2-03","钱/财务","SC-S1-03","稳定交往","SC-S3-04","大额财务事件","NF-N1-05","安全/信任/可预测","Gate / conditional","N3-02/N3-06","当「消费/储蓄方式」进入「稳定交往」的「钱/财务」，遇到「大额财务事件」时，对重视「安全/信任/可预测」的人意味着什么？","constrained_mapping_v0.2","semantic_preflight"
"CC2-01737","PF-F03","消费/储蓄方式","SC-S2-03","钱/财务","SC-S1-03","稳定交往","SC-S3-04","大额财务事件","NF-N1-09","活力/新鲜感/有趣/共同体验","Ideal range","N3-05/N3-06","当「消费/储蓄方式」进入「稳定交往」的「钱/财务」，遇到「大额财务事件」时，对重视「活力/新鲜感/有趣/共同体验」的人意味着什么？","constrained_mapping_v0.2","semantic_preflight"
"CC2-01738","PF-F03","消费/储蓄方式","SC-S2-03","钱/财务","SC-S1-05","结婚/建立家庭","SC-S3-03","失业/收入下降","NF-N1-06","经济/物质安全","Threshold + diminishing return","N3-03/N3-06","当「消费/储蓄方式」进入「结婚/建立家庭」的「钱/财务」，遇到「失业/收入下降」时，对重视「经济/物质安全」的人意味着什么？","constrained_mapping_v0.2","semantic_preflight"
"CC2-01739","PF-F03","消费/储蓄方式","SC-S2-03","钱/财务","SC-S1-05","结婚/建立家庭","SC-S3-03","失业/收入下降","NF-N1-05","安全/信任/可预测","Gate / conditional","N3-02/N3-06","当「消费/储蓄方式」进入「结婚/建立家庭」的「钱/财务」，遇到「失业/收入下降」时，对重视「安全/信任/可预测」的人意味着什么？","constrained_mapping_v0.2","semantic_preflight"
"CC2-01740","PF-F03","消费/储蓄方式","SC-S2-03","钱/财务","SC-S1-05","结婚/建立家庭","SC-S3-03","失业/收入下降","NF-N1-09","活力/新鲜感/有趣/共同体验","Ideal range","N3-05/N3-06","当「消费/储蓄方式」进入「结婚/建立家庭」的「钱/财务」，遇到「失业/收入下降」时，对重视「活力/新鲜感/有趣/共同体验」的人意味着什么？","constrained_mapping_v0.2","semantic_preflight"
"CC2-01741","PF-F03","消费/储蓄方式","SC-S2-03","钱/财务","SC-S1-05","结婚/建立家庭","SC-S3-04","大额财务事件","NF-N1-06","经济/物质安全","Threshold + diminishing return","N3-03/N3-06","当「消费/储蓄方式」进入「结婚/建立家庭」的「钱/财务」，遇到「大额财务事件」时，对重视「经济/物质安全」的人意味着什么？","constrained_mapping_v0.2","semantic_preflight"
"CC2-01742","PF-F03","消费/储蓄方式","SC-S2-03","钱/财务","SC-S1-05","结婚/建立家庭","SC-S3-04","大额财务事件","NF-N1-05","安全/信任/可预测","Gate / conditional","N3-02/N3-06","当「消费/储蓄方式」进入「结婚/建立家庭」的「钱/财务」，遇到「大额财务事件」时，对重视「安全/信任/可预测」的人意味着什么？","constrained_mapping_v0.2","semantic_preflight"
"CC2-01743","PF-F03","消费/储蓄方式","SC-S2-03","钱/财务","SC-S1-05","结婚/建立家庭","SC-S3-04","大额财务事件","NF-N1-09","活力/新鲜感/有趣/共同体验","Ideal range","N3-05/N3-06","当「消费/储蓄方式」进入「结婚/建立家庭」的「钱/财务」，遇到「大额财务事件」时，对重视「活力/新鲜感/有趣/共同体验」的人意味着什么？","constrained_mapping_v0.2","semantic_preflight"
"CC2-01744","PF-F03","消费/储蓄方式","SC-S2-03","钱/财务","SC-S1-06","备孕/怀孕/生育","SC-S3-03","失业/收入下降","NF-N1-06","经济/物质安全","Threshold + diminishing return","N3-03/N3-06","当「消费/储蓄方式」进入「备孕/怀孕/生育」的「钱/财务」，遇到「失业/收入下降」时，对重视「经济/物质安全」的人意味着什么？","constrained_mapping_v0.2","semantic_preflight"
"CC2-01745","PF-F03","消费/储蓄方式","SC-S2-03","钱/财务","SC-S1-06","备孕/怀孕/生育","SC-S3-03","失业/收入下降","NF-N1-05","安全/信任/可预测","Gate / conditional","N3-02/N3-06","当「消费/储蓄方式」进入「备孕/怀孕/生育」的「钱/财务」，遇到「失业/收入下降」时，对重视「安全/信任/可预测」的人意味着什么？","constrained_mapping_v0.2","semantic_preflight"
"CC2-01746","PF-F03","消费/储蓄方式","SC-S2-03","钱/财务","SC-S1-06","备孕/怀孕/生育","SC-S3-03","失业/收入下降","NF-N1-09","活力/新鲜感/有趣/共同体验","Ideal range","N3-05/N3-06","当「消费/储蓄方式」进入「备孕/怀孕/生育」的「钱/财务」，遇到「失业/收入下降」时，对重视「活力/新鲜感/有趣/共同体验」的人意味着什么？","constrained_mapping_v0.2","semantic_preflight"
"CC2-01747","PF-F03","消费/储蓄方式","SC-S2-03","钱/财务","SC-S1-06","备孕/怀孕/生育","SC-S3-04","大额财务事件","NF-N1-06","经济/物质安全","Threshold + diminishing return","N3-03/N3-06","当「消费/储蓄方式」进入「备孕/怀孕/生育」的「钱/财务」，遇到「大额财务事件」时，对重视「经济/物质安全」的人意味着什么？","constrained_mapping_v0.2","semantic_preflight"
"CC2-01748","PF-F03","消费/储蓄方式","SC-S2-03","钱/财务","SC-S1-06","备孕/怀孕/生育","SC-S3-04","大额财务事件","NF-N1-05","安全/信任/可预测","Gate / conditional","N3-02/N3-06","当「消费/储蓄方式」进入「备孕/怀孕/生育」的「钱/财务」，遇到「大额财务事件」时，对重视「安全/信任/可预测」的人意味着什么？","constrained_mapping_v0.2","semantic_preflight"
"CC2-01749","PF-F03","消费/储蓄方式","SC-S2-03","钱/财务","SC-S1-06","备孕/怀孕/生育","SC-S3-04","大额财务事件","NF-N1-09","活力/新鲜感/有趣/共同体验","Ideal range","N3-05/N3-06","当「消费/储蓄方式」进入「备孕/怀孕/生育」的「钱/财务」，遇到「大额财务事件」时，对重视「活力/新鲜感/有趣/共同体验」的人意味着什么？","constrained_mapping_v0.2","semantic_preflight"
"CC2-01750","PF-F03","消费/储蓄方式","SC-S2-03","钱/财务","SC-S1-07","婴幼儿照护","SC-S3-03","失业/收入下降","NF-N1-06","经济/物质安全","Threshold + diminishing return","N3-03/N3-06","当「消费/储蓄方式」进入「婴幼儿照护」的「钱/财务」，遇到「失业/收入下降」时，对重视「经济/物质安全」的人意味着什么？","constrained_mapping_v0.2","semantic_preflight"
"CC2-01751","PF-F03","消费/储蓄方式","SC-S2-03","钱/财务","SC-S1-07","婴幼儿照护","SC-S3-03","失业/收入下降","NF-N1-05","安全/信任/可预测","Gate / conditional","N3-02/N3-06","当「消费/储蓄方式」进入「婴幼儿照护」的「钱/财务」，遇到「失业/收入下降」时，对重视「安全/信任/可预测」的人意味着什么？","constrained_mapping_v0.2","semantic_preflight"
"CC2-01752","PF-F03","消费/储蓄方式","SC-S2-03","钱/财务","SC-S1-07","婴幼儿照护","SC-S3-03","失业/收入下降","NF-N1-09","活力/新鲜感/有趣/共同体验","Ideal range","N3-05/N3-06","当「消费/储蓄方式」进入「婴幼儿照护」的「钱/财务」，遇到「失业/收入下降」时，对重视「活力/新鲜感/有趣/共同体验」的人意味着什么？","constrained_mapping_v0.2","semantic_preflight"
"CC2-01753","PF-F03","消费/储蓄方式","SC-S2-03","钱/财务","SC-S1-07","婴幼儿照护","SC-S3-04","大额财务事件","NF-N1-06","经济/物质安全","Threshold + diminishing return","N3-03/N3-06","当「消费/储蓄方式」进入「婴幼儿照护」的「钱/财务」，遇到「大额财务事件」时，对重视「经济/物质安全」的人意味着什么？","constrained_mapping_v0.2","semantic_preflight"
"CC2-01754","PF-F03","消费/储蓄方式","SC-S2-03","钱/财务","SC-S1-07","婴幼儿照护","SC-S3-04","大额财务事件","NF-N1-05","安全/信任/可预测","Gate / conditional","N3-02/N3-06","当「消费/储蓄方式」进入「婴幼儿照护」的「钱/财务」，遇到「大额财务事件」时，对重视「安全/信任/可预测」的人意味着什么？","constrained_mapping_v0.2","semantic_preflight"
"CC2-01755","PF-F03","消费/储蓄方式","SC-S2-03","钱/财务","SC-S1-07","婴幼儿照护","SC-S3-04","大额财务事件","NF-N1-09","活力/新鲜感/有趣/共同体验","Ideal range","N3-05/N3-06","当「消费/储蓄方式」进入「婴幼儿照护」的「钱/财务」，遇到「大额财务事件」时，对重视「活力/新鲜感/有趣/共同体验」的人意味着什么？","constrained_mapping_v0.2","semantic_preflight"
"CC2-01756","PF-F03","消费/储蓄方式","SC-S2-04","房/居住/地点","SC-S1-03","稳定交往","SC-S3-04","大额财务事件","NF-N1-06","经济/物质安全","Threshold + diminishing return","N3-03/N3-06","当「消费/储蓄方式」进入「稳定交往」的「房/居住/地点」，遇到「大额财务事件」时，对重视「经济/物质安全」的人意味着什么？","constrained_mapping_v0.2","semantic_preflight"
"CC2-01757","PF-F03","消费/储蓄方式","SC-S2-04","房/居住/地点","SC-S1-03","稳定交往","SC-S3-04","大额财务事件","NF-N1-05","安全/信任/可预测","Gate / conditional","N3-02/N3-06","当「消费/储蓄方式」进入「稳定交往」的「房/居住/地点」，遇到「大额财务事件」时，对重视「安全/信任/可预测」的人意味着什么？","constrained_mapping_v0.2","semantic_preflight"
"CC2-01758","PF-F03","消费/储蓄方式","SC-S2-04","房/居住/地点","SC-S1-03","稳定交往","SC-S3-04","大额财务事件","NF-N1-09","活力/新鲜感/有趣/共同体验","Ideal range","N3-05/N3-06","当「消费/储蓄方式」进入「稳定交往」的「房/居住/地点」，遇到「大额财务事件」时，对重视「活力/新鲜感/有趣/共同体验」的人意味着什么？","constrained_mapping_v0.2","semantic_preflight"
"CC2-01759","PF-F03","消费/储蓄方式","SC-S2-04","房/居住/地点","SC-S1-03","稳定交往","SC-S3-05","居住/迁移变化","NF-N1-06","经济/物质安全","Threshold + diminishing return","N3-03/N3-06","当「消费/储蓄方式」进入「稳定交往」的「房/居住/地点」，遇到「居住/迁移变化」时，对重视「经济/物质安全」的人意味着什么？","constrained_mapping_v0.2","semantic_preflight"
"CC2-01760","PF-F03","消费/储蓄方式","SC-S2-04","房/居住/地点","SC-S1-03","稳定交往","SC-S3-05","居住/迁移变化","NF-N1-05","安全/信任/可预测","Gate / conditional","N3-02/N3-06","当「消费/储蓄方式」进入「稳定交往」的「房/居住/地点」，遇到「居住/迁移变化」时，对重视「安全/信任/可预测」的人意味着什么？","constrained_mapping_v0.2","semantic_preflight"
"CC2-01761","PF-F03","消费/储蓄方式","SC-S2-04","房/居住/地点","SC-S1-03","稳定交往","SC-S3-05","居住/迁移变化","NF-N1-09","活力/新鲜感/有趣/共同体验","Ideal range","N3-05/N3-06","当「消费/储蓄方式」进入「稳定交往」的「房/居住/地点」，遇到「居住/迁移变化」时，对重视「活力/新鲜感/有趣/共同体验」的人意味着什么？","constrained_mapping_v0.2","semantic_preflight"
"CC2-01762","PF-F03","消费/储蓄方式","SC-S2-04","房/居住/地点","SC-S1-05","结婚/建立家庭","SC-S3-04","大额财务事件","NF-N1-06","经济/物质安全","Threshold + diminishing return","N3-03/N3-06","当「消费/储蓄方式」进入「结婚/建立家庭」的「房/居住/地点」，遇到「大额财务事件」时，对重视「经济/物质安全」的人意味着什么？","constrained_mapping_v0.2","semantic_preflight"
"CC2-01763","PF-F03","消费/储蓄方式","SC-S2-04","房/居住/地点","SC-S1-05","结婚/建立家庭","SC-S3-04","大额财务事件","NF-N1-05","安全/信任/可预测","Gate / conditional","N3-02/N3-06","当「消费/储蓄方式」进入「结婚/建立家庭」的「房/居住/地点」，遇到「大额财务事件」时，对重视「安全/信任/可预测」的人意味着什么？","constrained_mapping_v0.2","semantic_preflight"
"CC2-01764","PF-F03","消费/储蓄方式","SC-S2-04","房/居住/地点","SC-S1-05","结婚/建立家庭","SC-S3-04","大额财务事件","NF-N1-09","活力/新鲜感/有趣/共同体验","Ideal range","N3-05/N3-06","当「消费/储蓄方式」进入「结婚/建立家庭」的「房/居住/地点」，遇到「大额财务事件」时，对重视「活力/新鲜感/有趣/共同体验」的人意味着什么？","constrained_mapping_v0.2","semantic_preflight"
"CC2-01765","PF-F03","消费/储蓄方式","SC-S2-04","房/居住/地点","SC-S1-05","结婚/建立家庭","SC-S3-05","居住/迁移变化","NF-N1-06","经济/物质安全","Threshold + diminishing return","N3-03/N3-06","当「消费/储蓄方式」进入「结婚/建立家庭」的「房/居住/地点」，遇到「居住/迁移变化」时，对重视「经济/物质安全」的人意味着什么？","constrained_mapping_v0.2","semantic_preflight"
"CC2-01766","PF-F03","消费/储蓄方式","SC-S2-04","房/居住/地点","SC-S1-05","结婚/建立家庭","SC-S3-05","居住/迁移变化","NF-N1-05","安全/信任/可预测","Gate / conditional","N3-02/N3-06","当「消费/储蓄方式」进入「结婚/建立家庭」的「房/居住/地点」，遇到「居住/迁移变化」时，对重视「安全/信任/可预测」的人意味着什么？","constrained_mapping_v0.2","semantic_preflight"
"CC2-01767","PF-F03","消费/储蓄方式","SC-S2-04","房/居住/地点","SC-S1-05","结婚/建立家庭","SC-S3-05","居住/迁移变化","NF-N1-09","活力/新鲜感/有趣/共同体验","Ideal range","N3-05/N3-06","当「消费/储蓄方式」进入「结婚/建立家庭」的「房/居住/地点」，遇到「居住/迁移变化」时，对重视「活力/新鲜感/有趣/共同体验」的人意味着什么？","constrained_mapping_v0.2","semantic_preflight"
"CC2-01768","PF-F03","消费/储蓄方式","SC-S2-04","房/居住/地点","SC-S1-06","备孕/怀孕/生育","SC-S3-04","大额财务事件","NF-N1-06","经济/物质安全","Threshold + diminishing return","N3-03/N3-06","当「消费/储蓄方式」进入「备孕/怀孕/生育」的「房/居住/地点」，遇到「大额财务事件」时，对重视「经济/物质安全」的人意味着什么？","constrained_mapping_v0.2","semantic_preflight"
"CC2-01769","PF-F03","消费/储蓄方式","SC-S2-04","房/居住/地点","SC-S1-06","备孕/怀孕/生育","SC-S3-04","大额财务事件","NF-N1-05","安全/信任/可预测","Gate / conditional","N3-02/N3-06","当「消费/储蓄方式」进入「备孕/怀孕/生育」的「房/居住/地点」，遇到「大额财务事件」时，对重视「安全/信任/可预测」的人意味着什么？","constrained_mapping_v0.2","semantic_preflight"
"CC2-01770","PF-F03","消费/储蓄方式","SC-S2-04","房/居住/地点","SC-S1-06","备孕/怀孕/生育","SC-S3-04","大额财务事件","NF-N1-09","活力/新鲜感/有趣/共同体验","Ideal range","N3-05/N3-06","当「消费/储蓄方式」进入「备孕/怀孕/生育」的「房/居住/地点」，遇到「大额财务事件」时，对重视「活力/新鲜感/有趣/共同体验」的人意味着什么？","constrained_mapping_v0.2","semantic_preflight"
"CC2-01771","PF-F03","消费/储蓄方式","SC-S2-04","房/居住/地点","SC-S1-06","备孕/怀孕/生育","SC-S3-05","居住/迁移变化","NF-N1-06","经济/物质安全","Threshold + diminishing return","N3-03/N3-06","当「消费/储蓄方式」进入「备孕/怀孕/生育」的「房/居住/地点」，遇到「居住/迁移变化」时，对重视「经济/物质安全」的人意味着什么？","constrained_mapping_v0.2","semantic_preflight"
"CC2-01772","PF-F03","消费/储蓄方式","SC-S2-04","房/居住/地点","SC-S1-06","备孕/怀孕/生育","SC-S3-05","居住/迁移变化","NF-N1-05","安全/信任/可预测","Gate / conditional","N3-02/N3-06","当「消费/储蓄方式」进入「备孕/怀孕/生育」的「房/居住/地点」，遇到「居住/迁移变化」时，对重视「安全/信任/可预测」的人意味着什么？","constrained_mapping_v0.2","semantic_preflight"
"CC2-01773","PF-F03","消费/储蓄方式","SC-S2-04","房/居住/地点","SC-S1-06","备孕/怀孕/生育","SC-S3-05","居住/迁移变化","NF-N1-09","活力/新鲜感/有趣/共同体验","Ideal range","N3-05/N3-06","当「消费/储蓄方式」进入「备孕/怀孕/生育」的「房/居住/地点」，遇到「居住/迁移变化」时，对重视「活力/新鲜感/有趣/共同体验」的人意味着什么？","constrained_mapping_v0.2","semantic_preflight"
"CC2-01774","PF-F03","消费/储蓄方式","SC-S2-04","房/居住/地点","SC-S1-09","中年多重责任","SC-S3-04","大额财务事件","NF-N1-06","经济/物质安全","Threshold + diminishing return","N3-03/N3-06","当「消费/储蓄方式」进入「中年多重责任」的「房/居住/地点」，遇到「大额财务事件」时，对重视「经济/物质安全」的人意味着什么？","constrained_mapping_v0.2","semantic_preflight"
"CC2-01775","PF-F03","消费/储蓄方式","SC-S2-04","房/居住/地点","SC-S1-09","中年多重责任","SC-S3-04","大额财务事件","NF-N1-05","安全/信任/可预测","Gate / conditional","N3-02/N3-06","当「消费/储蓄方式」进入「中年多重责任」的「房/居住/地点」，遇到「大额财务事件」时，对重视「安全/信任/可预测」的人意味着什么？","constrained_mapping_v0.2","semantic_preflight"
"CC2-01776","PF-F03","消费/储蓄方式","SC-S2-04","房/居住/地点","SC-S1-09","中年多重责任","SC-S3-04","大额财务事件","NF-N1-09","活力/新鲜感/有趣/共同体验","Ideal range","N3-05/N3-06","当「消费/储蓄方式」进入「中年多重责任」的「房/居住/地点」，遇到「大额财务事件」时，对重视「活力/新鲜感/有趣/共同体验」的人意味着什么？","constrained_mapping_v0.2","semantic_preflight"
"CC2-01777","PF-F03","消费/储蓄方式","SC-S2-04","房/居住/地点","SC-S1-09","中年多重责任","SC-S3-05","居住/迁移变化","NF-N1-06","经济/物质安全","Threshold + diminishing return","N3-03/N3-06","当「消费/储蓄方式」进入「中年多重责任」的「房/居住/地点」，遇到「居住/迁移变化」时，对重视「经济/物质安全」的人意味着什么？","constrained_mapping_v0.2","semantic_preflight"
"CC2-01778","PF-F03","消费/储蓄方式","SC-S2-04","房/居住/地点","SC-S1-09","中年多重责任","SC-S3-05","居住/迁移变化","NF-N1-05","安全/信任/可预测","Gate / conditional","N3-02/N3-06","当「消费/储蓄方式」进入「中年多重责任」的「房/居住/地点」，遇到「居住/迁移变化」时，对重视「安全/信任/可预测」的人意味着什么？","constrained_mapping_v0.2","semantic_preflight"
"CC2-01779","PF-F03","消费/储蓄方式","SC-S2-04","房/居住/地点","SC-S1-09","中年多重责任","SC-S3-05","居住/迁移变化","NF-N1-09","活力/新鲜感/有趣/共同体验","Ideal range","N3-05/N3-06","当「消费/储蓄方式」进入「中年多重责任」的「房/居住/地点」，遇到「居住/迁移变化」时，对重视「活力/新鲜感/有趣/共同体验」的人意味着什么？","constrained_mapping_v0.2","semantic_preflight"
"CC2-01780","PF-F03","消费/储蓄方式","SC-S2-09","兴趣/休闲/旅行","SC-S1-01","认识/相亲","SC-S3-01","工作时间突变","NF-N1-06","经济/物质安全","Threshold + diminishing return","N3-03/N3-06","当「消费/储蓄方式」进入「认识/相亲」的「兴趣/休闲/旅行」，遇到「工作时间突变」时，对重视「经济/物质安全」的人意味着什么？","constrained_mapping_v0.2","semantic_preflight"
"CC2-01781","PF-F03","消费/储蓄方式","SC-S2-09","兴趣/休闲/旅行","SC-S1-01","认识/相亲","SC-S3-01","工作时间突变","NF-N1-05","安全/信任/可预测","Gate / conditional","N3-02/N3-06","当「消费/储蓄方式」进入「认识/相亲」的「兴趣/休闲/旅行」，遇到「工作时间突变」时，对重视「安全/信任/可预测」的人意味着什么？","constrained_mapping_v0.2","semantic_preflight"
"CC2-01782","PF-F03","消费/储蓄方式","SC-S2-09","兴趣/休闲/旅行","SC-S1-01","认识/相亲","SC-S3-01","工作时间突变","NF-N1-09","活力/新鲜感/有趣/共同体验","Ideal range","N3-05/N3-06","当「消费/储蓄方式」进入「认识/相亲」的「兴趣/休闲/旅行」，遇到「工作时间突变」时，对重视「活力/新鲜感/有趣/共同体验」的人意味着什么？","constrained_mapping_v0.2","semantic_preflight"
"CC2-01783","PF-F03","消费/储蓄方式","SC-S2-09","兴趣/休闲/旅行","SC-S1-03","稳定交往","SC-S3-01","工作时间突变","NF-N1-06","经济/物质安全","Threshold + diminishing return","N3-03/N3-06","当「消费/储蓄方式」进入「稳定交往」的「兴趣/休闲/旅行」，遇到「工作时间突变」时，对重视「经济/物质安全」的人意味着什么？","constrained_mapping_v0.2","semantic_preflight"
"CC2-01784","PF-F03","消费/储蓄方式","SC-S2-09","兴趣/休闲/旅行","SC-S1-03","稳定交往","SC-S3-01","工作时间突变","NF-N1-05","安全/信任/可预测","Gate / conditional","N3-02/N3-06","当「消费/储蓄方式」进入「稳定交往」的「兴趣/休闲/旅行」，遇到「工作时间突变」时，对重视「安全/信任/可预测」的人意味着什么？","constrained_mapping_v0.2","semantic_preflight"
"CC2-01785","PF-F03","消费/储蓄方式","SC-S2-09","兴趣/休闲/旅行","SC-S1-03","稳定交往","SC-S3-01","工作时间突变","NF-N1-09","活力/新鲜感/有趣/共同体验","Ideal range","N3-05/N3-06","当「消费/储蓄方式」进入「稳定交往」的「兴趣/休闲/旅行」，遇到「工作时间突变」时，对重视「活力/新鲜感/有趣/共同体验」的人意味着什么？","constrained_mapping_v0.2","semantic_preflight"
"CC2-01786","PF-F03","消费/储蓄方式","SC-S2-09","兴趣/休闲/旅行","SC-S1-03","稳定交往","SC-S3-10","反复小问题累积","NF-N1-06","经济/物质安全","Threshold + diminishing return","N3-03/N3-06","当「消费/储蓄方式」进入「稳定交往」的「兴趣/休闲/旅行」，遇到「反复小问题累积」时，对重视「经济/物质安全」的人意味着什么？","constrained_mapping_v0.2","semantic_preflight"
"CC2-01787","PF-F03","消费/储蓄方式","SC-S2-09","兴趣/休闲/旅行","SC-S1-03","稳定交往","SC-S3-10","反复小问题累积","NF-N1-05","安全/信任/可预测","Gate / conditional","N3-02/N3-06","当「消费/储蓄方式」进入「稳定交往」的「兴趣/休闲/旅行」，遇到「反复小问题累积」时，对重视「安全/信任/可预测」的人意味着什么？","constrained_mapping_v0.2","semantic_preflight"
"CC2-01788","PF-F03","消费/储蓄方式","SC-S2-09","兴趣/休闲/旅行","SC-S1-03","稳定交往","SC-S3-10","反复小问题累积","NF-N1-09","活力/新鲜感/有趣/共同体验","Ideal range","N3-05/N3-06","当「消费/储蓄方式」进入「稳定交往」的「兴趣/休闲/旅行」，遇到「反复小问题累积」时，对重视「活力/新鲜感/有趣/共同体验」的人意味着什么？","constrained_mapping_v0.2","semantic_preflight"
"CC2-01789","PF-F03","消费/储蓄方式","SC-S2-09","兴趣/休闲/旅行","SC-S1-07","婴幼儿照护","SC-S3-01","工作时间突变","NF-N1-06","经济/物质安全","Threshold + diminishing return","N3-03/N3-06","当「消费/储蓄方式」进入「婴幼儿照护」的「兴趣/休闲/旅行」，遇到「工作时间突变」时，对重视「经济/物质安全」的人意味着什么？","constrained_mapping_v0.2","semantic_preflight"
"CC2-01790","PF-F03","消费/储蓄方式","SC-S2-09","兴趣/休闲/旅行","SC-S1-07","婴幼儿照护","SC-S3-01","工作时间突变","NF-N1-05","安全/信任/可预测","Gate / conditional","N3-02/N3-06","当「消费/储蓄方式」进入「婴幼儿照护」的「兴趣/休闲/旅行」，遇到「工作时间突变」时，对重视「安全/信任/可预测」的人意味着什么？","constrained_mapping_v0.2","semantic_preflight"
"CC2-01791","PF-F03","消费/储蓄方式","SC-S2-09","兴趣/休闲/旅行","SC-S1-07","婴幼儿照护","SC-S3-01","工作时间突变","NF-N1-09","活力/新鲜感/有趣/共同体验","Ideal range","N3-05/N3-06","当「消费/储蓄方式」进入「婴幼儿照护」的「兴趣/休闲/旅行」，遇到「工作时间突变」时，对重视「活力/新鲜感/有趣/共同体验」的人意味着什么？","constrained_mapping_v0.2","semantic_preflight"
"CC2-01792","PF-F03","消费/储蓄方式","SC-S2-09","兴趣/休闲/旅行","SC-S1-07","婴幼儿照护","SC-S3-10","反复小问题累积","NF-N1-06","经济/物质安全","Threshold + diminishing return","N3-03/N3-06","当「消费/储蓄方式」进入「婴幼儿照护」的「兴趣/休闲/旅行」，遇到「反复小问题累积」时，对重视「经济/物质安全」的人意味着什么？","constrained_mapping_v0.2","semantic_preflight"
"CC2-01793","PF-F03","消费/储蓄方式","SC-S2-09","兴趣/休闲/旅行","SC-S1-07","婴幼儿照护","SC-S3-10","反复小问题累积","NF-N1-05","安全/信任/可预测","Gate / conditional","N3-02/N3-06","当「消费/储蓄方式」进入「婴幼儿照护」的「兴趣/休闲/旅行」，遇到「反复小问题累积」时，对重视「安全/信任/可预测」的人意味着什么？","constrained_mapping_v0.2","semantic_preflight"
"CC2-01794","PF-F03","消费/储蓄方式","SC-S2-09","兴趣/休闲/旅行","SC-S1-07","婴幼儿照护","SC-S3-10","反复小问题累积","NF-N1-09","活力/新鲜感/有趣/共同体验","Ideal range","N3-05/N3-06","当「消费/储蓄方式」进入「婴幼儿照护」的「兴趣/休闲/旅行」，遇到「反复小问题累积」时，对重视「活力/新鲜感/有趣/共同体验」的人意味着什么？","constrained_mapping_v0.2","semantic_preflight"
"CC2-01795","PF-F04","社交密度","SC-S2-08","社交/朋友/个人空间","SC-S1-01","认识/相亲","SC-S3-09","社交/边界事件","NF-N1-09","活力/新鲜感/有趣/共同体验","Ideal range","N3-05/N3-06","当「社交密度」进入「认识/相亲」的「社交/朋友/个人空间」，遇到「社交/边界事件」时，对重视「活力/新鲜感/有趣/共同体验」的人意味着什么？","constrained_mapping_v0.2","semantic_preflight"
"CC2-01796","PF-F04","社交密度","SC-S2-08","社交/朋友/个人空间","SC-S1-01","认识/相亲","SC-S3-09","社交/边界事件","NF-N1-04","自主/空间/自由","Ideal range / fit","N3-04","当「社交密度」进入「认识/相亲」的「社交/朋友/个人空间」，遇到「社交/边界事件」时，对重视「自主/空间/自由」的人意味着什么？","constrained_mapping_v0.2","semantic_preflight"
"CC2-01797","PF-F04","社交密度","SC-S2-08","社交/朋友/个人空间","SC-S1-01","认识/相亲","SC-S3-09","社交/边界事件","NF-N1-02","陪伴/连接/归属","Ideal range / conditional","N3-01/N3-05","当「社交密度」进入「认识/相亲」的「社交/朋友/个人空间」，遇到「社交/边界事件」时，对重视「陪伴/连接/归属」的人意味着什么？","constrained_mapping_v0.2","semantic_preflight"
"CC2-01798","PF-F04","社交密度","SC-S2-08","社交/朋友/个人空间","SC-S1-03","稳定交往","SC-S3-09","社交/边界事件","NF-N1-09","活力/新鲜感/有趣/共同体验","Ideal range","N3-05/N3-06","当「社交密度」进入「稳定交往」的「社交/朋友/个人空间」，遇到「社交/边界事件」时，对重视「活力/新鲜感/有趣/共同体验」的人意味着什么？","constrained_mapping_v0.2","semantic_preflight"
"CC2-01799","PF-F04","社交密度","SC-S2-08","社交/朋友/个人空间","SC-S1-03","稳定交往","SC-S3-09","社交/边界事件","NF-N1-04","自主/空间/自由","Ideal range / fit","N3-04","当「社交密度」进入「稳定交往」的「社交/朋友/个人空间」，遇到「社交/边界事件」时，对重视「自主/空间/自由」的人意味着什么？","constrained_mapping_v0.2","semantic_preflight"
"CC2-01800","PF-F04","社交密度","SC-S2-08","社交/朋友/个人空间","SC-S1-03","稳定交往","SC-S3-09","社交/边界事件","NF-N1-02","陪伴/连接/归属","Ideal range / conditional","N3-01/N3-05","当「社交密度」进入「稳定交往」的「社交/朋友/个人空间」，遇到「社交/边界事件」时，对重视「陪伴/连接/归属」的人意味着什么？","constrained_mapping_v0.2","semantic_preflight"
"CC2-01801","PF-F04","社交密度","SC-S2-08","社交/朋友/个人空间","SC-S1-03","稳定交往","SC-S3-10","反复小问题累积","NF-N1-09","活力/新鲜感/有趣/共同体验","Ideal range","N3-05/N3-06","当「社交密度」进入「稳定交往」的「社交/朋友/个人空间」，遇到「反复小问题累积」时，对重视「活力/新鲜感/有趣/共同体验」的人意味着什么？","constrained_mapping_v0.2","semantic_preflight"
"CC2-01802","PF-F04","社交密度","SC-S2-08","社交/朋友/个人空间","SC-S1-03","稳定交往","SC-S3-10","反复小问题累积","NF-N1-04","自主/空间/自由","Ideal range / fit","N3-04","当「社交密度」进入「稳定交往」的「社交/朋友/个人空间」，遇到「反复小问题累积」时，对重视「自主/空间/自由」的人意味着什么？","constrained_mapping_v0.2","semantic_preflight"
"CC2-01803","PF-F04","社交密度","SC-S2-08","社交/朋友/个人空间","SC-S1-03","稳定交往","SC-S3-10","反复小问题累积","NF-N1-02","陪伴/连接/归属","Ideal range / conditional","N3-01/N3-05","当「社交密度」进入「稳定交往」的「社交/朋友/个人空间」，遇到「反复小问题累积」时，对重视「陪伴/连接/归属」的人意味着什么？","constrained_mapping_v0.2","semantic_preflight"
"CC2-01804","PF-F04","社交密度","SC-S2-08","社交/朋友/个人空间","SC-S1-05","结婚/建立家庭","SC-S3-09","社交/边界事件","NF-N1-09","活力/新鲜感/有趣/共同体验","Ideal range","N3-05/N3-06","当「社交密度」进入「结婚/建立家庭」的「社交/朋友/个人空间」，遇到「社交/边界事件」时，对重视「活力/新鲜感/有趣/共同体验」的人意味着什么？","constrained_mapping_v0.2","semantic_preflight"
"CC2-01805","PF-F04","社交密度","SC-S2-08","社交/朋友/个人空间","SC-S1-05","结婚/建立家庭","SC-S3-09","社交/边界事件","NF-N1-04","自主/空间/自由","Ideal range / fit","N3-04","当「社交密度」进入「结婚/建立家庭」的「社交/朋友/个人空间」，遇到「社交/边界事件」时，对重视「自主/空间/自由」的人意味着什么？","constrained_mapping_v0.2","semantic_preflight"
"CC2-01806","PF-F04","社交密度","SC-S2-08","社交/朋友/个人空间","SC-S1-05","结婚/建立家庭","SC-S3-09","社交/边界事件","NF-N1-02","陪伴/连接/归属","Ideal range / conditional","N3-01/N3-05","当「社交密度」进入「结婚/建立家庭」的「社交/朋友/个人空间」，遇到「社交/边界事件」时，对重视「陪伴/连接/归属」的人意味着什么？","constrained_mapping_v0.2","semantic_preflight"
"CC2-01807","PF-F04","社交密度","SC-S2-08","社交/朋友/个人空间","SC-S1-05","结婚/建立家庭","SC-S3-10","反复小问题累积","NF-N1-09","活力/新鲜感/有趣/共同体验","Ideal range","N3-05/N3-06","当「社交密度」进入「结婚/建立家庭」的「社交/朋友/个人空间」，遇到「反复小问题累积」时，对重视「活力/新鲜感/有趣/共同体验」的人意味着什么？","constrained_mapping_v0.2","semantic_preflight"
"CC2-01808","PF-F04","社交密度","SC-S2-08","社交/朋友/个人空间","SC-S1-05","结婚/建立家庭","SC-S3-10","反复小问题累积","NF-N1-04","自主/空间/自由","Ideal range / fit","N3-04","当「社交密度」进入「结婚/建立家庭」的「社交/朋友/个人空间」，遇到「反复小问题累积」时，对重视「自主/空间/自由」的人意味着什么？","constrained_mapping_v0.2","semantic_preflight"
"CC2-01809","PF-F04","社交密度","SC-S2-08","社交/朋友/个人空间","SC-S1-05","结婚/建立家庭","SC-S3-10","反复小问题累积","NF-N1-02","陪伴/连接/归属","Ideal range / conditional","N3-01/N3-05","当「社交密度」进入「结婚/建立家庭」的「社交/朋友/个人空间」，遇到「反复小问题累积」时，对重视「陪伴/连接/归属」的人意味着什么？","constrained_mapping_v0.2","semantic_preflight"
"CC2-01810","PF-F04","社交密度","SC-S2-01","日常作息与生活管理","SC-S1-02","恋爱/磨合","SC-S3-01","工作时间突变","NF-N1-09","活力/新鲜感/有趣/共同体验","Ideal range","N3-05/N3-06","当「社交密度」进入「恋爱/磨合」的「日常作息与生活管理」，遇到「工作时间突变」时，对重视「活力/新鲜感/有趣/共同体验」的人意味着什么？","constrained_mapping_v0.2","semantic_preflight"
"CC2-01811","PF-F04","社交密度","SC-S2-01","日常作息与生活管理","SC-S1-02","恋爱/磨合","SC-S3-01","工作时间突变","NF-N1-04","自主/空间/自由","Ideal range / fit","N3-04","当「社交密度」进入「恋爱/磨合」的「日常作息与生活管理」，遇到「工作时间突变」时，对重视「自主/空间/自由」的人意味着什么？","constrained_mapping_v0.2","semantic_preflight"
"CC2-01812","PF-F04","社交密度","SC-S2-01","日常作息与生活管理","SC-S1-02","恋爱/磨合","SC-S3-01","工作时间突变","NF-N1-02","陪伴/连接/归属","Ideal range / conditional","N3-01/N3-05","当「社交密度」进入「恋爱/磨合」的「日常作息与生活管理」，遇到「工作时间突变」时，对重视「陪伴/连接/归属」的人意味着什么？","constrained_mapping_v0.2","semantic_preflight"
"CC2-01813","PF-F04","社交密度","SC-S2-01","日常作息与生活管理","SC-S1-02","恋爱/磨合","SC-S3-10","反复小问题累积","NF-N1-09","活力/新鲜感/有趣/共同体验","Ideal range","N3-05/N3-06","当「社交密度」进入「恋爱/磨合」的「日常作息与生活管理」，遇到「反复小问题累积」时，对重视「活力/新鲜感/有趣/共同体验」的人意味着什么？","constrained_mapping_v0.2","semantic_preflight"
"CC2-01814","PF-F04","社交密度","SC-S2-01","日常作息与生活管理","SC-S1-02","恋爱/磨合","SC-S3-10","反复小问题累积","NF-N1-04","自主/空间/自由","Ideal range / fit","N3-04","当「社交密度」进入「恋爱/磨合」的「日常作息与生活管理」，遇到「反复小问题累积」时，对重视「自主/空间/自由」的人意味着什么？","constrained_mapping_v0.2","semantic_preflight"
"CC2-01815","PF-F04","社交密度","SC-S2-01","日常作息与生活管理","SC-S1-02","恋爱/磨合","SC-S3-10","反复小问题累积","NF-N1-02","陪伴/连接/归属","Ideal range / conditional","N3-01/N3-05","当「社交密度」进入「恋爱/磨合」的「日常作息与生活管理」，遇到「反复小问题累积」时，对重视「陪伴/连接/归属」的人意味着什么？","constrained_mapping_v0.2","semantic_preflight"
"CC2-01816","PF-F04","社交密度","SC-S2-01","日常作息与生活管理","SC-S1-04","同居/婚前","SC-S3-01","工作时间突变","NF-N1-09","活力/新鲜感/有趣/共同体验","Ideal range","N3-05/N3-06","当「社交密度」进入「同居/婚前」的「日常作息与生活管理」，遇到「工作时间突变」时，对重视「活力/新鲜感/有趣/共同体验」的人意味着什么？","constrained_mapping_v0.2","semantic_preflight"
"CC2-01817","PF-F04","社交密度","SC-S2-01","日常作息与生活管理","SC-S1-04","同居/婚前","SC-S3-01","工作时间突变","NF-N1-04","自主/空间/自由","Ideal range / fit","N3-04","当「社交密度」进入「同居/婚前」的「日常作息与生活管理」，遇到「工作时间突变」时，对重视「自主/空间/自由」的人意味着什么？","constrained_mapping_v0.2","semantic_preflight"
"CC2-01818","PF-F04","社交密度","SC-S2-01","日常作息与生活管理","SC-S1-04","同居/婚前","SC-S3-01","工作时间突变","NF-N1-02","陪伴/连接/归属","Ideal range / conditional","N3-01/N3-05","当「社交密度」进入「同居/婚前」的「日常作息与生活管理」，遇到「工作时间突变」时，对重视「陪伴/连接/归属」的人意味着什么？","constrained_mapping_v0.2","semantic_preflight"
"CC2-01819","PF-F04","社交密度","SC-S2-01","日常作息与生活管理","SC-S1-04","同居/婚前","SC-S3-10","反复小问题累积","NF-N1-09","活力/新鲜感/有趣/共同体验","Ideal range","N3-05/N3-06","当「社交密度」进入「同居/婚前」的「日常作息与生活管理」，遇到「反复小问题累积」时，对重视「活力/新鲜感/有趣/共同体验」的人意味着什么？","constrained_mapping_v0.2","semantic_preflight"
"CC2-01820","PF-F04","社交密度","SC-S2-01","日常作息与生活管理","SC-S1-04","同居/婚前","SC-S3-10","反复小问题累积","NF-N1-04","自主/空间/自由","Ideal range / fit","N3-04","当「社交密度」进入「同居/婚前」的「日常作息与生活管理」，遇到「反复小问题累积」时，对重视「自主/空间/自由」的人意味着什么？","constrained_mapping_v0.2","semantic_preflight"
"CC2-01821","PF-F04","社交密度","SC-S2-01","日常作息与生活管理","SC-S1-04","同居/婚前","SC-S3-10","反复小问题累积","NF-N1-02","陪伴/连接/归属","Ideal range / conditional","N3-01/N3-05","当「社交密度」进入「同居/婚前」的「日常作息与生活管理」，遇到「反复小问题累积」时，对重视「陪伴/连接/归属」的人意味着什么？","constrained_mapping_v0.2","semantic_preflight"
"CC2-01822","PF-F04","社交密度","SC-S2-01","日常作息与生活管理","SC-S1-07","婴幼儿照护","SC-S3-01","工作时间突变","NF-N1-09","活力/新鲜感/有趣/共同体验","Ideal range","N3-05/N3-06","当「社交密度」进入「婴幼儿照护」的「日常作息与生活管理」，遇到「工作时间突变」时，对重视「活力/新鲜感/有趣/共同体验」的人意味着什么？","constrained_mapping_v0.2","semantic_preflight"
"CC2-01823","PF-F04","社交密度","SC-S2-01","日常作息与生活管理","SC-S1-07","婴幼儿照护","SC-S3-01","工作时间突变","NF-N1-04","自主/空间/自由","Ideal range / fit","N3-04","当「社交密度」进入「婴幼儿照护」的「日常作息与生活管理」，遇到「工作时间突变」时，对重视「自主/空间/自由」的人意味着什么？","constrained_mapping_v0.2","semantic_preflight"
"CC2-01824","PF-F04","社交密度","SC-S2-01","日常作息与生活管理","SC-S1-07","婴幼儿照护","SC-S3-01","工作时间突变","NF-N1-02","陪伴/连接/归属","Ideal range / conditional","N3-01/N3-05","当「社交密度」进入「婴幼儿照护」的「日常作息与生活管理」，遇到「工作时间突变」时，对重视「陪伴/连接/归属」的人意味着什么？","constrained_mapping_v0.2","semantic_preflight"
"CC2-01825","PF-F04","社交密度","SC-S2-01","日常作息与生活管理","SC-S1-07","婴幼儿照护","SC-S3-10","反复小问题累积","NF-N1-09","活力/新鲜感/有趣/共同体验","Ideal range","N3-05/N3-06","当「社交密度」进入「婴幼儿照护」的「日常作息与生活管理」，遇到「反复小问题累积」时，对重视「活力/新鲜感/有趣/共同体验」的人意味着什么？","constrained_mapping_v0.2","semantic_preflight"
"CC2-01826","PF-F04","社交密度","SC-S2-01","日常作息与生活管理","SC-S1-07","婴幼儿照护","SC-S3-10","反复小问题累积","NF-N1-04","自主/空间/自由","Ideal range / fit","N3-04","当「社交密度」进入「婴幼儿照护」的「日常作息与生活管理」，遇到「反复小问题累积」时，对重视「自主/空间/自由」的人意味着什么？","constrained_mapping_v0.2","semantic_preflight"
"CC2-01827","PF-F04","社交密度","SC-S2-01","日常作息与生活管理","SC-S1-07","婴幼儿照护","SC-S3-10","反复小问题累积","NF-N1-02","陪伴/连接/归属","Ideal range / conditional","N3-01/N3-05","当「社交密度」进入「婴幼儿照护」的「日常作息与生活管理」，遇到「反复小问题累积」时，对重视「陪伴/连接/归属」的人意味着什么？","constrained_mapping_v0.2","semantic_preflight"
"CC2-01828","PF-F04","社交密度","SC-S2-09","兴趣/休闲/旅行","SC-S1-01","认识/相亲","SC-S3-01","工作时间突变","NF-N1-09","活力/新鲜感/有趣/共同体验","Ideal range","N3-05/N3-06","当「社交密度」进入「认识/相亲」的「兴趣/休闲/旅行」，遇到「工作时间突变」时，对重视「活力/新鲜感/有趣/共同体验」的人意味着什么？","constrained_mapping_v0.2","semantic_preflight"
"CC2-01829","PF-F04","社交密度","SC-S2-09","兴趣/休闲/旅行","SC-S1-01","认识/相亲","SC-S3-01","工作时间突变","NF-N1-04","自主/空间/自由","Ideal range / fit","N3-04","当「社交密度」进入「认识/相亲」的「兴趣/休闲/旅行」，遇到「工作时间突变」时，对重视「自主/空间/自由」的人意味着什么？","constrained_mapping_v0.2","semantic_preflight"
"CC2-01830","PF-F04","社交密度","SC-S2-09","兴趣/休闲/旅行","SC-S1-01","认识/相亲","SC-S3-01","工作时间突变","NF-N1-02","陪伴/连接/归属","Ideal range / conditional","N3-01/N3-05","当「社交密度」进入「认识/相亲」的「兴趣/休闲/旅行」，遇到「工作时间突变」时，对重视「陪伴/连接/归属」的人意味着什么？","constrained_mapping_v0.2","semantic_preflight"
"CC2-01831","PF-F04","社交密度","SC-S2-09","兴趣/休闲/旅行","SC-S1-03","稳定交往","SC-S3-01","工作时间突变","NF-N1-09","活力/新鲜感/有趣/共同体验","Ideal range","N3-05/N3-06","当「社交密度」进入「稳定交往」的「兴趣/休闲/旅行」，遇到「工作时间突变」时，对重视「活力/新鲜感/有趣/共同体验」的人意味着什么？","constrained_mapping_v0.2","semantic_preflight"
"CC2-01832","PF-F04","社交密度","SC-S2-09","兴趣/休闲/旅行","SC-S1-03","稳定交往","SC-S3-01","工作时间突变","NF-N1-04","自主/空间/自由","Ideal range / fit","N3-04","当「社交密度」进入「稳定交往」的「兴趣/休闲/旅行」，遇到「工作时间突变」时，对重视「自主/空间/自由」的人意味着什么？","constrained_mapping_v0.2","semantic_preflight"
"CC2-01833","PF-F04","社交密度","SC-S2-09","兴趣/休闲/旅行","SC-S1-03","稳定交往","SC-S3-01","工作时间突变","NF-N1-02","陪伴/连接/归属","Ideal range / conditional","N3-01/N3-05","当「社交密度」进入「稳定交往」的「兴趣/休闲/旅行」，遇到「工作时间突变」时，对重视「陪伴/连接/归属」的人意味着什么？","constrained_mapping_v0.2","semantic_preflight"
"CC2-01834","PF-F04","社交密度","SC-S2-09","兴趣/休闲/旅行","SC-S1-03","稳定交往","SC-S3-10","反复小问题累积","NF-N1-09","活力/新鲜感/有趣/共同体验","Ideal range","N3-05/N3-06","当「社交密度」进入「稳定交往」的「兴趣/休闲/旅行」，遇到「反复小问题累积」时，对重视「活力/新鲜感/有趣/共同体验」的人意味着什么？","constrained_mapping_v0.2","semantic_preflight"
"CC2-01835","PF-F04","社交密度","SC-S2-09","兴趣/休闲/旅行","SC-S1-03","稳定交往","SC-S3-10","反复小问题累积","NF-N1-04","自主/空间/自由","Ideal range / fit","N3-04","当「社交密度」进入「稳定交往」的「兴趣/休闲/旅行」，遇到「反复小问题累积」时，对重视「自主/空间/自由」的人意味着什么？","constrained_mapping_v0.2","semantic_preflight"
"CC2-01836","PF-F04","社交密度","SC-S2-09","兴趣/休闲/旅行","SC-S1-03","稳定交往","SC-S3-10","反复小问题累积","NF-N1-02","陪伴/连接/归属","Ideal range / conditional","N3-01/N3-05","当「社交密度」进入「稳定交往」的「兴趣/休闲/旅行」，遇到「反复小问题累积」时，对重视「陪伴/连接/归属」的人意味着什么？","constrained_mapping_v0.2","semantic_preflight"
"CC2-01837","PF-F04","社交密度","SC-S2-09","兴趣/休闲/旅行","SC-S1-07","婴幼儿照护","SC-S3-01","工作时间突变","NF-N1-09","活力/新鲜感/有趣/共同体验","Ideal range","N3-05/N3-06","当「社交密度」进入「婴幼儿照护」的「兴趣/休闲/旅行」，遇到「工作时间突变」时，对重视「活力/新鲜感/有趣/共同体验」的人意味着什么？","constrained_mapping_v0.2","semantic_preflight"
"CC2-01838","PF-F04","社交密度","SC-S2-09","兴趣/休闲/旅行","SC-S1-07","婴幼儿照护","SC-S3-01","工作时间突变","NF-N1-04","自主/空间/自由","Ideal range / fit","N3-04","当「社交密度」进入「婴幼儿照护」的「兴趣/休闲/旅行」，遇到「工作时间突变」时，对重视「自主/空间/自由」的人意味着什么？","constrained_mapping_v0.2","semantic_preflight"
"CC2-01839","PF-F04","社交密度","SC-S2-09","兴趣/休闲/旅行","SC-S1-07","婴幼儿照护","SC-S3-01","工作时间突变","NF-N1-02","陪伴/连接/归属","Ideal range / conditional","N3-01/N3-05","当「社交密度」进入「婴幼儿照护」的「兴趣/休闲/旅行」，遇到「工作时间突变」时，对重视「陪伴/连接/归属」的人意味着什么？","constrained_mapping_v0.2","semantic_preflight"
"CC2-01840","PF-F04","社交密度","SC-S2-09","兴趣/休闲/旅行","SC-S1-07","婴幼儿照护","SC-S3-10","反复小问题累积","NF-N1-09","活力/新鲜感/有趣/共同体验","Ideal range","N3-05/N3-06","当「社交密度」进入「婴幼儿照护」的「兴趣/休闲/旅行」，遇到「反复小问题累积」时，对重视「活力/新鲜感/有趣/共同体验」的人意味着什么？","constrained_mapping_v0.2","semantic_preflight"
"CC2-01841","PF-F04","社交密度","SC-S2-09","兴趣/休闲/旅行","SC-S1-07","婴幼儿照护","SC-S3-10","反复小问题累积","NF-N1-04","自主/空间/自由","Ideal range / fit","N3-04","当「社交密度」进入「婴幼儿照护」的「兴趣/休闲/旅行」，遇到「反复小问题累积」时，对重视「自主/空间/自由」的人意味着什么？","constrained_mapping_v0.2","semantic_preflight"
"CC2-01842","PF-F04","社交密度","SC-S2-09","兴趣/休闲/旅行","SC-S1-07","婴幼儿照护","SC-S3-10","反复小问题累积","NF-N1-02","陪伴/连接/归属","Ideal range / conditional","N3-01/N3-05","当「社交密度」进入「婴幼儿照护」的「兴趣/休闲/旅行」，遇到「反复小问题累积」时，对重视「陪伴/连接/归属」的人意味着什么？","constrained_mapping_v0.2","semantic_preflight"
"CC2-01843","PF-F05","运动/健康投入","SC-S2-09","兴趣/休闲/旅行","SC-S1-01","认识/相亲","SC-S3-01","工作时间突变","NF-N1-09","活力/新鲜感/有趣/共同体验","Ideal range","N3-05/N3-06","当「运动/健康投入」进入「认识/相亲」的「兴趣/休闲/旅行」，遇到「工作时间突变」时，对重视「活力/新鲜感/有趣/共同体验」的人意味着什么？","constrained_mapping_v0.2","semantic_preflight"
"CC2-01844","PF-F05","运动/健康投入","SC-S2-09","兴趣/休闲/旅行","SC-S1-01","认识/相亲","SC-S3-01","工作时间突变","NF-N1-04","自主/空间/自由","Ideal range / fit","N3-04","当「运动/健康投入」进入「认识/相亲」的「兴趣/休闲/旅行」，遇到「工作时间突变」时，对重视「自主/空间/自由」的人意味着什么？","constrained_mapping_v0.2","semantic_preflight"
"CC2-01845","PF-F05","运动/健康投入","SC-S2-09","兴趣/休闲/旅行","SC-S1-01","认识/相亲","SC-S3-01","工作时间突变","NF-N1-02","陪伴/连接/归属","Ideal range / conditional","N3-01/N3-05","当「运动/健康投入」进入「认识/相亲」的「兴趣/休闲/旅行」，遇到「工作时间突变」时，对重视「陪伴/连接/归属」的人意味着什么？","constrained_mapping_v0.2","semantic_preflight"
"CC2-01846","PF-F05","运动/健康投入","SC-S2-09","兴趣/休闲/旅行","SC-S1-03","稳定交往","SC-S3-01","工作时间突变","NF-N1-09","活力/新鲜感/有趣/共同体验","Ideal range","N3-05/N3-06","当「运动/健康投入」进入「稳定交往」的「兴趣/休闲/旅行」，遇到「工作时间突变」时，对重视「活力/新鲜感/有趣/共同体验」的人意味着什么？","constrained_mapping_v0.2","semantic_preflight"
"CC2-01847","PF-F05","运动/健康投入","SC-S2-09","兴趣/休闲/旅行","SC-S1-03","稳定交往","SC-S3-01","工作时间突变","NF-N1-04","自主/空间/自由","Ideal range / fit","N3-04","当「运动/健康投入」进入「稳定交往」的「兴趣/休闲/旅行」，遇到「工作时间突变」时，对重视「自主/空间/自由」的人意味着什么？","constrained_mapping_v0.2","semantic_preflight"
"CC2-01848","PF-F05","运动/健康投入","SC-S2-09","兴趣/休闲/旅行","SC-S1-03","稳定交往","SC-S3-01","工作时间突变","NF-N1-02","陪伴/连接/归属","Ideal range / conditional","N3-01/N3-05","当「运动/健康投入」进入「稳定交往」的「兴趣/休闲/旅行」，遇到「工作时间突变」时，对重视「陪伴/连接/归属」的人意味着什么？","constrained_mapping_v0.2","semantic_preflight"
"CC2-01849","PF-F05","运动/健康投入","SC-S2-09","兴趣/休闲/旅行","SC-S1-03","稳定交往","SC-S3-10","反复小问题累积","NF-N1-09","活力/新鲜感/有趣/共同体验","Ideal range","N3-05/N3-06","当「运动/健康投入」进入「稳定交往」的「兴趣/休闲/旅行」，遇到「反复小问题累积」时，对重视「活力/新鲜感/有趣/共同体验」的人意味着什么？","constrained_mapping_v0.2","semantic_preflight"
"CC2-01850","PF-F05","运动/健康投入","SC-S2-09","兴趣/休闲/旅行","SC-S1-03","稳定交往","SC-S3-10","反复小问题累积","NF-N1-04","自主/空间/自由","Ideal range / fit","N3-04","当「运动/健康投入」进入「稳定交往」的「兴趣/休闲/旅行」，遇到「反复小问题累积」时，对重视「自主/空间/自由」的人意味着什么？","constrained_mapping_v0.2","semantic_preflight"
"CC2-01851","PF-F05","运动/健康投入","SC-S2-09","兴趣/休闲/旅行","SC-S1-03","稳定交往","SC-S3-10","反复小问题累积","NF-N1-02","陪伴/连接/归属","Ideal range / conditional","N3-01/N3-05","当「运动/健康投入」进入「稳定交往」的「兴趣/休闲/旅行」，遇到「反复小问题累积」时，对重视「陪伴/连接/归属」的人意味着什么？","constrained_mapping_v0.2","semantic_preflight"
"CC2-01852","PF-F05","运动/健康投入","SC-S2-09","兴趣/休闲/旅行","SC-S1-07","婴幼儿照护","SC-S3-01","工作时间突变","NF-N1-09","活力/新鲜感/有趣/共同体验","Ideal range","N3-05/N3-06","当「运动/健康投入」进入「婴幼儿照护」的「兴趣/休闲/旅行」，遇到「工作时间突变」时，对重视「活力/新鲜感/有趣/共同体验」的人意味着什么？","constrained_mapping_v0.2","semantic_preflight"
"CC2-01853","PF-F05","运动/健康投入","SC-S2-09","兴趣/休闲/旅行","SC-S1-07","婴幼儿照护","SC-S3-01","工作时间突变","NF-N1-04","自主/空间/自由","Ideal range / fit","N3-04","当「运动/健康投入」进入「婴幼儿照护」的「兴趣/休闲/旅行」，遇到「工作时间突变」时，对重视「自主/空间/自由」的人意味着什么？","constrained_mapping_v0.2","semantic_preflight"
"CC2-01854","PF-F05","运动/健康投入","SC-S2-09","兴趣/休闲/旅行","SC-S1-07","婴幼儿照护","SC-S3-01","工作时间突变","NF-N1-02","陪伴/连接/归属","Ideal range / conditional","N3-01/N3-05","当「运动/健康投入」进入「婴幼儿照护」的「兴趣/休闲/旅行」，遇到「工作时间突变」时，对重视「陪伴/连接/归属」的人意味着什么？","constrained_mapping_v0.2","semantic_preflight"
"CC2-01855","PF-F05","运动/健康投入","SC-S2-09","兴趣/休闲/旅行","SC-S1-07","婴幼儿照护","SC-S3-10","反复小问题累积","NF-N1-09","活力/新鲜感/有趣/共同体验","Ideal range","N3-05/N3-06","当「运动/健康投入」进入「婴幼儿照护」的「兴趣/休闲/旅行」，遇到「反复小问题累积」时，对重视「活力/新鲜感/有趣/共同体验」的人意味着什么？","constrained_mapping_v0.2","semantic_preflight"
"CC2-01856","PF-F05","运动/健康投入","SC-S2-09","兴趣/休闲/旅行","SC-S1-07","婴幼儿照护","SC-S3-10","反复小问题累积","NF-N1-04","自主/空间/自由","Ideal range / fit","N3-04","当「运动/健康投入」进入「婴幼儿照护」的「兴趣/休闲/旅行」，遇到「反复小问题累积」时，对重视「自主/空间/自由」的人意味着什么？","constrained_mapping_v0.2","semantic_preflight"
"CC2-01857","PF-F05","运动/健康投入","SC-S2-09","兴趣/休闲/旅行","SC-S1-07","婴幼儿照护","SC-S3-10","反复小问题累积","NF-N1-02","陪伴/连接/归属","Ideal range / conditional","N3-01/N3-05","当「运动/健康投入」进入「婴幼儿照护」的「兴趣/休闲/旅行」，遇到「反复小问题累积」时，对重视「陪伴/连接/归属」的人意味着什么？","constrained_mapping_v0.2","semantic_preflight"
"CC2-01858","PF-F05","运动/健康投入","SC-S2-01","日常作息与生活管理","SC-S1-02","恋爱/磨合","SC-S3-01","工作时间突变","NF-N1-09","活力/新鲜感/有趣/共同体验","Ideal range","N3-05/N3-06","当「运动/健康投入」进入「恋爱/磨合」的「日常作息与生活管理」，遇到「工作时间突变」时，对重视「活力/新鲜感/有趣/共同体验」的人意味着什么？","constrained_mapping_v0.2","semantic_preflight"
"CC2-01859","PF-F05","运动/健康投入","SC-S2-01","日常作息与生活管理","SC-S1-02","恋爱/磨合","SC-S3-01","工作时间突变","NF-N1-04","自主/空间/自由","Ideal range / fit","N3-04","当「运动/健康投入」进入「恋爱/磨合」的「日常作息与生活管理」，遇到「工作时间突变」时，对重视「自主/空间/自由」的人意味着什么？","constrained_mapping_v0.2","semantic_preflight"
"CC2-01860","PF-F05","运动/健康投入","SC-S2-01","日常作息与生活管理","SC-S1-02","恋爱/磨合","SC-S3-01","工作时间突变","NF-N1-02","陪伴/连接/归属","Ideal range / conditional","N3-01/N3-05","当「运动/健康投入」进入「恋爱/磨合」的「日常作息与生活管理」，遇到「工作时间突变」时，对重视「陪伴/连接/归属」的人意味着什么？","constrained_mapping_v0.2","semantic_preflight"
"CC2-01861","PF-F05","运动/健康投入","SC-S2-01","日常作息与生活管理","SC-S1-02","恋爱/磨合","SC-S3-10","反复小问题累积","NF-N1-09","活力/新鲜感/有趣/共同体验","Ideal range","N3-05/N3-06","当「运动/健康投入」进入「恋爱/磨合」的「日常作息与生活管理」，遇到「反复小问题累积」时，对重视「活力/新鲜感/有趣/共同体验」的人意味着什么？","constrained_mapping_v0.2","semantic_preflight"
"CC2-01862","PF-F05","运动/健康投入","SC-S2-01","日常作息与生活管理","SC-S1-02","恋爱/磨合","SC-S3-10","反复小问题累积","NF-N1-04","自主/空间/自由","Ideal range / fit","N3-04","当「运动/健康投入」进入「恋爱/磨合」的「日常作息与生活管理」，遇到「反复小问题累积」时，对重视「自主/空间/自由」的人意味着什么？","constrained_mapping_v0.2","semantic_preflight"
"CC2-01863","PF-F05","运动/健康投入","SC-S2-01","日常作息与生活管理","SC-S1-02","恋爱/磨合","SC-S3-10","反复小问题累积","NF-N1-02","陪伴/连接/归属","Ideal range / conditional","N3-01/N3-05","当「运动/健康投入」进入「恋爱/磨合」的「日常作息与生活管理」，遇到「反复小问题累积」时，对重视「陪伴/连接/归属」的人意味着什么？","constrained_mapping_v0.2","semantic_preflight"
"CC2-01864","PF-F05","运动/健康投入","SC-S2-01","日常作息与生活管理","SC-S1-04","同居/婚前","SC-S3-01","工作时间突变","NF-N1-09","活力/新鲜感/有趣/共同体验","Ideal range","N3-05/N3-06","当「运动/健康投入」进入「同居/婚前」的「日常作息与生活管理」，遇到「工作时间突变」时，对重视「活力/新鲜感/有趣/共同体验」的人意味着什么？","constrained_mapping_v0.2","semantic_preflight"
"CC2-01865","PF-F05","运动/健康投入","SC-S2-01","日常作息与生活管理","SC-S1-04","同居/婚前","SC-S3-01","工作时间突变","NF-N1-04","自主/空间/自由","Ideal range / fit","N3-04","当「运动/健康投入」进入「同居/婚前」的「日常作息与生活管理」，遇到「工作时间突变」时，对重视「自主/空间/自由」的人意味着什么？","constrained_mapping_v0.2","semantic_preflight"
"CC2-01866","PF-F05","运动/健康投入","SC-S2-01","日常作息与生活管理","SC-S1-04","同居/婚前","SC-S3-01","工作时间突变","NF-N1-02","陪伴/连接/归属","Ideal range / conditional","N3-01/N3-05","当「运动/健康投入」进入「同居/婚前」的「日常作息与生活管理」，遇到「工作时间突变」时，对重视「陪伴/连接/归属」的人意味着什么？","constrained_mapping_v0.2","semantic_preflight"
"CC2-01867","PF-F05","运动/健康投入","SC-S2-01","日常作息与生活管理","SC-S1-04","同居/婚前","SC-S3-10","反复小问题累积","NF-N1-09","活力/新鲜感/有趣/共同体验","Ideal range","N3-05/N3-06","当「运动/健康投入」进入「同居/婚前」的「日常作息与生活管理」，遇到「反复小问题累积」时，对重视「活力/新鲜感/有趣/共同体验」的人意味着什么？","constrained_mapping_v0.2","semantic_preflight"
"CC2-01868","PF-F05","运动/健康投入","SC-S2-01","日常作息与生活管理","SC-S1-04","同居/婚前","SC-S3-10","反复小问题累积","NF-N1-04","自主/空间/自由","Ideal range / fit","N3-04","当「运动/健康投入」进入「同居/婚前」的「日常作息与生活管理」，遇到「反复小问题累积」时，对重视「自主/空间/自由」的人意味着什么？","constrained_mapping_v0.2","semantic_preflight"
"CC2-01869","PF-F05","运动/健康投入","SC-S2-01","日常作息与生活管理","SC-S1-04","同居/婚前","SC-S3-10","反复小问题累积","NF-N1-02","陪伴/连接/归属","Ideal range / conditional","N3-01/N3-05","当「运动/健康投入」进入「同居/婚前」的「日常作息与生活管理」，遇到「反复小问题累积」时，对重视「陪伴/连接/归属」的人意味着什么？","constrained_mapping_v0.2","semantic_preflight"
"CC2-01870","PF-F05","运动/健康投入","SC-S2-01","日常作息与生活管理","SC-S1-07","婴幼儿照护","SC-S3-01","工作时间突变","NF-N1-09","活力/新鲜感/有趣/共同体验","Ideal range","N3-05/N3-06","当「运动/健康投入」进入「婴幼儿照护」的「日常作息与生活管理」，遇到「工作时间突变」时，对重视「活力/新鲜感/有趣/共同体验」的人意味着什么？","constrained_mapping_v0.2","semantic_preflight"
"CC2-01871","PF-F05","运动/健康投入","SC-S2-01","日常作息与生活管理","SC-S1-07","婴幼儿照护","SC-S3-01","工作时间突变","NF-N1-04","自主/空间/自由","Ideal range / fit","N3-04","当「运动/健康投入」进入「婴幼儿照护」的「日常作息与生活管理」，遇到「工作时间突变」时，对重视「自主/空间/自由」的人意味着什么？","constrained_mapping_v0.2","semantic_preflight"
"CC2-01872","PF-F05","运动/健康投入","SC-S2-01","日常作息与生活管理","SC-S1-07","婴幼儿照护","SC-S3-01","工作时间突变","NF-N1-02","陪伴/连接/归属","Ideal range / conditional","N3-01/N3-05","当「运动/健康投入」进入「婴幼儿照护」的「日常作息与生活管理」，遇到「工作时间突变」时，对重视「陪伴/连接/归属」的人意味着什么？","constrained_mapping_v0.2","semantic_preflight"
"CC2-01873","PF-F05","运动/健康投入","SC-S2-01","日常作息与生活管理","SC-S1-07","婴幼儿照护","SC-S3-10","反复小问题累积","NF-N1-09","活力/新鲜感/有趣/共同体验","Ideal range","N3-05/N3-06","当「运动/健康投入」进入「婴幼儿照护」的「日常作息与生活管理」，遇到「反复小问题累积」时，对重视「活力/新鲜感/有趣/共同体验」的人意味着什么？","constrained_mapping_v0.2","semantic_preflight"
"CC2-01874","PF-F05","运动/健康投入","SC-S2-01","日常作息与生活管理","SC-S1-07","婴幼儿照护","SC-S3-10","反复小问题累积","NF-N1-04","自主/空间/自由","Ideal range / fit","N3-04","当「运动/健康投入」进入「婴幼儿照护」的「日常作息与生活管理」，遇到「反复小问题累积」时，对重视「自主/空间/自由」的人意味着什么？","constrained_mapping_v0.2","semantic_preflight"
"CC2-01875","PF-F05","运动/健康投入","SC-S2-01","日常作息与生活管理","SC-S1-07","婴幼儿照护","SC-S3-10","反复小问题累积","NF-N1-02","陪伴/连接/归属","Ideal range / conditional","N3-01/N3-05","当「运动/健康投入」进入「婴幼儿照护」的「日常作息与生活管理」，遇到「反复小问题累积」时，对重视「陪伴/连接/归属」的人意味着什么？","constrained_mapping_v0.2","semantic_preflight"
"CC2-01876","PF-F05","运动/健康投入","SC-S2-11","健康/疾病/照护","SC-S1-03","稳定交往","SC-S3-08","本人健康变化","NF-N1-09","活力/新鲜感/有趣/共同体验","Ideal range","N3-05/N3-06","当「运动/健康投入」进入「稳定交往」的「健康/疾病/照护」，遇到「本人健康变化」时，对重视「活力/新鲜感/有趣/共同体验」的人意味着什么？","constrained_mapping_v0.2","semantic_preflight"
"CC2-01877","PF-F05","运动/健康投入","SC-S2-11","健康/疾病/照护","SC-S1-03","稳定交往","SC-S3-08","本人健康变化","NF-N1-04","自主/空间/自由","Ideal range / fit","N3-04","当「运动/健康投入」进入「稳定交往」的「健康/疾病/照护」，遇到「本人健康变化」时，对重视「自主/空间/自由」的人意味着什么？","constrained_mapping_v0.2","semantic_preflight"
"CC2-01878","PF-F05","运动/健康投入","SC-S2-11","健康/疾病/照护","SC-S1-03","稳定交往","SC-S3-08","本人健康变化","NF-N1-02","陪伴/连接/归属","Ideal range / conditional","N3-01/N3-05","当「运动/健康投入」进入「稳定交往」的「健康/疾病/照护」，遇到「本人健康变化」时，对重视「陪伴/连接/归属」的人意味着什么？","constrained_mapping_v0.2","semantic_preflight"
"CC2-01879","PF-F05","运动/健康投入","SC-S2-11","健康/疾病/照护","SC-S1-03","稳定交往","SC-S3-07","父母责任变化","NF-N1-09","活力/新鲜感/有趣/共同体验","Ideal range","N3-05/N3-06","当「运动/健康投入」进入「稳定交往」的「健康/疾病/照护」，遇到「父母责任变化」时，对重视「活力/新鲜感/有趣/共同体验」的人意味着什么？","constrained_mapping_v0.2","semantic_preflight"
"CC2-01880","PF-F05","运动/健康投入","SC-S2-11","健康/疾病/照护","SC-S1-03","稳定交往","SC-S3-07","父母责任变化","NF-N1-04","自主/空间/自由","Ideal range / fit","N3-04","当「运动/健康投入」进入「稳定交往」的「健康/疾病/照护」，遇到「父母责任变化」时，对重视「自主/空间/自由」的人意味着什么？","constrained_mapping_v0.2","semantic_preflight"
"CC2-01881","PF-F05","运动/健康投入","SC-S2-11","健康/疾病/照护","SC-S1-03","稳定交往","SC-S3-07","父母责任变化","NF-N1-02","陪伴/连接/归属","Ideal range / conditional","N3-01/N3-05","当「运动/健康投入」进入「稳定交往」的「健康/疾病/照护」，遇到「父母责任变化」时，对重视「陪伴/连接/归属」的人意味着什么？","constrained_mapping_v0.2","semantic_preflight"
"CC2-01882","PF-F05","运动/健康投入","SC-S2-11","健康/疾病/照护","SC-S1-06","备孕/怀孕/生育","SC-S3-08","本人健康变化","NF-N1-09","活力/新鲜感/有趣/共同体验","Ideal range","N3-05/N3-06","当「运动/健康投入」进入「备孕/怀孕/生育」的「健康/疾病/照护」，遇到「本人健康变化」时，对重视「活力/新鲜感/有趣/共同体验」的人意味着什么？","constrained_mapping_v0.2","semantic_preflight"
"CC2-01883","PF-F05","运动/健康投入","SC-S2-11","健康/疾病/照护","SC-S1-06","备孕/怀孕/生育","SC-S3-08","本人健康变化","NF-N1-04","自主/空间/自由","Ideal range / fit","N3-04","当「运动/健康投入」进入「备孕/怀孕/生育」的「健康/疾病/照护」，遇到「本人健康变化」时，对重视「自主/空间/自由」的人意味着什么？","constrained_mapping_v0.2","semantic_preflight"
"CC2-01884","PF-F05","运动/健康投入","SC-S2-11","健康/疾病/照护","SC-S1-06","备孕/怀孕/生育","SC-S3-08","本人健康变化","NF-N1-02","陪伴/连接/归属","Ideal range / conditional","N3-01/N3-05","当「运动/健康投入」进入「备孕/怀孕/生育」的「健康/疾病/照护」，遇到「本人健康变化」时，对重视「陪伴/连接/归属」的人意味着什么？","constrained_mapping_v0.2","semantic_preflight"
"CC2-01885","PF-F05","运动/健康投入","SC-S2-11","健康/疾病/照护","SC-S1-06","备孕/怀孕/生育","SC-S3-07","父母责任变化","NF-N1-09","活力/新鲜感/有趣/共同体验","Ideal range","N3-05/N3-06","当「运动/健康投入」进入「备孕/怀孕/生育」的「健康/疾病/照护」，遇到「父母责任变化」时，对重视「活力/新鲜感/有趣/共同体验」的人意味着什么？","constrained_mapping_v0.2","semantic_preflight"
"CC2-01886","PF-F05","运动/健康投入","SC-S2-11","健康/疾病/照护","SC-S1-06","备孕/怀孕/生育","SC-S3-07","父母责任变化","NF-N1-04","自主/空间/自由","Ideal range / fit","N3-04","当「运动/健康投入」进入「备孕/怀孕/生育」的「健康/疾病/照护」，遇到「父母责任变化」时，对重视「自主/空间/自由」的人意味着什么？","constrained_mapping_v0.2","semantic_preflight"
"CC2-01887","PF-F05","运动/健康投入","SC-S2-11","健康/疾病/照护","SC-S1-06","备孕/怀孕/生育","SC-S3-07","父母责任变化","NF-N1-02","陪伴/连接/归属","Ideal range / conditional","N3-01/N3-05","当「运动/健康投入」进入「备孕/怀孕/生育」的「健康/疾病/照护」，遇到「父母责任变化」时，对重视「陪伴/连接/归属」的人意味着什么？","constrained_mapping_v0.2","semantic_preflight"
"CC2-01888","PF-F05","运动/健康投入","SC-S2-11","健康/疾病/照护","SC-S1-07","婴幼儿照护","SC-S3-08","本人健康变化","NF-N1-09","活力/新鲜感/有趣/共同体验","Ideal range","N3-05/N3-06","当「运动/健康投入」进入「婴幼儿照护」的「健康/疾病/照护」，遇到「本人健康变化」时，对重视「活力/新鲜感/有趣/共同体验」的人意味着什么？","constrained_mapping_v0.2","semantic_preflight"
"CC2-01889","PF-F05","运动/健康投入","SC-S2-11","健康/疾病/照护","SC-S1-07","婴幼儿照护","SC-S3-08","本人健康变化","NF-N1-04","自主/空间/自由","Ideal range / fit","N3-04","当「运动/健康投入」进入「婴幼儿照护」的「健康/疾病/照护」，遇到「本人健康变化」时，对重视「自主/空间/自由」的人意味着什么？","constrained_mapping_v0.2","semantic_preflight"
"CC2-01890","PF-F05","运动/健康投入","SC-S2-11","健康/疾病/照护","SC-S1-07","婴幼儿照护","SC-S3-08","本人健康变化","NF-N1-02","陪伴/连接/归属","Ideal range / conditional","N3-01/N3-05","当「运动/健康投入」进入「婴幼儿照护」的「健康/疾病/照护」，遇到「本人健康变化」时，对重视「陪伴/连接/归属」的人意味着什么？","constrained_mapping_v0.2","semantic_preflight"
"CC2-01891","PF-F05","运动/健康投入","SC-S2-11","健康/疾病/照护","SC-S1-07","婴幼儿照护","SC-S3-07","父母责任变化","NF-N1-09","活力/新鲜感/有趣/共同体验","Ideal range","N3-05/N3-06","当「运动/健康投入」进入「婴幼儿照护」的「健康/疾病/照护」，遇到「父母责任变化」时，对重视「活力/新鲜感/有趣/共同体验」的人意味着什么？","constrained_mapping_v0.2","semantic_preflight"
"CC2-01892","PF-F05","运动/健康投入","SC-S2-11","健康/疾病/照护","SC-S1-07","婴幼儿照护","SC-S3-07","父母责任变化","NF-N1-04","自主/空间/自由","Ideal range / fit","N3-04","当「运动/健康投入」进入「婴幼儿照护」的「健康/疾病/照护」，遇到「父母责任变化」时，对重视「自主/空间/自由」的人意味着什么？","constrained_mapping_v0.2","semantic_preflight"
"CC2-01893","PF-F05","运动/健康投入","SC-S2-11","健康/疾病/照护","SC-S1-07","婴幼儿照护","SC-S3-07","父母责任变化","NF-N1-02","陪伴/连接/归属","Ideal range / conditional","N3-01/N3-05","当「运动/健康投入」进入「婴幼儿照护」的「健康/疾病/照护」，遇到「父母责任变化」时，对重视「陪伴/连接/归属」的人意味着什么？","constrained_mapping_v0.2","semantic_preflight"
"CC2-01894","PF-F05","运动/健康投入","SC-S2-11","健康/疾病/照护","SC-S1-10","退休/老年/长期照护","SC-S3-08","本人健康变化","NF-N1-09","活力/新鲜感/有趣/共同体验","Ideal range","N3-05/N3-06","当「运动/健康投入」进入「退休/老年/长期照护」的「健康/疾病/照护」，遇到「本人健康变化」时，对重视「活力/新鲜感/有趣/共同体验」的人意味着什么？","constrained_mapping_v0.2","semantic_preflight"
"CC2-01895","PF-F05","运动/健康投入","SC-S2-11","健康/疾病/照护","SC-S1-10","退休/老年/长期照护","SC-S3-08","本人健康变化","NF-N1-04","自主/空间/自由","Ideal range / fit","N3-04","当「运动/健康投入」进入「退休/老年/长期照护」的「健康/疾病/照护」，遇到「本人健康变化」时，对重视「自主/空间/自由」的人意味着什么？","constrained_mapping_v0.2","semantic_preflight"
"CC2-01896","PF-F05","运动/健康投入","SC-S2-11","健康/疾病/照护","SC-S1-10","退休/老年/长期照护","SC-S3-08","本人健康变化","NF-N1-02","陪伴/连接/归属","Ideal range / conditional","N3-01/N3-05","当「运动/健康投入」进入「退休/老年/长期照护」的「健康/疾病/照护」，遇到「本人健康变化」时，对重视「陪伴/连接/归属」的人意味着什么？","constrained_mapping_v0.2","semantic_preflight"
"CC2-01897","PF-F05","运动/健康投入","SC-S2-11","健康/疾病/照护","SC-S1-10","退休/老年/长期照护","SC-S3-07","父母责任变化","NF-N1-09","活力/新鲜感/有趣/共同体验","Ideal range","N3-05/N3-06","当「运动/健康投入」进入「退休/老年/长期照护」的「健康/疾病/照护」，遇到「父母责任变化」时，对重视「活力/新鲜感/有趣/共同体验」的人意味着什么？","constrained_mapping_v0.2","semantic_preflight"
"CC2-01898","PF-F05","运动/健康投入","SC-S2-11","健康/疾病/照护","SC-S1-10","退休/老年/长期照护","SC-S3-07","父母责任变化","NF-N1-04","自主/空间/自由","Ideal range / fit","N3-04","当「运动/健康投入」进入「退休/老年/长期照护」的「健康/疾病/照护」，遇到「父母责任变化」时，对重视「自主/空间/自由」的人意味着什么？","constrained_mapping_v0.2","semantic_preflight"
"CC2-01899","PF-F05","运动/健康投入","SC-S2-11","健康/疾病/照护","SC-S1-10","退休/老年/长期照护","SC-S3-07","父母责任变化","NF-N1-02","陪伴/连接/归属","Ideal range / conditional","N3-01/N3-05","当「运动/健康投入」进入「退休/老年/长期照护」的「健康/疾病/照护」，遇到「父母责任变化」时，对重视「陪伴/连接/归属」的人意味着什么？","constrained_mapping_v0.2","semantic_preflight"
"CC2-01900","PF-F06","作息/日常节奏","SC-S2-01","日常作息与生活管理","SC-S1-02","恋爱/磨合","SC-S3-01","工作时间突变","NF-N1-05","安全/信任/可预测","Gate / conditional","N3-02/N3-06","当「作息/日常节奏」进入「恋爱/磨合」的「日常作息与生活管理」，遇到「工作时间突变」时，对重视「安全/信任/可预测」的人意味着什么？","constrained_mapping_v0.2","semantic_preflight"
"CC2-01901","PF-F06","作息/日常节奏","SC-S2-01","日常作息与生活管理","SC-S1-02","恋爱/磨合","SC-S3-01","工作时间突变","NF-N1-02","陪伴/连接/归属","Ideal range / conditional","N3-01/N3-05","当「作息/日常节奏」进入「恋爱/磨合」的「日常作息与生活管理」，遇到「工作时间突变」时，对重视「陪伴/连接/归属」的人意味着什么？","constrained_mapping_v0.2","semantic_preflight"
"CC2-01902","PF-F06","作息/日常节奏","SC-S2-01","日常作息与生活管理","SC-S1-02","恋爱/磨合","SC-S3-01","工作时间突变","NF-N1-04","自主/空间/自由","Ideal range / fit","N3-04","当「作息/日常节奏」进入「恋爱/磨合」的「日常作息与生活管理」，遇到「工作时间突变」时，对重视「自主/空间/自由」的人意味着什么？","constrained_mapping_v0.2","semantic_preflight"
"CC2-01903","PF-F06","作息/日常节奏","SC-S2-01","日常作息与生活管理","SC-S1-02","恋爱/磨合","SC-S3-10","反复小问题累积","NF-N1-05","安全/信任/可预测","Gate / conditional","N3-02/N3-06","当「作息/日常节奏」进入「恋爱/磨合」的「日常作息与生活管理」，遇到「反复小问题累积」时，对重视「安全/信任/可预测」的人意味着什么？","constrained_mapping_v0.2","semantic_preflight"
"CC2-01904","PF-F06","作息/日常节奏","SC-S2-01","日常作息与生活管理","SC-S1-02","恋爱/磨合","SC-S3-10","反复小问题累积","NF-N1-02","陪伴/连接/归属","Ideal range / conditional","N3-01/N3-05","当「作息/日常节奏」进入「恋爱/磨合」的「日常作息与生活管理」，遇到「反复小问题累积」时，对重视「陪伴/连接/归属」的人意味着什么？","constrained_mapping_v0.2","semantic_preflight"
"CC2-01905","PF-F06","作息/日常节奏","SC-S2-01","日常作息与生活管理","SC-S1-02","恋爱/磨合","SC-S3-10","反复小问题累积","NF-N1-04","自主/空间/自由","Ideal range / fit","N3-04","当「作息/日常节奏」进入「恋爱/磨合」的「日常作息与生活管理」，遇到「反复小问题累积」时，对重视「自主/空间/自由」的人意味着什么？","constrained_mapping_v0.2","semantic_preflight"
"CC2-01906","PF-F06","作息/日常节奏","SC-S2-01","日常作息与生活管理","SC-S1-04","同居/婚前","SC-S3-01","工作时间突变","NF-N1-05","安全/信任/可预测","Gate / conditional","N3-02/N3-06","当「作息/日常节奏」进入「同居/婚前」的「日常作息与生活管理」，遇到「工作时间突变」时，对重视「安全/信任/可预测」的人意味着什么？","constrained_mapping_v0.2","semantic_preflight"
"CC2-01907","PF-F06","作息/日常节奏","SC-S2-01","日常作息与生活管理","SC-S1-04","同居/婚前","SC-S3-01","工作时间突变","NF-N1-02","陪伴/连接/归属","Ideal range / conditional","N3-01/N3-05","当「作息/日常节奏」进入「同居/婚前」的「日常作息与生活管理」，遇到「工作时间突变」时，对重视「陪伴/连接/归属」的人意味着什么？","constrained_mapping_v0.2","semantic_preflight"
"CC2-01908","PF-F06","作息/日常节奏","SC-S2-01","日常作息与生活管理","SC-S1-04","同居/婚前","SC-S3-01","工作时间突变","NF-N1-04","自主/空间/自由","Ideal range / fit","N3-04","当「作息/日常节奏」进入「同居/婚前」的「日常作息与生活管理」，遇到「工作时间突变」时，对重视「自主/空间/自由」的人意味着什么？","constrained_mapping_v0.2","semantic_preflight"
"CC2-01909","PF-F06","作息/日常节奏","SC-S2-01","日常作息与生活管理","SC-S1-04","同居/婚前","SC-S3-10","反复小问题累积","NF-N1-05","安全/信任/可预测","Gate / conditional","N3-02/N3-06","当「作息/日常节奏」进入「同居/婚前」的「日常作息与生活管理」，遇到「反复小问题累积」时，对重视「安全/信任/可预测」的人意味着什么？","constrained_mapping_v0.2","semantic_preflight"
"CC2-01910","PF-F06","作息/日常节奏","SC-S2-01","日常作息与生活管理","SC-S1-04","同居/婚前","SC-S3-10","反复小问题累积","NF-N1-02","陪伴/连接/归属","Ideal range / conditional","N3-01/N3-05","当「作息/日常节奏」进入「同居/婚前」的「日常作息与生活管理」，遇到「反复小问题累积」时，对重视「陪伴/连接/归属」的人意味着什么？","constrained_mapping_v0.2","semantic_preflight"
"CC2-01911","PF-F06","作息/日常节奏","SC-S2-01","日常作息与生活管理","SC-S1-04","同居/婚前","SC-S3-10","反复小问题累积","NF-N1-04","自主/空间/自由","Ideal range / fit","N3-04","当「作息/日常节奏」进入「同居/婚前」的「日常作息与生活管理」，遇到「反复小问题累积」时，对重视「自主/空间/自由」的人意味着什么？","constrained_mapping_v0.2","semantic_preflight"
"CC2-01912","PF-F06","作息/日常节奏","SC-S2-01","日常作息与生活管理","SC-S1-07","婴幼儿照护","SC-S3-01","工作时间突变","NF-N1-05","安全/信任/可预测","Gate / conditional","N3-02/N3-06","当「作息/日常节奏」进入「婴幼儿照护」的「日常作息与生活管理」，遇到「工作时间突变」时，对重视「安全/信任/可预测」的人意味着什么？","constrained_mapping_v0.2","semantic_preflight"
"CC2-01913","PF-F06","作息/日常节奏","SC-S2-01","日常作息与生活管理","SC-S1-07","婴幼儿照护","SC-S3-01","工作时间突变","NF-N1-02","陪伴/连接/归属","Ideal range / conditional","N3-01/N3-05","当「作息/日常节奏」进入「婴幼儿照护」的「日常作息与生活管理」，遇到「工作时间突变」时，对重视「陪伴/连接/归属」的人意味着什么？","constrained_mapping_v0.2","semantic_preflight"
"CC2-01914","PF-F06","作息/日常节奏","SC-S2-01","日常作息与生活管理","SC-S1-07","婴幼儿照护","SC-S3-01","工作时间突变","NF-N1-04","自主/空间/自由","Ideal range / fit","N3-04","当「作息/日常节奏」进入「婴幼儿照护」的「日常作息与生活管理」，遇到「工作时间突变」时，对重视「自主/空间/自由」的人意味着什么？","constrained_mapping_v0.2","semantic_preflight"
"CC2-01915","PF-F06","作息/日常节奏","SC-S2-01","日常作息与生活管理","SC-S1-07","婴幼儿照护","SC-S3-10","反复小问题累积","NF-N1-05","安全/信任/可预测","Gate / conditional","N3-02/N3-06","当「作息/日常节奏」进入「婴幼儿照护」的「日常作息与生活管理」，遇到「反复小问题累积」时，对重视「安全/信任/可预测」的人意味着什么？","constrained_mapping_v0.2","semantic_preflight"
"CC2-01916","PF-F06","作息/日常节奏","SC-S2-01","日常作息与生活管理","SC-S1-07","婴幼儿照护","SC-S3-10","反复小问题累积","NF-N1-02","陪伴/连接/归属","Ideal range / conditional","N3-01/N3-05","当「作息/日常节奏」进入「婴幼儿照护」的「日常作息与生活管理」，遇到「反复小问题累积」时，对重视「陪伴/连接/归属」的人意味着什么？","constrained_mapping_v0.2","semantic_preflight"
"CC2-01917","PF-F06","作息/日常节奏","SC-S2-01","日常作息与生活管理","SC-S1-07","婴幼儿照护","SC-S3-10","反复小问题累积","NF-N1-04","自主/空间/自由","Ideal range / fit","N3-04","当「作息/日常节奏」进入「婴幼儿照护」的「日常作息与生活管理」，遇到「反复小问题累积」时，对重视「自主/空间/自由」的人意味着什么？","constrained_mapping_v0.2","semantic_preflight"
"CC2-01918","PF-F06","作息/日常节奏","SC-S2-11","健康/疾病/照护","SC-S1-03","稳定交往","SC-S3-08","本人健康变化","NF-N1-05","安全/信任/可预测","Gate / conditional","N3-02/N3-06","当「作息/日常节奏」进入「稳定交往」的「健康/疾病/照护」，遇到「本人健康变化」时，对重视「安全/信任/可预测」的人意味着什么？","constrained_mapping_v0.2","semantic_preflight"
"CC2-01919","PF-F06","作息/日常节奏","SC-S2-11","健康/疾病/照护","SC-S1-03","稳定交往","SC-S3-08","本人健康变化","NF-N1-02","陪伴/连接/归属","Ideal range / conditional","N3-01/N3-05","当「作息/日常节奏」进入「稳定交往」的「健康/疾病/照护」，遇到「本人健康变化」时，对重视「陪伴/连接/归属」的人意味着什么？","constrained_mapping_v0.2","semantic_preflight"
"CC2-01920","PF-F06","作息/日常节奏","SC-S2-11","健康/疾病/照护","SC-S1-03","稳定交往","SC-S3-08","本人健康变化","NF-N1-04","自主/空间/自由","Ideal range / fit","N3-04","当「作息/日常节奏」进入「稳定交往」的「健康/疾病/照护」，遇到「本人健康变化」时，对重视「自主/空间/自由」的人意味着什么？","constrained_mapping_v0.2","semantic_preflight"
"CC2-01921","PF-F06","作息/日常节奏","SC-S2-11","健康/疾病/照护","SC-S1-03","稳定交往","SC-S3-07","父母责任变化","NF-N1-05","安全/信任/可预测","Gate / conditional","N3-02/N3-06","当「作息/日常节奏」进入「稳定交往」的「健康/疾病/照护」，遇到「父母责任变化」时，对重视「安全/信任/可预测」的人意味着什么？","constrained_mapping_v0.2","semantic_preflight"
"CC2-01922","PF-F06","作息/日常节奏","SC-S2-11","健康/疾病/照护","SC-S1-03","稳定交往","SC-S3-07","父母责任变化","NF-N1-02","陪伴/连接/归属","Ideal range / conditional","N3-01/N3-05","当「作息/日常节奏」进入「稳定交往」的「健康/疾病/照护」，遇到「父母责任变化」时，对重视「陪伴/连接/归属」的人意味着什么？","constrained_mapping_v0.2","semantic_preflight"
"CC2-01923","PF-F06","作息/日常节奏","SC-S2-11","健康/疾病/照护","SC-S1-03","稳定交往","SC-S3-07","父母责任变化","NF-N1-04","自主/空间/自由","Ideal range / fit","N3-04","当「作息/日常节奏」进入「稳定交往」的「健康/疾病/照护」，遇到「父母责任变化」时，对重视「自主/空间/自由」的人意味着什么？","constrained_mapping_v0.2","semantic_preflight"
"CC2-01924","PF-F06","作息/日常节奏","SC-S2-11","健康/疾病/照护","SC-S1-06","备孕/怀孕/生育","SC-S3-08","本人健康变化","NF-N1-05","安全/信任/可预测","Gate / conditional","N3-02/N3-06","当「作息/日常节奏」进入「备孕/怀孕/生育」的「健康/疾病/照护」，遇到「本人健康变化」时，对重视「安全/信任/可预测」的人意味着什么？","constrained_mapping_v0.2","semantic_preflight"
"CC2-01925","PF-F06","作息/日常节奏","SC-S2-11","健康/疾病/照护","SC-S1-06","备孕/怀孕/生育","SC-S3-08","本人健康变化","NF-N1-02","陪伴/连接/归属","Ideal range / conditional","N3-01/N3-05","当「作息/日常节奏」进入「备孕/怀孕/生育」的「健康/疾病/照护」，遇到「本人健康变化」时，对重视「陪伴/连接/归属」的人意味着什么？","constrained_mapping_v0.2","semantic_preflight"
"CC2-01926","PF-F06","作息/日常节奏","SC-S2-11","健康/疾病/照护","SC-S1-06","备孕/怀孕/生育","SC-S3-08","本人健康变化","NF-N1-04","自主/空间/自由","Ideal range / fit","N3-04","当「作息/日常节奏」进入「备孕/怀孕/生育」的「健康/疾病/照护」，遇到「本人健康变化」时，对重视「自主/空间/自由」的人意味着什么？","constrained_mapping_v0.2","semantic_preflight"
"CC2-01927","PF-F06","作息/日常节奏","SC-S2-11","健康/疾病/照护","SC-S1-06","备孕/怀孕/生育","SC-S3-07","父母责任变化","NF-N1-05","安全/信任/可预测","Gate / conditional","N3-02/N3-06","当「作息/日常节奏」进入「备孕/怀孕/生育」的「健康/疾病/照护」，遇到「父母责任变化」时，对重视「安全/信任/可预测」的人意味着什么？","constrained_mapping_v0.2","semantic_preflight"
"CC2-01928","PF-F06","作息/日常节奏","SC-S2-11","健康/疾病/照护","SC-S1-06","备孕/怀孕/生育","SC-S3-07","父母责任变化","NF-N1-02","陪伴/连接/归属","Ideal range / conditional","N3-01/N3-05","当「作息/日常节奏」进入「备孕/怀孕/生育」的「健康/疾病/照护」，遇到「父母责任变化」时，对重视「陪伴/连接/归属」的人意味着什么？","constrained_mapping_v0.2","semantic_preflight"
"CC2-01929","PF-F06","作息/日常节奏","SC-S2-11","健康/疾病/照护","SC-S1-06","备孕/怀孕/生育","SC-S3-07","父母责任变化","NF-N1-04","自主/空间/自由","Ideal range / fit","N3-04","当「作息/日常节奏」进入「备孕/怀孕/生育」的「健康/疾病/照护」，遇到「父母责任变化」时，对重视「自主/空间/自由」的人意味着什么？","constrained_mapping_v0.2","semantic_preflight"
"CC2-01930","PF-F06","作息/日常节奏","SC-S2-11","健康/疾病/照护","SC-S1-07","婴幼儿照护","SC-S3-08","本人健康变化","NF-N1-05","安全/信任/可预测","Gate / conditional","N3-02/N3-06","当「作息/日常节奏」进入「婴幼儿照护」的「健康/疾病/照护」，遇到「本人健康变化」时，对重视「安全/信任/可预测」的人意味着什么？","constrained_mapping_v0.2","semantic_preflight"
"CC2-01931","PF-F06","作息/日常节奏","SC-S2-11","健康/疾病/照护","SC-S1-07","婴幼儿照护","SC-S3-08","本人健康变化","NF-N1-02","陪伴/连接/归属","Ideal range / conditional","N3-01/N3-05","当「作息/日常节奏」进入「婴幼儿照护」的「健康/疾病/照护」，遇到「本人健康变化」时，对重视「陪伴/连接/归属」的人意味着什么？","constrained_mapping_v0.2","semantic_preflight"
"CC2-01932","PF-F06","作息/日常节奏","SC-S2-11","健康/疾病/照护","SC-S1-07","婴幼儿照护","SC-S3-08","本人健康变化","NF-N1-04","自主/空间/自由","Ideal range / fit","N3-04","当「作息/日常节奏」进入「婴幼儿照护」的「健康/疾病/照护」，遇到「本人健康变化」时，对重视「自主/空间/自由」的人意味着什么？","constrained_mapping_v0.2","semantic_preflight"
"CC2-01933","PF-F06","作息/日常节奏","SC-S2-11","健康/疾病/照护","SC-S1-07","婴幼儿照护","SC-S3-07","父母责任变化","NF-N1-05","安全/信任/可预测","Gate / conditional","N3-02/N3-06","当「作息/日常节奏」进入「婴幼儿照护」的「健康/疾病/照护」，遇到「父母责任变化」时，对重视「安全/信任/可预测」的人意味着什么？","constrained_mapping_v0.2","semantic_preflight"
"CC2-01934","PF-F06","作息/日常节奏","SC-S2-11","健康/疾病/照护","SC-S1-07","婴幼儿照护","SC-S3-07","父母责任变化","NF-N1-02","陪伴/连接/归属","Ideal range / conditional","N3-01/N3-05","当「作息/日常节奏」进入「婴幼儿照护」的「健康/疾病/照护」，遇到「父母责任变化」时，对重视「陪伴/连接/归属」的人意味着什么？","constrained_mapping_v0.2","semantic_preflight"
"CC2-01935","PF-F06","作息/日常节奏","SC-S2-11","健康/疾病/照护","SC-S1-07","婴幼儿照护","SC-S3-07","父母责任变化","NF-N1-04","自主/空间/自由","Ideal range / fit","N3-04","当「作息/日常节奏」进入「婴幼儿照护」的「健康/疾病/照护」，遇到「父母责任变化」时，对重视「自主/空间/自由」的人意味着什么？","constrained_mapping_v0.2","semantic_preflight"
"CC2-01936","PF-F06","作息/日常节奏","SC-S2-11","健康/疾病/照护","SC-S1-10","退休/老年/长期照护","SC-S3-08","本人健康变化","NF-N1-05","安全/信任/可预测","Gate / conditional","N3-02/N3-06","当「作息/日常节奏」进入「退休/老年/长期照护」的「健康/疾病/照护」，遇到「本人健康变化」时，对重视「安全/信任/可预测」的人意味着什么？","constrained_mapping_v0.2","semantic_preflight"
"CC2-01937","PF-F06","作息/日常节奏","SC-S2-11","健康/疾病/照护","SC-S1-10","退休/老年/长期照护","SC-S3-08","本人健康变化","NF-N1-02","陪伴/连接/归属","Ideal range / conditional","N3-01/N3-05","当「作息/日常节奏」进入「退休/老年/长期照护」的「健康/疾病/照护」，遇到「本人健康变化」时，对重视「陪伴/连接/归属」的人意味着什么？","constrained_mapping_v0.2","semantic_preflight"
"CC2-01938","PF-F06","作息/日常节奏","SC-S2-11","健康/疾病/照护","SC-S1-10","退休/老年/长期照护","SC-S3-08","本人健康变化","NF-N1-04","自主/空间/自由","Ideal range / fit","N3-04","当「作息/日常节奏」进入「退休/老年/长期照护」的「健康/疾病/照护」，遇到「本人健康变化」时，对重视「自主/空间/自由」的人意味着什么？","constrained_mapping_v0.2","semantic_preflight"
"CC2-01939","PF-F06","作息/日常节奏","SC-S2-11","健康/疾病/照护","SC-S1-10","退休/老年/长期照护","SC-S3-07","父母责任变化","NF-N1-05","安全/信任/可预测","Gate / conditional","N3-02/N3-06","当「作息/日常节奏」进入「退休/老年/长期照护」的「健康/疾病/照护」，遇到「父母责任变化」时，对重视「安全/信任/可预测」的人意味着什么？","constrained_mapping_v0.2","semantic_preflight"
"CC2-01940","PF-F06","作息/日常节奏","SC-S2-11","健康/疾病/照护","SC-S1-10","退休/老年/长期照护","SC-S3-07","父母责任变化","NF-N1-02","陪伴/连接/归属","Ideal range / conditional","N3-01/N3-05","当「作息/日常节奏」进入「退休/老年/长期照护」的「健康/疾病/照护」，遇到「父母责任变化」时，对重视「陪伴/连接/归属」的人意味着什么？","constrained_mapping_v0.2","semantic_preflight"
"CC2-01941","PF-F06","作息/日常节奏","SC-S2-11","健康/疾病/照护","SC-S1-10","退休/老年/长期照护","SC-S3-07","父母责任变化","NF-N1-04","自主/空间/自由","Ideal range / fit","N3-04","当「作息/日常节奏」进入「退休/老年/长期照护」的「健康/疾病/照护」，遇到「父母责任变化」时，对重视「自主/空间/自由」的人意味着什么？","constrained_mapping_v0.2","semantic_preflight"
"CC2-01942","PF-F06","作息/日常节奏","SC-S2-05","家务/家庭劳动","SC-S1-04","同居/婚前","SC-S3-10","反复小问题累积","NF-N1-05","安全/信任/可预测","Gate / conditional","N3-02/N3-06","当「作息/日常节奏」进入「同居/婚前」的「家务/家庭劳动」，遇到「反复小问题累积」时，对重视「安全/信任/可预测」的人意味着什么？","constrained_mapping_v0.2","semantic_preflight"
"CC2-01943","PF-F06","作息/日常节奏","SC-S2-05","家务/家庭劳动","SC-S1-04","同居/婚前","SC-S3-10","反复小问题累积","NF-N1-02","陪伴/连接/归属","Ideal range / conditional","N3-01/N3-05","当「作息/日常节奏」进入「同居/婚前」的「家务/家庭劳动」，遇到「反复小问题累积」时，对重视「陪伴/连接/归属」的人意味着什么？","constrained_mapping_v0.2","semantic_preflight"
"CC2-01944","PF-F06","作息/日常节奏","SC-S2-05","家务/家庭劳动","SC-S1-04","同居/婚前","SC-S3-10","反复小问题累积","NF-N1-04","自主/空间/自由","Ideal range / fit","N3-04","当「作息/日常节奏」进入「同居/婚前」的「家务/家庭劳动」，遇到「反复小问题累积」时，对重视「自主/空间/自由」的人意味着什么？","constrained_mapping_v0.2","semantic_preflight"
"CC2-01945","PF-F06","作息/日常节奏","SC-S2-05","家务/家庭劳动","SC-S1-06","备孕/怀孕/生育","SC-S3-06","生育/育儿转折","NF-N1-05","安全/信任/可预测","Gate / conditional","N3-02/N3-06","当「作息/日常节奏」进入「备孕/怀孕/生育」的「家务/家庭劳动」，遇到「生育/育儿转折」时，对重视「安全/信任/可预测」的人意味着什么？","constrained_mapping_v0.2","semantic_preflight"
"CC2-01946","PF-F06","作息/日常节奏","SC-S2-05","家务/家庭劳动","SC-S1-06","备孕/怀孕/生育","SC-S3-06","生育/育儿转折","NF-N1-02","陪伴/连接/归属","Ideal range / conditional","N3-01/N3-05","当「作息/日常节奏」进入「备孕/怀孕/生育」的「家务/家庭劳动」，遇到「生育/育儿转折」时，对重视「陪伴/连接/归属」的人意味着什么？","constrained_mapping_v0.2","semantic_preflight"
"CC2-01947","PF-F06","作息/日常节奏","SC-S2-05","家务/家庭劳动","SC-S1-06","备孕/怀孕/生育","SC-S3-06","生育/育儿转折","NF-N1-04","自主/空间/自由","Ideal range / fit","N3-04","当「作息/日常节奏」进入「备孕/怀孕/生育」的「家务/家庭劳动」，遇到「生育/育儿转折」时，对重视「自主/空间/自由」的人意味着什么？","constrained_mapping_v0.2","semantic_preflight"
"CC2-01948","PF-F06","作息/日常节奏","SC-S2-05","家务/家庭劳动","SC-S1-06","备孕/怀孕/生育","SC-S3-10","反复小问题累积","NF-N1-05","安全/信任/可预测","Gate / conditional","N3-02/N3-06","当「作息/日常节奏」进入「备孕/怀孕/生育」的「家务/家庭劳动」，遇到「反复小问题累积」时，对重视「安全/信任/可预测」的人意味着什么？","constrained_mapping_v0.2","semantic_preflight"
"CC2-01949","PF-F06","作息/日常节奏","SC-S2-05","家务/家庭劳动","SC-S1-06","备孕/怀孕/生育","SC-S3-10","反复小问题累积","NF-N1-02","陪伴/连接/归属","Ideal range / conditional","N3-01/N3-05","当「作息/日常节奏」进入「备孕/怀孕/生育」的「家务/家庭劳动」，遇到「反复小问题累积」时，对重视「陪伴/连接/归属」的人意味着什么？","constrained_mapping_v0.2","semantic_preflight"
"CC2-01950","PF-F06","作息/日常节奏","SC-S2-05","家务/家庭劳动","SC-S1-06","备孕/怀孕/生育","SC-S3-10","反复小问题累积","NF-N1-04","自主/空间/自由","Ideal range / fit","N3-04","当「作息/日常节奏」进入「备孕/怀孕/生育」的「家务/家庭劳动」，遇到「反复小问题累积」时，对重视「自主/空间/自由」的人意味着什么？","constrained_mapping_v0.2","semantic_preflight"
"CC2-01951","PF-F06","作息/日常节奏","SC-S2-05","家务/家庭劳动","SC-S1-07","婴幼儿照护","SC-S3-06","生育/育儿转折","NF-N1-05","安全/信任/可预测","Gate / conditional","N3-02/N3-06","当「作息/日常节奏」进入「婴幼儿照护」的「家务/家庭劳动」，遇到「生育/育儿转折」时，对重视「安全/信任/可预测」的人意味着什么？","constrained_mapping_v0.2","semantic_preflight"
"CC2-01952","PF-F06","作息/日常节奏","SC-S2-05","家务/家庭劳动","SC-S1-07","婴幼儿照护","SC-S3-06","生育/育儿转折","NF-N1-02","陪伴/连接/归属","Ideal range / conditional","N3-01/N3-05","当「作息/日常节奏」进入「婴幼儿照护」的「家务/家庭劳动」，遇到「生育/育儿转折」时，对重视「陪伴/连接/归属」的人意味着什么？","constrained_mapping_v0.2","semantic_preflight"
"CC2-01953","PF-F06","作息/日常节奏","SC-S2-05","家务/家庭劳动","SC-S1-07","婴幼儿照护","SC-S3-06","生育/育儿转折","NF-N1-04","自主/空间/自由","Ideal range / fit","N3-04","当「作息/日常节奏」进入「婴幼儿照护」的「家务/家庭劳动」，遇到「生育/育儿转折」时，对重视「自主/空间/自由」的人意味着什么？","constrained_mapping_v0.2","semantic_preflight"
"CC2-01954","PF-F06","作息/日常节奏","SC-S2-05","家务/家庭劳动","SC-S1-07","婴幼儿照护","SC-S3-10","反复小问题累积","NF-N1-05","安全/信任/可预测","Gate / conditional","N3-02/N3-06","当「作息/日常节奏」进入「婴幼儿照护」的「家务/家庭劳动」，遇到「反复小问题累积」时，对重视「安全/信任/可预测」的人意味着什么？","constrained_mapping_v0.2","semantic_preflight"
"CC2-01955","PF-F06","作息/日常节奏","SC-S2-05","家务/家庭劳动","SC-S1-07","婴幼儿照护","SC-S3-10","反复小问题累积","NF-N1-02","陪伴/连接/归属","Ideal range / conditional","N3-01/N3-05","当「作息/日常节奏」进入「婴幼儿照护」的「家务/家庭劳动」，遇到「反复小问题累积」时，对重视「陪伴/连接/归属」的人意味着什么？","constrained_mapping_v0.2","semantic_preflight"
"CC2-01956","PF-F06","作息/日常节奏","SC-S2-05","家务/家庭劳动","SC-S1-07","婴幼儿照护","SC-S3-10","反复小问题累积","NF-N1-04","自主/空间/自由","Ideal range / fit","N3-04","当「作息/日常节奏」进入「婴幼儿照护」的「家务/家庭劳动」，遇到「反复小问题累积」时，对重视「自主/空间/自由」的人意味着什么？","constrained_mapping_v0.2","semantic_preflight"
"CC2-01957","PF-F06","作息/日常节奏","SC-S2-05","家务/家庭劳动","SC-S1-09","中年多重责任","SC-S3-06","生育/育儿转折","NF-N1-05","安全/信任/可预测","Gate / conditional","N3-02/N3-06","当「作息/日常节奏」进入「中年多重责任」的「家务/家庭劳动」，遇到「生育/育儿转折」时，对重视「安全/信任/可预测」的人意味着什么？","constrained_mapping_v0.2","semantic_preflight"
"CC2-01958","PF-F06","作息/日常节奏","SC-S2-05","家务/家庭劳动","SC-S1-09","中年多重责任","SC-S3-06","生育/育儿转折","NF-N1-02","陪伴/连接/归属","Ideal range / conditional","N3-01/N3-05","当「作息/日常节奏」进入「中年多重责任」的「家务/家庭劳动」，遇到「生育/育儿转折」时，对重视「陪伴/连接/归属」的人意味着什么？","constrained_mapping_v0.2","semantic_preflight"
"CC2-01959","PF-F06","作息/日常节奏","SC-S2-05","家务/家庭劳动","SC-S1-09","中年多重责任","SC-S3-06","生育/育儿转折","NF-N1-04","自主/空间/自由","Ideal range / fit","N3-04","当「作息/日常节奏」进入「中年多重责任」的「家务/家庭劳动」，遇到「生育/育儿转折」时，对重视「自主/空间/自由」的人意味着什么？","constrained_mapping_v0.2","semantic_preflight"
"CC2-01960","PF-F06","作息/日常节奏","SC-S2-05","家务/家庭劳动","SC-S1-09","中年多重责任","SC-S3-10","反复小问题累积","NF-N1-05","安全/信任/可预测","Gate / conditional","N3-02/N3-06","当「作息/日常节奏」进入「中年多重责任」的「家务/家庭劳动」，遇到「反复小问题累积」时，对重视「安全/信任/可预测」的人意味着什么？","constrained_mapping_v0.2","semantic_preflight"
"CC2-01961","PF-F06","作息/日常节奏","SC-S2-05","家务/家庭劳动","SC-S1-09","中年多重责任","SC-S3-10","反复小问题累积","NF-N1-02","陪伴/连接/归属","Ideal range / conditional","N3-01/N3-05","当「作息/日常节奏」进入「中年多重责任」的「家务/家庭劳动」，遇到「反复小问题累积」时，对重视「陪伴/连接/归属」的人意味着什么？","constrained_mapping_v0.2","semantic_preflight"
"CC2-01962","PF-F06","作息/日常节奏","SC-S2-05","家务/家庭劳动","SC-S1-09","中年多重责任","SC-S3-10","反复小问题累积","NF-N1-04","自主/空间/自由","Ideal range / fit","N3-04","当「作息/日常节奏」进入「中年多重责任」的「家务/家庭劳动」，遇到「反复小问题累积」时，对重视「自主/空间/自由」的人意味着什么？","constrained_mapping_v0.2","semantic_preflight"
"CC2-01963","PF-F07","兴趣/体验投入","SC-S2-09","兴趣/休闲/旅行","SC-S1-01","认识/相亲","SC-S3-01","工作时间突变","NF-N1-09","活力/新鲜感/有趣/共同体验","Ideal range","N3-05/N3-06","当「兴趣/体验投入」进入「认识/相亲」的「兴趣/休闲/旅行」，遇到「工作时间突变」时，对重视「活力/新鲜感/有趣/共同体验」的人意味着什么？","constrained_mapping_v0.2","semantic_preflight"
"CC2-01964","PF-F07","兴趣/体验投入","SC-S2-09","兴趣/休闲/旅行","SC-S1-01","认识/相亲","SC-S3-01","工作时间突变","NF-N1-04","自主/空间/自由","Ideal range / fit","N3-04","当「兴趣/体验投入」进入「认识/相亲」的「兴趣/休闲/旅行」，遇到「工作时间突变」时，对重视「自主/空间/自由」的人意味着什么？","constrained_mapping_v0.2","semantic_preflight"
"CC2-01965","PF-F07","兴趣/体验投入","SC-S2-09","兴趣/休闲/旅行","SC-S1-01","认识/相亲","SC-S3-01","工作时间突变","NF-N1-02","陪伴/连接/归属","Ideal range / conditional","N3-01/N3-05","当「兴趣/体验投入」进入「认识/相亲」的「兴趣/休闲/旅行」，遇到「工作时间突变」时，对重视「陪伴/连接/归属」的人意味着什么？","constrained_mapping_v0.2","semantic_preflight"
"CC2-01966","PF-F07","兴趣/体验投入","SC-S2-09","兴趣/休闲/旅行","SC-S1-03","稳定交往","SC-S3-01","工作时间突变","NF-N1-09","活力/新鲜感/有趣/共同体验","Ideal range","N3-05/N3-06","当「兴趣/体验投入」进入「稳定交往」的「兴趣/休闲/旅行」，遇到「工作时间突变」时，对重视「活力/新鲜感/有趣/共同体验」的人意味着什么？","constrained_mapping_v0.2","semantic_preflight"
"CC2-01967","PF-F07","兴趣/体验投入","SC-S2-09","兴趣/休闲/旅行","SC-S1-03","稳定交往","SC-S3-01","工作时间突变","NF-N1-04","自主/空间/自由","Ideal range / fit","N3-04","当「兴趣/体验投入」进入「稳定交往」的「兴趣/休闲/旅行」，遇到「工作时间突变」时，对重视「自主/空间/自由」的人意味着什么？","constrained_mapping_v0.2","semantic_preflight"
"CC2-01968","PF-F07","兴趣/体验投入","SC-S2-09","兴趣/休闲/旅行","SC-S1-03","稳定交往","SC-S3-01","工作时间突变","NF-N1-02","陪伴/连接/归属","Ideal range / conditional","N3-01/N3-05","当「兴趣/体验投入」进入「稳定交往」的「兴趣/休闲/旅行」，遇到「工作时间突变」时，对重视「陪伴/连接/归属」的人意味着什么？","constrained_mapping_v0.2","semantic_preflight"
"CC2-01969","PF-F07","兴趣/体验投入","SC-S2-09","兴趣/休闲/旅行","SC-S1-03","稳定交往","SC-S3-10","反复小问题累积","NF-N1-09","活力/新鲜感/有趣/共同体验","Ideal range","N3-05/N3-06","当「兴趣/体验投入」进入「稳定交往」的「兴趣/休闲/旅行」，遇到「反复小问题累积」时，对重视「活力/新鲜感/有趣/共同体验」的人意味着什么？","constrained_mapping_v0.2","semantic_preflight"
"CC2-01970","PF-F07","兴趣/体验投入","SC-S2-09","兴趣/休闲/旅行","SC-S1-03","稳定交往","SC-S3-10","反复小问题累积","NF-N1-04","自主/空间/自由","Ideal range / fit","N3-04","当「兴趣/体验投入」进入「稳定交往」的「兴趣/休闲/旅行」，遇到「反复小问题累积」时，对重视「自主/空间/自由」的人意味着什么？","constrained_mapping_v0.2","semantic_preflight"
"CC2-01971","PF-F07","兴趣/体验投入","SC-S2-09","兴趣/休闲/旅行","SC-S1-03","稳定交往","SC-S3-10","反复小问题累积","NF-N1-02","陪伴/连接/归属","Ideal range / conditional","N3-01/N3-05","当「兴趣/体验投入」进入「稳定交往」的「兴趣/休闲/旅行」，遇到「反复小问题累积」时，对重视「陪伴/连接/归属」的人意味着什么？","constrained_mapping_v0.2","semantic_preflight"
"CC2-01972","PF-F07","兴趣/体验投入","SC-S2-09","兴趣/休闲/旅行","SC-S1-07","婴幼儿照护","SC-S3-01","工作时间突变","NF-N1-09","活力/新鲜感/有趣/共同体验","Ideal range","N3-05/N3-06","当「兴趣/体验投入」进入「婴幼儿照护」的「兴趣/休闲/旅行」，遇到「工作时间突变」时，对重视「活力/新鲜感/有趣/共同体验」的人意味着什么？","constrained_mapping_v0.2","semantic_preflight"
"CC2-01973","PF-F07","兴趣/体验投入","SC-S2-09","兴趣/休闲/旅行","SC-S1-07","婴幼儿照护","SC-S3-01","工作时间突变","NF-N1-04","自主/空间/自由","Ideal range / fit","N3-04","当「兴趣/体验投入」进入「婴幼儿照护」的「兴趣/休闲/旅行」，遇到「工作时间突变」时，对重视「自主/空间/自由」的人意味着什么？","constrained_mapping_v0.2","semantic_preflight"
"CC2-01974","PF-F07","兴趣/体验投入","SC-S2-09","兴趣/休闲/旅行","SC-S1-07","婴幼儿照护","SC-S3-01","工作时间突变","NF-N1-02","陪伴/连接/归属","Ideal range / conditional","N3-01/N3-05","当「兴趣/体验投入」进入「婴幼儿照护」的「兴趣/休闲/旅行」，遇到「工作时间突变」时，对重视「陪伴/连接/归属」的人意味着什么？","constrained_mapping_v0.2","semantic_preflight"
"CC2-01975","PF-F07","兴趣/体验投入","SC-S2-09","兴趣/休闲/旅行","SC-S1-07","婴幼儿照护","SC-S3-10","反复小问题累积","NF-N1-09","活力/新鲜感/有趣/共同体验","Ideal range","N3-05/N3-06","当「兴趣/体验投入」进入「婴幼儿照护」的「兴趣/休闲/旅行」，遇到「反复小问题累积」时，对重视「活力/新鲜感/有趣/共同体验」的人意味着什么？","constrained_mapping_v0.2","semantic_preflight"
"CC2-01976","PF-F07","兴趣/体验投入","SC-S2-09","兴趣/休闲/旅行","SC-S1-07","婴幼儿照护","SC-S3-10","反复小问题累积","NF-N1-04","自主/空间/自由","Ideal range / fit","N3-04","当「兴趣/体验投入」进入「婴幼儿照护」的「兴趣/休闲/旅行」，遇到「反复小问题累积」时，对重视「自主/空间/自由」的人意味着什么？","constrained_mapping_v0.2","semantic_preflight"
"CC2-01977","PF-F07","兴趣/体验投入","SC-S2-09","兴趣/休闲/旅行","SC-S1-07","婴幼儿照护","SC-S3-10","反复小问题累积","NF-N1-02","陪伴/连接/归属","Ideal range / conditional","N3-01/N3-05","当「兴趣/体验投入」进入「婴幼儿照护」的「兴趣/休闲/旅行」，遇到「反复小问题累积」时，对重视「陪伴/连接/归属」的人意味着什么？","constrained_mapping_v0.2","semantic_preflight"
"CC2-01978","PF-F07","兴趣/体验投入","SC-S2-08","社交/朋友/个人空间","SC-S1-01","认识/相亲","SC-S3-09","社交/边界事件","NF-N1-09","活力/新鲜感/有趣/共同体验","Ideal range","N3-05/N3-06","当「兴趣/体验投入」进入「认识/相亲」的「社交/朋友/个人空间」，遇到「社交/边界事件」时，对重视「活力/新鲜感/有趣/共同体验」的人意味着什么？","constrained_mapping_v0.2","semantic_preflight"
"CC2-01979","PF-F07","兴趣/体验投入","SC-S2-08","社交/朋友/个人空间","SC-S1-01","认识/相亲","SC-S3-09","社交/边界事件","NF-N1-04","自主/空间/自由","Ideal range / fit","N3-04","当「兴趣/体验投入」进入「认识/相亲」的「社交/朋友/个人空间」，遇到「社交/边界事件」时，对重视「自主/空间/自由」的人意味着什么？","constrained_mapping_v0.2","semantic_preflight"
"CC2-01980","PF-F07","兴趣/体验投入","SC-S2-08","社交/朋友/个人空间","SC-S1-01","认识/相亲","SC-S3-09","社交/边界事件","NF-N1-02","陪伴/连接/归属","Ideal range / conditional","N3-01/N3-05","当「兴趣/体验投入」进入「认识/相亲」的「社交/朋友/个人空间」，遇到「社交/边界事件」时，对重视「陪伴/连接/归属」的人意味着什么？","constrained_mapping_v0.2","semantic_preflight"
"CC2-01981","PF-F07","兴趣/体验投入","SC-S2-08","社交/朋友/个人空间","SC-S1-03","稳定交往","SC-S3-09","社交/边界事件","NF-N1-09","活力/新鲜感/有趣/共同体验","Ideal range","N3-05/N3-06","当「兴趣/体验投入」进入「稳定交往」的「社交/朋友/个人空间」，遇到「社交/边界事件」时，对重视「活力/新鲜感/有趣/共同体验」的人意味着什么？","constrained_mapping_v0.2","semantic_preflight"
"CC2-01982","PF-F07","兴趣/体验投入","SC-S2-08","社交/朋友/个人空间","SC-S1-03","稳定交往","SC-S3-09","社交/边界事件","NF-N1-04","自主/空间/自由","Ideal range / fit","N3-04","当「兴趣/体验投入」进入「稳定交往」的「社交/朋友/个人空间」，遇到「社交/边界事件」时，对重视「自主/空间/自由」的人意味着什么？","constrained_mapping_v0.2","semantic_preflight"
"CC2-01983","PF-F07","兴趣/体验投入","SC-S2-08","社交/朋友/个人空间","SC-S1-03","稳定交往","SC-S3-09","社交/边界事件","NF-N1-02","陪伴/连接/归属","Ideal range / conditional","N3-01/N3-05","当「兴趣/体验投入」进入「稳定交往」的「社交/朋友/个人空间」，遇到「社交/边界事件」时，对重视「陪伴/连接/归属」的人意味着什么？","constrained_mapping_v0.2","semantic_preflight"
"CC2-01984","PF-F07","兴趣/体验投入","SC-S2-08","社交/朋友/个人空间","SC-S1-03","稳定交往","SC-S3-10","反复小问题累积","NF-N1-09","活力/新鲜感/有趣/共同体验","Ideal range","N3-05/N3-06","当「兴趣/体验投入」进入「稳定交往」的「社交/朋友/个人空间」，遇到「反复小问题累积」时，对重视「活力/新鲜感/有趣/共同体验」的人意味着什么？","constrained_mapping_v0.2","semantic_preflight"
"CC2-01985","PF-F07","兴趣/体验投入","SC-S2-08","社交/朋友/个人空间","SC-S1-03","稳定交往","SC-S3-10","反复小问题累积","NF-N1-04","自主/空间/自由","Ideal range / fit","N3-04","当「兴趣/体验投入」进入「稳定交往」的「社交/朋友/个人空间」，遇到「反复小问题累积」时，对重视「自主/空间/自由」的人意味着什么？","constrained_mapping_v0.2","semantic_preflight"
"CC2-01986","PF-F07","兴趣/体验投入","SC-S2-08","社交/朋友/个人空间","SC-S1-03","稳定交往","SC-S3-10","反复小问题累积","NF-N1-02","陪伴/连接/归属","Ideal range / conditional","N3-01/N3-05","当「兴趣/体验投入」进入「稳定交往」的「社交/朋友/个人空间」，遇到「反复小问题累积」时，对重视「陪伴/连接/归属」的人意味着什么？","constrained_mapping_v0.2","semantic_preflight"
"CC2-01987","PF-F07","兴趣/体验投入","SC-S2-08","社交/朋友/个人空间","SC-S1-05","结婚/建立家庭","SC-S3-09","社交/边界事件","NF-N1-09","活力/新鲜感/有趣/共同体验","Ideal range","N3-05/N3-06","当「兴趣/体验投入」进入「结婚/建立家庭」的「社交/朋友/个人空间」，遇到「社交/边界事件」时，对重视「活力/新鲜感/有趣/共同体验」的人意味着什么？","constrained_mapping_v0.2","semantic_preflight"
"CC2-01988","PF-F07","兴趣/体验投入","SC-S2-08","社交/朋友/个人空间","SC-S1-05","结婚/建立家庭","SC-S3-09","社交/边界事件","NF-N1-04","自主/空间/自由","Ideal range / fit","N3-04","当「兴趣/体验投入」进入「结婚/建立家庭」的「社交/朋友/个人空间」，遇到「社交/边界事件」时，对重视「自主/空间/自由」的人意味着什么？","constrained_mapping_v0.2","semantic_preflight"
"CC2-01989","PF-F07","兴趣/体验投入","SC-S2-08","社交/朋友/个人空间","SC-S1-05","结婚/建立家庭","SC-S3-09","社交/边界事件","NF-N1-02","陪伴/连接/归属","Ideal range / conditional","N3-01/N3-05","当「兴趣/体验投入」进入「结婚/建立家庭」的「社交/朋友/个人空间」，遇到「社交/边界事件」时，对重视「陪伴/连接/归属」的人意味着什么？","constrained_mapping_v0.2","semantic_preflight"
"CC2-01990","PF-F07","兴趣/体验投入","SC-S2-08","社交/朋友/个人空间","SC-S1-05","结婚/建立家庭","SC-S3-10","反复小问题累积","NF-N1-09","活力/新鲜感/有趣/共同体验","Ideal range","N3-05/N3-06","当「兴趣/体验投入」进入「结婚/建立家庭」的「社交/朋友/个人空间」，遇到「反复小问题累积」时，对重视「活力/新鲜感/有趣/共同体验」的人意味着什么？","constrained_mapping_v0.2","semantic_preflight"
"CC2-01991","PF-F07","兴趣/体验投入","SC-S2-08","社交/朋友/个人空间","SC-S1-05","结婚/建立家庭","SC-S3-10","反复小问题累积","NF-N1-04","自主/空间/自由","Ideal range / fit","N3-04","当「兴趣/体验投入」进入「结婚/建立家庭」的「社交/朋友/个人空间」，遇到「反复小问题累积」时，对重视「自主/空间/自由」的人意味着什么？","constrained_mapping_v0.2","semantic_preflight"
"CC2-01992","PF-F07","兴趣/体验投入","SC-S2-08","社交/朋友/个人空间","SC-S1-05","结婚/建立家庭","SC-S3-10","反复小问题累积","NF-N1-02","陪伴/连接/归属","Ideal range / conditional","N3-01/N3-05","当「兴趣/体验投入」进入「结婚/建立家庭」的「社交/朋友/个人空间」，遇到「反复小问题累积」时，对重视「陪伴/连接/归属」的人意味着什么？","constrained_mapping_v0.2","semantic_preflight"
"CC2-01993","PF-F07","兴趣/体验投入","SC-S2-01","日常作息与生活管理","SC-S1-02","恋爱/磨合","SC-S3-01","工作时间突变","NF-N1-09","活力/新鲜感/有趣/共同体验","Ideal range","N3-05/N3-06","当「兴趣/体验投入」进入「恋爱/磨合」的「日常作息与生活管理」，遇到「工作时间突变」时，对重视「活力/新鲜感/有趣/共同体验」的人意味着什么？","constrained_mapping_v0.2","semantic_preflight"
"CC2-01994","PF-F07","兴趣/体验投入","SC-S2-01","日常作息与生活管理","SC-S1-02","恋爱/磨合","SC-S3-01","工作时间突变","NF-N1-04","自主/空间/自由","Ideal range / fit","N3-04","当「兴趣/体验投入」进入「恋爱/磨合」的「日常作息与生活管理」，遇到「工作时间突变」时，对重视「自主/空间/自由」的人意味着什么？","constrained_mapping_v0.2","semantic_preflight"
"CC2-01995","PF-F07","兴趣/体验投入","SC-S2-01","日常作息与生活管理","SC-S1-02","恋爱/磨合","SC-S3-01","工作时间突变","NF-N1-02","陪伴/连接/归属","Ideal range / conditional","N3-01/N3-05","当「兴趣/体验投入」进入「恋爱/磨合」的「日常作息与生活管理」，遇到「工作时间突变」时，对重视「陪伴/连接/归属」的人意味着什么？","constrained_mapping_v0.2","semantic_preflight"
"CC2-01996","PF-F07","兴趣/体验投入","SC-S2-01","日常作息与生活管理","SC-S1-02","恋爱/磨合","SC-S3-10","反复小问题累积","NF-N1-09","活力/新鲜感/有趣/共同体验","Ideal range","N3-05/N3-06","当「兴趣/体验投入」进入「恋爱/磨合」的「日常作息与生活管理」，遇到「反复小问题累积」时，对重视「活力/新鲜感/有趣/共同体验」的人意味着什么？","constrained_mapping_v0.2","semantic_preflight"
"CC2-01997","PF-F07","兴趣/体验投入","SC-S2-01","日常作息与生活管理","SC-S1-02","恋爱/磨合","SC-S3-10","反复小问题累积","NF-N1-04","自主/空间/自由","Ideal range / fit","N3-04","当「兴趣/体验投入」进入「恋爱/磨合」的「日常作息与生活管理」，遇到「反复小问题累积」时，对重视「自主/空间/自由」的人意味着什么？","constrained_mapping_v0.2","semantic_preflight"
"CC2-01998","PF-F07","兴趣/体验投入","SC-S2-01","日常作息与生活管理","SC-S1-02","恋爱/磨合","SC-S3-10","反复小问题累积","NF-N1-02","陪伴/连接/归属","Ideal range / conditional","N3-01/N3-05","当「兴趣/体验投入」进入「恋爱/磨合」的「日常作息与生活管理」，遇到「反复小问题累积」时，对重视「陪伴/连接/归属」的人意味着什么？","constrained_mapping_v0.2","semantic_preflight"
"CC2-01999","PF-F07","兴趣/体验投入","SC-S2-01","日常作息与生活管理","SC-S1-04","同居/婚前","SC-S3-01","工作时间突变","NF-N1-09","活力/新鲜感/有趣/共同体验","Ideal range","N3-05/N3-06","当「兴趣/体验投入」进入「同居/婚前」的「日常作息与生活管理」，遇到「工作时间突变」时，对重视「活力/新鲜感/有趣/共同体验」的人意味着什么？","constrained_mapping_v0.2","semantic_preflight"
"CC2-02000","PF-F07","兴趣/体验投入","SC-S2-01","日常作息与生活管理","SC-S1-04","同居/婚前","SC-S3-01","工作时间突变","NF-N1-04","自主/空间/自由","Ideal range / fit","N3-04","当「兴趣/体验投入」进入「同居/婚前」的「日常作息与生活管理」，遇到「工作时间突变」时，对重视「自主/空间/自由」的人意味着什么？","constrained_mapping_v0.2","semantic_preflight"
"CC2-02001","PF-F07","兴趣/体验投入","SC-S2-01","日常作息与生活管理","SC-S1-04","同居/婚前","SC-S3-01","工作时间突变","NF-N1-02","陪伴/连接/归属","Ideal range / conditional","N3-01/N3-05","当「兴趣/体验投入」进入「同居/婚前」的「日常作息与生活管理」，遇到「工作时间突变」时，对重视「陪伴/连接/归属」的人意味着什么？","constrained_mapping_v0.2","semantic_preflight"
"CC2-02002","PF-F07","兴趣/体验投入","SC-S2-01","日常作息与生活管理","SC-S1-04","同居/婚前","SC-S3-10","反复小问题累积","NF-N1-09","活力/新鲜感/有趣/共同体验","Ideal range","N3-05/N3-06","当「兴趣/体验投入」进入「同居/婚前」的「日常作息与生活管理」，遇到「反复小问题累积」时，对重视「活力/新鲜感/有趣/共同体验」的人意味着什么？","constrained_mapping_v0.2","semantic_preflight"
"CC2-02003","PF-F07","兴趣/体验投入","SC-S2-01","日常作息与生活管理","SC-S1-04","同居/婚前","SC-S3-10","反复小问题累积","NF-N1-04","自主/空间/自由","Ideal range / fit","N3-04","当「兴趣/体验投入」进入「同居/婚前」的「日常作息与生活管理」，遇到「反复小问题累积」时，对重视「自主/空间/自由」的人意味着什么？","constrained_mapping_v0.2","semantic_preflight"
"CC2-02004","PF-F07","兴趣/体验投入","SC-S2-01","日常作息与生活管理","SC-S1-04","同居/婚前","SC-S3-10","反复小问题累积","NF-N1-02","陪伴/连接/归属","Ideal range / conditional","N3-01/N3-05","当「兴趣/体验投入」进入「同居/婚前」的「日常作息与生活管理」，遇到「反复小问题累积」时，对重视「陪伴/连接/归属」的人意味着什么？","constrained_mapping_v0.2","semantic_preflight"
"CC2-02005","PF-F07","兴趣/体验投入","SC-S2-01","日常作息与生活管理","SC-S1-07","婴幼儿照护","SC-S3-01","工作时间突变","NF-N1-09","活力/新鲜感/有趣/共同体验","Ideal range","N3-05/N3-06","当「兴趣/体验投入」进入「婴幼儿照护」的「日常作息与生活管理」，遇到「工作时间突变」时，对重视「活力/新鲜感/有趣/共同体验」的人意味着什么？","constrained_mapping_v0.2","semantic_preflight"
"CC2-02006","PF-F07","兴趣/体验投入","SC-S2-01","日常作息与生活管理","SC-S1-07","婴幼儿照护","SC-S3-01","工作时间突变","NF-N1-04","自主/空间/自由","Ideal range / fit","N3-04","当「兴趣/体验投入」进入「婴幼儿照护」的「日常作息与生活管理」，遇到「工作时间突变」时，对重视「自主/空间/自由」的人意味着什么？","constrained_mapping_v0.2","semantic_preflight"
"CC2-02007","PF-F07","兴趣/体验投入","SC-S2-01","日常作息与生活管理","SC-S1-07","婴幼儿照护","SC-S3-01","工作时间突变","NF-N1-02","陪伴/连接/归属","Ideal range / conditional","N3-01/N3-05","当「兴趣/体验投入」进入「婴幼儿照护」的「日常作息与生活管理」，遇到「工作时间突变」时，对重视「陪伴/连接/归属」的人意味着什么？","constrained_mapping_v0.2","semantic_preflight"
"CC2-02008","PF-F07","兴趣/体验投入","SC-S2-01","日常作息与生活管理","SC-S1-07","婴幼儿照护","SC-S3-10","反复小问题累积","NF-N1-09","活力/新鲜感/有趣/共同体验","Ideal range","N3-05/N3-06","当「兴趣/体验投入」进入「婴幼儿照护」的「日常作息与生活管理」，遇到「反复小问题累积」时，对重视「活力/新鲜感/有趣/共同体验」的人意味着什么？","constrained_mapping_v0.2","semantic_preflight"
"CC2-02009","PF-F07","兴趣/体验投入","SC-S2-01","日常作息与生活管理","SC-S1-07","婴幼儿照护","SC-S3-10","反复小问题累积","NF-N1-04","自主/空间/自由","Ideal range / fit","N3-04","当「兴趣/体验投入」进入「婴幼儿照护」的「日常作息与生活管理」，遇到「反复小问题累积」时，对重视「自主/空间/自由」的人意味着什么？","constrained_mapping_v0.2","semantic_preflight"
"CC2-02010","PF-F07","兴趣/体验投入","SC-S2-01","日常作息与生活管理","SC-S1-07","婴幼儿照护","SC-S3-10","反复小问题累积","NF-N1-02","陪伴/连接/归属","Ideal range / conditional","N3-01/N3-05","当「兴趣/体验投入」进入「婴幼儿照护」的「日常作息与生活管理」，遇到「反复小问题累积」时，对重视「陪伴/连接/归属」的人意味着什么？","constrained_mapping_v0.2","semantic_preflight"
"CC2-02011","PF-F08","计划性/可预测性","SC-S2-01","日常作息与生活管理","SC-S1-02","恋爱/磨合","SC-S3-01","工作时间突变","NF-N1-05","安全/信任/可预测","Gate / conditional","N3-02/N3-06","当「计划性/可预测性」进入「恋爱/磨合」的「日常作息与生活管理」，遇到「工作时间突变」时，对重视「安全/信任/可预测」的人意味着什么？","constrained_mapping_v0.2","semantic_preflight"
"CC2-02012","PF-F08","计划性/可预测性","SC-S2-01","日常作息与生活管理","SC-S1-02","恋爱/磨合","SC-S3-01","工作时间突变","NF-N1-04","自主/空间/自由","Ideal range / fit","N3-04","当「计划性/可预测性」进入「恋爱/磨合」的「日常作息与生活管理」，遇到「工作时间突变」时，对重视「自主/空间/自由」的人意味着什么？","constrained_mapping_v0.2","semantic_preflight"
"CC2-02013","PF-F08","计划性/可预测性","SC-S2-01","日常作息与生活管理","SC-S1-02","恋爱/磨合","SC-S3-01","工作时间突变","NF-N1-02","陪伴/连接/归属","Ideal range / conditional","N3-01/N3-05","当「计划性/可预测性」进入「恋爱/磨合」的「日常作息与生活管理」，遇到「工作时间突变」时，对重视「陪伴/连接/归属」的人意味着什么？","constrained_mapping_v0.2","semantic_preflight"
"CC2-02014","PF-F08","计划性/可预测性","SC-S2-01","日常作息与生活管理","SC-S1-02","恋爱/磨合","SC-S3-10","反复小问题累积","NF-N1-05","安全/信任/可预测","Gate / conditional","N3-02/N3-06","当「计划性/可预测性」进入「恋爱/磨合」的「日常作息与生活管理」，遇到「反复小问题累积」时，对重视「安全/信任/可预测」的人意味着什么？","constrained_mapping_v0.2","semantic_preflight"
"CC2-02015","PF-F08","计划性/可预测性","SC-S2-01","日常作息与生活管理","SC-S1-02","恋爱/磨合","SC-S3-10","反复小问题累积","NF-N1-04","自主/空间/自由","Ideal range / fit","N3-04","当「计划性/可预测性」进入「恋爱/磨合」的「日常作息与生活管理」，遇到「反复小问题累积」时，对重视「自主/空间/自由」的人意味着什么？","constrained_mapping_v0.2","semantic_preflight"
"CC2-02016","PF-F08","计划性/可预测性","SC-S2-01","日常作息与生活管理","SC-S1-02","恋爱/磨合","SC-S3-10","反复小问题累积","NF-N1-02","陪伴/连接/归属","Ideal range / conditional","N3-01/N3-05","当「计划性/可预测性」进入「恋爱/磨合」的「日常作息与生活管理」，遇到「反复小问题累积」时，对重视「陪伴/连接/归属」的人意味着什么？","constrained_mapping_v0.2","semantic_preflight"
"CC2-02017","PF-F08","计划性/可预测性","SC-S2-01","日常作息与生活管理","SC-S1-04","同居/婚前","SC-S3-01","工作时间突变","NF-N1-05","安全/信任/可预测","Gate / conditional","N3-02/N3-06","当「计划性/可预测性」进入「同居/婚前」的「日常作息与生活管理」，遇到「工作时间突变」时，对重视「安全/信任/可预测」的人意味着什么？","constrained_mapping_v0.2","semantic_preflight"
"CC2-02018","PF-F08","计划性/可预测性","SC-S2-01","日常作息与生活管理","SC-S1-04","同居/婚前","SC-S3-01","工作时间突变","NF-N1-04","自主/空间/自由","Ideal range / fit","N3-04","当「计划性/可预测性」进入「同居/婚前」的「日常作息与生活管理」，遇到「工作时间突变」时，对重视「自主/空间/自由」的人意味着什么？","constrained_mapping_v0.2","semantic_preflight"
"CC2-02019","PF-F08","计划性/可预测性","SC-S2-01","日常作息与生活管理","SC-S1-04","同居/婚前","SC-S3-01","工作时间突变","NF-N1-02","陪伴/连接/归属","Ideal range / conditional","N3-01/N3-05","当「计划性/可预测性」进入「同居/婚前」的「日常作息与生活管理」，遇到「工作时间突变」时，对重视「陪伴/连接/归属」的人意味着什么？","constrained_mapping_v0.2","semantic_preflight"
"CC2-02020","PF-F08","计划性/可预测性","SC-S2-01","日常作息与生活管理","SC-S1-04","同居/婚前","SC-S3-10","反复小问题累积","NF-N1-05","安全/信任/可预测","Gate / conditional","N3-02/N3-06","当「计划性/可预测性」进入「同居/婚前」的「日常作息与生活管理」，遇到「反复小问题累积」时，对重视「安全/信任/可预测」的人意味着什么？","constrained_mapping_v0.2","semantic_preflight"
"CC2-02021","PF-F08","计划性/可预测性","SC-S2-01","日常作息与生活管理","SC-S1-04","同居/婚前","SC-S3-10","反复小问题累积","NF-N1-04","自主/空间/自由","Ideal range / fit","N3-04","当「计划性/可预测性」进入「同居/婚前」的「日常作息与生活管理」，遇到「反复小问题累积」时，对重视「自主/空间/自由」的人意味着什么？","constrained_mapping_v0.2","semantic_preflight"
"CC2-02022","PF-F08","计划性/可预测性","SC-S2-01","日常作息与生活管理","SC-S1-04","同居/婚前","SC-S3-10","反复小问题累积","NF-N1-02","陪伴/连接/归属","Ideal range / conditional","N3-01/N3-05","当「计划性/可预测性」进入「同居/婚前」的「日常作息与生活管理」，遇到「反复小问题累积」时，对重视「陪伴/连接/归属」的人意味着什么？","constrained_mapping_v0.2","semantic_preflight"
"CC2-02023","PF-F08","计划性/可预测性","SC-S2-01","日常作息与生活管理","SC-S1-07","婴幼儿照护","SC-S3-01","工作时间突变","NF-N1-05","安全/信任/可预测","Gate / conditional","N3-02/N3-06","当「计划性/可预测性」进入「婴幼儿照护」的「日常作息与生活管理」，遇到「工作时间突变」时，对重视「安全/信任/可预测」的人意味着什么？","constrained_mapping_v0.2","semantic_preflight"
"CC2-02024","PF-F08","计划性/可预测性","SC-S2-01","日常作息与生活管理","SC-S1-07","婴幼儿照护","SC-S3-01","工作时间突变","NF-N1-04","自主/空间/自由","Ideal range / fit","N3-04","当「计划性/可预测性」进入「婴幼儿照护」的「日常作息与生活管理」，遇到「工作时间突变」时，对重视「自主/空间/自由」的人意味着什么？","constrained_mapping_v0.2","semantic_preflight"
"CC2-02025","PF-F08","计划性/可预测性","SC-S2-01","日常作息与生活管理","SC-S1-07","婴幼儿照护","SC-S3-01","工作时间突变","NF-N1-02","陪伴/连接/归属","Ideal range / conditional","N3-01/N3-05","当「计划性/可预测性」进入「婴幼儿照护」的「日常作息与生活管理」，遇到「工作时间突变」时，对重视「陪伴/连接/归属」的人意味着什么？","constrained_mapping_v0.2","semantic_preflight"
"CC2-02026","PF-F08","计划性/可预测性","SC-S2-01","日常作息与生活管理","SC-S1-07","婴幼儿照护","SC-S3-10","反复小问题累积","NF-N1-05","安全/信任/可预测","Gate / conditional","N3-02/N3-06","当「计划性/可预测性」进入「婴幼儿照护」的「日常作息与生活管理」，遇到「反复小问题累积」时，对重视「安全/信任/可预测」的人意味着什么？","constrained_mapping_v0.2","semantic_preflight"
"CC2-02027","PF-F08","计划性/可预测性","SC-S2-01","日常作息与生活管理","SC-S1-07","婴幼儿照护","SC-S3-10","反复小问题累积","NF-N1-04","自主/空间/自由","Ideal range / fit","N3-04","当「计划性/可预测性」进入「婴幼儿照护」的「日常作息与生活管理」，遇到「反复小问题累积」时，对重视「自主/空间/自由」的人意味着什么？","constrained_mapping_v0.2","semantic_preflight"
"CC2-02028","PF-F08","计划性/可预测性","SC-S2-01","日常作息与生活管理","SC-S1-07","婴幼儿照护","SC-S3-10","反复小问题累积","NF-N1-02","陪伴/连接/归属","Ideal range / conditional","N3-01/N3-05","当「计划性/可预测性」进入「婴幼儿照护」的「日常作息与生活管理」，遇到「反复小问题累积」时，对重视「陪伴/连接/归属」的人意味着什么？","constrained_mapping_v0.2","semantic_preflight"
"CC2-02029","PF-F08","计划性/可预测性","SC-S2-09","兴趣/休闲/旅行","SC-S1-01","认识/相亲","SC-S3-01","工作时间突变","NF-N1-05","安全/信任/可预测","Gate / conditional","N3-02/N3-06","当「计划性/可预测性」进入「认识/相亲」的「兴趣/休闲/旅行」，遇到「工作时间突变」时，对重视「安全/信任/可预测」的人意味着什么？","constrained_mapping_v0.2","semantic_preflight"
"CC2-02030","PF-F08","计划性/可预测性","SC-S2-09","兴趣/休闲/旅行","SC-S1-01","认识/相亲","SC-S3-01","工作时间突变","NF-N1-04","自主/空间/自由","Ideal range / fit","N3-04","当「计划性/可预测性」进入「认识/相亲」的「兴趣/休闲/旅行」，遇到「工作时间突变」时，对重视「自主/空间/自由」的人意味着什么？","constrained_mapping_v0.2","semantic_preflight"
"CC2-02031","PF-F08","计划性/可预测性","SC-S2-09","兴趣/休闲/旅行","SC-S1-01","认识/相亲","SC-S3-01","工作时间突变","NF-N1-02","陪伴/连接/归属","Ideal range / conditional","N3-01/N3-05","当「计划性/可预测性」进入「认识/相亲」的「兴趣/休闲/旅行」，遇到「工作时间突变」时，对重视「陪伴/连接/归属」的人意味着什么？","constrained_mapping_v0.2","semantic_preflight"
"CC2-02032","PF-F08","计划性/可预测性","SC-S2-09","兴趣/休闲/旅行","SC-S1-03","稳定交往","SC-S3-01","工作时间突变","NF-N1-05","安全/信任/可预测","Gate / conditional","N3-02/N3-06","当「计划性/可预测性」进入「稳定交往」的「兴趣/休闲/旅行」，遇到「工作时间突变」时，对重视「安全/信任/可预测」的人意味着什么？","constrained_mapping_v0.2","semantic_preflight"
"CC2-02033","PF-F08","计划性/可预测性","SC-S2-09","兴趣/休闲/旅行","SC-S1-03","稳定交往","SC-S3-01","工作时间突变","NF-N1-04","自主/空间/自由","Ideal range / fit","N3-04","当「计划性/可预测性」进入「稳定交往」的「兴趣/休闲/旅行」，遇到「工作时间突变」时，对重视「自主/空间/自由」的人意味着什么？","constrained_mapping_v0.2","semantic_preflight"
"CC2-02034","PF-F08","计划性/可预测性","SC-S2-09","兴趣/休闲/旅行","SC-S1-03","稳定交往","SC-S3-01","工作时间突变","NF-N1-02","陪伴/连接/归属","Ideal range / conditional","N3-01/N3-05","当「计划性/可预测性」进入「稳定交往」的「兴趣/休闲/旅行」，遇到「工作时间突变」时，对重视「陪伴/连接/归属」的人意味着什么？","constrained_mapping_v0.2","semantic_preflight"
"CC2-02035","PF-F08","计划性/可预测性","SC-S2-09","兴趣/休闲/旅行","SC-S1-03","稳定交往","SC-S3-10","反复小问题累积","NF-N1-05","安全/信任/可预测","Gate / conditional","N3-02/N3-06","当「计划性/可预测性」进入「稳定交往」的「兴趣/休闲/旅行」，遇到「反复小问题累积」时，对重视「安全/信任/可预测」的人意味着什么？","constrained_mapping_v0.2","semantic_preflight"
"CC2-02036","PF-F08","计划性/可预测性","SC-S2-09","兴趣/休闲/旅行","SC-S1-03","稳定交往","SC-S3-10","反复小问题累积","NF-N1-04","自主/空间/自由","Ideal range / fit","N3-04","当「计划性/可预测性」进入「稳定交往」的「兴趣/休闲/旅行」，遇到「反复小问题累积」时，对重视「自主/空间/自由」的人意味着什么？","constrained_mapping_v0.2","semantic_preflight"
"CC2-02037","PF-F08","计划性/可预测性","SC-S2-09","兴趣/休闲/旅行","SC-S1-03","稳定交往","SC-S3-10","反复小问题累积","NF-N1-02","陪伴/连接/归属","Ideal range / conditional","N3-01/N3-05","当「计划性/可预测性」进入「稳定交往」的「兴趣/休闲/旅行」，遇到「反复小问题累积」时，对重视「陪伴/连接/归属」的人意味着什么？","constrained_mapping_v0.2","semantic_preflight"
"CC2-02038","PF-F08","计划性/可预测性","SC-S2-09","兴趣/休闲/旅行","SC-S1-07","婴幼儿照护","SC-S3-01","工作时间突变","NF-N1-05","安全/信任/可预测","Gate / conditional","N3-02/N3-06","当「计划性/可预测性」进入「婴幼儿照护」的「兴趣/休闲/旅行」，遇到「工作时间突变」时，对重视「安全/信任/可预测」的人意味着什么？","constrained_mapping_v0.2","semantic_preflight"
"CC2-02039","PF-F08","计划性/可预测性","SC-S2-09","兴趣/休闲/旅行","SC-S1-07","婴幼儿照护","SC-S3-01","工作时间突变","NF-N1-04","自主/空间/自由","Ideal range / fit","N3-04","当「计划性/可预测性」进入「婴幼儿照护」的「兴趣/休闲/旅行」，遇到「工作时间突变」时，对重视「自主/空间/自由」的人意味着什么？","constrained_mapping_v0.2","semantic_preflight"
"CC2-02040","PF-F08","计划性/可预测性","SC-S2-09","兴趣/休闲/旅行","SC-S1-07","婴幼儿照护","SC-S3-01","工作时间突变","NF-N1-02","陪伴/连接/归属","Ideal range / conditional","N3-01/N3-05","当「计划性/可预测性」进入「婴幼儿照护」的「兴趣/休闲/旅行」，遇到「工作时间突变」时，对重视「陪伴/连接/归属」的人意味着什么？","constrained_mapping_v0.2","semantic_preflight"
"CC2-02041","PF-F08","计划性/可预测性","SC-S2-09","兴趣/休闲/旅行","SC-S1-07","婴幼儿照护","SC-S3-10","反复小问题累积","NF-N1-05","安全/信任/可预测","Gate / conditional","N3-02/N3-06","当「计划性/可预测性」进入「婴幼儿照护」的「兴趣/休闲/旅行」，遇到「反复小问题累积」时，对重视「安全/信任/可预测」的人意味着什么？","constrained_mapping_v0.2","semantic_preflight"
"CC2-02042","PF-F08","计划性/可预测性","SC-S2-09","兴趣/休闲/旅行","SC-S1-07","婴幼儿照护","SC-S3-10","反复小问题累积","NF-N1-04","自主/空间/自由","Ideal range / fit","N3-04","当「计划性/可预测性」进入「婴幼儿照护」的「兴趣/休闲/旅行」，遇到「反复小问题累积」时，对重视「自主/空间/自由」的人意味着什么？","constrained_mapping_v0.2","semantic_preflight"
"CC2-02043","PF-F08","计划性/可预测性","SC-S2-09","兴趣/休闲/旅行","SC-S1-07","婴幼儿照护","SC-S3-10","反复小问题累积","NF-N1-02","陪伴/连接/归属","Ideal range / conditional","N3-01/N3-05","当「计划性/可预测性」进入「婴幼儿照护」的「兴趣/休闲/旅行」，遇到「反复小问题累积」时，对重视「陪伴/连接/归属」的人意味着什么？","constrained_mapping_v0.2","semantic_preflight"
"CC2-02044","PF-F08","计划性/可预测性","SC-S2-02","工作/事业/学习","SC-S1-02","恋爱/磨合","SC-S3-01","工作时间突变","NF-N1-05","安全/信任/可预测","Gate / conditional","N3-02/N3-06","当「计划性/可预测性」进入「恋爱/磨合」的「工作/事业/学习」，遇到「工作时间突变」时，对重视「安全/信任/可预测」的人意味着什么？","constrained_mapping_v0.2","semantic_preflight"
"CC2-02045","PF-F08","计划性/可预测性","SC-S2-02","工作/事业/学习","SC-S1-02","恋爱/磨合","SC-S3-01","工作时间突变","NF-N1-04","自主/空间/自由","Ideal range / fit","N3-04","当「计划性/可预测性」进入「恋爱/磨合」的「工作/事业/学习」，遇到「工作时间突变」时，对重视「自主/空间/自由」的人意味着什么？","constrained_mapping_v0.2","semantic_preflight"
"CC2-02046","PF-F08","计划性/可预测性","SC-S2-02","工作/事业/学习","SC-S1-02","恋爱/磨合","SC-S3-01","工作时间突变","NF-N1-02","陪伴/连接/归属","Ideal range / conditional","N3-01/N3-05","当「计划性/可预测性」进入「恋爱/磨合」的「工作/事业/学习」，遇到「工作时间突变」时，对重视「陪伴/连接/归属」的人意味着什么？","constrained_mapping_v0.2","semantic_preflight"
"CC2-02047","PF-F08","计划性/可预测性","SC-S2-02","工作/事业/学习","SC-S1-02","恋爱/磨合","SC-S3-02","事业机会/职业转折","NF-N1-05","安全/信任/可预测","Gate / conditional","N3-02/N3-06","当「计划性/可预测性」进入「恋爱/磨合」的「工作/事业/学习」，遇到「事业机会/职业转折」时，对重视「安全/信任/可预测」的人意味着什么？","constrained_mapping_v0.2","semantic_preflight"
"CC2-02048","PF-F08","计划性/可预测性","SC-S2-02","工作/事业/学习","SC-S1-02","恋爱/磨合","SC-S3-02","事业机会/职业转折","NF-N1-04","自主/空间/自由","Ideal range / fit","N3-04","当「计划性/可预测性」进入「恋爱/磨合」的「工作/事业/学习」，遇到「事业机会/职业转折」时，对重视「自主/空间/自由」的人意味着什么？","constrained_mapping_v0.2","semantic_preflight"
"CC2-02049","PF-F08","计划性/可预测性","SC-S2-02","工作/事业/学习","SC-S1-02","恋爱/磨合","SC-S3-02","事业机会/职业转折","NF-N1-02","陪伴/连接/归属","Ideal range / conditional","N3-01/N3-05","当「计划性/可预测性」进入「恋爱/磨合」的「工作/事业/学习」，遇到「事业机会/职业转折」时，对重视「陪伴/连接/归属」的人意味着什么？","constrained_mapping_v0.2","semantic_preflight"
"CC2-02050","PF-F08","计划性/可预测性","SC-S2-02","工作/事业/学习","SC-S1-05","结婚/建立家庭","SC-S3-01","工作时间突变","NF-N1-05","安全/信任/可预测","Gate / conditional","N3-02/N3-06","当「计划性/可预测性」进入「结婚/建立家庭」的「工作/事业/学习」，遇到「工作时间突变」时，对重视「安全/信任/可预测」的人意味着什么？","constrained_mapping_v0.2","semantic_preflight"
"CC2-02051","PF-F08","计划性/可预测性","SC-S2-02","工作/事业/学习","SC-S1-05","结婚/建立家庭","SC-S3-01","工作时间突变","NF-N1-04","自主/空间/自由","Ideal range / fit","N3-04","当「计划性/可预测性」进入「结婚/建立家庭」的「工作/事业/学习」，遇到「工作时间突变」时，对重视「自主/空间/自由」的人意味着什么？","constrained_mapping_v0.2","semantic_preflight"
"CC2-02052","PF-F08","计划性/可预测性","SC-S2-02","工作/事业/学习","SC-S1-05","结婚/建立家庭","SC-S3-01","工作时间突变","NF-N1-02","陪伴/连接/归属","Ideal range / conditional","N3-01/N3-05","当「计划性/可预测性」进入「结婚/建立家庭」的「工作/事业/学习」，遇到「工作时间突变」时，对重视「陪伴/连接/归属」的人意味着什么？","constrained_mapping_v0.2","semantic_preflight"
"CC2-02053","PF-F08","计划性/可预测性","SC-S2-02","工作/事业/学习","SC-S1-05","结婚/建立家庭","SC-S3-02","事业机会/职业转折","NF-N1-05","安全/信任/可预测","Gate / conditional","N3-02/N3-06","当「计划性/可预测性」进入「结婚/建立家庭」的「工作/事业/学习」，遇到「事业机会/职业转折」时，对重视「安全/信任/可预测」的人意味着什么？","constrained_mapping_v0.2","semantic_preflight"
"CC2-02054","PF-F08","计划性/可预测性","SC-S2-02","工作/事业/学习","SC-S1-05","结婚/建立家庭","SC-S3-02","事业机会/职业转折","NF-N1-04","自主/空间/自由","Ideal range / fit","N3-04","当「计划性/可预测性」进入「结婚/建立家庭」的「工作/事业/学习」，遇到「事业机会/职业转折」时，对重视「自主/空间/自由」的人意味着什么？","constrained_mapping_v0.2","semantic_preflight"
"CC2-02055","PF-F08","计划性/可预测性","SC-S2-02","工作/事业/学习","SC-S1-05","结婚/建立家庭","SC-S3-02","事业机会/职业转折","NF-N1-02","陪伴/连接/归属","Ideal range / conditional","N3-01/N3-05","当「计划性/可预测性」进入「结婚/建立家庭」的「工作/事业/学习」，遇到「事业机会/职业转折」时，对重视「陪伴/连接/归属」的人意味着什么？","constrained_mapping_v0.2","semantic_preflight"
"CC2-02056","PF-F08","计划性/可预测性","SC-S2-02","工作/事业/学习","SC-S1-09","中年多重责任","SC-S3-01","工作时间突变","NF-N1-05","安全/信任/可预测","Gate / conditional","N3-02/N3-06","当「计划性/可预测性」进入「中年多重责任」的「工作/事业/学习」，遇到「工作时间突变」时，对重视「安全/信任/可预测」的人意味着什么？","constrained_mapping_v0.2","semantic_preflight"
"CC2-02057","PF-F08","计划性/可预测性","SC-S2-02","工作/事业/学习","SC-S1-09","中年多重责任","SC-S3-01","工作时间突变","NF-N1-04","自主/空间/自由","Ideal range / fit","N3-04","当「计划性/可预测性」进入「中年多重责任」的「工作/事业/学习」，遇到「工作时间突变」时，对重视「自主/空间/自由」的人意味着什么？","constrained_mapping_v0.2","semantic_preflight"
"CC2-02058","PF-F08","计划性/可预测性","SC-S2-02","工作/事业/学习","SC-S1-09","中年多重责任","SC-S3-01","工作时间突变","NF-N1-02","陪伴/连接/归属","Ideal range / conditional","N3-01/N3-05","当「计划性/可预测性」进入「中年多重责任」的「工作/事业/学习」，遇到「工作时间突变」时，对重视「陪伴/连接/归属」的人意味着什么？","constrained_mapping_v0.2","semantic_preflight"
"CC2-02059","PF-F08","计划性/可预测性","SC-S2-02","工作/事业/学习","SC-S1-09","中年多重责任","SC-S3-02","事业机会/职业转折","NF-N1-05","安全/信任/可预测","Gate / conditional","N3-02/N3-06","当「计划性/可预测性」进入「中年多重责任」的「工作/事业/学习」，遇到「事业机会/职业转折」时，对重视「安全/信任/可预测」的人意味着什么？","constrained_mapping_v0.2","semantic_preflight"
"CC2-02060","PF-F08","计划性/可预测性","SC-S2-02","工作/事业/学习","SC-S1-09","中年多重责任","SC-S3-02","事业机会/职业转折","NF-N1-04","自主/空间/自由","Ideal range / fit","N3-04","当「计划性/可预测性」进入「中年多重责任」的「工作/事业/学习」，遇到「事业机会/职业转折」时，对重视「自主/空间/自由」的人意味着什么？","constrained_mapping_v0.2","semantic_preflight"
"CC2-02061","PF-F08","计划性/可预测性","SC-S2-02","工作/事业/学习","SC-S1-09","中年多重责任","SC-S3-02","事业机会/职业转折","NF-N1-02","陪伴/连接/归属","Ideal range / conditional","N3-01/N3-05","当「计划性/可预测性」进入「中年多重责任」的「工作/事业/学习」，遇到「事业机会/职业转折」时，对重视「陪伴/连接/归属」的人意味着什么？","constrained_mapping_v0.2","semantic_preflight"
"CC2-02062","PF-F09","家庭资源投入","SC-S2-05","家务/家庭劳动","SC-S1-04","同居/婚前","SC-S3-10","反复小问题累积","NF-N1-11","家庭投入/家庭边界","Fit / conditional","N3-03/N3-04","当「家庭资源投入」进入「同居/婚前」的「家务/家庭劳动」，遇到「反复小问题累积」时，对重视「家庭投入/家庭边界」的人意味着什么？","constrained_mapping_v0.2","semantic_preflight"
"CC2-02063","PF-F09","家庭资源投入","SC-S2-05","家务/家庭劳动","SC-S1-04","同居/婚前","SC-S3-10","反复小问题累积","NF-N1-07","公平/可靠/合作","Conditional / gate","N3-02/N3-03","当「家庭资源投入」进入「同居/婚前」的「家务/家庭劳动」，遇到「反复小问题累积」时，对重视「公平/可靠/合作」的人意味着什么？","constrained_mapping_v0.2","semantic_preflight"
"CC2-02064","PF-F09","家庭资源投入","SC-S2-05","家务/家庭劳动","SC-S1-04","同居/婚前","SC-S3-10","反复小问题累积","NF-N1-02","陪伴/连接/归属","Ideal range / conditional","N3-01/N3-05","当「家庭资源投入」进入「同居/婚前」的「家务/家庭劳动」，遇到「反复小问题累积」时，对重视「陪伴/连接/归属」的人意味着什么？","constrained_mapping_v0.2","semantic_preflight"
"CC2-02065","PF-F09","家庭资源投入","SC-S2-05","家务/家庭劳动","SC-S1-06","备孕/怀孕/生育","SC-S3-06","生育/育儿转折","NF-N1-11","家庭投入/家庭边界","Fit / conditional","N3-03/N3-04","当「家庭资源投入」进入「备孕/怀孕/生育」的「家务/家庭劳动」，遇到「生育/育儿转折」时，对重视「家庭投入/家庭边界」的人意味着什么？","constrained_mapping_v0.2","semantic_preflight"
"CC2-02066","PF-F09","家庭资源投入","SC-S2-05","家务/家庭劳动","SC-S1-06","备孕/怀孕/生育","SC-S3-06","生育/育儿转折","NF-N1-07","公平/可靠/合作","Conditional / gate","N3-02/N3-03","当「家庭资源投入」进入「备孕/怀孕/生育」的「家务/家庭劳动」，遇到「生育/育儿转折」时，对重视「公平/可靠/合作」的人意味着什么？","constrained_mapping_v0.2","semantic_preflight"
"CC2-02067","PF-F09","家庭资源投入","SC-S2-05","家务/家庭劳动","SC-S1-06","备孕/怀孕/生育","SC-S3-06","生育/育儿转折","NF-N1-02","陪伴/连接/归属","Ideal range / conditional","N3-01/N3-05","当「家庭资源投入」进入「备孕/怀孕/生育」的「家务/家庭劳动」，遇到「生育/育儿转折」时，对重视「陪伴/连接/归属」的人意味着什么？","constrained_mapping_v0.2","semantic_preflight"
"CC2-02068","PF-F09","家庭资源投入","SC-S2-05","家务/家庭劳动","SC-S1-06","备孕/怀孕/生育","SC-S3-10","反复小问题累积","NF-N1-11","家庭投入/家庭边界","Fit / conditional","N3-03/N3-04","当「家庭资源投入」进入「备孕/怀孕/生育」的「家务/家庭劳动」，遇到「反复小问题累积」时，对重视「家庭投入/家庭边界」的人意味着什么？","constrained_mapping_v0.2","semantic_preflight"
"CC2-02069","PF-F09","家庭资源投入","SC-S2-05","家务/家庭劳动","SC-S1-06","备孕/怀孕/生育","SC-S3-10","反复小问题累积","NF-N1-07","公平/可靠/合作","Conditional / gate","N3-02/N3-03","当「家庭资源投入」进入「备孕/怀孕/生育」的「家务/家庭劳动」，遇到「反复小问题累积」时，对重视「公平/可靠/合作」的人意味着什么？","constrained_mapping_v0.2","semantic_preflight"
"CC2-02070","PF-F09","家庭资源投入","SC-S2-05","家务/家庭劳动","SC-S1-06","备孕/怀孕/生育","SC-S3-10","反复小问题累积","NF-N1-02","陪伴/连接/归属","Ideal range / conditional","N3-01/N3-05","当「家庭资源投入」进入「备孕/怀孕/生育」的「家务/家庭劳动」，遇到「反复小问题累积」时，对重视「陪伴/连接/归属」的人意味着什么？","constrained_mapping_v0.2","semantic_preflight"
"CC2-02071","PF-F09","家庭资源投入","SC-S2-05","家务/家庭劳动","SC-S1-07","婴幼儿照护","SC-S3-06","生育/育儿转折","NF-N1-11","家庭投入/家庭边界","Fit / conditional","N3-03/N3-04","当「家庭资源投入」进入「婴幼儿照护」的「家务/家庭劳动」，遇到「生育/育儿转折」时，对重视「家庭投入/家庭边界」的人意味着什么？","constrained_mapping_v0.2","semantic_preflight"
"CC2-02072","PF-F09","家庭资源投入","SC-S2-05","家务/家庭劳动","SC-S1-07","婴幼儿照护","SC-S3-06","生育/育儿转折","NF-N1-07","公平/可靠/合作","Conditional / gate","N3-02/N3-03","当「家庭资源投入」进入「婴幼儿照护」的「家务/家庭劳动」，遇到「生育/育儿转折」时，对重视「公平/可靠/合作」的人意味着什么？","constrained_mapping_v0.2","semantic_preflight"
"CC2-02073","PF-F09","家庭资源投入","SC-S2-05","家务/家庭劳动","SC-S1-07","婴幼儿照护","SC-S3-06","生育/育儿转折","NF-N1-02","陪伴/连接/归属","Ideal range / conditional","N3-01/N3-05","当「家庭资源投入」进入「婴幼儿照护」的「家务/家庭劳动」，遇到「生育/育儿转折」时，对重视「陪伴/连接/归属」的人意味着什么？","constrained_mapping_v0.2","semantic_preflight"
"CC2-02074","PF-F09","家庭资源投入","SC-S2-05","家务/家庭劳动","SC-S1-07","婴幼儿照护","SC-S3-10","反复小问题累积","NF-N1-11","家庭投入/家庭边界","Fit / conditional","N3-03/N3-04","当「家庭资源投入」进入「婴幼儿照护」的「家务/家庭劳动」，遇到「反复小问题累积」时，对重视「家庭投入/家庭边界」的人意味着什么？","constrained_mapping_v0.2","semantic_preflight"
"CC2-02075","PF-F09","家庭资源投入","SC-S2-05","家务/家庭劳动","SC-S1-07","婴幼儿照护","SC-S3-10","反复小问题累积","NF-N1-07","公平/可靠/合作","Conditional / gate","N3-02/N3-03","当「家庭资源投入」进入「婴幼儿照护」的「家务/家庭劳动」，遇到「反复小问题累积」时，对重视「公平/可靠/合作」的人意味着什么？","constrained_mapping_v0.2","semantic_preflight"
"CC2-02076","PF-F09","家庭资源投入","SC-S2-05","家务/家庭劳动","SC-S1-07","婴幼儿照护","SC-S3-10","反复小问题累积","NF-N1-02","陪伴/连接/归属","Ideal range / conditional","N3-01/N3-05","当「家庭资源投入」进入「婴幼儿照护」的「家务/家庭劳动」，遇到「反复小问题累积」时，对重视「陪伴/连接/归属」的人意味着什么？","constrained_mapping_v0.2","semantic_preflight"
"CC2-02077","PF-F09","家庭资源投入","SC-S2-05","家务/家庭劳动","SC-S1-09","中年多重责任","SC-S3-06","生育/育儿转折","NF-N1-11","家庭投入/家庭边界","Fit / conditional","N3-03/N3-04","当「家庭资源投入」进入「中年多重责任」的「家务/家庭劳动」，遇到「生育/育儿转折」时，对重视「家庭投入/家庭边界」的人意味着什么？","constrained_mapping_v0.2","semantic_preflight"
"CC2-02078","PF-F09","家庭资源投入","SC-S2-05","家务/家庭劳动","SC-S1-09","中年多重责任","SC-S3-06","生育/育儿转折","NF-N1-07","公平/可靠/合作","Conditional / gate","N3-02/N3-03","当「家庭资源投入」进入「中年多重责任」的「家务/家庭劳动」，遇到「生育/育儿转折」时，对重视「公平/可靠/合作」的人意味着什么？","constrained_mapping_v0.2","semantic_preflight"
"CC2-02079","PF-F09","家庭资源投入","SC-S2-05","家务/家庭劳动","SC-S1-09","中年多重责任","SC-S3-06","生育/育儿转折","NF-N1-02","陪伴/连接/归属","Ideal range / conditional","N3-01/N3-05","当「家庭资源投入」进入「中年多重责任」的「家务/家庭劳动」，遇到「生育/育儿转折」时，对重视「陪伴/连接/归属」的人意味着什么？","constrained_mapping_v0.2","semantic_preflight"
"CC2-02080","PF-F09","家庭资源投入","SC-S2-05","家务/家庭劳动","SC-S1-09","中年多重责任","SC-S3-10","反复小问题累积","NF-N1-11","家庭投入/家庭边界","Fit / conditional","N3-03/N3-04","当「家庭资源投入」进入「中年多重责任」的「家务/家庭劳动」，遇到「反复小问题累积」时，对重视「家庭投入/家庭边界」的人意味着什么？","constrained_mapping_v0.2","semantic_preflight"
"CC2-02081","PF-F09","家庭资源投入","SC-S2-05","家务/家庭劳动","SC-S1-09","中年多重责任","SC-S3-10","反复小问题累积","NF-N1-07","公平/可靠/合作","Conditional / gate","N3-02/N3-03","当「家庭资源投入」进入「中年多重责任」的「家务/家庭劳动」，遇到「反复小问题累积」时，对重视「公平/可靠/合作」的人意味着什么？","constrained_mapping_v0.2","semantic_preflight"
"CC2-02082","PF-F09","家庭资源投入","SC-S2-05","家务/家庭劳动","SC-S1-09","中年多重责任","SC-S3-10","反复小问题累积","NF-N1-02","陪伴/连接/归属","Ideal range / conditional","N3-01/N3-05","当「家庭资源投入」进入「中年多重责任」的「家务/家庭劳动」，遇到「反复小问题累积」时，对重视「陪伴/连接/归属」的人意味着什么？","constrained_mapping_v0.2","semantic_preflight"
"CC2-02083","PF-F09","家庭资源投入","SC-S2-06","孩子/生育/教育","SC-S1-05","结婚/建立家庭","SC-S3-06","生育/育儿转折","NF-N1-11","家庭投入/家庭边界","Fit / conditional","N3-03/N3-04","当「家庭资源投入」进入「结婚/建立家庭」的「孩子/生育/教育」，遇到「生育/育儿转折」时，对重视「家庭投入/家庭边界」的人意味着什么？","constrained_mapping_v0.2","semantic_preflight"
"CC2-02084","PF-F09","家庭资源投入","SC-S2-06","孩子/生育/教育","SC-S1-05","结婚/建立家庭","SC-S3-06","生育/育儿转折","NF-N1-07","公平/可靠/合作","Conditional / gate","N3-02/N3-03","当「家庭资源投入」进入「结婚/建立家庭」的「孩子/生育/教育」，遇到「生育/育儿转折」时，对重视「公平/可靠/合作」的人意味着什么？","constrained_mapping_v0.2","semantic_preflight"
"CC2-02085","PF-F09","家庭资源投入","SC-S2-06","孩子/生育/教育","SC-S1-05","结婚/建立家庭","SC-S3-06","生育/育儿转折","NF-N1-02","陪伴/连接/归属","Ideal range / conditional","N3-01/N3-05","当「家庭资源投入」进入「结婚/建立家庭」的「孩子/生育/教育」，遇到「生育/育儿转折」时，对重视「陪伴/连接/归属」的人意味着什么？","constrained_mapping_v0.2","semantic_preflight"
"CC2-02086","PF-F09","家庭资源投入","SC-S2-06","孩子/生育/教育","SC-S1-05","结婚/建立家庭","SC-S3-01","工作时间突变","NF-N1-11","家庭投入/家庭边界","Fit / conditional","N3-03/N3-04","当「家庭资源投入」进入「结婚/建立家庭」的「孩子/生育/教育」，遇到「工作时间突变」时，对重视「家庭投入/家庭边界」的人意味着什么？","constrained_mapping_v0.2","semantic_preflight"
"CC2-02087","PF-F09","家庭资源投入","SC-S2-06","孩子/生育/教育","SC-S1-05","结婚/建立家庭","SC-S3-01","工作时间突变","NF-N1-07","公平/可靠/合作","Conditional / gate","N3-02/N3-03","当「家庭资源投入」进入「结婚/建立家庭」的「孩子/生育/教育」，遇到「工作时间突变」时，对重视「公平/可靠/合作」的人意味着什么？","constrained_mapping_v0.2","semantic_preflight"
"CC2-02088","PF-F09","家庭资源投入","SC-S2-06","孩子/生育/教育","SC-S1-05","结婚/建立家庭","SC-S3-01","工作时间突变","NF-N1-02","陪伴/连接/归属","Ideal range / conditional","N3-01/N3-05","当「家庭资源投入」进入「结婚/建立家庭」的「孩子/生育/教育」，遇到「工作时间突变」时，对重视「陪伴/连接/归属」的人意味着什么？","constrained_mapping_v0.2","semantic_preflight"
"CC2-02089","PF-F09","家庭资源投入","SC-S2-06","孩子/生育/教育","SC-S1-06","备孕/怀孕/生育","SC-S3-06","生育/育儿转折","NF-N1-11","家庭投入/家庭边界","Fit / conditional","N3-03/N3-04","当「家庭资源投入」进入「备孕/怀孕/生育」的「孩子/生育/教育」，遇到「生育/育儿转折」时，对重视「家庭投入/家庭边界」的人意味着什么？","constrained_mapping_v0.2","semantic_preflight"
"CC2-02090","PF-F09","家庭资源投入","SC-S2-06","孩子/生育/教育","SC-S1-06","备孕/怀孕/生育","SC-S3-06","生育/育儿转折","NF-N1-07","公平/可靠/合作","Conditional / gate","N3-02/N3-03","当「家庭资源投入」进入「备孕/怀孕/生育」的「孩子/生育/教育」，遇到「生育/育儿转折」时，对重视「公平/可靠/合作」的人意味着什么？","constrained_mapping_v0.2","semantic_preflight"
"CC2-02091","PF-F09","家庭资源投入","SC-S2-06","孩子/生育/教育","SC-S1-06","备孕/怀孕/生育","SC-S3-06","生育/育儿转折","NF-N1-02","陪伴/连接/归属","Ideal range / conditional","N3-01/N3-05","当「家庭资源投入」进入「备孕/怀孕/生育」的「孩子/生育/教育」，遇到「生育/育儿转折」时，对重视「陪伴/连接/归属」的人意味着什么？","constrained_mapping_v0.2","semantic_preflight"
"CC2-02092","PF-F09","家庭资源投入","SC-S2-06","孩子/生育/教育","SC-S1-06","备孕/怀孕/生育","SC-S3-01","工作时间突变","NF-N1-11","家庭投入/家庭边界","Fit / conditional","N3-03/N3-04","当「家庭资源投入」进入「备孕/怀孕/生育」的「孩子/生育/教育」，遇到「工作时间突变」时，对重视「家庭投入/家庭边界」的人意味着什么？","constrained_mapping_v0.2","semantic_preflight"
"CC2-02093","PF-F09","家庭资源投入","SC-S2-06","孩子/生育/教育","SC-S1-06","备孕/怀孕/生育","SC-S3-01","工作时间突变","NF-N1-07","公平/可靠/合作","Conditional / gate","N3-02/N3-03","当「家庭资源投入」进入「备孕/怀孕/生育」的「孩子/生育/教育」，遇到「工作时间突变」时，对重视「公平/可靠/合作」的人意味着什么？","constrained_mapping_v0.2","semantic_preflight"
"CC2-02094","PF-F09","家庭资源投入","SC-S2-06","孩子/生育/教育","SC-S1-06","备孕/怀孕/生育","SC-S3-01","工作时间突变","NF-N1-02","陪伴/连接/归属","Ideal range / conditional","N3-01/N3-05","当「家庭资源投入」进入「备孕/怀孕/生育」的「孩子/生育/教育」，遇到「工作时间突变」时，对重视「陪伴/连接/归属」的人意味着什么？","constrained_mapping_v0.2","semantic_preflight"
"CC2-02095","PF-F09","家庭资源投入","SC-S2-06","孩子/生育/教育","SC-S1-07","婴幼儿照护","SC-S3-06","生育/育儿转折","NF-N1-11","家庭投入/家庭边界","Fit / conditional","N3-03/N3-04","当「家庭资源投入」进入「婴幼儿照护」的「孩子/生育/教育」，遇到「生育/育儿转折」时，对重视「家庭投入/家庭边界」的人意味着什么？","constrained_mapping_v0.2","semantic_preflight"
"CC2-02096","PF-F09","家庭资源投入","SC-S2-06","孩子/生育/教育","SC-S1-07","婴幼儿照护","SC-S3-06","生育/育儿转折","NF-N1-07","公平/可靠/合作","Conditional / gate","N3-02/N3-03","当「家庭资源投入」进入「婴幼儿照护」的「孩子/生育/教育」，遇到「生育/育儿转折」时，对重视「公平/可靠/合作」的人意味着什么？","constrained_mapping_v0.2","semantic_preflight"
"CC2-02097","PF-F09","家庭资源投入","SC-S2-06","孩子/生育/教育","SC-S1-07","婴幼儿照护","SC-S3-06","生育/育儿转折","NF-N1-02","陪伴/连接/归属","Ideal range / conditional","N3-01/N3-05","当「家庭资源投入」进入「婴幼儿照护」的「孩子/生育/教育」，遇到「生育/育儿转折」时，对重视「陪伴/连接/归属」的人意味着什么？","constrained_mapping_v0.2","semantic_preflight"
"CC2-02098","PF-F09","家庭资源投入","SC-S2-06","孩子/生育/教育","SC-S1-07","婴幼儿照护","SC-S3-01","工作时间突变","NF-N1-11","家庭投入/家庭边界","Fit / conditional","N3-03/N3-04","当「家庭资源投入」进入「婴幼儿照护」的「孩子/生育/教育」，遇到「工作时间突变」时，对重视「家庭投入/家庭边界」的人意味着什么？","constrained_mapping_v0.2","semantic_preflight"
"CC2-02099","PF-F09","家庭资源投入","SC-S2-06","孩子/生育/教育","SC-S1-07","婴幼儿照护","SC-S3-01","工作时间突变","NF-N1-07","公平/可靠/合作","Conditional / gate","N3-02/N3-03","当「家庭资源投入」进入「婴幼儿照护」的「孩子/生育/教育」，遇到「工作时间突变」时，对重视「公平/可靠/合作」的人意味着什么？","constrained_mapping_v0.2","semantic_preflight"
"CC2-02100","PF-F09","家庭资源投入","SC-S2-06","孩子/生育/教育","SC-S1-07","婴幼儿照护","SC-S3-01","工作时间突变","NF-N1-02","陪伴/连接/归属","Ideal range / conditional","N3-01/N3-05","当「家庭资源投入」进入「婴幼儿照护」的「孩子/生育/教育」，遇到「工作时间突变」时，对重视「陪伴/连接/归属」的人意味着什么？","constrained_mapping_v0.2","semantic_preflight"
"CC2-02101","PF-F09","家庭资源投入","SC-S2-06","孩子/生育/教育","SC-S1-08","孩子成长/教育","SC-S3-06","生育/育儿转折","NF-N1-11","家庭投入/家庭边界","Fit / conditional","N3-03/N3-04","当「家庭资源投入」进入「孩子成长/教育」的「孩子/生育/教育」，遇到「生育/育儿转折」时，对重视「家庭投入/家庭边界」的人意味着什么？","constrained_mapping_v0.2","semantic_preflight"
"CC2-02102","PF-F09","家庭资源投入","SC-S2-06","孩子/生育/教育","SC-S1-08","孩子成长/教育","SC-S3-06","生育/育儿转折","NF-N1-07","公平/可靠/合作","Conditional / gate","N3-02/N3-03","当「家庭资源投入」进入「孩子成长/教育」的「孩子/生育/教育」，遇到「生育/育儿转折」时，对重视「公平/可靠/合作」的人意味着什么？","constrained_mapping_v0.2","semantic_preflight"
"CC2-02103","PF-F09","家庭资源投入","SC-S2-06","孩子/生育/教育","SC-S1-08","孩子成长/教育","SC-S3-06","生育/育儿转折","NF-N1-02","陪伴/连接/归属","Ideal range / conditional","N3-01/N3-05","当「家庭资源投入」进入「孩子成长/教育」的「孩子/生育/教育」，遇到「生育/育儿转折」时，对重视「陪伴/连接/归属」的人意味着什么？","constrained_mapping_v0.2","semantic_preflight"
"CC2-02104","PF-F09","家庭资源投入","SC-S2-06","孩子/生育/教育","SC-S1-08","孩子成长/教育","SC-S3-01","工作时间突变","NF-N1-11","家庭投入/家庭边界","Fit / conditional","N3-03/N3-04","当「家庭资源投入」进入「孩子成长/教育」的「孩子/生育/教育」，遇到「工作时间突变」时，对重视「家庭投入/家庭边界」的人意味着什么？","constrained_mapping_v0.2","semantic_preflight"
"CC2-02105","PF-F09","家庭资源投入","SC-S2-06","孩子/生育/教育","SC-S1-08","孩子成长/教育","SC-S3-01","工作时间突变","NF-N1-07","公平/可靠/合作","Conditional / gate","N3-02/N3-03","当「家庭资源投入」进入「孩子成长/教育」的「孩子/生育/教育」，遇到「工作时间突变」时，对重视「公平/可靠/合作」的人意味着什么？","constrained_mapping_v0.2","semantic_preflight"
"CC2-02106","PF-F09","家庭资源投入","SC-S2-06","孩子/生育/教育","SC-S1-08","孩子成长/教育","SC-S3-01","工作时间突变","NF-N1-02","陪伴/连接/归属","Ideal range / conditional","N3-01/N3-05","当「家庭资源投入」进入「孩子成长/教育」的「孩子/生育/教育」，遇到「工作时间突变」时，对重视「陪伴/连接/归属」的人意味着什么？","constrained_mapping_v0.2","semantic_preflight"
"CC2-02107","PF-F09","家庭资源投入","SC-S2-07","双方父母/原生家庭","SC-S1-05","结婚/建立家庭","SC-S3-07","父母责任变化","NF-N1-11","家庭投入/家庭边界","Fit / conditional","N3-03/N3-04","当「家庭资源投入」进入「结婚/建立家庭」的「双方父母/原生家庭」，遇到「父母责任变化」时，对重视「家庭投入/家庭边界」的人意味着什么？","constrained_mapping_v0.2","semantic_preflight"
"CC2-02108","PF-F09","家庭资源投入","SC-S2-07","双方父母/原生家庭","SC-S1-05","结婚/建立家庭","SC-S3-07","父母责任变化","NF-N1-07","公平/可靠/合作","Conditional / gate","N3-02/N3-03","当「家庭资源投入」进入「结婚/建立家庭」的「双方父母/原生家庭」，遇到「父母责任变化」时，对重视「公平/可靠/合作」的人意味着什么？","constrained_mapping_v0.2","semantic_preflight"
"CC2-02109","PF-F09","家庭资源投入","SC-S2-07","双方父母/原生家庭","SC-S1-05","结婚/建立家庭","SC-S3-07","父母责任变化","NF-N1-02","陪伴/连接/归属","Ideal range / conditional","N3-01/N3-05","当「家庭资源投入」进入「结婚/建立家庭」的「双方父母/原生家庭」，遇到「父母责任变化」时，对重视「陪伴/连接/归属」的人意味着什么？","constrained_mapping_v0.2","semantic_preflight"
"CC2-02110","PF-F09","家庭资源投入","SC-S2-07","双方父母/原生家庭","SC-S1-05","结婚/建立家庭","SC-S3-05","居住/迁移变化","NF-N1-11","家庭投入/家庭边界","Fit / conditional","N3-03/N3-04","当「家庭资源投入」进入「结婚/建立家庭」的「双方父母/原生家庭」，遇到「居住/迁移变化」时，对重视「家庭投入/家庭边界」的人意味着什么？","constrained_mapping_v0.2","semantic_preflight"
"CC2-02111","PF-F09","家庭资源投入","SC-S2-07","双方父母/原生家庭","SC-S1-05","结婚/建立家庭","SC-S3-05","居住/迁移变化","NF-N1-07","公平/可靠/合作","Conditional / gate","N3-02/N3-03","当「家庭资源投入」进入「结婚/建立家庭」的「双方父母/原生家庭」，遇到「居住/迁移变化」时，对重视「公平/可靠/合作」的人意味着什么？","constrained_mapping_v0.2","semantic_preflight"
"CC2-02112","PF-F09","家庭资源投入","SC-S2-07","双方父母/原生家庭","SC-S1-05","结婚/建立家庭","SC-S3-05","居住/迁移变化","NF-N1-02","陪伴/连接/归属","Ideal range / conditional","N3-01/N3-05","当「家庭资源投入」进入「结婚/建立家庭」的「双方父母/原生家庭」，遇到「居住/迁移变化」时，对重视「陪伴/连接/归属」的人意味着什么？","constrained_mapping_v0.2","semantic_preflight"
"CC2-02113","PF-F09","家庭资源投入","SC-S2-07","双方父母/原生家庭","SC-S1-06","备孕/怀孕/生育","SC-S3-07","父母责任变化","NF-N1-11","家庭投入/家庭边界","Fit / conditional","N3-03/N3-04","当「家庭资源投入」进入「备孕/怀孕/生育」的「双方父母/原生家庭」，遇到「父母责任变化」时，对重视「家庭投入/家庭边界」的人意味着什么？","constrained_mapping_v0.2","semantic_preflight"
"CC2-02114","PF-F09","家庭资源投入","SC-S2-07","双方父母/原生家庭","SC-S1-06","备孕/怀孕/生育","SC-S3-07","父母责任变化","NF-N1-07","公平/可靠/合作","Conditional / gate","N3-02/N3-03","当「家庭资源投入」进入「备孕/怀孕/生育」的「双方父母/原生家庭」，遇到「父母责任变化」时，对重视「公平/可靠/合作」的人意味着什么？","constrained_mapping_v0.2","semantic_preflight"
"CC2-02115","PF-F09","家庭资源投入","SC-S2-07","双方父母/原生家庭","SC-S1-06","备孕/怀孕/生育","SC-S3-07","父母责任变化","NF-N1-02","陪伴/连接/归属","Ideal range / conditional","N3-01/N3-05","当「家庭资源投入」进入「备孕/怀孕/生育」的「双方父母/原生家庭」，遇到「父母责任变化」时，对重视「陪伴/连接/归属」的人意味着什么？","constrained_mapping_v0.2","semantic_preflight"
"CC2-02116","PF-F09","家庭资源投入","SC-S2-07","双方父母/原生家庭","SC-S1-06","备孕/怀孕/生育","SC-S3-05","居住/迁移变化","NF-N1-11","家庭投入/家庭边界","Fit / conditional","N3-03/N3-04","当「家庭资源投入」进入「备孕/怀孕/生育」的「双方父母/原生家庭」，遇到「居住/迁移变化」时，对重视「家庭投入/家庭边界」的人意味着什么？","constrained_mapping_v0.2","semantic_preflight"
"CC2-02117","PF-F09","家庭资源投入","SC-S2-07","双方父母/原生家庭","SC-S1-06","备孕/怀孕/生育","SC-S3-05","居住/迁移变化","NF-N1-07","公平/可靠/合作","Conditional / gate","N3-02/N3-03","当「家庭资源投入」进入「备孕/怀孕/生育」的「双方父母/原生家庭」，遇到「居住/迁移变化」时，对重视「公平/可靠/合作」的人意味着什么？","constrained_mapping_v0.2","semantic_preflight"
"CC2-02118","PF-F09","家庭资源投入","SC-S2-07","双方父母/原生家庭","SC-S1-06","备孕/怀孕/生育","SC-S3-05","居住/迁移变化","NF-N1-02","陪伴/连接/归属","Ideal range / conditional","N3-01/N3-05","当「家庭资源投入」进入「备孕/怀孕/生育」的「双方父母/原生家庭」，遇到「居住/迁移变化」时，对重视「陪伴/连接/归属」的人意味着什么？","constrained_mapping_v0.2","semantic_preflight"
"CC2-02119","PF-F09","家庭资源投入","SC-S2-07","双方父母/原生家庭","SC-S1-07","婴幼儿照护","SC-S3-07","父母责任变化","NF-N1-11","家庭投入/家庭边界","Fit / conditional","N3-03/N3-04","当「家庭资源投入」进入「婴幼儿照护」的「双方父母/原生家庭」，遇到「父母责任变化」时，对重视「家庭投入/家庭边界」的人意味着什么？","constrained_mapping_v0.2","semantic_preflight"
"CC2-02120","PF-F09","家庭资源投入","SC-S2-07","双方父母/原生家庭","SC-S1-07","婴幼儿照护","SC-S3-07","父母责任变化","NF-N1-07","公平/可靠/合作","Conditional / gate","N3-02/N3-03","当「家庭资源投入」进入「婴幼儿照护」的「双方父母/原生家庭」，遇到「父母责任变化」时，对重视「公平/可靠/合作」的人意味着什么？","constrained_mapping_v0.2","semantic_preflight"
"CC2-02121","PF-F09","家庭资源投入","SC-S2-07","双方父母/原生家庭","SC-S1-07","婴幼儿照护","SC-S3-07","父母责任变化","NF-N1-02","陪伴/连接/归属","Ideal range / conditional","N3-01/N3-05","当「家庭资源投入」进入「婴幼儿照护」的「双方父母/原生家庭」，遇到「父母责任变化」时，对重视「陪伴/连接/归属」的人意味着什么？","constrained_mapping_v0.2","semantic_preflight"
"CC2-02122","PF-F09","家庭资源投入","SC-S2-07","双方父母/原生家庭","SC-S1-07","婴幼儿照护","SC-S3-05","居住/迁移变化","NF-N1-11","家庭投入/家庭边界","Fit / conditional","N3-03/N3-04","当「家庭资源投入」进入「婴幼儿照护」的「双方父母/原生家庭」，遇到「居住/迁移变化」时，对重视「家庭投入/家庭边界」的人意味着什么？","constrained_mapping_v0.2","semantic_preflight"
"CC2-02123","PF-F09","家庭资源投入","SC-S2-07","双方父母/原生家庭","SC-S1-07","婴幼儿照护","SC-S3-05","居住/迁移变化","NF-N1-07","公平/可靠/合作","Conditional / gate","N3-02/N3-03","当「家庭资源投入」进入「婴幼儿照护」的「双方父母/原生家庭」，遇到「居住/迁移变化」时，对重视「公平/可靠/合作」的人意味着什么？","constrained_mapping_v0.2","semantic_preflight"
"CC2-02124","PF-F09","家庭资源投入","SC-S2-07","双方父母/原生家庭","SC-S1-07","婴幼儿照护","SC-S3-05","居住/迁移变化","NF-N1-02","陪伴/连接/归属","Ideal range / conditional","N3-01/N3-05","当「家庭资源投入」进入「婴幼儿照护」的「双方父母/原生家庭」，遇到「居住/迁移变化」时，对重视「陪伴/连接/归属」的人意味着什么？","constrained_mapping_v0.2","semantic_preflight"
"CC2-02125","PF-F09","家庭资源投入","SC-S2-07","双方父母/原生家庭","SC-S1-09","中年多重责任","SC-S3-07","父母责任变化","NF-N1-11","家庭投入/家庭边界","Fit / conditional","N3-03/N3-04","当「家庭资源投入」进入「中年多重责任」的「双方父母/原生家庭」，遇到「父母责任变化」时，对重视「家庭投入/家庭边界」的人意味着什么？","constrained_mapping_v0.2","semantic_preflight"
"CC2-02126","PF-F09","家庭资源投入","SC-S2-07","双方父母/原生家庭","SC-S1-09","中年多重责任","SC-S3-07","父母责任变化","NF-N1-07","公平/可靠/合作","Conditional / gate","N3-02/N3-03","当「家庭资源投入」进入「中年多重责任」的「双方父母/原生家庭」，遇到「父母责任变化」时，对重视「公平/可靠/合作」的人意味着什么？","constrained_mapping_v0.2","semantic_preflight"
"CC2-02127","PF-F09","家庭资源投入","SC-S2-07","双方父母/原生家庭","SC-S1-09","中年多重责任","SC-S3-07","父母责任变化","NF-N1-02","陪伴/连接/归属","Ideal range / conditional","N3-01/N3-05","当「家庭资源投入」进入「中年多重责任」的「双方父母/原生家庭」，遇到「父母责任变化」时，对重视「陪伴/连接/归属」的人意味着什么？","constrained_mapping_v0.2","semantic_preflight"
"CC2-02128","PF-F09","家庭资源投入","SC-S2-07","双方父母/原生家庭","SC-S1-09","中年多重责任","SC-S3-05","居住/迁移变化","NF-N1-11","家庭投入/家庭边界","Fit / conditional","N3-03/N3-04","当「家庭资源投入」进入「中年多重责任」的「双方父母/原生家庭」，遇到「居住/迁移变化」时，对重视「家庭投入/家庭边界」的人意味着什么？","constrained_mapping_v0.2","semantic_preflight"
"CC2-02129","PF-F09","家庭资源投入","SC-S2-07","双方父母/原生家庭","SC-S1-09","中年多重责任","SC-S3-05","居住/迁移变化","NF-N1-07","公平/可靠/合作","Conditional / gate","N3-02/N3-03","当「家庭资源投入」进入「中年多重责任」的「双方父母/原生家庭」，遇到「居住/迁移变化」时，对重视「公平/可靠/合作」的人意味着什么？","constrained_mapping_v0.2","semantic_preflight"
"CC2-02130","PF-F09","家庭资源投入","SC-S2-07","双方父母/原生家庭","SC-S1-09","中年多重责任","SC-S3-05","居住/迁移变化","NF-N1-02","陪伴/连接/归属","Ideal range / conditional","N3-01/N3-05","当「家庭资源投入」进入「中年多重责任」的「双方父母/原生家庭」，遇到「居住/迁移变化」时，对重视「陪伴/连接/归属」的人意味着什么？","constrained_mapping_v0.2","semantic_preflight"
"CC2-02131","PF-G01","回应性","SC-S2-01","日常作息与生活管理","SC-S1-02","恋爱/磨合","SC-S3-01","工作时间突变","NF-N1-03","被理解/被回应/被关心","Gate or conditional","N3-01","当「回应性」进入「恋爱/磨合」的「日常作息与生活管理」，遇到「工作时间突变」时，对重视「被理解/被回应/被关心」的人意味着什么？","constrained_mapping_v0.2","semantic_preflight"
"CC2-02132","PF-G01","回应性","SC-S2-01","日常作息与生活管理","SC-S1-02","恋爱/磨合","SC-S3-01","工作时间突变","NF-N1-05","安全/信任/可预测","Gate / conditional","N3-02/N3-06","当「回应性」进入「恋爱/磨合」的「日常作息与生活管理」，遇到「工作时间突变」时，对重视「安全/信任/可预测」的人意味着什么？","constrained_mapping_v0.2","semantic_preflight"
"CC2-02133","PF-G01","回应性","SC-S2-01","日常作息与生活管理","SC-S1-02","恋爱/磨合","SC-S3-01","工作时间突变","NF-N1-02","陪伴/连接/归属","Ideal range / conditional","N3-01/N3-05","当「回应性」进入「恋爱/磨合」的「日常作息与生活管理」，遇到「工作时间突变」时，对重视「陪伴/连接/归属」的人意味着什么？","constrained_mapping_v0.2","semantic_preflight"
"CC2-02134","PF-G01","回应性","SC-S2-01","日常作息与生活管理","SC-S1-02","恋爱/磨合","SC-S3-10","反复小问题累积","NF-N1-03","被理解/被回应/被关心","Gate or conditional","N3-01","当「回应性」进入「恋爱/磨合」的「日常作息与生活管理」，遇到「反复小问题累积」时，对重视「被理解/被回应/被关心」的人意味着什么？","constrained_mapping_v0.2","semantic_preflight"
"CC2-02135","PF-G01","回应性","SC-S2-01","日常作息与生活管理","SC-S1-02","恋爱/磨合","SC-S3-10","反复小问题累积","NF-N1-05","安全/信任/可预测","Gate / conditional","N3-02/N3-06","当「回应性」进入「恋爱/磨合」的「日常作息与生活管理」，遇到「反复小问题累积」时，对重视「安全/信任/可预测」的人意味着什么？","constrained_mapping_v0.2","semantic_preflight"
"CC2-02136","PF-G01","回应性","SC-S2-01","日常作息与生活管理","SC-S1-02","恋爱/磨合","SC-S3-10","反复小问题累积","NF-N1-02","陪伴/连接/归属","Ideal range / conditional","N3-01/N3-05","当「回应性」进入「恋爱/磨合」的「日常作息与生活管理」，遇到「反复小问题累积」时，对重视「陪伴/连接/归属」的人意味着什么？","constrained_mapping_v0.2","semantic_preflight"
"CC2-02137","PF-G01","回应性","SC-S2-01","日常作息与生活管理","SC-S1-04","同居/婚前","SC-S3-01","工作时间突变","NF-N1-03","被理解/被回应/被关心","Gate or conditional","N3-01","当「回应性」进入「同居/婚前」的「日常作息与生活管理」，遇到「工作时间突变」时，对重视「被理解/被回应/被关心」的人意味着什么？","constrained_mapping_v0.2","semantic_preflight"
"CC2-02138","PF-G01","回应性","SC-S2-01","日常作息与生活管理","SC-S1-04","同居/婚前","SC-S3-01","工作时间突变","NF-N1-05","安全/信任/可预测","Gate / conditional","N3-02/N3-06","当「回应性」进入「同居/婚前」的「日常作息与生活管理」，遇到「工作时间突变」时，对重视「安全/信任/可预测」的人意味着什么？","constrained_mapping_v0.2","semantic_preflight"
"CC2-02139","PF-G01","回应性","SC-S2-01","日常作息与生活管理","SC-S1-04","同居/婚前","SC-S3-01","工作时间突变","NF-N1-02","陪伴/连接/归属","Ideal range / conditional","N3-01/N3-05","当「回应性」进入「同居/婚前」的「日常作息与生活管理」，遇到「工作时间突变」时，对重视「陪伴/连接/归属」的人意味着什么？","constrained_mapping_v0.2","semantic_preflight"
"CC2-02140","PF-G01","回应性","SC-S2-01","日常作息与生活管理","SC-S1-04","同居/婚前","SC-S3-10","反复小问题累积","NF-N1-03","被理解/被回应/被关心","Gate or conditional","N3-01","当「回应性」进入「同居/婚前」的「日常作息与生活管理」，遇到「反复小问题累积」时，对重视「被理解/被回应/被关心」的人意味着什么？","constrained_mapping_v0.2","semantic_preflight"
"CC2-02141","PF-G01","回应性","SC-S2-01","日常作息与生活管理","SC-S1-04","同居/婚前","SC-S3-10","反复小问题累积","NF-N1-05","安全/信任/可预测","Gate / conditional","N3-02/N3-06","当「回应性」进入「同居/婚前」的「日常作息与生活管理」，遇到「反复小问题累积」时，对重视「安全/信任/可预测」的人意味着什么？","constrained_mapping_v0.2","semantic_preflight"
"CC2-02142","PF-G01","回应性","SC-S2-01","日常作息与生活管理","SC-S1-04","同居/婚前","SC-S3-10","反复小问题累积","NF-N1-02","陪伴/连接/归属","Ideal range / conditional","N3-01/N3-05","当「回应性」进入「同居/婚前」的「日常作息与生活管理」，遇到「反复小问题累积」时，对重视「陪伴/连接/归属」的人意味着什么？","constrained_mapping_v0.2","semantic_preflight"
"CC2-02143","PF-G01","回应性","SC-S2-01","日常作息与生活管理","SC-S1-07","婴幼儿照护","SC-S3-01","工作时间突变","NF-N1-03","被理解/被回应/被关心","Gate or conditional","N3-01","当「回应性」进入「婴幼儿照护」的「日常作息与生活管理」，遇到「工作时间突变」时，对重视「被理解/被回应/被关心」的人意味着什么？","constrained_mapping_v0.2","semantic_preflight"
"CC2-02144","PF-G01","回应性","SC-S2-01","日常作息与生活管理","SC-S1-07","婴幼儿照护","SC-S3-01","工作时间突变","NF-N1-05","安全/信任/可预测","Gate / conditional","N3-02/N3-06","当「回应性」进入「婴幼儿照护」的「日常作息与生活管理」，遇到「工作时间突变」时，对重视「安全/信任/可预测」的人意味着什么？","constrained_mapping_v0.2","semantic_preflight"
"CC2-02145","PF-G01","回应性","SC-S2-01","日常作息与生活管理","SC-S1-07","婴幼儿照护","SC-S3-01","工作时间突变","NF-N1-02","陪伴/连接/归属","Ideal range / conditional","N3-01/N3-05","当「回应性」进入「婴幼儿照护」的「日常作息与生活管理」，遇到「工作时间突变」时，对重视「陪伴/连接/归属」的人意味着什么？","constrained_mapping_v0.2","semantic_preflight"
"CC2-02146","PF-G01","回应性","SC-S2-01","日常作息与生活管理","SC-S1-07","婴幼儿照护","SC-S3-10","反复小问题累积","NF-N1-03","被理解/被回应/被关心","Gate or conditional","N3-01","当「回应性」进入「婴幼儿照护」的「日常作息与生活管理」，遇到「反复小问题累积」时，对重视「被理解/被回应/被关心」的人意味着什么？","constrained_mapping_v0.2","semantic_preflight"
"CC2-02147","PF-G01","回应性","SC-S2-01","日常作息与生活管理","SC-S1-07","婴幼儿照护","SC-S3-10","反复小问题累积","NF-N1-05","安全/信任/可预测","Gate / conditional","N3-02/N3-06","当「回应性」进入「婴幼儿照护」的「日常作息与生活管理」，遇到「反复小问题累积」时，对重视「安全/信任/可预测」的人意味着什么？","constrained_mapping_v0.2","semantic_preflight"
"CC2-02148","PF-G01","回应性","SC-S2-01","日常作息与生活管理","SC-S1-07","婴幼儿照护","SC-S3-10","反复小问题累积","NF-N1-02","陪伴/连接/归属","Ideal range / conditional","N3-01/N3-05","当「回应性」进入「婴幼儿照护」的「日常作息与生活管理」，遇到「反复小问题累积」时，对重视「陪伴/连接/归属」的人意味着什么？","constrained_mapping_v0.2","semantic_preflight"
"CC2-02149","PF-G01","回应性","SC-S2-11","健康/疾病/照护","SC-S1-03","稳定交往","SC-S3-08","本人健康变化","NF-N1-03","被理解/被回应/被关心","Gate or conditional","N3-01","当「回应性」进入「稳定交往」的「健康/疾病/照护」，遇到「本人健康变化」时，对重视「被理解/被回应/被关心」的人意味着什么？","constrained_mapping_v0.2","semantic_preflight"
"CC2-02150","PF-G01","回应性","SC-S2-11","健康/疾病/照护","SC-S1-03","稳定交往","SC-S3-08","本人健康变化","NF-N1-05","安全/信任/可预测","Gate / conditional","N3-02/N3-06","当「回应性」进入「稳定交往」的「健康/疾病/照护」，遇到「本人健康变化」时，对重视「安全/信任/可预测」的人意味着什么？","constrained_mapping_v0.2","semantic_preflight"
"CC2-02151","PF-G01","回应性","SC-S2-11","健康/疾病/照护","SC-S1-03","稳定交往","SC-S3-08","本人健康变化","NF-N1-02","陪伴/连接/归属","Ideal range / conditional","N3-01/N3-05","当「回应性」进入「稳定交往」的「健康/疾病/照护」，遇到「本人健康变化」时，对重视「陪伴/连接/归属」的人意味着什么？","constrained_mapping_v0.2","semantic_preflight"
"CC2-02152","PF-G01","回应性","SC-S2-11","健康/疾病/照护","SC-S1-03","稳定交往","SC-S3-07","父母责任变化","NF-N1-03","被理解/被回应/被关心","Gate or conditional","N3-01","当「回应性」进入「稳定交往」的「健康/疾病/照护」，遇到「父母责任变化」时，对重视「被理解/被回应/被关心」的人意味着什么？","constrained_mapping_v0.2","semantic_preflight"
"CC2-02153","PF-G01","回应性","SC-S2-11","健康/疾病/照护","SC-S1-03","稳定交往","SC-S3-07","父母责任变化","NF-N1-05","安全/信任/可预测","Gate / conditional","N3-02/N3-06","当「回应性」进入「稳定交往」的「健康/疾病/照护」，遇到「父母责任变化」时，对重视「安全/信任/可预测」的人意味着什么？","constrained_mapping_v0.2","semantic_preflight"
"CC2-02154","PF-G01","回应性","SC-S2-11","健康/疾病/照护","SC-S1-03","稳定交往","SC-S3-07","父母责任变化","NF-N1-02","陪伴/连接/归属","Ideal range / conditional","N3-01/N3-05","当「回应性」进入「稳定交往」的「健康/疾病/照护」，遇到「父母责任变化」时，对重视「陪伴/连接/归属」的人意味着什么？","constrained_mapping_v0.2","semantic_preflight"
"CC2-02155","PF-G01","回应性","SC-S2-11","健康/疾病/照护","SC-S1-06","备孕/怀孕/生育","SC-S3-08","本人健康变化","NF-N1-03","被理解/被回应/被关心","Gate or conditional","N3-01","当「回应性」进入「备孕/怀孕/生育」的「健康/疾病/照护」，遇到「本人健康变化」时，对重视「被理解/被回应/被关心」的人意味着什么？","constrained_mapping_v0.2","semantic_preflight"
"CC2-02156","PF-G01","回应性","SC-S2-11","健康/疾病/照护","SC-S1-06","备孕/怀孕/生育","SC-S3-08","本人健康变化","NF-N1-05","安全/信任/可预测","Gate / conditional","N3-02/N3-06","当「回应性」进入「备孕/怀孕/生育」的「健康/疾病/照护」，遇到「本人健康变化」时，对重视「安全/信任/可预测」的人意味着什么？","constrained_mapping_v0.2","semantic_preflight"
"CC2-02157","PF-G01","回应性","SC-S2-11","健康/疾病/照护","SC-S1-06","备孕/怀孕/生育","SC-S3-08","本人健康变化","NF-N1-02","陪伴/连接/归属","Ideal range / conditional","N3-01/N3-05","当「回应性」进入「备孕/怀孕/生育」的「健康/疾病/照护」，遇到「本人健康变化」时，对重视「陪伴/连接/归属」的人意味着什么？","constrained_mapping_v0.2","semantic_preflight"
"CC2-02158","PF-G01","回应性","SC-S2-11","健康/疾病/照护","SC-S1-06","备孕/怀孕/生育","SC-S3-07","父母责任变化","NF-N1-03","被理解/被回应/被关心","Gate or conditional","N3-01","当「回应性」进入「备孕/怀孕/生育」的「健康/疾病/照护」，遇到「父母责任变化」时，对重视「被理解/被回应/被关心」的人意味着什么？","constrained_mapping_v0.2","semantic_preflight"
"CC2-02159","PF-G01","回应性","SC-S2-11","健康/疾病/照护","SC-S1-06","备孕/怀孕/生育","SC-S3-07","父母责任变化","NF-N1-05","安全/信任/可预测","Gate / conditional","N3-02/N3-06","当「回应性」进入「备孕/怀孕/生育」的「健康/疾病/照护」，遇到「父母责任变化」时，对重视「安全/信任/可预测」的人意味着什么？","constrained_mapping_v0.2","semantic_preflight"
"CC2-02160","PF-G01","回应性","SC-S2-11","健康/疾病/照护","SC-S1-06","备孕/怀孕/生育","SC-S3-07","父母责任变化","NF-N1-02","陪伴/连接/归属","Ideal range / conditional","N3-01/N3-05","当「回应性」进入「备孕/怀孕/生育」的「健康/疾病/照护」，遇到「父母责任变化」时，对重视「陪伴/连接/归属」的人意味着什么？","constrained_mapping_v0.2","semantic_preflight"
"CC2-02161","PF-G01","回应性","SC-S2-11","健康/疾病/照护","SC-S1-07","婴幼儿照护","SC-S3-08","本人健康变化","NF-N1-03","被理解/被回应/被关心","Gate or conditional","N3-01","当「回应性」进入「婴幼儿照护」的「健康/疾病/照护」，遇到「本人健康变化」时，对重视「被理解/被回应/被关心」的人意味着什么？","constrained_mapping_v0.2","semantic_preflight"
"CC2-02162","PF-G01","回应性","SC-S2-11","健康/疾病/照护","SC-S1-07","婴幼儿照护","SC-S3-08","本人健康变化","NF-N1-05","安全/信任/可预测","Gate / conditional","N3-02/N3-06","当「回应性」进入「婴幼儿照护」的「健康/疾病/照护」，遇到「本人健康变化」时，对重视「安全/信任/可预测」的人意味着什么？","constrained_mapping_v0.2","semantic_preflight"
"CC2-02163","PF-G01","回应性","SC-S2-11","健康/疾病/照护","SC-S1-07","婴幼儿照护","SC-S3-08","本人健康变化","NF-N1-02","陪伴/连接/归属","Ideal range / conditional","N3-01/N3-05","当「回应性」进入「婴幼儿照护」的「健康/疾病/照护」，遇到「本人健康变化」时，对重视「陪伴/连接/归属」的人意味着什么？","constrained_mapping_v0.2","semantic_preflight"
"CC2-02164","PF-G01","回应性","SC-S2-11","健康/疾病/照护","SC-S1-07","婴幼儿照护","SC-S3-07","父母责任变化","NF-N1-03","被理解/被回应/被关心","Gate or conditional","N3-01","当「回应性」进入「婴幼儿照护」的「健康/疾病/照护」，遇到「父母责任变化」时，对重视「被理解/被回应/被关心」的人意味着什么？","constrained_mapping_v0.2","semantic_preflight"
"CC2-02165","PF-G01","回应性","SC-S2-11","健康/疾病/照护","SC-S1-07","婴幼儿照护","SC-S3-07","父母责任变化","NF-N1-05","安全/信任/可预测","Gate / conditional","N3-02/N3-06","当「回应性」进入「婴幼儿照护」的「健康/疾病/照护」，遇到「父母责任变化」时，对重视「安全/信任/可预测」的人意味着什么？","constrained_mapping_v0.2","semantic_preflight"
"CC2-02166","PF-G01","回应性","SC-S2-11","健康/疾病/照护","SC-S1-07","婴幼儿照护","SC-S3-07","父母责任变化","NF-N1-02","陪伴/连接/归属","Ideal range / conditional","N3-01/N3-05","当「回应性」进入「婴幼儿照护」的「健康/疾病/照护」，遇到「父母责任变化」时，对重视「陪伴/连接/归属」的人意味着什么？","constrained_mapping_v0.2","semantic_preflight"
"CC2-02167","PF-G01","回应性","SC-S2-11","健康/疾病/照护","SC-S1-10","退休/老年/长期照护","SC-S3-08","本人健康变化","NF-N1-03","被理解/被回应/被关心","Gate or conditional","N3-01","当「回应性」进入「退休/老年/长期照护」的「健康/疾病/照护」，遇到「本人健康变化」时，对重视「被理解/被回应/被关心」的人意味着什么？","constrained_mapping_v0.2","semantic_preflight"
"CC2-02168","PF-G01","回应性","SC-S2-11","健康/疾病/照护","SC-S1-10","退休/老年/长期照护","SC-S3-08","本人健康变化","NF-N1-05","安全/信任/可预测","Gate / conditional","N3-02/N3-06","当「回应性」进入「退休/老年/长期照护」的「健康/疾病/照护」，遇到「本人健康变化」时，对重视「安全/信任/可预测」的人意味着什么？","constrained_mapping_v0.2","semantic_preflight"
"CC2-02169","PF-G01","回应性","SC-S2-11","健康/疾病/照护","SC-S1-10","退休/老年/长期照护","SC-S3-08","本人健康变化","NF-N1-02","陪伴/连接/归属","Ideal range / conditional","N3-01/N3-05","当「回应性」进入「退休/老年/长期照护」的「健康/疾病/照护」，遇到「本人健康变化」时，对重视「陪伴/连接/归属」的人意味着什么？","constrained_mapping_v0.2","semantic_preflight"
"CC2-02170","PF-G01","回应性","SC-S2-11","健康/疾病/照护","SC-S1-10","退休/老年/长期照护","SC-S3-07","父母责任变化","NF-N1-03","被理解/被回应/被关心","Gate or conditional","N3-01","当「回应性」进入「退休/老年/长期照护」的「健康/疾病/照护」，遇到「父母责任变化」时，对重视「被理解/被回应/被关心」的人意味着什么？","constrained_mapping_v0.2","semantic_preflight"
"CC2-02171","PF-G01","回应性","SC-S2-11","健康/疾病/照护","SC-S1-10","退休/老年/长期照护","SC-S3-07","父母责任变化","NF-N1-05","安全/信任/可预测","Gate / conditional","N3-02/N3-06","当「回应性」进入「退休/老年/长期照护」的「健康/疾病/照护」，遇到「父母责任变化」时，对重视「安全/信任/可预测」的人意味着什么？","constrained_mapping_v0.2","semantic_preflight"
"CC2-02172","PF-G01","回应性","SC-S2-11","健康/疾病/照护","SC-S1-10","退休/老年/长期照护","SC-S3-07","父母责任变化","NF-N1-02","陪伴/连接/归属","Ideal range / conditional","N3-01/N3-05","当「回应性」进入「退休/老年/长期照护」的「健康/疾病/照护」，遇到「父母责任变化」时，对重视「陪伴/连接/归属」的人意味着什么？","constrained_mapping_v0.2","semantic_preflight"
"CC2-02173","PF-G01","回应性","SC-S2-02","工作/事业/学习","SC-S1-02","恋爱/磨合","SC-S3-01","工作时间突变","NF-N1-03","被理解/被回应/被关心","Gate or conditional","N3-01","当「回应性」进入「恋爱/磨合」的「工作/事业/学习」，遇到「工作时间突变」时，对重视「被理解/被回应/被关心」的人意味着什么？","constrained_mapping_v0.2","semantic_preflight"
"CC2-02174","PF-G01","回应性","SC-S2-02","工作/事业/学习","SC-S1-02","恋爱/磨合","SC-S3-01","工作时间突变","NF-N1-05","安全/信任/可预测","Gate / conditional","N3-02/N3-06","当「回应性」进入「恋爱/磨合」的「工作/事业/学习」，遇到「工作时间突变」时，对重视「安全/信任/可预测」的人意味着什么？","constrained_mapping_v0.2","semantic_preflight"
"CC2-02175","PF-G01","回应性","SC-S2-02","工作/事业/学习","SC-S1-02","恋爱/磨合","SC-S3-01","工作时间突变","NF-N1-02","陪伴/连接/归属","Ideal range / conditional","N3-01/N3-05","当「回应性」进入「恋爱/磨合」的「工作/事业/学习」，遇到「工作时间突变」时，对重视「陪伴/连接/归属」的人意味着什么？","constrained_mapping_v0.2","semantic_preflight"
"CC2-02176","PF-G01","回应性","SC-S2-02","工作/事业/学习","SC-S1-02","恋爱/磨合","SC-S3-02","事业机会/职业转折","NF-N1-03","被理解/被回应/被关心","Gate or conditional","N3-01","当「回应性」进入「恋爱/磨合」的「工作/事业/学习」，遇到「事业机会/职业转折」时，对重视「被理解/被回应/被关心」的人意味着什么？","constrained_mapping_v0.2","semantic_preflight"
"CC2-02177","PF-G01","回应性","SC-S2-02","工作/事业/学习","SC-S1-02","恋爱/磨合","SC-S3-02","事业机会/职业转折","NF-N1-05","安全/信任/可预测","Gate / conditional","N3-02/N3-06","当「回应性」进入「恋爱/磨合」的「工作/事业/学习」，遇到「事业机会/职业转折」时，对重视「安全/信任/可预测」的人意味着什么？","constrained_mapping_v0.2","semantic_preflight"
"CC2-02178","PF-G01","回应性","SC-S2-02","工作/事业/学习","SC-S1-02","恋爱/磨合","SC-S3-02","事业机会/职业转折","NF-N1-02","陪伴/连接/归属","Ideal range / conditional","N3-01/N3-05","当「回应性」进入「恋爱/磨合」的「工作/事业/学习」，遇到「事业机会/职业转折」时，对重视「陪伴/连接/归属」的人意味着什么？","constrained_mapping_v0.2","semantic_preflight"
"CC2-02179","PF-G01","回应性","SC-S2-02","工作/事业/学习","SC-S1-05","结婚/建立家庭","SC-S3-01","工作时间突变","NF-N1-03","被理解/被回应/被关心","Gate or conditional","N3-01","当「回应性」进入「结婚/建立家庭」的「工作/事业/学习」，遇到「工作时间突变」时，对重视「被理解/被回应/被关心」的人意味着什么？","constrained_mapping_v0.2","semantic_preflight"
"CC2-02180","PF-G01","回应性","SC-S2-02","工作/事业/学习","SC-S1-05","结婚/建立家庭","SC-S3-01","工作时间突变","NF-N1-05","安全/信任/可预测","Gate / conditional","N3-02/N3-06","当「回应性」进入「结婚/建立家庭」的「工作/事业/学习」，遇到「工作时间突变」时，对重视「安全/信任/可预测」的人意味着什么？","constrained_mapping_v0.2","semantic_preflight"
"CC2-02181","PF-G01","回应性","SC-S2-02","工作/事业/学习","SC-S1-05","结婚/建立家庭","SC-S3-01","工作时间突变","NF-N1-02","陪伴/连接/归属","Ideal range / conditional","N3-01/N3-05","当「回应性」进入「结婚/建立家庭」的「工作/事业/学习」，遇到「工作时间突变」时，对重视「陪伴/连接/归属」的人意味着什么？","constrained_mapping_v0.2","semantic_preflight"
"CC2-02182","PF-G01","回应性","SC-S2-02","工作/事业/学习","SC-S1-05","结婚/建立家庭","SC-S3-02","事业机会/职业转折","NF-N1-03","被理解/被回应/被关心","Gate or conditional","N3-01","当「回应性」进入「结婚/建立家庭」的「工作/事业/学习」，遇到「事业机会/职业转折」时，对重视「被理解/被回应/被关心」的人意味着什么？","constrained_mapping_v0.2","semantic_preflight"
"CC2-02183","PF-G01","回应性","SC-S2-02","工作/事业/学习","SC-S1-05","结婚/建立家庭","SC-S3-02","事业机会/职业转折","NF-N1-05","安全/信任/可预测","Gate / conditional","N3-02/N3-06","当「回应性」进入「结婚/建立家庭」的「工作/事业/学习」，遇到「事业机会/职业转折」时，对重视「安全/信任/可预测」的人意味着什么？","constrained_mapping_v0.2","semantic_preflight"
"CC2-02184","PF-G01","回应性","SC-S2-02","工作/事业/学习","SC-S1-05","结婚/建立家庭","SC-S3-02","事业机会/职业转折","NF-N1-02","陪伴/连接/归属","Ideal range / conditional","N3-01/N3-05","当「回应性」进入「结婚/建立家庭」的「工作/事业/学习」，遇到「事业机会/职业转折」时，对重视「陪伴/连接/归属」的人意味着什么？","constrained_mapping_v0.2","semantic_preflight"
"CC2-02185","PF-G01","回应性","SC-S2-02","工作/事业/学习","SC-S1-09","中年多重责任","SC-S3-01","工作时间突变","NF-N1-03","被理解/被回应/被关心","Gate or conditional","N3-01","当「回应性」进入「中年多重责任」的「工作/事业/学习」，遇到「工作时间突变」时，对重视「被理解/被回应/被关心」的人意味着什么？","constrained_mapping_v0.2","semantic_preflight"
"CC2-02186","PF-G01","回应性","SC-S2-02","工作/事业/学习","SC-S1-09","中年多重责任","SC-S3-01","工作时间突变","NF-N1-05","安全/信任/可预测","Gate / conditional","N3-02/N3-06","当「回应性」进入「中年多重责任」的「工作/事业/学习」，遇到「工作时间突变」时，对重视「安全/信任/可预测」的人意味着什么？","constrained_mapping_v0.2","semantic_preflight"
"CC2-02187","PF-G01","回应性","SC-S2-02","工作/事业/学习","SC-S1-09","中年多重责任","SC-S3-01","工作时间突变","NF-N1-02","陪伴/连接/归属","Ideal range / conditional","N3-01/N3-05","当「回应性」进入「中年多重责任」的「工作/事业/学习」，遇到「工作时间突变」时，对重视「陪伴/连接/归属」的人意味着什么？","constrained_mapping_v0.2","semantic_preflight"
"CC2-02188","PF-G01","回应性","SC-S2-02","工作/事业/学习","SC-S1-09","中年多重责任","SC-S3-02","事业机会/职业转折","NF-N1-03","被理解/被回应/被关心","Gate or conditional","N3-01","当「回应性」进入「中年多重责任」的「工作/事业/学习」，遇到「事业机会/职业转折」时，对重视「被理解/被回应/被关心」的人意味着什么？","constrained_mapping_v0.2","semantic_preflight"
"CC2-02189","PF-G01","回应性","SC-S2-02","工作/事业/学习","SC-S1-09","中年多重责任","SC-S3-02","事业机会/职业转折","NF-N1-05","安全/信任/可预测","Gate / conditional","N3-02/N3-06","当「回应性」进入「中年多重责任」的「工作/事业/学习」，遇到「事业机会/职业转折」时，对重视「安全/信任/可预测」的人意味着什么？","constrained_mapping_v0.2","semantic_preflight"
"CC2-02190","PF-G01","回应性","SC-S2-02","工作/事业/学习","SC-S1-09","中年多重责任","SC-S3-02","事业机会/职业转折","NF-N1-02","陪伴/连接/归属","Ideal range / conditional","N3-01/N3-05","当「回应性」进入「中年多重责任」的「工作/事业/学习」，遇到「事业机会/职业转折」时，对重视「陪伴/连接/归属」的人意味着什么？","constrained_mapping_v0.2","semantic_preflight"
"CC2-02191","PF-G02","承诺执行/可靠","SC-S2-11","健康/疾病/照护","SC-S1-03","稳定交往","SC-S3-08","本人健康变化","NF-N1-07","公平/可靠/合作","Conditional / gate","N3-02/N3-03","当「承诺执行/可靠」进入「稳定交往」的「健康/疾病/照护」，遇到「本人健康变化」时，对重视「公平/可靠/合作」的人意味着什么？","constrained_mapping_v0.2","semantic_preflight"
"CC2-02192","PF-G02","承诺执行/可靠","SC-S2-11","健康/疾病/照护","SC-S1-03","稳定交往","SC-S3-08","本人健康变化","NF-N1-05","安全/信任/可预测","Gate / conditional","N3-02/N3-06","当「承诺执行/可靠」进入「稳定交往」的「健康/疾病/照护」，遇到「本人健康变化」时，对重视「安全/信任/可预测」的人意味着什么？","constrained_mapping_v0.2","semantic_preflight"
"CC2-02193","PF-G02","承诺执行/可靠","SC-S2-11","健康/疾病/照护","SC-S1-03","稳定交往","SC-S3-08","本人健康变化","NF-N1-03","被理解/被回应/被关心","Gate or conditional","N3-01","当「承诺执行/可靠」进入「稳定交往」的「健康/疾病/照护」，遇到「本人健康变化」时，对重视「被理解/被回应/被关心」的人意味着什么？","constrained_mapping_v0.2","semantic_preflight"
"CC2-02194","PF-G02","承诺执行/可靠","SC-S2-11","健康/疾病/照护","SC-S1-03","稳定交往","SC-S3-07","父母责任变化","NF-N1-07","公平/可靠/合作","Conditional / gate","N3-02/N3-03","当「承诺执行/可靠」进入「稳定交往」的「健康/疾病/照护」，遇到「父母责任变化」时，对重视「公平/可靠/合作」的人意味着什么？","constrained_mapping_v0.2","semantic_preflight"
"CC2-02195","PF-G02","承诺执行/可靠","SC-S2-11","健康/疾病/照护","SC-S1-03","稳定交往","SC-S3-07","父母责任变化","NF-N1-05","安全/信任/可预测","Gate / conditional","N3-02/N3-06","当「承诺执行/可靠」进入「稳定交往」的「健康/疾病/照护」，遇到「父母责任变化」时，对重视「安全/信任/可预测」的人意味着什么？","constrained_mapping_v0.2","semantic_preflight"
"CC2-02196","PF-G02","承诺执行/可靠","SC-S2-11","健康/疾病/照护","SC-S1-03","稳定交往","SC-S3-07","父母责任变化","NF-N1-03","被理解/被回应/被关心","Gate or conditional","N3-01","当「承诺执行/可靠」进入「稳定交往」的「健康/疾病/照护」，遇到「父母责任变化」时，对重视「被理解/被回应/被关心」的人意味着什么？","constrained_mapping_v0.2","semantic_preflight"
"CC2-02197","PF-G02","承诺执行/可靠","SC-S2-11","健康/疾病/照护","SC-S1-06","备孕/怀孕/生育","SC-S3-08","本人健康变化","NF-N1-07","公平/可靠/合作","Conditional / gate","N3-02/N3-03","当「承诺执行/可靠」进入「备孕/怀孕/生育」的「健康/疾病/照护」，遇到「本人健康变化」时，对重视「公平/可靠/合作」的人意味着什么？","constrained_mapping_v0.2","semantic_preflight"
"CC2-02198","PF-G02","承诺执行/可靠","SC-S2-11","健康/疾病/照护","SC-S1-06","备孕/怀孕/生育","SC-S3-08","本人健康变化","NF-N1-05","安全/信任/可预测","Gate / conditional","N3-02/N3-06","当「承诺执行/可靠」进入「备孕/怀孕/生育」的「健康/疾病/照护」，遇到「本人健康变化」时，对重视「安全/信任/可预测」的人意味着什么？","constrained_mapping_v0.2","semantic_preflight"
"CC2-02199","PF-G02","承诺执行/可靠","SC-S2-11","健康/疾病/照护","SC-S1-06","备孕/怀孕/生育","SC-S3-08","本人健康变化","NF-N1-03","被理解/被回应/被关心","Gate or conditional","N3-01","当「承诺执行/可靠」进入「备孕/怀孕/生育」的「健康/疾病/照护」，遇到「本人健康变化」时，对重视「被理解/被回应/被关心」的人意味着什么？","constrained_mapping_v0.2","semantic_preflight"
"CC2-02200","PF-G02","承诺执行/可靠","SC-S2-11","健康/疾病/照护","SC-S1-06","备孕/怀孕/生育","SC-S3-07","父母责任变化","NF-N1-07","公平/可靠/合作","Conditional / gate","N3-02/N3-03","当「承诺执行/可靠」进入「备孕/怀孕/生育」的「健康/疾病/照护」，遇到「父母责任变化」时，对重视「公平/可靠/合作」的人意味着什么？","constrained_mapping_v0.2","semantic_preflight"
"CC2-02201","PF-G02","承诺执行/可靠","SC-S2-11","健康/疾病/照护","SC-S1-06","备孕/怀孕/生育","SC-S3-07","父母责任变化","NF-N1-05","安全/信任/可预测","Gate / conditional","N3-02/N3-06","当「承诺执行/可靠」进入「备孕/怀孕/生育」的「健康/疾病/照护」，遇到「父母责任变化」时，对重视「安全/信任/可预测」的人意味着什么？","constrained_mapping_v0.2","semantic_preflight"
"CC2-02202","PF-G02","承诺执行/可靠","SC-S2-11","健康/疾病/照护","SC-S1-06","备孕/怀孕/生育","SC-S3-07","父母责任变化","NF-N1-03","被理解/被回应/被关心","Gate or conditional","N3-01","当「承诺执行/可靠」进入「备孕/怀孕/生育」的「健康/疾病/照护」，遇到「父母责任变化」时，对重视「被理解/被回应/被关心」的人意味着什么？","constrained_mapping_v0.2","semantic_preflight"
"CC2-02203","PF-G02","承诺执行/可靠","SC-S2-11","健康/疾病/照护","SC-S1-07","婴幼儿照护","SC-S3-08","本人健康变化","NF-N1-07","公平/可靠/合作","Conditional / gate","N3-02/N3-03","当「承诺执行/可靠」进入「婴幼儿照护」的「健康/疾病/照护」，遇到「本人健康变化」时，对重视「公平/可靠/合作」的人意味着什么？","constrained_mapping_v0.2","semantic_preflight"
"CC2-02204","PF-G02","承诺执行/可靠","SC-S2-11","健康/疾病/照护","SC-S1-07","婴幼儿照护","SC-S3-08","本人健康变化","NF-N1-05","安全/信任/可预测","Gate / conditional","N3-02/N3-06","当「承诺执行/可靠」进入「婴幼儿照护」的「健康/疾病/照护」，遇到「本人健康变化」时，对重视「安全/信任/可预测」的人意味着什么？","constrained_mapping_v0.2","semantic_preflight"
"CC2-02205","PF-G02","承诺执行/可靠","SC-S2-11","健康/疾病/照护","SC-S1-07","婴幼儿照护","SC-S3-08","本人健康变化","NF-N1-03","被理解/被回应/被关心","Gate or conditional","N3-01","当「承诺执行/可靠」进入「婴幼儿照护」的「健康/疾病/照护」，遇到「本人健康变化」时，对重视「被理解/被回应/被关心」的人意味着什么？","constrained_mapping_v0.2","semantic_preflight"
"CC2-02206","PF-G02","承诺执行/可靠","SC-S2-11","健康/疾病/照护","SC-S1-07","婴幼儿照护","SC-S3-07","父母责任变化","NF-N1-07","公平/可靠/合作","Conditional / gate","N3-02/N3-03","当「承诺执行/可靠」进入「婴幼儿照护」的「健康/疾病/照护」，遇到「父母责任变化」时，对重视「公平/可靠/合作」的人意味着什么？","constrained_mapping_v0.2","semantic_preflight"
"CC2-02207","PF-G02","承诺执行/可靠","SC-S2-11","健康/疾病/照护","SC-S1-07","婴幼儿照护","SC-S3-07","父母责任变化","NF-N1-05","安全/信任/可预测","Gate / conditional","N3-02/N3-06","当「承诺执行/可靠」进入「婴幼儿照护」的「健康/疾病/照护」，遇到「父母责任变化」时，对重视「安全/信任/可预测」的人意味着什么？","constrained_mapping_v0.2","semantic_preflight"
"CC2-02208","PF-G02","承诺执行/可靠","SC-S2-11","健康/疾病/照护","SC-S1-07","婴幼儿照护","SC-S3-07","父母责任变化","NF-N1-03","被理解/被回应/被关心","Gate or conditional","N3-01","当「承诺执行/可靠」进入「婴幼儿照护」的「健康/疾病/照护」，遇到「父母责任变化」时，对重视「被理解/被回应/被关心」的人意味着什么？","constrained_mapping_v0.2","semantic_preflight"
"CC2-02209","PF-G02","承诺执行/可靠","SC-S2-11","健康/疾病/照护","SC-S1-10","退休/老年/长期照护","SC-S3-08","本人健康变化","NF-N1-07","公平/可靠/合作","Conditional / gate","N3-02/N3-03","当「承诺执行/可靠」进入「退休/老年/长期照护」的「健康/疾病/照护」，遇到「本人健康变化」时，对重视「公平/可靠/合作」的人意味着什么？","constrained_mapping_v0.2","semantic_preflight"
"CC2-02210","PF-G02","承诺执行/可靠","SC-S2-11","健康/疾病/照护","SC-S1-10","退休/老年/长期照护","SC-S3-08","本人健康变化","NF-N1-05","安全/信任/可预测","Gate / conditional","N3-02/N3-06","当「承诺执行/可靠」进入「退休/老年/长期照护」的「健康/疾病/照护」，遇到「本人健康变化」时，对重视「安全/信任/可预测」的人意味着什么？","constrained_mapping_v0.2","semantic_preflight"
"CC2-02211","PF-G02","承诺执行/可靠","SC-S2-11","健康/疾病/照护","SC-S1-10","退休/老年/长期照护","SC-S3-08","本人健康变化","NF-N1-03","被理解/被回应/被关心","Gate or conditional","N3-01","当「承诺执行/可靠」进入「退休/老年/长期照护」的「健康/疾病/照护」，遇到「本人健康变化」时，对重视「被理解/被回应/被关心」的人意味着什么？","constrained_mapping_v0.2","semantic_preflight"
"CC2-02212","PF-G02","承诺执行/可靠","SC-S2-11","健康/疾病/照护","SC-S1-10","退休/老年/长期照护","SC-S3-07","父母责任变化","NF-N1-07","公平/可靠/合作","Conditional / gate","N3-02/N3-03","当「承诺执行/可靠」进入「退休/老年/长期照护」的「健康/疾病/照护」，遇到「父母责任变化」时，对重视「公平/可靠/合作」的人意味着什么？","constrained_mapping_v0.2","semantic_preflight"
"CC2-02213","PF-G02","承诺执行/可靠","SC-S2-11","健康/疾病/照护","SC-S1-10","退休/老年/长期照护","SC-S3-07","父母责任变化","NF-N1-05","安全/信任/可预测","Gate / conditional","N3-02/N3-06","当「承诺执行/可靠」进入「退休/老年/长期照护」的「健康/疾病/照护」，遇到「父母责任变化」时，对重视「安全/信任/可预测」的人意味着什么？","constrained_mapping_v0.2","semantic_preflight"
"CC2-02214","PF-G02","承诺执行/可靠","SC-S2-11","健康/疾病/照护","SC-S1-10","退休/老年/长期照护","SC-S3-07","父母责任变化","NF-N1-03","被理解/被回应/被关心","Gate or conditional","N3-01","当「承诺执行/可靠」进入「退休/老年/长期照护」的「健康/疾病/照护」，遇到「父母责任变化」时，对重视「被理解/被回应/被关心」的人意味着什么？","constrained_mapping_v0.2","semantic_preflight"
"CC2-02215","PF-G02","承诺执行/可靠","SC-S2-06","孩子/生育/教育","SC-S1-05","结婚/建立家庭","SC-S3-06","生育/育儿转折","NF-N1-07","公平/可靠/合作","Conditional / gate","N3-02/N3-03","当「承诺执行/可靠」进入「结婚/建立家庭」的「孩子/生育/教育」，遇到「生育/育儿转折」时，对重视「公平/可靠/合作」的人意味着什么？","constrained_mapping_v0.2","semantic_preflight"
"CC2-02216","PF-G02","承诺执行/可靠","SC-S2-06","孩子/生育/教育","SC-S1-05","结婚/建立家庭","SC-S3-06","生育/育儿转折","NF-N1-05","安全/信任/可预测","Gate / conditional","N3-02/N3-06","当「承诺执行/可靠」进入「结婚/建立家庭」的「孩子/生育/教育」，遇到「生育/育儿转折」时，对重视「安全/信任/可预测」的人意味着什么？","constrained_mapping_v0.2","semantic_preflight"
"CC2-02217","PF-G02","承诺执行/可靠","SC-S2-06","孩子/生育/教育","SC-S1-05","结婚/建立家庭","SC-S3-06","生育/育儿转折","NF-N1-03","被理解/被回应/被关心","Gate or conditional","N3-01","当「承诺执行/可靠」进入「结婚/建立家庭」的「孩子/生育/教育」，遇到「生育/育儿转折」时，对重视「被理解/被回应/被关心」的人意味着什么？","constrained_mapping_v0.2","semantic_preflight"
"CC2-02218","PF-G02","承诺执行/可靠","SC-S2-06","孩子/生育/教育","SC-S1-05","结婚/建立家庭","SC-S3-01","工作时间突变","NF-N1-07","公平/可靠/合作","Conditional / gate","N3-02/N3-03","当「承诺执行/可靠」进入「结婚/建立家庭」的「孩子/生育/教育」，遇到「工作时间突变」时，对重视「公平/可靠/合作」的人意味着什么？","constrained_mapping_v0.2","semantic_preflight"
"CC2-02219","PF-G02","承诺执行/可靠","SC-S2-06","孩子/生育/教育","SC-S1-05","结婚/建立家庭","SC-S3-01","工作时间突变","NF-N1-05","安全/信任/可预测","Gate / conditional","N3-02/N3-06","当「承诺执行/可靠」进入「结婚/建立家庭」的「孩子/生育/教育」，遇到「工作时间突变」时，对重视「安全/信任/可预测」的人意味着什么？","constrained_mapping_v0.2","semantic_preflight"
"CC2-02220","PF-G02","承诺执行/可靠","SC-S2-06","孩子/生育/教育","SC-S1-05","结婚/建立家庭","SC-S3-01","工作时间突变","NF-N1-03","被理解/被回应/被关心","Gate or conditional","N3-01","当「承诺执行/可靠」进入「结婚/建立家庭」的「孩子/生育/教育」，遇到「工作时间突变」时，对重视「被理解/被回应/被关心」的人意味着什么？","constrained_mapping_v0.2","semantic_preflight"
"CC2-02221","PF-G02","承诺执行/可靠","SC-S2-06","孩子/生育/教育","SC-S1-06","备孕/怀孕/生育","SC-S3-06","生育/育儿转折","NF-N1-07","公平/可靠/合作","Conditional / gate","N3-02/N3-03","当「承诺执行/可靠」进入「备孕/怀孕/生育」的「孩子/生育/教育」，遇到「生育/育儿转折」时，对重视「公平/可靠/合作」的人意味着什么？","constrained_mapping_v0.2","semantic_preflight"
"CC2-02222","PF-G02","承诺执行/可靠","SC-S2-06","孩子/生育/教育","SC-S1-06","备孕/怀孕/生育","SC-S3-06","生育/育儿转折","NF-N1-05","安全/信任/可预测","Gate / conditional","N3-02/N3-06","当「承诺执行/可靠」进入「备孕/怀孕/生育」的「孩子/生育/教育」，遇到「生育/育儿转折」时，对重视「安全/信任/可预测」的人意味着什么？","constrained_mapping_v0.2","semantic_preflight"
"CC2-02223","PF-G02","承诺执行/可靠","SC-S2-06","孩子/生育/教育","SC-S1-06","备孕/怀孕/生育","SC-S3-06","生育/育儿转折","NF-N1-03","被理解/被回应/被关心","Gate or conditional","N3-01","当「承诺执行/可靠」进入「备孕/怀孕/生育」的「孩子/生育/教育」，遇到「生育/育儿转折」时，对重视「被理解/被回应/被关心」的人意味着什么？","constrained_mapping_v0.2","semantic_preflight"
"CC2-02224","PF-G02","承诺执行/可靠","SC-S2-06","孩子/生育/教育","SC-S1-06","备孕/怀孕/生育","SC-S3-01","工作时间突变","NF-N1-07","公平/可靠/合作","Conditional / gate","N3-02/N3-03","当「承诺执行/可靠」进入「备孕/怀孕/生育」的「孩子/生育/教育」，遇到「工作时间突变」时，对重视「公平/可靠/合作」的人意味着什么？","constrained_mapping_v0.2","semantic_preflight"
"CC2-02225","PF-G02","承诺执行/可靠","SC-S2-06","孩子/生育/教育","SC-S1-06","备孕/怀孕/生育","SC-S3-01","工作时间突变","NF-N1-05","安全/信任/可预测","Gate / conditional","N3-02/N3-06","当「承诺执行/可靠」进入「备孕/怀孕/生育」的「孩子/生育/教育」，遇到「工作时间突变」时，对重视「安全/信任/可预测」的人意味着什么？","constrained_mapping_v0.2","semantic_preflight"
"CC2-02226","PF-G02","承诺执行/可靠","SC-S2-06","孩子/生育/教育","SC-S1-06","备孕/怀孕/生育","SC-S3-01","工作时间突变","NF-N1-03","被理解/被回应/被关心","Gate or conditional","N3-01","当「承诺执行/可靠」进入「备孕/怀孕/生育」的「孩子/生育/教育」，遇到「工作时间突变」时，对重视「被理解/被回应/被关心」的人意味着什么？","constrained_mapping_v0.2","semantic_preflight"
"CC2-02227","PF-G02","承诺执行/可靠","SC-S2-06","孩子/生育/教育","SC-S1-07","婴幼儿照护","SC-S3-06","生育/育儿转折","NF-N1-07","公平/可靠/合作","Conditional / gate","N3-02/N3-03","当「承诺执行/可靠」进入「婴幼儿照护」的「孩子/生育/教育」，遇到「生育/育儿转折」时，对重视「公平/可靠/合作」的人意味着什么？","constrained_mapping_v0.2","semantic_preflight"
"CC2-02228","PF-G02","承诺执行/可靠","SC-S2-06","孩子/生育/教育","SC-S1-07","婴幼儿照护","SC-S3-06","生育/育儿转折","NF-N1-05","安全/信任/可预测","Gate / conditional","N3-02/N3-06","当「承诺执行/可靠」进入「婴幼儿照护」的「孩子/生育/教育」，遇到「生育/育儿转折」时，对重视「安全/信任/可预测」的人意味着什么？","constrained_mapping_v0.2","semantic_preflight"
"CC2-02229","PF-G02","承诺执行/可靠","SC-S2-06","孩子/生育/教育","SC-S1-07","婴幼儿照护","SC-S3-06","生育/育儿转折","NF-N1-03","被理解/被回应/被关心","Gate or conditional","N3-01","当「承诺执行/可靠」进入「婴幼儿照护」的「孩子/生育/教育」，遇到「生育/育儿转折」时，对重视「被理解/被回应/被关心」的人意味着什么？","constrained_mapping_v0.2","semantic_preflight"
"CC2-02230","PF-G02","承诺执行/可靠","SC-S2-06","孩子/生育/教育","SC-S1-07","婴幼儿照护","SC-S3-01","工作时间突变","NF-N1-07","公平/可靠/合作","Conditional / gate","N3-02/N3-03","当「承诺执行/可靠」进入「婴幼儿照护」的「孩子/生育/教育」，遇到「工作时间突变」时，对重视「公平/可靠/合作」的人意味着什么？","constrained_mapping_v0.2","semantic_preflight"
"CC2-02231","PF-G02","承诺执行/可靠","SC-S2-06","孩子/生育/教育","SC-S1-07","婴幼儿照护","SC-S3-01","工作时间突变","NF-N1-05","安全/信任/可预测","Gate / conditional","N3-02/N3-06","当「承诺执行/可靠」进入「婴幼儿照护」的「孩子/生育/教育」，遇到「工作时间突变」时，对重视「安全/信任/可预测」的人意味着什么？","constrained_mapping_v0.2","semantic_preflight"
"CC2-02232","PF-G02","承诺执行/可靠","SC-S2-06","孩子/生育/教育","SC-S1-07","婴幼儿照护","SC-S3-01","工作时间突变","NF-N1-03","被理解/被回应/被关心","Gate or conditional","N3-01","当「承诺执行/可靠」进入「婴幼儿照护」的「孩子/生育/教育」，遇到「工作时间突变」时，对重视「被理解/被回应/被关心」的人意味着什么？","constrained_mapping_v0.2","semantic_preflight"
"CC2-02233","PF-G02","承诺执行/可靠","SC-S2-06","孩子/生育/教育","SC-S1-08","孩子成长/教育","SC-S3-06","生育/育儿转折","NF-N1-07","公平/可靠/合作","Conditional / gate","N3-02/N3-03","当「承诺执行/可靠」进入「孩子成长/教育」的「孩子/生育/教育」，遇到「生育/育儿转折」时，对重视「公平/可靠/合作」的人意味着什么？","constrained_mapping_v0.2","semantic_preflight"
"CC2-02234","PF-G02","承诺执行/可靠","SC-S2-06","孩子/生育/教育","SC-S1-08","孩子成长/教育","SC-S3-06","生育/育儿转折","NF-N1-05","安全/信任/可预测","Gate / conditional","N3-02/N3-06","当「承诺执行/可靠」进入「孩子成长/教育」的「孩子/生育/教育」，遇到「生育/育儿转折」时，对重视「安全/信任/可预测」的人意味着什么？","constrained_mapping_v0.2","semantic_preflight"
"CC2-02235","PF-G02","承诺执行/可靠","SC-S2-06","孩子/生育/教育","SC-S1-08","孩子成长/教育","SC-S3-06","生育/育儿转折","NF-N1-03","被理解/被回应/被关心","Gate or conditional","N3-01","当「承诺执行/可靠」进入「孩子成长/教育」的「孩子/生育/教育」，遇到「生育/育儿转折」时，对重视「被理解/被回应/被关心」的人意味着什么？","constrained_mapping_v0.2","semantic_preflight"
"CC2-02236","PF-G02","承诺执行/可靠","SC-S2-06","孩子/生育/教育","SC-S1-08","孩子成长/教育","SC-S3-01","工作时间突变","NF-N1-07","公平/可靠/合作","Conditional / gate","N3-02/N3-03","当「承诺执行/可靠」进入「孩子成长/教育」的「孩子/生育/教育」，遇到「工作时间突变」时，对重视「公平/可靠/合作」的人意味着什么？","constrained_mapping_v0.2","semantic_preflight"
"CC2-02237","PF-G02","承诺执行/可靠","SC-S2-06","孩子/生育/教育","SC-S1-08","孩子成长/教育","SC-S3-01","工作时间突变","NF-N1-05","安全/信任/可预测","Gate / conditional","N3-02/N3-06","当「承诺执行/可靠」进入「孩子成长/教育」的「孩子/生育/教育」，遇到「工作时间突变」时，对重视「安全/信任/可预测」的人意味着什么？","constrained_mapping_v0.2","semantic_preflight"
"CC2-02238","PF-G02","承诺执行/可靠","SC-S2-06","孩子/生育/教育","SC-S1-08","孩子成长/教育","SC-S3-01","工作时间突变","NF-N1-03","被理解/被回应/被关心","Gate or conditional","N3-01","当「承诺执行/可靠」进入「孩子成长/教育」的「孩子/生育/教育」，遇到「工作时间突变」时，对重视「被理解/被回应/被关心」的人意味着什么？","constrained_mapping_v0.2","semantic_preflight"
"CC2-02239","PF-G02","承诺执行/可靠","SC-S2-07","双方父母/原生家庭","SC-S1-05","结婚/建立家庭","SC-S3-07","父母责任变化","NF-N1-07","公平/可靠/合作","Conditional / gate","N3-02/N3-03","当「承诺执行/可靠」进入「结婚/建立家庭」的「双方父母/原生家庭」，遇到「父母责任变化」时，对重视「公平/可靠/合作」的人意味着什么？","constrained_mapping_v0.2","semantic_preflight"
"CC2-02240","PF-G02","承诺执行/可靠","SC-S2-07","双方父母/原生家庭","SC-S1-05","结婚/建立家庭","SC-S3-07","父母责任变化","NF-N1-05","安全/信任/可预测","Gate / conditional","N3-02/N3-06","当「承诺执行/可靠」进入「结婚/建立家庭」的「双方父母/原生家庭」，遇到「父母责任变化」时，对重视「安全/信任/可预测」的人意味着什么？","constrained_mapping_v0.2","semantic_preflight"
"CC2-02241","PF-G02","承诺执行/可靠","SC-S2-07","双方父母/原生家庭","SC-S1-05","结婚/建立家庭","SC-S3-07","父母责任变化","NF-N1-03","被理解/被回应/被关心","Gate or conditional","N3-01","当「承诺执行/可靠」进入「结婚/建立家庭」的「双方父母/原生家庭」，遇到「父母责任变化」时，对重视「被理解/被回应/被关心」的人意味着什么？","constrained_mapping_v0.2","semantic_preflight"
"CC2-02242","PF-G02","承诺执行/可靠","SC-S2-07","双方父母/原生家庭","SC-S1-05","结婚/建立家庭","SC-S3-05","居住/迁移变化","NF-N1-07","公平/可靠/合作","Conditional / gate","N3-02/N3-03","当「承诺执行/可靠」进入「结婚/建立家庭」的「双方父母/原生家庭」，遇到「居住/迁移变化」时，对重视「公平/可靠/合作」的人意味着什么？","constrained_mapping_v0.2","semantic_preflight"
"CC2-02243","PF-G02","承诺执行/可靠","SC-S2-07","双方父母/原生家庭","SC-S1-05","结婚/建立家庭","SC-S3-05","居住/迁移变化","NF-N1-05","安全/信任/可预测","Gate / conditional","N3-02/N3-06","当「承诺执行/可靠」进入「结婚/建立家庭」的「双方父母/原生家庭」，遇到「居住/迁移变化」时，对重视「安全/信任/可预测」的人意味着什么？","constrained_mapping_v0.2","semantic_preflight"
"CC2-02244","PF-G02","承诺执行/可靠","SC-S2-07","双方父母/原生家庭","SC-S1-05","结婚/建立家庭","SC-S3-05","居住/迁移变化","NF-N1-03","被理解/被回应/被关心","Gate or conditional","N3-01","当「承诺执行/可靠」进入「结婚/建立家庭」的「双方父母/原生家庭」，遇到「居住/迁移变化」时，对重视「被理解/被回应/被关心」的人意味着什么？","constrained_mapping_v0.2","semantic_preflight"
"CC2-02245","PF-G02","承诺执行/可靠","SC-S2-07","双方父母/原生家庭","SC-S1-06","备孕/怀孕/生育","SC-S3-07","父母责任变化","NF-N1-07","公平/可靠/合作","Conditional / gate","N3-02/N3-03","当「承诺执行/可靠」进入「备孕/怀孕/生育」的「双方父母/原生家庭」，遇到「父母责任变化」时，对重视「公平/可靠/合作」的人意味着什么？","constrained_mapping_v0.2","semantic_preflight"
"CC2-02246","PF-G02","承诺执行/可靠","SC-S2-07","双方父母/原生家庭","SC-S1-06","备孕/怀孕/生育","SC-S3-07","父母责任变化","NF-N1-05","安全/信任/可预测","Gate / conditional","N3-02/N3-06","当「承诺执行/可靠」进入「备孕/怀孕/生育」的「双方父母/原生家庭」，遇到「父母责任变化」时，对重视「安全/信任/可预测」的人意味着什么？","constrained_mapping_v0.2","semantic_preflight"
"CC2-02247","PF-G02","承诺执行/可靠","SC-S2-07","双方父母/原生家庭","SC-S1-06","备孕/怀孕/生育","SC-S3-07","父母责任变化","NF-N1-03","被理解/被回应/被关心","Gate or conditional","N3-01","当「承诺执行/可靠」进入「备孕/怀孕/生育」的「双方父母/原生家庭」，遇到「父母责任变化」时，对重视「被理解/被回应/被关心」的人意味着什么？","constrained_mapping_v0.2","semantic_preflight"
"CC2-02248","PF-G02","承诺执行/可靠","SC-S2-07","双方父母/原生家庭","SC-S1-06","备孕/怀孕/生育","SC-S3-05","居住/迁移变化","NF-N1-07","公平/可靠/合作","Conditional / gate","N3-02/N3-03","当「承诺执行/可靠」进入「备孕/怀孕/生育」的「双方父母/原生家庭」，遇到「居住/迁移变化」时，对重视「公平/可靠/合作」的人意味着什么？","constrained_mapping_v0.2","semantic_preflight"
"CC2-02249","PF-G02","承诺执行/可靠","SC-S2-07","双方父母/原生家庭","SC-S1-06","备孕/怀孕/生育","SC-S3-05","居住/迁移变化","NF-N1-05","安全/信任/可预测","Gate / conditional","N3-02/N3-06","当「承诺执行/可靠」进入「备孕/怀孕/生育」的「双方父母/原生家庭」，遇到「居住/迁移变化」时，对重视「安全/信任/可预测」的人意味着什么？","constrained_mapping_v0.2","semantic_preflight"
"CC2-02250","PF-G02","承诺执行/可靠","SC-S2-07","双方父母/原生家庭","SC-S1-06","备孕/怀孕/生育","SC-S3-05","居住/迁移变化","NF-N1-03","被理解/被回应/被关心","Gate or conditional","N3-01","当「承诺执行/可靠」进入「备孕/怀孕/生育」的「双方父母/原生家庭」，遇到「居住/迁移变化」时，对重视「被理解/被回应/被关心」的人意味着什么？","constrained_mapping_v0.2","semantic_preflight"
"CC2-02251","PF-G02","承诺执行/可靠","SC-S2-07","双方父母/原生家庭","SC-S1-07","婴幼儿照护","SC-S3-07","父母责任变化","NF-N1-07","公平/可靠/合作","Conditional / gate","N3-02/N3-03","当「承诺执行/可靠」进入「婴幼儿照护」的「双方父母/原生家庭」，遇到「父母责任变化」时，对重视「公平/可靠/合作」的人意味着什么？","constrained_mapping_v0.2","semantic_preflight"
"CC2-02252","PF-G02","承诺执行/可靠","SC-S2-07","双方父母/原生家庭","SC-S1-07","婴幼儿照护","SC-S3-07","父母责任变化","NF-N1-05","安全/信任/可预测","Gate / conditional","N3-02/N3-06","当「承诺执行/可靠」进入「婴幼儿照护」的「双方父母/原生家庭」，遇到「父母责任变化」时，对重视「安全/信任/可预测」的人意味着什么？","constrained_mapping_v0.2","semantic_preflight"
"CC2-02253","PF-G02","承诺执行/可靠","SC-S2-07","双方父母/原生家庭","SC-S1-07","婴幼儿照护","SC-S3-07","父母责任变化","NF-N1-03","被理解/被回应/被关心","Gate or conditional","N3-01","当「承诺执行/可靠」进入「婴幼儿照护」的「双方父母/原生家庭」，遇到「父母责任变化」时，对重视「被理解/被回应/被关心」的人意味着什么？","constrained_mapping_v0.2","semantic_preflight"
"CC2-02254","PF-G02","承诺执行/可靠","SC-S2-07","双方父母/原生家庭","SC-S1-07","婴幼儿照护","SC-S3-05","居住/迁移变化","NF-N1-07","公平/可靠/合作","Conditional / gate","N3-02/N3-03","当「承诺执行/可靠」进入「婴幼儿照护」的「双方父母/原生家庭」，遇到「居住/迁移变化」时，对重视「公平/可靠/合作」的人意味着什么？","constrained_mapping_v0.2","semantic_preflight"
"CC2-02255","PF-G02","承诺执行/可靠","SC-S2-07","双方父母/原生家庭","SC-S1-07","婴幼儿照护","SC-S3-05","居住/迁移变化","NF-N1-05","安全/信任/可预测","Gate / conditional","N3-02/N3-06","当「承诺执行/可靠」进入「婴幼儿照护」的「双方父母/原生家庭」，遇到「居住/迁移变化」时，对重视「安全/信任/可预测」的人意味着什么？","constrained_mapping_v0.2","semantic_preflight"
"CC2-02256","PF-G02","承诺执行/可靠","SC-S2-07","双方父母/原生家庭","SC-S1-07","婴幼儿照护","SC-S3-05","居住/迁移变化","NF-N1-03","被理解/被回应/被关心","Gate or conditional","N3-01","当「承诺执行/可靠」进入「婴幼儿照护」的「双方父母/原生家庭」，遇到「居住/迁移变化」时，对重视「被理解/被回应/被关心」的人意味着什么？","constrained_mapping_v0.2","semantic_preflight"
"CC2-02257","PF-G02","承诺执行/可靠","SC-S2-07","双方父母/原生家庭","SC-S1-09","中年多重责任","SC-S3-07","父母责任变化","NF-N1-07","公平/可靠/合作","Conditional / gate","N3-02/N3-03","当「承诺执行/可靠」进入「中年多重责任」的「双方父母/原生家庭」，遇到「父母责任变化」时，对重视「公平/可靠/合作」的人意味着什么？","constrained_mapping_v0.2","semantic_preflight"
"CC2-02258","PF-G02","承诺执行/可靠","SC-S2-07","双方父母/原生家庭","SC-S1-09","中年多重责任","SC-S3-07","父母责任变化","NF-N1-05","安全/信任/可预测","Gate / conditional","N3-02/N3-06","当「承诺执行/可靠」进入「中年多重责任」的「双方父母/原生家庭」，遇到「父母责任变化」时，对重视「安全/信任/可预测」的人意味着什么？","constrained_mapping_v0.2","semantic_preflight"
"CC2-02259","PF-G02","承诺执行/可靠","SC-S2-07","双方父母/原生家庭","SC-S1-09","中年多重责任","SC-S3-07","父母责任变化","NF-N1-03","被理解/被回应/被关心","Gate or conditional","N3-01","当「承诺执行/可靠」进入「中年多重责任」的「双方父母/原生家庭」，遇到「父母责任变化」时，对重视「被理解/被回应/被关心」的人意味着什么？","constrained_mapping_v0.2","semantic_preflight"
"CC2-02260","PF-G02","承诺执行/可靠","SC-S2-07","双方父母/原生家庭","SC-S1-09","中年多重责任","SC-S3-05","居住/迁移变化","NF-N1-07","公平/可靠/合作","Conditional / gate","N3-02/N3-03","当「承诺执行/可靠」进入「中年多重责任」的「双方父母/原生家庭」，遇到「居住/迁移变化」时，对重视「公平/可靠/合作」的人意味着什么？","constrained_mapping_v0.2","semantic_preflight"
"CC2-02261","PF-G02","承诺执行/可靠","SC-S2-07","双方父母/原生家庭","SC-S1-09","中年多重责任","SC-S3-05","居住/迁移变化","NF-N1-05","安全/信任/可预测","Gate / conditional","N3-02/N3-06","当「承诺执行/可靠」进入「中年多重责任」的「双方父母/原生家庭」，遇到「居住/迁移变化」时，对重视「安全/信任/可预测」的人意味着什么？","constrained_mapping_v0.2","semantic_preflight"
"CC2-02262","PF-G02","承诺执行/可靠","SC-S2-07","双方父母/原生家庭","SC-S1-09","中年多重责任","SC-S3-05","居住/迁移变化","NF-N1-03","被理解/被回应/被关心","Gate or conditional","N3-01","当「承诺执行/可靠」进入「中年多重责任」的「双方父母/原生家庭」，遇到「居住/迁移变化」时，对重视「被理解/被回应/被关心」的人意味着什么？","constrained_mapping_v0.2","semantic_preflight"
"CC2-02263","PF-G02","承诺执行/可靠","SC-S2-02","工作/事业/学习","SC-S1-02","恋爱/磨合","SC-S3-01","工作时间突变","NF-N1-07","公平/可靠/合作","Conditional / gate","N3-02/N3-03","当「承诺执行/可靠」进入「恋爱/磨合」的「工作/事业/学习」，遇到「工作时间突变」时，对重视「公平/可靠/合作」的人意味着什么？","constrained_mapping_v0.2","semantic_preflight"
"CC2-02264","PF-G02","承诺执行/可靠","SC-S2-02","工作/事业/学习","SC-S1-02","恋爱/磨合","SC-S3-01","工作时间突变","NF-N1-05","安全/信任/可预测","Gate / conditional","N3-02/N3-06","当「承诺执行/可靠」进入「恋爱/磨合」的「工作/事业/学习」，遇到「工作时间突变」时，对重视「安全/信任/可预测」的人意味着什么？","constrained_mapping_v0.2","semantic_preflight"
"CC2-02265","PF-G02","承诺执行/可靠","SC-S2-02","工作/事业/学习","SC-S1-02","恋爱/磨合","SC-S3-01","工作时间突变","NF-N1-03","被理解/被回应/被关心","Gate or conditional","N3-01","当「承诺执行/可靠」进入「恋爱/磨合」的「工作/事业/学习」，遇到「工作时间突变」时，对重视「被理解/被回应/被关心」的人意味着什么？","constrained_mapping_v0.2","semantic_preflight"
"CC2-02266","PF-G02","承诺执行/可靠","SC-S2-02","工作/事业/学习","SC-S1-02","恋爱/磨合","SC-S3-02","事业机会/职业转折","NF-N1-07","公平/可靠/合作","Conditional / gate","N3-02/N3-03","当「承诺执行/可靠」进入「恋爱/磨合」的「工作/事业/学习」，遇到「事业机会/职业转折」时，对重视「公平/可靠/合作」的人意味着什么？","constrained_mapping_v0.2","semantic_preflight"
"CC2-02267","PF-G02","承诺执行/可靠","SC-S2-02","工作/事业/学习","SC-S1-02","恋爱/磨合","SC-S3-02","事业机会/职业转折","NF-N1-05","安全/信任/可预测","Gate / conditional","N3-02/N3-06","当「承诺执行/可靠」进入「恋爱/磨合」的「工作/事业/学习」，遇到「事业机会/职业转折」时，对重视「安全/信任/可预测」的人意味着什么？","constrained_mapping_v0.2","semantic_preflight"
"CC2-02268","PF-G02","承诺执行/可靠","SC-S2-02","工作/事业/学习","SC-S1-02","恋爱/磨合","SC-S3-02","事业机会/职业转折","NF-N1-03","被理解/被回应/被关心","Gate or conditional","N3-01","当「承诺执行/可靠」进入「恋爱/磨合」的「工作/事业/学习」，遇到「事业机会/职业转折」时，对重视「被理解/被回应/被关心」的人意味着什么？","constrained_mapping_v0.2","semantic_preflight"
"CC2-02269","PF-G02","承诺执行/可靠","SC-S2-02","工作/事业/学习","SC-S1-05","结婚/建立家庭","SC-S3-01","工作时间突变","NF-N1-07","公平/可靠/合作","Conditional / gate","N3-02/N3-03","当「承诺执行/可靠」进入「结婚/建立家庭」的「工作/事业/学习」，遇到「工作时间突变」时，对重视「公平/可靠/合作」的人意味着什么？","constrained_mapping_v0.2","semantic_preflight"
"CC2-02270","PF-G02","承诺执行/可靠","SC-S2-02","工作/事业/学习","SC-S1-05","结婚/建立家庭","SC-S3-01","工作时间突变","NF-N1-05","安全/信任/可预测","Gate / conditional","N3-02/N3-06","当「承诺执行/可靠」进入「结婚/建立家庭」的「工作/事业/学习」，遇到「工作时间突变」时，对重视「安全/信任/可预测」的人意味着什么？","constrained_mapping_v0.2","semantic_preflight"
"CC2-02271","PF-G02","承诺执行/可靠","SC-S2-02","工作/事业/学习","SC-S1-05","结婚/建立家庭","SC-S3-01","工作时间突变","NF-N1-03","被理解/被回应/被关心","Gate or conditional","N3-01","当「承诺执行/可靠」进入「结婚/建立家庭」的「工作/事业/学习」，遇到「工作时间突变」时，对重视「被理解/被回应/被关心」的人意味着什么？","constrained_mapping_v0.2","semantic_preflight"
"CC2-02272","PF-G02","承诺执行/可靠","SC-S2-02","工作/事业/学习","SC-S1-05","结婚/建立家庭","SC-S3-02","事业机会/职业转折","NF-N1-07","公平/可靠/合作","Conditional / gate","N3-02/N3-03","当「承诺执行/可靠」进入「结婚/建立家庭」的「工作/事业/学习」，遇到「事业机会/职业转折」时，对重视「公平/可靠/合作」的人意味着什么？","constrained_mapping_v0.2","semantic_preflight"
"CC2-02273","PF-G02","承诺执行/可靠","SC-S2-02","工作/事业/学习","SC-S1-05","结婚/建立家庭","SC-S3-02","事业机会/职业转折","NF-N1-05","安全/信任/可预测","Gate / conditional","N3-02/N3-06","当「承诺执行/可靠」进入「结婚/建立家庭」的「工作/事业/学习」，遇到「事业机会/职业转折」时，对重视「安全/信任/可预测」的人意味着什么？","constrained_mapping_v0.2","semantic_preflight"
"CC2-02274","PF-G02","承诺执行/可靠","SC-S2-02","工作/事业/学习","SC-S1-05","结婚/建立家庭","SC-S3-02","事业机会/职业转折","NF-N1-03","被理解/被回应/被关心","Gate or conditional","N3-01","当「承诺执行/可靠」进入「结婚/建立家庭」的「工作/事业/学习」，遇到「事业机会/职业转折」时，对重视「被理解/被回应/被关心」的人意味着什么？","constrained_mapping_v0.2","semantic_preflight"
"CC2-02275","PF-G02","承诺执行/可靠","SC-S2-02","工作/事业/学习","SC-S1-09","中年多重责任","SC-S3-01","工作时间突变","NF-N1-07","公平/可靠/合作","Conditional / gate","N3-02/N3-03","当「承诺执行/可靠」进入「中年多重责任」的「工作/事业/学习」，遇到「工作时间突变」时，对重视「公平/可靠/合作」的人意味着什么？","constrained_mapping_v0.2","semantic_preflight"
"CC2-02276","PF-G02","承诺执行/可靠","SC-S2-02","工作/事业/学习","SC-S1-09","中年多重责任","SC-S3-01","工作时间突变","NF-N1-05","安全/信任/可预测","Gate / conditional","N3-02/N3-06","当「承诺执行/可靠」进入「中年多重责任」的「工作/事业/学习」，遇到「工作时间突变」时，对重视「安全/信任/可预测」的人意味着什么？","constrained_mapping_v0.2","semantic_preflight"
"CC2-02277","PF-G02","承诺执行/可靠","SC-S2-02","工作/事业/学习","SC-S1-09","中年多重责任","SC-S3-01","工作时间突变","NF-N1-03","被理解/被回应/被关心","Gate or conditional","N3-01","当「承诺执行/可靠」进入「中年多重责任」的「工作/事业/学习」，遇到「工作时间突变」时，对重视「被理解/被回应/被关心」的人意味着什么？","constrained_mapping_v0.2","semantic_preflight"
"CC2-02278","PF-G02","承诺执行/可靠","SC-S2-02","工作/事业/学习","SC-S1-09","中年多重责任","SC-S3-02","事业机会/职业转折","NF-N1-07","公平/可靠/合作","Conditional / gate","N3-02/N3-03","当「承诺执行/可靠」进入「中年多重责任」的「工作/事业/学习」，遇到「事业机会/职业转折」时，对重视「公平/可靠/合作」的人意味着什么？","constrained_mapping_v0.2","semantic_preflight"
"CC2-02279","PF-G02","承诺执行/可靠","SC-S2-02","工作/事业/学习","SC-S1-09","中年多重责任","SC-S3-02","事业机会/职业转折","NF-N1-05","安全/信任/可预测","Gate / conditional","N3-02/N3-06","当「承诺执行/可靠」进入「中年多重责任」的「工作/事业/学习」，遇到「事业机会/职业转折」时，对重视「安全/信任/可预测」的人意味着什么？","constrained_mapping_v0.2","semantic_preflight"
"CC2-02280","PF-G02","承诺执行/可靠","SC-S2-02","工作/事业/学习","SC-S1-09","中年多重责任","SC-S3-02","事业机会/职业转折","NF-N1-03","被理解/被回应/被关心","Gate or conditional","N3-01","当「承诺执行/可靠」进入「中年多重责任」的「工作/事业/学习」，遇到「事业机会/职业转折」时，对重视「被理解/被回应/被关心」的人意味着什么？","constrained_mapping_v0.2","semantic_preflight"
"CC2-02281","PF-G03","公平/合作","SC-S2-05","家务/家庭劳动","SC-S1-04","同居/婚前","SC-S3-10","反复小问题累积","NF-N1-07","公平/可靠/合作","Conditional / gate","N3-02/N3-03","当「公平/合作」进入「同居/婚前」的「家务/家庭劳动」，遇到「反复小问题累积」时，对重视「公平/可靠/合作」的人意味着什么？","constrained_mapping_v0.2","semantic_preflight"
"CC2-02282","PF-G03","公平/合作","SC-S2-05","家务/家庭劳动","SC-S1-04","同居/婚前","SC-S3-10","反复小问题累积","NF-N1-11","家庭投入/家庭边界","Fit / conditional","N3-03/N3-04","当「公平/合作」进入「同居/婚前」的「家务/家庭劳动」，遇到「反复小问题累积」时，对重视「家庭投入/家庭边界」的人意味着什么？","constrained_mapping_v0.2","semantic_preflight"
"CC2-02283","PF-G03","公平/合作","SC-S2-05","家务/家庭劳动","SC-S1-04","同居/婚前","SC-S3-10","反复小问题累积","NF-N1-05","安全/信任/可预测","Gate / conditional","N3-02/N3-06","当「公平/合作」进入「同居/婚前」的「家务/家庭劳动」，遇到「反复小问题累积」时，对重视「安全/信任/可预测」的人意味着什么？","constrained_mapping_v0.2","semantic_preflight"
"CC2-02284","PF-G03","公平/合作","SC-S2-05","家务/家庭劳动","SC-S1-06","备孕/怀孕/生育","SC-S3-06","生育/育儿转折","NF-N1-07","公平/可靠/合作","Conditional / gate","N3-02/N3-03","当「公平/合作」进入「备孕/怀孕/生育」的「家务/家庭劳动」，遇到「生育/育儿转折」时，对重视「公平/可靠/合作」的人意味着什么？","constrained_mapping_v0.2","semantic_preflight"
"CC2-02285","PF-G03","公平/合作","SC-S2-05","家务/家庭劳动","SC-S1-06","备孕/怀孕/生育","SC-S3-06","生育/育儿转折","NF-N1-11","家庭投入/家庭边界","Fit / conditional","N3-03/N3-04","当「公平/合作」进入「备孕/怀孕/生育」的「家务/家庭劳动」，遇到「生育/育儿转折」时，对重视「家庭投入/家庭边界」的人意味着什么？","constrained_mapping_v0.2","semantic_preflight"
"CC2-02286","PF-G03","公平/合作","SC-S2-05","家务/家庭劳动","SC-S1-06","备孕/怀孕/生育","SC-S3-06","生育/育儿转折","NF-N1-05","安全/信任/可预测","Gate / conditional","N3-02/N3-06","当「公平/合作」进入「备孕/怀孕/生育」的「家务/家庭劳动」，遇到「生育/育儿转折」时，对重视「安全/信任/可预测」的人意味着什么？","constrained_mapping_v0.2","semantic_preflight"
"CC2-02287","PF-G03","公平/合作","SC-S2-05","家务/家庭劳动","SC-S1-06","备孕/怀孕/生育","SC-S3-10","反复小问题累积","NF-N1-07","公平/可靠/合作","Conditional / gate","N3-02/N3-03","当「公平/合作」进入「备孕/怀孕/生育」的「家务/家庭劳动」，遇到「反复小问题累积」时，对重视「公平/可靠/合作」的人意味着什么？","constrained_mapping_v0.2","semantic_preflight"
"CC2-02288","PF-G03","公平/合作","SC-S2-05","家务/家庭劳动","SC-S1-06","备孕/怀孕/生育","SC-S3-10","反复小问题累积","NF-N1-11","家庭投入/家庭边界","Fit / conditional","N3-03/N3-04","当「公平/合作」进入「备孕/怀孕/生育」的「家务/家庭劳动」，遇到「反复小问题累积」时，对重视「家庭投入/家庭边界」的人意味着什么？","constrained_mapping_v0.2","semantic_preflight"
"CC2-02289","PF-G03","公平/合作","SC-S2-05","家务/家庭劳动","SC-S1-06","备孕/怀孕/生育","SC-S3-10","反复小问题累积","NF-N1-05","安全/信任/可预测","Gate / conditional","N3-02/N3-06","当「公平/合作」进入「备孕/怀孕/生育」的「家务/家庭劳动」，遇到「反复小问题累积」时，对重视「安全/信任/可预测」的人意味着什么？","constrained_mapping_v0.2","semantic_preflight"
"CC2-02290","PF-G03","公平/合作","SC-S2-05","家务/家庭劳动","SC-S1-07","婴幼儿照护","SC-S3-06","生育/育儿转折","NF-N1-07","公平/可靠/合作","Conditional / gate","N3-02/N3-03","当「公平/合作」进入「婴幼儿照护」的「家务/家庭劳动」，遇到「生育/育儿转折」时，对重视「公平/可靠/合作」的人意味着什么？","constrained_mapping_v0.2","semantic_preflight"
"CC2-02291","PF-G03","公平/合作","SC-S2-05","家务/家庭劳动","SC-S1-07","婴幼儿照护","SC-S3-06","生育/育儿转折","NF-N1-11","家庭投入/家庭边界","Fit / conditional","N3-03/N3-04","当「公平/合作」进入「婴幼儿照护」的「家务/家庭劳动」，遇到「生育/育儿转折」时，对重视「家庭投入/家庭边界」的人意味着什么？","constrained_mapping_v0.2","semantic_preflight"
"CC2-02292","PF-G03","公平/合作","SC-S2-05","家务/家庭劳动","SC-S1-07","婴幼儿照护","SC-S3-06","生育/育儿转折","NF-N1-05","安全/信任/可预测","Gate / conditional","N3-02/N3-06","当「公平/合作」进入「婴幼儿照护」的「家务/家庭劳动」，遇到「生育/育儿转折」时，对重视「安全/信任/可预测」的人意味着什么？","constrained_mapping_v0.2","semantic_preflight"
"CC2-02293","PF-G03","公平/合作","SC-S2-05","家务/家庭劳动","SC-S1-07","婴幼儿照护","SC-S3-10","反复小问题累积","NF-N1-07","公平/可靠/合作","Conditional / gate","N3-02/N3-03","当「公平/合作」进入「婴幼儿照护」的「家务/家庭劳动」，遇到「反复小问题累积」时，对重视「公平/可靠/合作」的人意味着什么？","constrained_mapping_v0.2","semantic_preflight"
"CC2-02294","PF-G03","公平/合作","SC-S2-05","家务/家庭劳动","SC-S1-07","婴幼儿照护","SC-S3-10","反复小问题累积","NF-N1-11","家庭投入/家庭边界","Fit / conditional","N3-03/N3-04","当「公平/合作」进入「婴幼儿照护」的「家务/家庭劳动」，遇到「反复小问题累积」时，对重视「家庭投入/家庭边界」的人意味着什么？","constrained_mapping_v0.2","semantic_preflight"
"CC2-02295","PF-G03","公平/合作","SC-S2-05","家务/家庭劳动","SC-S1-07","婴幼儿照护","SC-S3-10","反复小问题累积","NF-N1-05","安全/信任/可预测","Gate / conditional","N3-02/N3-06","当「公平/合作」进入「婴幼儿照护」的「家务/家庭劳动」，遇到「反复小问题累积」时，对重视「安全/信任/可预测」的人意味着什么？","constrained_mapping_v0.2","semantic_preflight"
"CC2-02296","PF-G03","公平/合作","SC-S2-05","家务/家庭劳动","SC-S1-09","中年多重责任","SC-S3-06","生育/育儿转折","NF-N1-07","公平/可靠/合作","Conditional / gate","N3-02/N3-03","当「公平/合作」进入「中年多重责任」的「家务/家庭劳动」，遇到「生育/育儿转折」时，对重视「公平/可靠/合作」的人意味着什么？","constrained_mapping_v0.2","semantic_preflight"
"CC2-02297","PF-G03","公平/合作","SC-S2-05","家务/家庭劳动","SC-S1-09","中年多重责任","SC-S3-06","生育/育儿转折","NF-N1-11","家庭投入/家庭边界","Fit / conditional","N3-03/N3-04","当「公平/合作」进入「中年多重责任」的「家务/家庭劳动」，遇到「生育/育儿转折」时，对重视「家庭投入/家庭边界」的人意味着什么？","constrained_mapping_v0.2","semantic_preflight"
"CC2-02298","PF-G03","公平/合作","SC-S2-05","家务/家庭劳动","SC-S1-09","中年多重责任","SC-S3-06","生育/育儿转折","NF-N1-05","安全/信任/可预测","Gate / conditional","N3-02/N3-06","当「公平/合作」进入「中年多重责任」的「家务/家庭劳动」，遇到「生育/育儿转折」时，对重视「安全/信任/可预测」的人意味着什么？","constrained_mapping_v0.2","semantic_preflight"
"CC2-02299","PF-G03","公平/合作","SC-S2-05","家务/家庭劳动","SC-S1-09","中年多重责任","SC-S3-10","反复小问题累积","NF-N1-07","公平/可靠/合作","Conditional / gate","N3-02/N3-03","当「公平/合作」进入「中年多重责任」的「家务/家庭劳动」，遇到「反复小问题累积」时，对重视「公平/可靠/合作」的人意味着什么？","constrained_mapping_v0.2","semantic_preflight"
"CC2-02300","PF-G03","公平/合作","SC-S2-05","家务/家庭劳动","SC-S1-09","中年多重责任","SC-S3-10","反复小问题累积","NF-N1-11","家庭投入/家庭边界","Fit / conditional","N3-03/N3-04","当「公平/合作」进入「中年多重责任」的「家务/家庭劳动」，遇到「反复小问题累积」时，对重视「家庭投入/家庭边界」的人意味着什么？","constrained_mapping_v0.2","semantic_preflight"
"CC2-02301","PF-G03","公平/合作","SC-S2-05","家务/家庭劳动","SC-S1-09","中年多重责任","SC-S3-10","反复小问题累积","NF-N1-05","安全/信任/可预测","Gate / conditional","N3-02/N3-06","当「公平/合作」进入「中年多重责任」的「家务/家庭劳动」，遇到「反复小问题累积」时，对重视「安全/信任/可预测」的人意味着什么？","constrained_mapping_v0.2","semantic_preflight"
"CC2-02302","PF-G03","公平/合作","SC-S2-06","孩子/生育/教育","SC-S1-05","结婚/建立家庭","SC-S3-06","生育/育儿转折","NF-N1-07","公平/可靠/合作","Conditional / gate","N3-02/N3-03","当「公平/合作」进入「结婚/建立家庭」的「孩子/生育/教育」，遇到「生育/育儿转折」时，对重视「公平/可靠/合作」的人意味着什么？","constrained_mapping_v0.2","semantic_preflight"
"CC2-02303","PF-G03","公平/合作","SC-S2-06","孩子/生育/教育","SC-S1-05","结婚/建立家庭","SC-S3-06","生育/育儿转折","NF-N1-11","家庭投入/家庭边界","Fit / conditional","N3-03/N3-04","当「公平/合作」进入「结婚/建立家庭」的「孩子/生育/教育」，遇到「生育/育儿转折」时，对重视「家庭投入/家庭边界」的人意味着什么？","constrained_mapping_v0.2","semantic_preflight"
"CC2-02304","PF-G03","公平/合作","SC-S2-06","孩子/生育/教育","SC-S1-05","结婚/建立家庭","SC-S3-06","生育/育儿转折","NF-N1-05","安全/信任/可预测","Gate / conditional","N3-02/N3-06","当「公平/合作」进入「结婚/建立家庭」的「孩子/生育/教育」，遇到「生育/育儿转折」时，对重视「安全/信任/可预测」的人意味着什么？","constrained_mapping_v0.2","semantic_preflight"
"CC2-02305","PF-G03","公平/合作","SC-S2-06","孩子/生育/教育","SC-S1-05","结婚/建立家庭","SC-S3-01","工作时间突变","NF-N1-07","公平/可靠/合作","Conditional / gate","N3-02/N3-03","当「公平/合作」进入「结婚/建立家庭」的「孩子/生育/教育」，遇到「工作时间突变」时，对重视「公平/可靠/合作」的人意味着什么？","constrained_mapping_v0.2","semantic_preflight"
"CC2-02306","PF-G03","公平/合作","SC-S2-06","孩子/生育/教育","SC-S1-05","结婚/建立家庭","SC-S3-01","工作时间突变","NF-N1-11","家庭投入/家庭边界","Fit / conditional","N3-03/N3-04","当「公平/合作」进入「结婚/建立家庭」的「孩子/生育/教育」，遇到「工作时间突变」时，对重视「家庭投入/家庭边界」的人意味着什么？","constrained_mapping_v0.2","semantic_preflight"
"CC2-02307","PF-G03","公平/合作","SC-S2-06","孩子/生育/教育","SC-S1-05","结婚/建立家庭","SC-S3-01","工作时间突变","NF-N1-05","安全/信任/可预测","Gate / conditional","N3-02/N3-06","当「公平/合作」进入「结婚/建立家庭」的「孩子/生育/教育」，遇到「工作时间突变」时，对重视「安全/信任/可预测」的人意味着什么？","constrained_mapping_v0.2","semantic_preflight"
"CC2-02308","PF-G03","公平/合作","SC-S2-06","孩子/生育/教育","SC-S1-06","备孕/怀孕/生育","SC-S3-06","生育/育儿转折","NF-N1-07","公平/可靠/合作","Conditional / gate","N3-02/N3-03","当「公平/合作」进入「备孕/怀孕/生育」的「孩子/生育/教育」，遇到「生育/育儿转折」时，对重视「公平/可靠/合作」的人意味着什么？","constrained_mapping_v0.2","semantic_preflight"
"CC2-02309","PF-G03","公平/合作","SC-S2-06","孩子/生育/教育","SC-S1-06","备孕/怀孕/生育","SC-S3-06","生育/育儿转折","NF-N1-11","家庭投入/家庭边界","Fit / conditional","N3-03/N3-04","当「公平/合作」进入「备孕/怀孕/生育」的「孩子/生育/教育」，遇到「生育/育儿转折」时，对重视「家庭投入/家庭边界」的人意味着什么？","constrained_mapping_v0.2","semantic_preflight"
"CC2-02310","PF-G03","公平/合作","SC-S2-06","孩子/生育/教育","SC-S1-06","备孕/怀孕/生育","SC-S3-06","生育/育儿转折","NF-N1-05","安全/信任/可预测","Gate / conditional","N3-02/N3-06","当「公平/合作」进入「备孕/怀孕/生育」的「孩子/生育/教育」，遇到「生育/育儿转折」时，对重视「安全/信任/可预测」的人意味着什么？","constrained_mapping_v0.2","semantic_preflight"
"CC2-02311","PF-G03","公平/合作","SC-S2-06","孩子/生育/教育","SC-S1-06","备孕/怀孕/生育","SC-S3-01","工作时间突变","NF-N1-07","公平/可靠/合作","Conditional / gate","N3-02/N3-03","当「公平/合作」进入「备孕/怀孕/生育」的「孩子/生育/教育」，遇到「工作时间突变」时，对重视「公平/可靠/合作」的人意味着什么？","constrained_mapping_v0.2","semantic_preflight"
"CC2-02312","PF-G03","公平/合作","SC-S2-06","孩子/生育/教育","SC-S1-06","备孕/怀孕/生育","SC-S3-01","工作时间突变","NF-N1-11","家庭投入/家庭边界","Fit / conditional","N3-03/N3-04","当「公平/合作」进入「备孕/怀孕/生育」的「孩子/生育/教育」，遇到「工作时间突变」时，对重视「家庭投入/家庭边界」的人意味着什么？","constrained_mapping_v0.2","semantic_preflight"
"CC2-02313","PF-G03","公平/合作","SC-S2-06","孩子/生育/教育","SC-S1-06","备孕/怀孕/生育","SC-S3-01","工作时间突变","NF-N1-05","安全/信任/可预测","Gate / conditional","N3-02/N3-06","当「公平/合作」进入「备孕/怀孕/生育」的「孩子/生育/教育」，遇到「工作时间突变」时，对重视「安全/信任/可预测」的人意味着什么？","constrained_mapping_v0.2","semantic_preflight"
"CC2-02314","PF-G03","公平/合作","SC-S2-06","孩子/生育/教育","SC-S1-07","婴幼儿照护","SC-S3-06","生育/育儿转折","NF-N1-07","公平/可靠/合作","Conditional / gate","N3-02/N3-03","当「公平/合作」进入「婴幼儿照护」的「孩子/生育/教育」，遇到「生育/育儿转折」时，对重视「公平/可靠/合作」的人意味着什么？","constrained_mapping_v0.2","semantic_preflight"
"CC2-02315","PF-G03","公平/合作","SC-S2-06","孩子/生育/教育","SC-S1-07","婴幼儿照护","SC-S3-06","生育/育儿转折","NF-N1-11","家庭投入/家庭边界","Fit / conditional","N3-03/N3-04","当「公平/合作」进入「婴幼儿照护」的「孩子/生育/教育」，遇到「生育/育儿转折」时，对重视「家庭投入/家庭边界」的人意味着什么？","constrained_mapping_v0.2","semantic_preflight"
"CC2-02316","PF-G03","公平/合作","SC-S2-06","孩子/生育/教育","SC-S1-07","婴幼儿照护","SC-S3-06","生育/育儿转折","NF-N1-05","安全/信任/可预测","Gate / conditional","N3-02/N3-06","当「公平/合作」进入「婴幼儿照护」的「孩子/生育/教育」，遇到「生育/育儿转折」时，对重视「安全/信任/可预测」的人意味着什么？","constrained_mapping_v0.2","semantic_preflight"
"CC2-02317","PF-G03","公平/合作","SC-S2-06","孩子/生育/教育","SC-S1-07","婴幼儿照护","SC-S3-01","工作时间突变","NF-N1-07","公平/可靠/合作","Conditional / gate","N3-02/N3-03","当「公平/合作」进入「婴幼儿照护」的「孩子/生育/教育」，遇到「工作时间突变」时，对重视「公平/可靠/合作」的人意味着什么？","constrained_mapping_v0.2","semantic_preflight"
"CC2-02318","PF-G03","公平/合作","SC-S2-06","孩子/生育/教育","SC-S1-07","婴幼儿照护","SC-S3-01","工作时间突变","NF-N1-11","家庭投入/家庭边界","Fit / conditional","N3-03/N3-04","当「公平/合作」进入「婴幼儿照护」的「孩子/生育/教育」，遇到「工作时间突变」时，对重视「家庭投入/家庭边界」的人意味着什么？","constrained_mapping_v0.2","semantic_preflight"
"CC2-02319","PF-G03","公平/合作","SC-S2-06","孩子/生育/教育","SC-S1-07","婴幼儿照护","SC-S3-01","工作时间突变","NF-N1-05","安全/信任/可预测","Gate / conditional","N3-02/N3-06","当「公平/合作」进入「婴幼儿照护」的「孩子/生育/教育」，遇到「工作时间突变」时，对重视「安全/信任/可预测」的人意味着什么？","constrained_mapping_v0.2","semantic_preflight"
"CC2-02320","PF-G03","公平/合作","SC-S2-06","孩子/生育/教育","SC-S1-08","孩子成长/教育","SC-S3-06","生育/育儿转折","NF-N1-07","公平/可靠/合作","Conditional / gate","N3-02/N3-03","当「公平/合作」进入「孩子成长/教育」的「孩子/生育/教育」，遇到「生育/育儿转折」时，对重视「公平/可靠/合作」的人意味着什么？","constrained_mapping_v0.2","semantic_preflight"
"CC2-02321","PF-G03","公平/合作","SC-S2-06","孩子/生育/教育","SC-S1-08","孩子成长/教育","SC-S3-06","生育/育儿转折","NF-N1-11","家庭投入/家庭边界","Fit / conditional","N3-03/N3-04","当「公平/合作」进入「孩子成长/教育」的「孩子/生育/教育」，遇到「生育/育儿转折」时，对重视「家庭投入/家庭边界」的人意味着什么？","constrained_mapping_v0.2","semantic_preflight"
"CC2-02322","PF-G03","公平/合作","SC-S2-06","孩子/生育/教育","SC-S1-08","孩子成长/教育","SC-S3-06","生育/育儿转折","NF-N1-05","安全/信任/可预测","Gate / conditional","N3-02/N3-06","当「公平/合作」进入「孩子成长/教育」的「孩子/生育/教育」，遇到「生育/育儿转折」时，对重视「安全/信任/可预测」的人意味着什么？","constrained_mapping_v0.2","semantic_preflight"
"CC2-02323","PF-G03","公平/合作","SC-S2-06","孩子/生育/教育","SC-S1-08","孩子成长/教育","SC-S3-01","工作时间突变","NF-N1-07","公平/可靠/合作","Conditional / gate","N3-02/N3-03","当「公平/合作」进入「孩子成长/教育」的「孩子/生育/教育」，遇到「工作时间突变」时，对重视「公平/可靠/合作」的人意味着什么？","constrained_mapping_v0.2","semantic_preflight"
"CC2-02324","PF-G03","公平/合作","SC-S2-06","孩子/生育/教育","SC-S1-08","孩子成长/教育","SC-S3-01","工作时间突变","NF-N1-11","家庭投入/家庭边界","Fit / conditional","N3-03/N3-04","当「公平/合作」进入「孩子成长/教育」的「孩子/生育/教育」，遇到「工作时间突变」时，对重视「家庭投入/家庭边界」的人意味着什么？","constrained_mapping_v0.2","semantic_preflight"
"CC2-02325","PF-G03","公平/合作","SC-S2-06","孩子/生育/教育","SC-S1-08","孩子成长/教育","SC-S3-01","工作时间突变","NF-N1-05","安全/信任/可预测","Gate / conditional","N3-02/N3-06","当「公平/合作」进入「孩子成长/教育」的「孩子/生育/教育」，遇到「工作时间突变」时，对重视「安全/信任/可预测」的人意味着什么？","constrained_mapping_v0.2","semantic_preflight"
"CC2-02326","PF-G03","公平/合作","SC-S2-03","钱/财务","SC-S1-03","稳定交往","SC-S3-03","失业/收入下降","NF-N1-07","公平/可靠/合作","Conditional / gate","N3-02/N3-03","当「公平/合作」进入「稳定交往」的「钱/财务」，遇到「失业/收入下降」时，对重视「公平/可靠/合作」的人意味着什么？","constrained_mapping_v0.2","semantic_preflight"
"CC2-02327","PF-G03","公平/合作","SC-S2-03","钱/财务","SC-S1-03","稳定交往","SC-S3-03","失业/收入下降","NF-N1-11","家庭投入/家庭边界","Fit / conditional","N3-03/N3-04","当「公平/合作」进入「稳定交往」的「钱/财务」，遇到「失业/收入下降」时，对重视「家庭投入/家庭边界」的人意味着什么？","constrained_mapping_v0.2","semantic_preflight"
"CC2-02328","PF-G03","公平/合作","SC-S2-03","钱/财务","SC-S1-03","稳定交往","SC-S3-03","失业/收入下降","NF-N1-05","安全/信任/可预测","Gate / conditional","N3-02/N3-06","当「公平/合作」进入「稳定交往」的「钱/财务」，遇到「失业/收入下降」时，对重视「安全/信任/可预测」的人意味着什么？","constrained_mapping_v0.2","semantic_preflight"
"CC2-02329","PF-G03","公平/合作","SC-S2-03","钱/财务","SC-S1-03","稳定交往","SC-S3-04","大额财务事件","NF-N1-07","公平/可靠/合作","Conditional / gate","N3-02/N3-03","当「公平/合作」进入「稳定交往」的「钱/财务」，遇到「大额财务事件」时，对重视「公平/可靠/合作」的人意味着什么？","constrained_mapping_v0.2","semantic_preflight"
"CC2-02330","PF-G03","公平/合作","SC-S2-03","钱/财务","SC-S1-03","稳定交往","SC-S3-04","大额财务事件","NF-N1-11","家庭投入/家庭边界","Fit / conditional","N3-03/N3-04","当「公平/合作」进入「稳定交往」的「钱/财务」，遇到「大额财务事件」时，对重视「家庭投入/家庭边界」的人意味着什么？","constrained_mapping_v0.2","semantic_preflight"
"CC2-02331","PF-G03","公平/合作","SC-S2-03","钱/财务","SC-S1-03","稳定交往","SC-S3-04","大额财务事件","NF-N1-05","安全/信任/可预测","Gate / conditional","N3-02/N3-06","当「公平/合作」进入「稳定交往」的「钱/财务」，遇到「大额财务事件」时，对重视「安全/信任/可预测」的人意味着什么？","constrained_mapping_v0.2","semantic_preflight"
"CC2-02332","PF-G03","公平/合作","SC-S2-03","钱/财务","SC-S1-05","结婚/建立家庭","SC-S3-03","失业/收入下降","NF-N1-07","公平/可靠/合作","Conditional / gate","N3-02/N3-03","当「公平/合作」进入「结婚/建立家庭」的「钱/财务」，遇到「失业/收入下降」时，对重视「公平/可靠/合作」的人意味着什么？","constrained_mapping_v0.2","semantic_preflight"
"CC2-02333","PF-G03","公平/合作","SC-S2-03","钱/财务","SC-S1-05","结婚/建立家庭","SC-S3-03","失业/收入下降","NF-N1-11","家庭投入/家庭边界","Fit / conditional","N3-03/N3-04","当「公平/合作」进入「结婚/建立家庭」的「钱/财务」，遇到「失业/收入下降」时，对重视「家庭投入/家庭边界」的人意味着什么？","constrained_mapping_v0.2","semantic_preflight"
"CC2-02334","PF-G03","公平/合作","SC-S2-03","钱/财务","SC-S1-05","结婚/建立家庭","SC-S3-03","失业/收入下降","NF-N1-05","安全/信任/可预测","Gate / conditional","N3-02/N3-06","当「公平/合作」进入「结婚/建立家庭」的「钱/财务」，遇到「失业/收入下降」时，对重视「安全/信任/可预测」的人意味着什么？","constrained_mapping_v0.2","semantic_preflight"
"CC2-02335","PF-G03","公平/合作","SC-S2-03","钱/财务","SC-S1-05","结婚/建立家庭","SC-S3-04","大额财务事件","NF-N1-07","公平/可靠/合作","Conditional / gate","N3-02/N3-03","当「公平/合作」进入「结婚/建立家庭」的「钱/财务」，遇到「大额财务事件」时，对重视「公平/可靠/合作」的人意味着什么？","constrained_mapping_v0.2","semantic_preflight"
"CC2-02336","PF-G03","公平/合作","SC-S2-03","钱/财务","SC-S1-05","结婚/建立家庭","SC-S3-04","大额财务事件","NF-N1-11","家庭投入/家庭边界","Fit / conditional","N3-03/N3-04","当「公平/合作」进入「结婚/建立家庭」的「钱/财务」，遇到「大额财务事件」时，对重视「家庭投入/家庭边界」的人意味着什么？","constrained_mapping_v0.2","semantic_preflight"
"CC2-02337","PF-G03","公平/合作","SC-S2-03","钱/财务","SC-S1-05","结婚/建立家庭","SC-S3-04","大额财务事件","NF-N1-05","安全/信任/可预测","Gate / conditional","N3-02/N3-06","当「公平/合作」进入「结婚/建立家庭」的「钱/财务」，遇到「大额财务事件」时，对重视「安全/信任/可预测」的人意味着什么？","constrained_mapping_v0.2","semantic_preflight"
"CC2-02338","PF-G03","公平/合作","SC-S2-03","钱/财务","SC-S1-06","备孕/怀孕/生育","SC-S3-03","失业/收入下降","NF-N1-07","公平/可靠/合作","Conditional / gate","N3-02/N3-03","当「公平/合作」进入「备孕/怀孕/生育」的「钱/财务」，遇到「失业/收入下降」时，对重视「公平/可靠/合作」的人意味着什么？","constrained_mapping_v0.2","semantic_preflight"
"CC2-02339","PF-G03","公平/合作","SC-S2-03","钱/财务","SC-S1-06","备孕/怀孕/生育","SC-S3-03","失业/收入下降","NF-N1-11","家庭投入/家庭边界","Fit / conditional","N3-03/N3-04","当「公平/合作」进入「备孕/怀孕/生育」的「钱/财务」，遇到「失业/收入下降」时，对重视「家庭投入/家庭边界」的人意味着什么？","constrained_mapping_v0.2","semantic_preflight"
"CC2-02340","PF-G03","公平/合作","SC-S2-03","钱/财务","SC-S1-06","备孕/怀孕/生育","SC-S3-03","失业/收入下降","NF-N1-05","安全/信任/可预测","Gate / conditional","N3-02/N3-06","当「公平/合作」进入「备孕/怀孕/生育」的「钱/财务」，遇到「失业/收入下降」时，对重视「安全/信任/可预测」的人意味着什么？","constrained_mapping_v0.2","semantic_preflight"
"CC2-02341","PF-G03","公平/合作","SC-S2-03","钱/财务","SC-S1-06","备孕/怀孕/生育","SC-S3-04","大额财务事件","NF-N1-07","公平/可靠/合作","Conditional / gate","N3-02/N3-03","当「公平/合作」进入「备孕/怀孕/生育」的「钱/财务」，遇到「大额财务事件」时，对重视「公平/可靠/合作」的人意味着什么？","constrained_mapping_v0.2","semantic_preflight"
"CC2-02342","PF-G03","公平/合作","SC-S2-03","钱/财务","SC-S1-06","备孕/怀孕/生育","SC-S3-04","大额财务事件","NF-N1-11","家庭投入/家庭边界","Fit / conditional","N3-03/N3-04","当「公平/合作」进入「备孕/怀孕/生育」的「钱/财务」，遇到「大额财务事件」时，对重视「家庭投入/家庭边界」的人意味着什么？","constrained_mapping_v0.2","semantic_preflight"
"CC2-02343","PF-G03","公平/合作","SC-S2-03","钱/财务","SC-S1-06","备孕/怀孕/生育","SC-S3-04","大额财务事件","NF-N1-05","安全/信任/可预测","Gate / conditional","N3-02/N3-06","当「公平/合作」进入「备孕/怀孕/生育」的「钱/财务」，遇到「大额财务事件」时，对重视「安全/信任/可预测」的人意味着什么？","constrained_mapping_v0.2","semantic_preflight"
"CC2-02344","PF-G03","公平/合作","SC-S2-03","钱/财务","SC-S1-07","婴幼儿照护","SC-S3-03","失业/收入下降","NF-N1-07","公平/可靠/合作","Conditional / gate","N3-02/N3-03","当「公平/合作」进入「婴幼儿照护」的「钱/财务」，遇到「失业/收入下降」时，对重视「公平/可靠/合作」的人意味着什么？","constrained_mapping_v0.2","semantic_preflight"
"CC2-02345","PF-G03","公平/合作","SC-S2-03","钱/财务","SC-S1-07","婴幼儿照护","SC-S3-03","失业/收入下降","NF-N1-11","家庭投入/家庭边界","Fit / conditional","N3-03/N3-04","当「公平/合作」进入「婴幼儿照护」的「钱/财务」，遇到「失业/收入下降」时，对重视「家庭投入/家庭边界」的人意味着什么？","constrained_mapping_v0.2","semantic_preflight"
"CC2-02346","PF-G03","公平/合作","SC-S2-03","钱/财务","SC-S1-07","婴幼儿照护","SC-S3-03","失业/收入下降","NF-N1-05","安全/信任/可预测","Gate / conditional","N3-02/N3-06","当「公平/合作」进入「婴幼儿照护」的「钱/财务」，遇到「失业/收入下降」时，对重视「安全/信任/可预测」的人意味着什么？","constrained_mapping_v0.2","semantic_preflight"
"CC2-02347","PF-G03","公平/合作","SC-S2-03","钱/财务","SC-S1-07","婴幼儿照护","SC-S3-04","大额财务事件","NF-N1-07","公平/可靠/合作","Conditional / gate","N3-02/N3-03","当「公平/合作」进入「婴幼儿照护」的「钱/财务」，遇到「大额财务事件」时，对重视「公平/可靠/合作」的人意味着什么？","constrained_mapping_v0.2","semantic_preflight"
"CC2-02348","PF-G03","公平/合作","SC-S2-03","钱/财务","SC-S1-07","婴幼儿照护","SC-S3-04","大额财务事件","NF-N1-11","家庭投入/家庭边界","Fit / conditional","N3-03/N3-04","当「公平/合作」进入「婴幼儿照护」的「钱/财务」，遇到「大额财务事件」时，对重视「家庭投入/家庭边界」的人意味着什么？","constrained_mapping_v0.2","semantic_preflight"
"CC2-02349","PF-G03","公平/合作","SC-S2-03","钱/财务","SC-S1-07","婴幼儿照护","SC-S3-04","大额财务事件","NF-N1-05","安全/信任/可预测","Gate / conditional","N3-02/N3-06","当「公平/合作」进入「婴幼儿照护」的「钱/财务」，遇到「大额财务事件」时，对重视「安全/信任/可预测」的人意味着什么？","constrained_mapping_v0.2","semantic_preflight"
"CC2-02350","PF-G04","边界尊重","SC-S2-08","社交/朋友/个人空间","SC-S1-01","认识/相亲","SC-S3-09","社交/边界事件","NF-N1-04","自主/空间/自由","Ideal range / fit","N3-04","当「边界尊重」进入「认识/相亲」的「社交/朋友/个人空间」，遇到「社交/边界事件」时，对重视「自主/空间/自由」的人意味着什么？","constrained_mapping_v0.2","semantic_preflight"
"CC2-02351","PF-G04","边界尊重","SC-S2-08","社交/朋友/个人空间","SC-S1-01","认识/相亲","SC-S3-09","社交/边界事件","NF-N1-05","安全/信任/可预测","Gate / conditional","N3-02/N3-06","当「边界尊重」进入「认识/相亲」的「社交/朋友/个人空间」，遇到「社交/边界事件」时，对重视「安全/信任/可预测」的人意味着什么？","constrained_mapping_v0.2","semantic_preflight"
"CC2-02352","PF-G04","边界尊重","SC-S2-08","社交/朋友/个人空间","SC-S1-01","认识/相亲","SC-S3-09","社交/边界事件","NF-N1-11","家庭投入/家庭边界","Fit / conditional","N3-03/N3-04","当「边界尊重」进入「认识/相亲」的「社交/朋友/个人空间」，遇到「社交/边界事件」时，对重视「家庭投入/家庭边界」的人意味着什么？","constrained_mapping_v0.2","semantic_preflight"
"CC2-02353","PF-G04","边界尊重","SC-S2-08","社交/朋友/个人空间","SC-S1-03","稳定交往","SC-S3-09","社交/边界事件","NF-N1-04","自主/空间/自由","Ideal range / fit","N3-04","当「边界尊重」进入「稳定交往」的「社交/朋友/个人空间」，遇到「社交/边界事件」时，对重视「自主/空间/自由」的人意味着什么？","constrained_mapping_v0.2","semantic_preflight"
"CC2-02354","PF-G04","边界尊重","SC-S2-08","社交/朋友/个人空间","SC-S1-03","稳定交往","SC-S3-09","社交/边界事件","NF-N1-05","安全/信任/可预测","Gate / conditional","N3-02/N3-06","当「边界尊重」进入「稳定交往」的「社交/朋友/个人空间」，遇到「社交/边界事件」时，对重视「安全/信任/可预测」的人意味着什么？","constrained_mapping_v0.2","semantic_preflight"
"CC2-02355","PF-G04","边界尊重","SC-S2-08","社交/朋友/个人空间","SC-S1-03","稳定交往","SC-S3-09","社交/边界事件","NF-N1-11","家庭投入/家庭边界","Fit / conditional","N3-03/N3-04","当「边界尊重」进入「稳定交往」的「社交/朋友/个人空间」，遇到「社交/边界事件」时，对重视「家庭投入/家庭边界」的人意味着什么？","constrained_mapping_v0.2","semantic_preflight"
"CC2-02356","PF-G04","边界尊重","SC-S2-08","社交/朋友/个人空间","SC-S1-03","稳定交往","SC-S3-10","反复小问题累积","NF-N1-04","自主/空间/自由","Ideal range / fit","N3-04","当「边界尊重」进入「稳定交往」的「社交/朋友/个人空间」，遇到「反复小问题累积」时，对重视「自主/空间/自由」的人意味着什么？","constrained_mapping_v0.2","semantic_preflight"
"CC2-02357","PF-G04","边界尊重","SC-S2-08","社交/朋友/个人空间","SC-S1-03","稳定交往","SC-S3-10","反复小问题累积","NF-N1-05","安全/信任/可预测","Gate / conditional","N3-02/N3-06","当「边界尊重」进入「稳定交往」的「社交/朋友/个人空间」，遇到「反复小问题累积」时，对重视「安全/信任/可预测」的人意味着什么？","constrained_mapping_v0.2","semantic_preflight"
"CC2-02358","PF-G04","边界尊重","SC-S2-08","社交/朋友/个人空间","SC-S1-03","稳定交往","SC-S3-10","反复小问题累积","NF-N1-11","家庭投入/家庭边界","Fit / conditional","N3-03/N3-04","当「边界尊重」进入「稳定交往」的「社交/朋友/个人空间」，遇到「反复小问题累积」时，对重视「家庭投入/家庭边界」的人意味着什么？","constrained_mapping_v0.2","semantic_preflight"
"CC2-02359","PF-G04","边界尊重","SC-S2-08","社交/朋友/个人空间","SC-S1-05","结婚/建立家庭","SC-S3-09","社交/边界事件","NF-N1-04","自主/空间/自由","Ideal range / fit","N3-04","当「边界尊重」进入「结婚/建立家庭」的「社交/朋友/个人空间」，遇到「社交/边界事件」时，对重视「自主/空间/自由」的人意味着什么？","constrained_mapping_v0.2","semantic_preflight"
"CC2-02360","PF-G04","边界尊重","SC-S2-08","社交/朋友/个人空间","SC-S1-05","结婚/建立家庭","SC-S3-09","社交/边界事件","NF-N1-05","安全/信任/可预测","Gate / conditional","N3-02/N3-06","当「边界尊重」进入「结婚/建立家庭」的「社交/朋友/个人空间」，遇到「社交/边界事件」时，对重视「安全/信任/可预测」的人意味着什么？","constrained_mapping_v0.2","semantic_preflight"
"CC2-02361","PF-G04","边界尊重","SC-S2-08","社交/朋友/个人空间","SC-S1-05","结婚/建立家庭","SC-S3-09","社交/边界事件","NF-N1-11","家庭投入/家庭边界","Fit / conditional","N3-03/N3-04","当「边界尊重」进入「结婚/建立家庭」的「社交/朋友/个人空间」，遇到「社交/边界事件」时，对重视「家庭投入/家庭边界」的人意味着什么？","constrained_mapping_v0.2","semantic_preflight"
"CC2-02362","PF-G04","边界尊重","SC-S2-08","社交/朋友/个人空间","SC-S1-05","结婚/建立家庭","SC-S3-10","反复小问题累积","NF-N1-04","自主/空间/自由","Ideal range / fit","N3-04","当「边界尊重」进入「结婚/建立家庭」的「社交/朋友/个人空间」，遇到「反复小问题累积」时，对重视「自主/空间/自由」的人意味着什么？","constrained_mapping_v0.2","semantic_preflight"
"CC2-02363","PF-G04","边界尊重","SC-S2-08","社交/朋友/个人空间","SC-S1-05","结婚/建立家庭","SC-S3-10","反复小问题累积","NF-N1-05","安全/信任/可预测","Gate / conditional","N3-02/N3-06","当「边界尊重」进入「结婚/建立家庭」的「社交/朋友/个人空间」，遇到「反复小问题累积」时，对重视「安全/信任/可预测」的人意味着什么？","constrained_mapping_v0.2","semantic_preflight"
"CC2-02364","PF-G04","边界尊重","SC-S2-08","社交/朋友/个人空间","SC-S1-05","结婚/建立家庭","SC-S3-10","反复小问题累积","NF-N1-11","家庭投入/家庭边界","Fit / conditional","N3-03/N3-04","当「边界尊重」进入「结婚/建立家庭」的「社交/朋友/个人空间」，遇到「反复小问题累积」时，对重视「家庭投入/家庭边界」的人意味着什么？","constrained_mapping_v0.2","semantic_preflight"
"CC2-02365","PF-G04","边界尊重","SC-S2-07","双方父母/原生家庭","SC-S1-05","结婚/建立家庭","SC-S3-07","父母责任变化","NF-N1-04","自主/空间/自由","Ideal range / fit","N3-04","当「边界尊重」进入「结婚/建立家庭」的「双方父母/原生家庭」，遇到「父母责任变化」时，对重视「自主/空间/自由」的人意味着什么？","constrained_mapping_v0.2","semantic_preflight"
"CC2-02366","PF-G04","边界尊重","SC-S2-07","双方父母/原生家庭","SC-S1-05","结婚/建立家庭","SC-S3-07","父母责任变化","NF-N1-05","安全/信任/可预测","Gate / conditional","N3-02/N3-06","当「边界尊重」进入「结婚/建立家庭」的「双方父母/原生家庭」，遇到「父母责任变化」时，对重视「安全/信任/可预测」的人意味着什么？","constrained_mapping_v0.2","semantic_preflight"
"CC2-02367","PF-G04","边界尊重","SC-S2-07","双方父母/原生家庭","SC-S1-05","结婚/建立家庭","SC-S3-07","父母责任变化","NF-N1-11","家庭投入/家庭边界","Fit / conditional","N3-03/N3-04","当「边界尊重」进入「结婚/建立家庭」的「双方父母/原生家庭」，遇到「父母责任变化」时，对重视「家庭投入/家庭边界」的人意味着什么？","constrained_mapping_v0.2","semantic_preflight"
"CC2-02368","PF-G04","边界尊重","SC-S2-07","双方父母/原生家庭","SC-S1-05","结婚/建立家庭","SC-S3-05","居住/迁移变化","NF-N1-04","自主/空间/自由","Ideal range / fit","N3-04","当「边界尊重」进入「结婚/建立家庭」的「双方父母/原生家庭」，遇到「居住/迁移变化」时，对重视「自主/空间/自由」的人意味着什么？","constrained_mapping_v0.2","semantic_preflight"
"CC2-02369","PF-G04","边界尊重","SC-S2-07","双方父母/原生家庭","SC-S1-05","结婚/建立家庭","SC-S3-05","居住/迁移变化","NF-N1-05","安全/信任/可预测","Gate / conditional","N3-02/N3-06","当「边界尊重」进入「结婚/建立家庭」的「双方父母/原生家庭」，遇到「居住/迁移变化」时，对重视「安全/信任/可预测」的人意味着什么？","constrained_mapping_v0.2","semantic_preflight"
"CC2-02370","PF-G04","边界尊重","SC-S2-07","双方父母/原生家庭","SC-S1-05","结婚/建立家庭","SC-S3-05","居住/迁移变化","NF-N1-11","家庭投入/家庭边界","Fit / conditional","N3-03/N3-04","当「边界尊重」进入「结婚/建立家庭」的「双方父母/原生家庭」，遇到「居住/迁移变化」时，对重视「家庭投入/家庭边界」的人意味着什么？","constrained_mapping_v0.2","semantic_preflight"
"CC2-02371","PF-G04","边界尊重","SC-S2-07","双方父母/原生家庭","SC-S1-06","备孕/怀孕/生育","SC-S3-07","父母责任变化","NF-N1-04","自主/空间/自由","Ideal range / fit","N3-04","当「边界尊重」进入「备孕/怀孕/生育」的「双方父母/原生家庭」，遇到「父母责任变化」时，对重视「自主/空间/自由」的人意味着什么？","constrained_mapping_v0.2","semantic_preflight"
"CC2-02372","PF-G04","边界尊重","SC-S2-07","双方父母/原生家庭","SC-S1-06","备孕/怀孕/生育","SC-S3-07","父母责任变化","NF-N1-05","安全/信任/可预测","Gate / conditional","N3-02/N3-06","当「边界尊重」进入「备孕/怀孕/生育」的「双方父母/原生家庭」，遇到「父母责任变化」时，对重视「安全/信任/可预测」的人意味着什么？","constrained_mapping_v0.2","semantic_preflight"
"CC2-02373","PF-G04","边界尊重","SC-S2-07","双方父母/原生家庭","SC-S1-06","备孕/怀孕/生育","SC-S3-07","父母责任变化","NF-N1-11","家庭投入/家庭边界","Fit / conditional","N3-03/N3-04","当「边界尊重」进入「备孕/怀孕/生育」的「双方父母/原生家庭」，遇到「父母责任变化」时，对重视「家庭投入/家庭边界」的人意味着什么？","constrained_mapping_v0.2","semantic_preflight"
"CC2-02374","PF-G04","边界尊重","SC-S2-07","双方父母/原生家庭","SC-S1-06","备孕/怀孕/生育","SC-S3-05","居住/迁移变化","NF-N1-04","自主/空间/自由","Ideal range / fit","N3-04","当「边界尊重」进入「备孕/怀孕/生育」的「双方父母/原生家庭」，遇到「居住/迁移变化」时，对重视「自主/空间/自由」的人意味着什么？","constrained_mapping_v0.2","semantic_preflight"
"CC2-02375","PF-G04","边界尊重","SC-S2-07","双方父母/原生家庭","SC-S1-06","备孕/怀孕/生育","SC-S3-05","居住/迁移变化","NF-N1-05","安全/信任/可预测","Gate / conditional","N3-02/N3-06","当「边界尊重」进入「备孕/怀孕/生育」的「双方父母/原生家庭」，遇到「居住/迁移变化」时，对重视「安全/信任/可预测」的人意味着什么？","constrained_mapping_v0.2","semantic_preflight"
"CC2-02376","PF-G04","边界尊重","SC-S2-07","双方父母/原生家庭","SC-S1-06","备孕/怀孕/生育","SC-S3-05","居住/迁移变化","NF-N1-11","家庭投入/家庭边界","Fit / conditional","N3-03/N3-04","当「边界尊重」进入「备孕/怀孕/生育」的「双方父母/原生家庭」，遇到「居住/迁移变化」时，对重视「家庭投入/家庭边界」的人意味着什么？","constrained_mapping_v0.2","semantic_preflight"
"CC2-02377","PF-G04","边界尊重","SC-S2-07","双方父母/原生家庭","SC-S1-07","婴幼儿照护","SC-S3-07","父母责任变化","NF-N1-04","自主/空间/自由","Ideal range / fit","N3-04","当「边界尊重」进入「婴幼儿照护」的「双方父母/原生家庭」，遇到「父母责任变化」时，对重视「自主/空间/自由」的人意味着什么？","constrained_mapping_v0.2","semantic_preflight"
"CC2-02378","PF-G04","边界尊重","SC-S2-07","双方父母/原生家庭","SC-S1-07","婴幼儿照护","SC-S3-07","父母责任变化","NF-N1-05","安全/信任/可预测","Gate / conditional","N3-02/N3-06","当「边界尊重」进入「婴幼儿照护」的「双方父母/原生家庭」，遇到「父母责任变化」时，对重视「安全/信任/可预测」的人意味着什么？","constrained_mapping_v0.2","semantic_preflight"
"CC2-02379","PF-G04","边界尊重","SC-S2-07","双方父母/原生家庭","SC-S1-07","婴幼儿照护","SC-S3-07","父母责任变化","NF-N1-11","家庭投入/家庭边界","Fit / conditional","N3-03/N3-04","当「边界尊重」进入「婴幼儿照护」的「双方父母/原生家庭」，遇到「父母责任变化」时，对重视「家庭投入/家庭边界」的人意味着什么？","constrained_mapping_v0.2","semantic_preflight"
"CC2-02380","PF-G04","边界尊重","SC-S2-07","双方父母/原生家庭","SC-S1-07","婴幼儿照护","SC-S3-05","居住/迁移变化","NF-N1-04","自主/空间/自由","Ideal range / fit","N3-04","当「边界尊重」进入「婴幼儿照护」的「双方父母/原生家庭」，遇到「居住/迁移变化」时，对重视「自主/空间/自由」的人意味着什么？","constrained_mapping_v0.2","semantic_preflight"
"CC2-02381","PF-G04","边界尊重","SC-S2-07","双方父母/原生家庭","SC-S1-07","婴幼儿照护","SC-S3-05","居住/迁移变化","NF-N1-05","安全/信任/可预测","Gate / conditional","N3-02/N3-06","当「边界尊重」进入「婴幼儿照护」的「双方父母/原生家庭」，遇到「居住/迁移变化」时，对重视「安全/信任/可预测」的人意味着什么？","constrained_mapping_v0.2","semantic_preflight"
"CC2-02382","PF-G04","边界尊重","SC-S2-07","双方父母/原生家庭","SC-S1-07","婴幼儿照护","SC-S3-05","居住/迁移变化","NF-N1-11","家庭投入/家庭边界","Fit / conditional","N3-03/N3-04","当「边界尊重」进入「婴幼儿照护」的「双方父母/原生家庭」，遇到「居住/迁移变化」时，对重视「家庭投入/家庭边界」的人意味着什么？","constrained_mapping_v0.2","semantic_preflight"
"CC2-02383","PF-G04","边界尊重","SC-S2-07","双方父母/原生家庭","SC-S1-09","中年多重责任","SC-S3-07","父母责任变化","NF-N1-04","自主/空间/自由","Ideal range / fit","N3-04","当「边界尊重」进入「中年多重责任」的「双方父母/原生家庭」，遇到「父母责任变化」时，对重视「自主/空间/自由」的人意味着什么？","constrained_mapping_v0.2","semantic_preflight"
"CC2-02384","PF-G04","边界尊重","SC-S2-07","双方父母/原生家庭","SC-S1-09","中年多重责任","SC-S3-07","父母责任变化","NF-N1-05","安全/信任/可预测","Gate / conditional","N3-02/N3-06","当「边界尊重」进入「中年多重责任」的「双方父母/原生家庭」，遇到「父母责任变化」时，对重视「安全/信任/可预测」的人意味着什么？","constrained_mapping_v0.2","semantic_preflight"
"CC2-02385","PF-G04","边界尊重","SC-S2-07","双方父母/原生家庭","SC-S1-09","中年多重责任","SC-S3-07","父母责任变化","NF-N1-11","家庭投入/家庭边界","Fit / conditional","N3-03/N3-04","当「边界尊重」进入「中年多重责任」的「双方父母/原生家庭」，遇到「父母责任变化」时，对重视「家庭投入/家庭边界」的人意味着什么？","constrained_mapping_v0.2","semantic_preflight"
"CC2-02386","PF-G04","边界尊重","SC-S2-07","双方父母/原生家庭","SC-S1-09","中年多重责任","SC-S3-05","居住/迁移变化","NF-N1-04","自主/空间/自由","Ideal range / fit","N3-04","当「边界尊重」进入「中年多重责任」的「双方父母/原生家庭」，遇到「居住/迁移变化」时，对重视「自主/空间/自由」的人意味着什么？","constrained_mapping_v0.2","semantic_preflight"
"CC2-02387","PF-G04","边界尊重","SC-S2-07","双方父母/原生家庭","SC-S1-09","中年多重责任","SC-S3-05","居住/迁移变化","NF-N1-05","安全/信任/可预测","Gate / conditional","N3-02/N3-06","当「边界尊重」进入「中年多重责任」的「双方父母/原生家庭」，遇到「居住/迁移变化」时，对重视「安全/信任/可预测」的人意味着什么？","constrained_mapping_v0.2","semantic_preflight"
"CC2-02388","PF-G04","边界尊重","SC-S2-07","双方父母/原生家庭","SC-S1-09","中年多重责任","SC-S3-05","居住/迁移变化","NF-N1-11","家庭投入/家庭边界","Fit / conditional","N3-03/N3-04","当「边界尊重」进入「中年多重责任」的「双方父母/原生家庭」，遇到「居住/迁移变化」时，对重视「家庭投入/家庭边界」的人意味着什么？","constrained_mapping_v0.2","semantic_preflight"
"CC2-02389","PF-G04","边界尊重","SC-S2-10","性/身体亲密","SC-S1-02","恋爱/磨合","SC-S3-08","本人健康变化","NF-N1-04","自主/空间/自由","Ideal range / fit","N3-04","当「边界尊重」进入「恋爱/磨合」的「性/身体亲密」，遇到「本人健康变化」时，对重视「自主/空间/自由」的人意味着什么？","constrained_mapping_v0.2","semantic_preflight"
"CC2-02390","PF-G04","边界尊重","SC-S2-10","性/身体亲密","SC-S1-02","恋爱/磨合","SC-S3-08","本人健康变化","NF-N1-05","安全/信任/可预测","Gate / conditional","N3-02/N3-06","当「边界尊重」进入「恋爱/磨合」的「性/身体亲密」，遇到「本人健康变化」时，对重视「安全/信任/可预测」的人意味着什么？","constrained_mapping_v0.2","semantic_preflight"
"CC2-02391","PF-G04","边界尊重","SC-S2-10","性/身体亲密","SC-S1-02","恋爱/磨合","SC-S3-08","本人健康变化","NF-N1-11","家庭投入/家庭边界","Fit / conditional","N3-03/N3-04","当「边界尊重」进入「恋爱/磨合」的「性/身体亲密」，遇到「本人健康变化」时，对重视「家庭投入/家庭边界」的人意味着什么？","constrained_mapping_v0.2","semantic_preflight"
"CC2-02392","PF-G04","边界尊重","SC-S2-10","性/身体亲密","SC-S1-02","恋爱/磨合","SC-S3-10","反复小问题累积","NF-N1-04","自主/空间/自由","Ideal range / fit","N3-04","当「边界尊重」进入「恋爱/磨合」的「性/身体亲密」，遇到「反复小问题累积」时，对重视「自主/空间/自由」的人意味着什么？","constrained_mapping_v0.2","semantic_preflight"
"CC2-02393","PF-G04","边界尊重","SC-S2-10","性/身体亲密","SC-S1-02","恋爱/磨合","SC-S3-10","反复小问题累积","NF-N1-05","安全/信任/可预测","Gate / conditional","N3-02/N3-06","当「边界尊重」进入「恋爱/磨合」的「性/身体亲密」，遇到「反复小问题累积」时，对重视「安全/信任/可预测」的人意味着什么？","constrained_mapping_v0.2","semantic_preflight"
"CC2-02394","PF-G04","边界尊重","SC-S2-10","性/身体亲密","SC-S1-02","恋爱/磨合","SC-S3-10","反复小问题累积","NF-N1-11","家庭投入/家庭边界","Fit / conditional","N3-03/N3-04","当「边界尊重」进入「恋爱/磨合」的「性/身体亲密」，遇到「反复小问题累积」时，对重视「家庭投入/家庭边界」的人意味着什么？","constrained_mapping_v0.2","semantic_preflight"
"CC2-02395","PF-G04","边界尊重","SC-S2-10","性/身体亲密","SC-S1-05","结婚/建立家庭","SC-S3-08","本人健康变化","NF-N1-04","自主/空间/自由","Ideal range / fit","N3-04","当「边界尊重」进入「结婚/建立家庭」的「性/身体亲密」，遇到「本人健康变化」时，对重视「自主/空间/自由」的人意味着什么？","constrained_mapping_v0.2","semantic_preflight"
"CC2-02396","PF-G04","边界尊重","SC-S2-10","性/身体亲密","SC-S1-05","结婚/建立家庭","SC-S3-08","本人健康变化","NF-N1-05","安全/信任/可预测","Gate / conditional","N3-02/N3-06","当「边界尊重」进入「结婚/建立家庭」的「性/身体亲密」，遇到「本人健康变化」时，对重视「安全/信任/可预测」的人意味着什么？","constrained_mapping_v0.2","semantic_preflight"
"CC2-02397","PF-G04","边界尊重","SC-S2-10","性/身体亲密","SC-S1-05","结婚/建立家庭","SC-S3-08","本人健康变化","NF-N1-11","家庭投入/家庭边界","Fit / conditional","N3-03/N3-04","当「边界尊重」进入「结婚/建立家庭」的「性/身体亲密」，遇到「本人健康变化」时，对重视「家庭投入/家庭边界」的人意味着什么？","constrained_mapping_v0.2","semantic_preflight"
"CC2-02398","PF-G04","边界尊重","SC-S2-10","性/身体亲密","SC-S1-05","结婚/建立家庭","SC-S3-10","反复小问题累积","NF-N1-04","自主/空间/自由","Ideal range / fit","N3-04","当「边界尊重」进入「结婚/建立家庭」的「性/身体亲密」，遇到「反复小问题累积」时，对重视「自主/空间/自由」的人意味着什么？","constrained_mapping_v0.2","semantic_preflight"
"CC2-02399","PF-G04","边界尊重","SC-S2-10","性/身体亲密","SC-S1-05","结婚/建立家庭","SC-S3-10","反复小问题累积","NF-N1-05","安全/信任/可预测","Gate / conditional","N3-02/N3-06","当「边界尊重」进入「结婚/建立家庭」的「性/身体亲密」，遇到「反复小问题累积」时，对重视「安全/信任/可预测」的人意味着什么？","constrained_mapping_v0.2","semantic_preflight"
"CC2-02400","PF-G04","边界尊重","SC-S2-10","性/身体亲密","SC-S1-05","结婚/建立家庭","SC-S3-10","反复小问题累积","NF-N1-11","家庭投入/家庭边界","Fit / conditional","N3-03/N3-04","当「边界尊重」进入「结婚/建立家庭」的「性/身体亲密」，遇到「反复小问题累积」时，对重视「家庭投入/家庭边界」的人意味着什么？","constrained_mapping_v0.2","semantic_preflight"
"CC2-02401","PF-G04","边界尊重","SC-S2-10","性/身体亲密","SC-S1-06","备孕/怀孕/生育","SC-S3-08","本人健康变化","NF-N1-04","自主/空间/自由","Ideal range / fit","N3-04","当「边界尊重」进入「备孕/怀孕/生育」的「性/身体亲密」，遇到「本人健康变化」时，对重视「自主/空间/自由」的人意味着什么？","constrained_mapping_v0.2","semantic_preflight"
"CC2-02402","PF-G04","边界尊重","SC-S2-10","性/身体亲密","SC-S1-06","备孕/怀孕/生育","SC-S3-08","本人健康变化","NF-N1-05","安全/信任/可预测","Gate / conditional","N3-02/N3-06","当「边界尊重」进入「备孕/怀孕/生育」的「性/身体亲密」，遇到「本人健康变化」时，对重视「安全/信任/可预测」的人意味着什么？","constrained_mapping_v0.2","semantic_preflight"
"CC2-02403","PF-G04","边界尊重","SC-S2-10","性/身体亲密","SC-S1-06","备孕/怀孕/生育","SC-S3-08","本人健康变化","NF-N1-11","家庭投入/家庭边界","Fit / conditional","N3-03/N3-04","当「边界尊重」进入「备孕/怀孕/生育」的「性/身体亲密」，遇到「本人健康变化」时，对重视「家庭投入/家庭边界」的人意味着什么？","constrained_mapping_v0.2","semantic_preflight"
"CC2-02404","PF-G04","边界尊重","SC-S2-10","性/身体亲密","SC-S1-06","备孕/怀孕/生育","SC-S3-10","反复小问题累积","NF-N1-04","自主/空间/自由","Ideal range / fit","N3-04","当「边界尊重」进入「备孕/怀孕/生育」的「性/身体亲密」，遇到「反复小问题累积」时，对重视「自主/空间/自由」的人意味着什么？","constrained_mapping_v0.2","semantic_preflight"
"CC2-02405","PF-G04","边界尊重","SC-S2-10","性/身体亲密","SC-S1-06","备孕/怀孕/生育","SC-S3-10","反复小问题累积","NF-N1-05","安全/信任/可预测","Gate / conditional","N3-02/N3-06","当「边界尊重」进入「备孕/怀孕/生育」的「性/身体亲密」，遇到「反复小问题累积」时，对重视「安全/信任/可预测」的人意味着什么？","constrained_mapping_v0.2","semantic_preflight"
"CC2-02406","PF-G04","边界尊重","SC-S2-10","性/身体亲密","SC-S1-06","备孕/怀孕/生育","SC-S3-10","反复小问题累积","NF-N1-11","家庭投入/家庭边界","Fit / conditional","N3-03/N3-04","当「边界尊重」进入「备孕/怀孕/生育」的「性/身体亲密」，遇到「反复小问题累积」时，对重视「家庭投入/家庭边界」的人意味着什么？","constrained_mapping_v0.2","semantic_preflight"
"CC2-02407","PF-G04","边界尊重","SC-S2-10","性/身体亲密","SC-S1-07","婴幼儿照护","SC-S3-08","本人健康变化","NF-N1-04","自主/空间/自由","Ideal range / fit","N3-04","当「边界尊重」进入「婴幼儿照护」的「性/身体亲密」，遇到「本人健康变化」时，对重视「自主/空间/自由」的人意味着什么？","constrained_mapping_v0.2","semantic_preflight"
"CC2-02408","PF-G04","边界尊重","SC-S2-10","性/身体亲密","SC-S1-07","婴幼儿照护","SC-S3-08","本人健康变化","NF-N1-05","安全/信任/可预测","Gate / conditional","N3-02/N3-06","当「边界尊重」进入「婴幼儿照护」的「性/身体亲密」，遇到「本人健康变化」时，对重视「安全/信任/可预测」的人意味着什么？","constrained_mapping_v0.2","semantic_preflight"
"CC2-02409","PF-G04","边界尊重","SC-S2-10","性/身体亲密","SC-S1-07","婴幼儿照护","SC-S3-08","本人健康变化","NF-N1-11","家庭投入/家庭边界","Fit / conditional","N3-03/N3-04","当「边界尊重」进入「婴幼儿照护」的「性/身体亲密」，遇到「本人健康变化」时，对重视「家庭投入/家庭边界」的人意味着什么？","constrained_mapping_v0.2","semantic_preflight"
"CC2-02410","PF-G04","边界尊重","SC-S2-10","性/身体亲密","SC-S1-07","婴幼儿照护","SC-S3-10","反复小问题累积","NF-N1-04","自主/空间/自由","Ideal range / fit","N3-04","当「边界尊重」进入「婴幼儿照护」的「性/身体亲密」，遇到「反复小问题累积」时，对重视「自主/空间/自由」的人意味着什么？","constrained_mapping_v0.2","semantic_preflight"
"CC2-02411","PF-G04","边界尊重","SC-S2-10","性/身体亲密","SC-S1-07","婴幼儿照护","SC-S3-10","反复小问题累积","NF-N1-05","安全/信任/可预测","Gate / conditional","N3-02/N3-06","当「边界尊重」进入「婴幼儿照护」的「性/身体亲密」，遇到「反复小问题累积」时，对重视「安全/信任/可预测」的人意味着什么？","constrained_mapping_v0.2","semantic_preflight"
"CC2-02412","PF-G04","边界尊重","SC-S2-10","性/身体亲密","SC-S1-07","婴幼儿照护","SC-S3-10","反复小问题累积","NF-N1-11","家庭投入/家庭边界","Fit / conditional","N3-03/N3-04","当「边界尊重」进入「婴幼儿照护」的「性/身体亲密」，遇到「反复小问题累积」时，对重视「家庭投入/家庭边界」的人意味着什么？","constrained_mapping_v0.2","semantic_preflight"
"CC2-02413","PF-G04","边界尊重","SC-S2-04","房/居住/地点","SC-S1-03","稳定交往","SC-S3-04","大额财务事件","NF-N1-04","自主/空间/自由","Ideal range / fit","N3-04","当「边界尊重」进入「稳定交往」的「房/居住/地点」，遇到「大额财务事件」时，对重视「自主/空间/自由」的人意味着什么？","constrained_mapping_v0.2","semantic_preflight"
"CC2-02414","PF-G04","边界尊重","SC-S2-04","房/居住/地点","SC-S1-03","稳定交往","SC-S3-04","大额财务事件","NF-N1-05","安全/信任/可预测","Gate / conditional","N3-02/N3-06","当「边界尊重」进入「稳定交往」的「房/居住/地点」，遇到「大额财务事件」时，对重视「安全/信任/可预测」的人意味着什么？","constrained_mapping_v0.2","semantic_preflight"
"CC2-02415","PF-G04","边界尊重","SC-S2-04","房/居住/地点","SC-S1-03","稳定交往","SC-S3-04","大额财务事件","NF-N1-11","家庭投入/家庭边界","Fit / conditional","N3-03/N3-04","当「边界尊重」进入「稳定交往」的「房/居住/地点」，遇到「大额财务事件」时，对重视「家庭投入/家庭边界」的人意味着什么？","constrained_mapping_v0.2","semantic_preflight"
"CC2-02416","PF-G04","边界尊重","SC-S2-04","房/居住/地点","SC-S1-03","稳定交往","SC-S3-05","居住/迁移变化","NF-N1-04","自主/空间/自由","Ideal range / fit","N3-04","当「边界尊重」进入「稳定交往」的「房/居住/地点」，遇到「居住/迁移变化」时，对重视「自主/空间/自由」的人意味着什么？","constrained_mapping_v0.2","semantic_preflight"
"CC2-02417","PF-G04","边界尊重","SC-S2-04","房/居住/地点","SC-S1-03","稳定交往","SC-S3-05","居住/迁移变化","NF-N1-05","安全/信任/可预测","Gate / conditional","N3-02/N3-06","当「边界尊重」进入「稳定交往」的「房/居住/地点」，遇到「居住/迁移变化」时，对重视「安全/信任/可预测」的人意味着什么？","constrained_mapping_v0.2","semantic_preflight"
"CC2-02418","PF-G04","边界尊重","SC-S2-04","房/居住/地点","SC-S1-03","稳定交往","SC-S3-05","居住/迁移变化","NF-N1-11","家庭投入/家庭边界","Fit / conditional","N3-03/N3-04","当「边界尊重」进入「稳定交往」的「房/居住/地点」，遇到「居住/迁移变化」时，对重视「家庭投入/家庭边界」的人意味着什么？","constrained_mapping_v0.2","semantic_preflight"
"CC2-02419","PF-G04","边界尊重","SC-S2-04","房/居住/地点","SC-S1-05","结婚/建立家庭","SC-S3-04","大额财务事件","NF-N1-04","自主/空间/自由","Ideal range / fit","N3-04","当「边界尊重」进入「结婚/建立家庭」的「房/居住/地点」，遇到「大额财务事件」时，对重视「自主/空间/自由」的人意味着什么？","constrained_mapping_v0.2","semantic_preflight"
"CC2-02420","PF-G04","边界尊重","SC-S2-04","房/居住/地点","SC-S1-05","结婚/建立家庭","SC-S3-04","大额财务事件","NF-N1-05","安全/信任/可预测","Gate / conditional","N3-02/N3-06","当「边界尊重」进入「结婚/建立家庭」的「房/居住/地点」，遇到「大额财务事件」时，对重视「安全/信任/可预测」的人意味着什么？","constrained_mapping_v0.2","semantic_preflight"
"CC2-02421","PF-G04","边界尊重","SC-S2-04","房/居住/地点","SC-S1-05","结婚/建立家庭","SC-S3-04","大额财务事件","NF-N1-11","家庭投入/家庭边界","Fit / conditional","N3-03/N3-04","当「边界尊重」进入「结婚/建立家庭」的「房/居住/地点」，遇到「大额财务事件」时，对重视「家庭投入/家庭边界」的人意味着什么？","constrained_mapping_v0.2","semantic_preflight"
"CC2-02422","PF-G04","边界尊重","SC-S2-04","房/居住/地点","SC-S1-05","结婚/建立家庭","SC-S3-05","居住/迁移变化","NF-N1-04","自主/空间/自由","Ideal range / fit","N3-04","当「边界尊重」进入「结婚/建立家庭」的「房/居住/地点」，遇到「居住/迁移变化」时，对重视「自主/空间/自由」的人意味着什么？","constrained_mapping_v0.2","semantic_preflight"
"CC2-02423","PF-G04","边界尊重","SC-S2-04","房/居住/地点","SC-S1-05","结婚/建立家庭","SC-S3-05","居住/迁移变化","NF-N1-05","安全/信任/可预测","Gate / conditional","N3-02/N3-06","当「边界尊重」进入「结婚/建立家庭」的「房/居住/地点」，遇到「居住/迁移变化」时，对重视「安全/信任/可预测」的人意味着什么？","constrained_mapping_v0.2","semantic_preflight"
"CC2-02424","PF-G04","边界尊重","SC-S2-04","房/居住/地点","SC-S1-05","结婚/建立家庭","SC-S3-05","居住/迁移变化","NF-N1-11","家庭投入/家庭边界","Fit / conditional","N3-03/N3-04","当「边界尊重」进入「结婚/建立家庭」的「房/居住/地点」，遇到「居住/迁移变化」时，对重视「家庭投入/家庭边界」的人意味着什么？","constrained_mapping_v0.2","semantic_preflight"
"CC2-02425","PF-G04","边界尊重","SC-S2-04","房/居住/地点","SC-S1-06","备孕/怀孕/生育","SC-S3-04","大额财务事件","NF-N1-04","自主/空间/自由","Ideal range / fit","N3-04","当「边界尊重」进入「备孕/怀孕/生育」的「房/居住/地点」，遇到「大额财务事件」时，对重视「自主/空间/自由」的人意味着什么？","constrained_mapping_v0.2","semantic_preflight"
"CC2-02426","PF-G04","边界尊重","SC-S2-04","房/居住/地点","SC-S1-06","备孕/怀孕/生育","SC-S3-04","大额财务事件","NF-N1-05","安全/信任/可预测","Gate / conditional","N3-02/N3-06","当「边界尊重」进入「备孕/怀孕/生育」的「房/居住/地点」，遇到「大额财务事件」时，对重视「安全/信任/可预测」的人意味着什么？","constrained_mapping_v0.2","semantic_preflight"
"CC2-02427","PF-G04","边界尊重","SC-S2-04","房/居住/地点","SC-S1-06","备孕/怀孕/生育","SC-S3-04","大额财务事件","NF-N1-11","家庭投入/家庭边界","Fit / conditional","N3-03/N3-04","当「边界尊重」进入「备孕/怀孕/生育」的「房/居住/地点」，遇到「大额财务事件」时，对重视「家庭投入/家庭边界」的人意味着什么？","constrained_mapping_v0.2","semantic_preflight"
"CC2-02428","PF-G04","边界尊重","SC-S2-04","房/居住/地点","SC-S1-06","备孕/怀孕/生育","SC-S3-05","居住/迁移变化","NF-N1-04","自主/空间/自由","Ideal range / fit","N3-04","当「边界尊重」进入「备孕/怀孕/生育」的「房/居住/地点」，遇到「居住/迁移变化」时，对重视「自主/空间/自由」的人意味着什么？","constrained_mapping_v0.2","semantic_preflight"
"CC2-02429","PF-G04","边界尊重","SC-S2-04","房/居住/地点","SC-S1-06","备孕/怀孕/生育","SC-S3-05","居住/迁移变化","NF-N1-05","安全/信任/可预测","Gate / conditional","N3-02/N3-06","当「边界尊重」进入「备孕/怀孕/生育」的「房/居住/地点」，遇到「居住/迁移变化」时，对重视「安全/信任/可预测」的人意味着什么？","constrained_mapping_v0.2","semantic_preflight"
"CC2-02430","PF-G04","边界尊重","SC-S2-04","房/居住/地点","SC-S1-06","备孕/怀孕/生育","SC-S3-05","居住/迁移变化","NF-N1-11","家庭投入/家庭边界","Fit / conditional","N3-03/N3-04","当「边界尊重」进入「备孕/怀孕/生育」的「房/居住/地点」，遇到「居住/迁移变化」时，对重视「家庭投入/家庭边界」的人意味着什么？","constrained_mapping_v0.2","semantic_preflight"
"CC2-02431","PF-G04","边界尊重","SC-S2-04","房/居住/地点","SC-S1-09","中年多重责任","SC-S3-04","大额财务事件","NF-N1-04","自主/空间/自由","Ideal range / fit","N3-04","当「边界尊重」进入「中年多重责任」的「房/居住/地点」，遇到「大额财务事件」时，对重视「自主/空间/自由」的人意味着什么？","constrained_mapping_v0.2","semantic_preflight"
"CC2-02432","PF-G04","边界尊重","SC-S2-04","房/居住/地点","SC-S1-09","中年多重责任","SC-S3-04","大额财务事件","NF-N1-05","安全/信任/可预测","Gate / conditional","N3-02/N3-06","当「边界尊重」进入「中年多重责任」的「房/居住/地点」，遇到「大额财务事件」时，对重视「安全/信任/可预测」的人意味着什么？","constrained_mapping_v0.2","semantic_preflight"
"CC2-02433","PF-G04","边界尊重","SC-S2-04","房/居住/地点","SC-S1-09","中年多重责任","SC-S3-04","大额财务事件","NF-N1-11","家庭投入/家庭边界","Fit / conditional","N3-03/N3-04","当「边界尊重」进入「中年多重责任」的「房/居住/地点」，遇到「大额财务事件」时，对重视「家庭投入/家庭边界」的人意味着什么？","constrained_mapping_v0.2","semantic_preflight"
"CC2-02434","PF-G04","边界尊重","SC-S2-04","房/居住/地点","SC-S1-09","中年多重责任","SC-S3-05","居住/迁移变化","NF-N1-04","自主/空间/自由","Ideal range / fit","N3-04","当「边界尊重」进入「中年多重责任」的「房/居住/地点」，遇到「居住/迁移变化」时，对重视「自主/空间/自由」的人意味着什么？","constrained_mapping_v0.2","semantic_preflight"
"CC2-02435","PF-G04","边界尊重","SC-S2-04","房/居住/地点","SC-S1-09","中年多重责任","SC-S3-05","居住/迁移变化","NF-N1-05","安全/信任/可预测","Gate / conditional","N3-02/N3-06","当「边界尊重」进入「中年多重责任」的「房/居住/地点」，遇到「居住/迁移变化」时，对重视「安全/信任/可预测」的人意味着什么？","constrained_mapping_v0.2","semantic_preflight"
"CC2-02436","PF-G04","边界尊重","SC-S2-04","房/居住/地点","SC-S1-09","中年多重责任","SC-S3-05","居住/迁移变化","NF-N1-11","家庭投入/家庭边界","Fit / conditional","N3-03/N3-04","当「边界尊重」进入「中年多重责任」的「房/居住/地点」，遇到「居住/迁移变化」时，对重视「家庭投入/家庭边界」的人意味着什么？","constrained_mapping_v0.2","semantic_preflight"
"CC2-02437","PF-G05","冲突表达","SC-S2-03","钱/财务","SC-S1-03","稳定交往","SC-S3-03","失业/收入下降","NF-N1-03","被理解/被回应/被关心","Gate or conditional","N3-01","当「冲突表达」进入「稳定交往」的「钱/财务」，遇到「失业/收入下降」时，对重视「被理解/被回应/被关心」的人意味着什么？","constrained_mapping_v0.2","semantic_preflight"
"CC2-02438","PF-G05","冲突表达","SC-S2-03","钱/财务","SC-S1-03","稳定交往","SC-S3-03","失业/收入下降","NF-N1-05","安全/信任/可预测","Gate / conditional","N3-02/N3-06","当「冲突表达」进入「稳定交往」的「钱/财务」，遇到「失业/收入下降」时，对重视「安全/信任/可预测」的人意味着什么？","constrained_mapping_v0.2","semantic_preflight"
"CC2-02439","PF-G05","冲突表达","SC-S2-03","钱/财务","SC-S1-03","稳定交往","SC-S3-03","失业/收入下降","NF-N1-07","公平/可靠/合作","Conditional / gate","N3-02/N3-03","当「冲突表达」进入「稳定交往」的「钱/财务」，遇到「失业/收入下降」时，对重视「公平/可靠/合作」的人意味着什么？","constrained_mapping_v0.2","semantic_preflight"
"CC2-02440","PF-G05","冲突表达","SC-S2-03","钱/财务","SC-S1-03","稳定交往","SC-S3-04","大额财务事件","NF-N1-03","被理解/被回应/被关心","Gate or conditional","N3-01","当「冲突表达」进入「稳定交往」的「钱/财务」，遇到「大额财务事件」时，对重视「被理解/被回应/被关心」的人意味着什么？","constrained_mapping_v0.2","semantic_preflight"
"CC2-02441","PF-G05","冲突表达","SC-S2-03","钱/财务","SC-S1-03","稳定交往","SC-S3-04","大额财务事件","NF-N1-05","安全/信任/可预测","Gate / conditional","N3-02/N3-06","当「冲突表达」进入「稳定交往」的「钱/财务」，遇到「大额财务事件」时，对重视「安全/信任/可预测」的人意味着什么？","constrained_mapping_v0.2","semantic_preflight"
"CC2-02442","PF-G05","冲突表达","SC-S2-03","钱/财务","SC-S1-03","稳定交往","SC-S3-04","大额财务事件","NF-N1-07","公平/可靠/合作","Conditional / gate","N3-02/N3-03","当「冲突表达」进入「稳定交往」的「钱/财务」，遇到「大额财务事件」时，对重视「公平/可靠/合作」的人意味着什么？","constrained_mapping_v0.2","semantic_preflight"
"CC2-02443","PF-G05","冲突表达","SC-S2-03","钱/财务","SC-S1-05","结婚/建立家庭","SC-S3-03","失业/收入下降","NF-N1-03","被理解/被回应/被关心","Gate or conditional","N3-01","当「冲突表达」进入「结婚/建立家庭」的「钱/财务」，遇到「失业/收入下降」时，对重视「被理解/被回应/被关心」的人意味着什么？","constrained_mapping_v0.2","semantic_preflight"
"CC2-02444","PF-G05","冲突表达","SC-S2-03","钱/财务","SC-S1-05","结婚/建立家庭","SC-S3-03","失业/收入下降","NF-N1-05","安全/信任/可预测","Gate / conditional","N3-02/N3-06","当「冲突表达」进入「结婚/建立家庭」的「钱/财务」，遇到「失业/收入下降」时，对重视「安全/信任/可预测」的人意味着什么？","constrained_mapping_v0.2","semantic_preflight"
"CC2-02445","PF-G05","冲突表达","SC-S2-03","钱/财务","SC-S1-05","结婚/建立家庭","SC-S3-03","失业/收入下降","NF-N1-07","公平/可靠/合作","Conditional / gate","N3-02/N3-03","当「冲突表达」进入「结婚/建立家庭」的「钱/财务」，遇到「失业/收入下降」时，对重视「公平/可靠/合作」的人意味着什么？","constrained_mapping_v0.2","semantic_preflight"
"CC2-02446","PF-G05","冲突表达","SC-S2-03","钱/财务","SC-S1-05","结婚/建立家庭","SC-S3-04","大额财务事件","NF-N1-03","被理解/被回应/被关心","Gate or conditional","N3-01","当「冲突表达」进入「结婚/建立家庭」的「钱/财务」，遇到「大额财务事件」时，对重视「被理解/被回应/被关心」的人意味着什么？","constrained_mapping_v0.2","semantic_preflight"
"CC2-02447","PF-G05","冲突表达","SC-S2-03","钱/财务","SC-S1-05","结婚/建立家庭","SC-S3-04","大额财务事件","NF-N1-05","安全/信任/可预测","Gate / conditional","N3-02/N3-06","当「冲突表达」进入「结婚/建立家庭」的「钱/财务」，遇到「大额财务事件」时，对重视「安全/信任/可预测」的人意味着什么？","constrained_mapping_v0.2","semantic_preflight"
"CC2-02448","PF-G05","冲突表达","SC-S2-03","钱/财务","SC-S1-05","结婚/建立家庭","SC-S3-04","大额财务事件","NF-N1-07","公平/可靠/合作","Conditional / gate","N3-02/N3-03","当「冲突表达」进入「结婚/建立家庭」的「钱/财务」，遇到「大额财务事件」时，对重视「公平/可靠/合作」的人意味着什么？","constrained_mapping_v0.2","semantic_preflight"
"CC2-02449","PF-G05","冲突表达","SC-S2-03","钱/财务","SC-S1-06","备孕/怀孕/生育","SC-S3-03","失业/收入下降","NF-N1-03","被理解/被回应/被关心","Gate or conditional","N3-01","当「冲突表达」进入「备孕/怀孕/生育」的「钱/财务」，遇到「失业/收入下降」时，对重视「被理解/被回应/被关心」的人意味着什么？","constrained_mapping_v0.2","semantic_preflight"
"CC2-02450","PF-G05","冲突表达","SC-S2-03","钱/财务","SC-S1-06","备孕/怀孕/生育","SC-S3-03","失业/收入下降","NF-N1-05","安全/信任/可预测","Gate / conditional","N3-02/N3-06","当「冲突表达」进入「备孕/怀孕/生育」的「钱/财务」，遇到「失业/收入下降」时，对重视「安全/信任/可预测」的人意味着什么？","constrained_mapping_v0.2","semantic_preflight"
"CC2-02451","PF-G05","冲突表达","SC-S2-03","钱/财务","SC-S1-06","备孕/怀孕/生育","SC-S3-03","失业/收入下降","NF-N1-07","公平/可靠/合作","Conditional / gate","N3-02/N3-03","当「冲突表达」进入「备孕/怀孕/生育」的「钱/财务」，遇到「失业/收入下降」时，对重视「公平/可靠/合作」的人意味着什么？","constrained_mapping_v0.2","semantic_preflight"
"CC2-02452","PF-G05","冲突表达","SC-S2-03","钱/财务","SC-S1-06","备孕/怀孕/生育","SC-S3-04","大额财务事件","NF-N1-03","被理解/被回应/被关心","Gate or conditional","N3-01","当「冲突表达」进入「备孕/怀孕/生育」的「钱/财务」，遇到「大额财务事件」时，对重视「被理解/被回应/被关心」的人意味着什么？","constrained_mapping_v0.2","semantic_preflight"
"CC2-02453","PF-G05","冲突表达","SC-S2-03","钱/财务","SC-S1-06","备孕/怀孕/生育","SC-S3-04","大额财务事件","NF-N1-05","安全/信任/可预测","Gate / conditional","N3-02/N3-06","当「冲突表达」进入「备孕/怀孕/生育」的「钱/财务」，遇到「大额财务事件」时，对重视「安全/信任/可预测」的人意味着什么？","constrained_mapping_v0.2","semantic_preflight"
"CC2-02454","PF-G05","冲突表达","SC-S2-03","钱/财务","SC-S1-06","备孕/怀孕/生育","SC-S3-04","大额财务事件","NF-N1-07","公平/可靠/合作","Conditional / gate","N3-02/N3-03","当「冲突表达」进入「备孕/怀孕/生育」的「钱/财务」，遇到「大额财务事件」时，对重视「公平/可靠/合作」的人意味着什么？","constrained_mapping_v0.2","semantic_preflight"
"CC2-02455","PF-G05","冲突表达","SC-S2-03","钱/财务","SC-S1-07","婴幼儿照护","SC-S3-03","失业/收入下降","NF-N1-03","被理解/被回应/被关心","Gate or conditional","N3-01","当「冲突表达」进入「婴幼儿照护」的「钱/财务」，遇到「失业/收入下降」时，对重视「被理解/被回应/被关心」的人意味着什么？","constrained_mapping_v0.2","semantic_preflight"
"CC2-02456","PF-G05","冲突表达","SC-S2-03","钱/财务","SC-S1-07","婴幼儿照护","SC-S3-03","失业/收入下降","NF-N1-05","安全/信任/可预测","Gate / conditional","N3-02/N3-06","当「冲突表达」进入「婴幼儿照护」的「钱/财务」，遇到「失业/收入下降」时，对重视「安全/信任/可预测」的人意味着什么？","constrained_mapping_v0.2","semantic_preflight"
"CC2-02457","PF-G05","冲突表达","SC-S2-03","钱/财务","SC-S1-07","婴幼儿照护","SC-S3-03","失业/收入下降","NF-N1-07","公平/可靠/合作","Conditional / gate","N3-02/N3-03","当「冲突表达」进入「婴幼儿照护」的「钱/财务」，遇到「失业/收入下降」时，对重视「公平/可靠/合作」的人意味着什么？","constrained_mapping_v0.2","semantic_preflight"
"CC2-02458","PF-G05","冲突表达","SC-S2-03","钱/财务","SC-S1-07","婴幼儿照护","SC-S3-04","大额财务事件","NF-N1-03","被理解/被回应/被关心","Gate or conditional","N3-01","当「冲突表达」进入「婴幼儿照护」的「钱/财务」，遇到「大额财务事件」时，对重视「被理解/被回应/被关心」的人意味着什么？","constrained_mapping_v0.2","semantic_preflight"
"CC2-02459","PF-G05","冲突表达","SC-S2-03","钱/财务","SC-S1-07","婴幼儿照护","SC-S3-04","大额财务事件","NF-N1-05","安全/信任/可预测","Gate / conditional","N3-02/N3-06","当「冲突表达」进入「婴幼儿照护」的「钱/财务」，遇到「大额财务事件」时，对重视「安全/信任/可预测」的人意味着什么？","constrained_mapping_v0.2","semantic_preflight"
"CC2-02460","PF-G05","冲突表达","SC-S2-03","钱/财务","SC-S1-07","婴幼儿照护","SC-S3-04","大额财务事件","NF-N1-07","公平/可靠/合作","Conditional / gate","N3-02/N3-03","当「冲突表达」进入「婴幼儿照护」的「钱/财务」，遇到「大额财务事件」时，对重视「公平/可靠/合作」的人意味着什么？","constrained_mapping_v0.2","semantic_preflight"
"CC2-02461","PF-G05","冲突表达","SC-S2-05","家务/家庭劳动","SC-S1-04","同居/婚前","SC-S3-10","反复小问题累积","NF-N1-03","被理解/被回应/被关心","Gate or conditional","N3-01","当「冲突表达」进入「同居/婚前」的「家务/家庭劳动」，遇到「反复小问题累积」时，对重视「被理解/被回应/被关心」的人意味着什么？","constrained_mapping_v0.2","semantic_preflight"
"CC2-02462","PF-G05","冲突表达","SC-S2-05","家务/家庭劳动","SC-S1-04","同居/婚前","SC-S3-10","反复小问题累积","NF-N1-05","安全/信任/可预测","Gate / conditional","N3-02/N3-06","当「冲突表达」进入「同居/婚前」的「家务/家庭劳动」，遇到「反复小问题累积」时，对重视「安全/信任/可预测」的人意味着什么？","constrained_mapping_v0.2","semantic_preflight"
"CC2-02463","PF-G05","冲突表达","SC-S2-05","家务/家庭劳动","SC-S1-04","同居/婚前","SC-S3-10","反复小问题累积","NF-N1-07","公平/可靠/合作","Conditional / gate","N3-02/N3-03","当「冲突表达」进入「同居/婚前」的「家务/家庭劳动」，遇到「反复小问题累积」时，对重视「公平/可靠/合作」的人意味着什么？","constrained_mapping_v0.2","semantic_preflight"
"CC2-02464","PF-G05","冲突表达","SC-S2-05","家务/家庭劳动","SC-S1-06","备孕/怀孕/生育","SC-S3-06","生育/育儿转折","NF-N1-03","被理解/被回应/被关心","Gate or conditional","N3-01","当「冲突表达」进入「备孕/怀孕/生育」的「家务/家庭劳动」，遇到「生育/育儿转折」时，对重视「被理解/被回应/被关心」的人意味着什么？","constrained_mapping_v0.2","semantic_preflight"
"CC2-02465","PF-G05","冲突表达","SC-S2-05","家务/家庭劳动","SC-S1-06","备孕/怀孕/生育","SC-S3-06","生育/育儿转折","NF-N1-05","安全/信任/可预测","Gate / conditional","N3-02/N3-06","当「冲突表达」进入「备孕/怀孕/生育」的「家务/家庭劳动」，遇到「生育/育儿转折」时，对重视「安全/信任/可预测」的人意味着什么？","constrained_mapping_v0.2","semantic_preflight"
"CC2-02466","PF-G05","冲突表达","SC-S2-05","家务/家庭劳动","SC-S1-06","备孕/怀孕/生育","SC-S3-06","生育/育儿转折","NF-N1-07","公平/可靠/合作","Conditional / gate","N3-02/N3-03","当「冲突表达」进入「备孕/怀孕/生育」的「家务/家庭劳动」，遇到「生育/育儿转折」时，对重视「公平/可靠/合作」的人意味着什么？","constrained_mapping_v0.2","semantic_preflight"
"CC2-02467","PF-G05","冲突表达","SC-S2-05","家务/家庭劳动","SC-S1-06","备孕/怀孕/生育","SC-S3-10","反复小问题累积","NF-N1-03","被理解/被回应/被关心","Gate or conditional","N3-01","当「冲突表达」进入「备孕/怀孕/生育」的「家务/家庭劳动」，遇到「反复小问题累积」时，对重视「被理解/被回应/被关心」的人意味着什么？","constrained_mapping_v0.2","semantic_preflight"
"CC2-02468","PF-G05","冲突表达","SC-S2-05","家务/家庭劳动","SC-S1-06","备孕/怀孕/生育","SC-S3-10","反复小问题累积","NF-N1-05","安全/信任/可预测","Gate / conditional","N3-02/N3-06","当「冲突表达」进入「备孕/怀孕/生育」的「家务/家庭劳动」，遇到「反复小问题累积」时，对重视「安全/信任/可预测」的人意味着什么？","constrained_mapping_v0.2","semantic_preflight"
"CC2-02469","PF-G05","冲突表达","SC-S2-05","家务/家庭劳动","SC-S1-06","备孕/怀孕/生育","SC-S3-10","反复小问题累积","NF-N1-07","公平/可靠/合作","Conditional / gate","N3-02/N3-03","当「冲突表达」进入「备孕/怀孕/生育」的「家务/家庭劳动」，遇到「反复小问题累积」时，对重视「公平/可靠/合作」的人意味着什么？","constrained_mapping_v0.2","semantic_preflight"
"CC2-02470","PF-G05","冲突表达","SC-S2-05","家务/家庭劳动","SC-S1-07","婴幼儿照护","SC-S3-06","生育/育儿转折","NF-N1-03","被理解/被回应/被关心","Gate or conditional","N3-01","当「冲突表达」进入「婴幼儿照护」的「家务/家庭劳动」，遇到「生育/育儿转折」时，对重视「被理解/被回应/被关心」的人意味着什么？","constrained_mapping_v0.2","semantic_preflight"
"CC2-02471","PF-G05","冲突表达","SC-S2-05","家务/家庭劳动","SC-S1-07","婴幼儿照护","SC-S3-06","生育/育儿转折","NF-N1-05","安全/信任/可预测","Gate / conditional","N3-02/N3-06","当「冲突表达」进入「婴幼儿照护」的「家务/家庭劳动」，遇到「生育/育儿转折」时，对重视「安全/信任/可预测」的人意味着什么？","constrained_mapping_v0.2","semantic_preflight"
"CC2-02472","PF-G05","冲突表达","SC-S2-05","家务/家庭劳动","SC-S1-07","婴幼儿照护","SC-S3-06","生育/育儿转折","NF-N1-07","公平/可靠/合作","Conditional / gate","N3-02/N3-03","当「冲突表达」进入「婴幼儿照护」的「家务/家庭劳动」，遇到「生育/育儿转折」时，对重视「公平/可靠/合作」的人意味着什么？","constrained_mapping_v0.2","semantic_preflight"
"CC2-02473","PF-G05","冲突表达","SC-S2-05","家务/家庭劳动","SC-S1-07","婴幼儿照护","SC-S3-10","反复小问题累积","NF-N1-03","被理解/被回应/被关心","Gate or conditional","N3-01","当「冲突表达」进入「婴幼儿照护」的「家务/家庭劳动」，遇到「反复小问题累积」时，对重视「被理解/被回应/被关心」的人意味着什么？","constrained_mapping_v0.2","semantic_preflight"
"CC2-02474","PF-G05","冲突表达","SC-S2-05","家务/家庭劳动","SC-S1-07","婴幼儿照护","SC-S3-10","反复小问题累积","NF-N1-05","安全/信任/可预测","Gate / conditional","N3-02/N3-06","当「冲突表达」进入「婴幼儿照护」的「家务/家庭劳动」，遇到「反复小问题累积」时，对重视「安全/信任/可预测」的人意味着什么？","constrained_mapping_v0.2","semantic_preflight"
"CC2-02475","PF-G05","冲突表达","SC-S2-05","家务/家庭劳动","SC-S1-07","婴幼儿照护","SC-S3-10","反复小问题累积","NF-N1-07","公平/可靠/合作","Conditional / gate","N3-02/N3-03","当「冲突表达」进入「婴幼儿照护」的「家务/家庭劳动」，遇到「反复小问题累积」时，对重视「公平/可靠/合作」的人意味着什么？","constrained_mapping_v0.2","semantic_preflight"
"CC2-02476","PF-G05","冲突表达","SC-S2-05","家务/家庭劳动","SC-S1-09","中年多重责任","SC-S3-06","生育/育儿转折","NF-N1-03","被理解/被回应/被关心","Gate or conditional","N3-01","当「冲突表达」进入「中年多重责任」的「家务/家庭劳动」，遇到「生育/育儿转折」时，对重视「被理解/被回应/被关心」的人意味着什么？","constrained_mapping_v0.2","semantic_preflight"
"CC2-02477","PF-G05","冲突表达","SC-S2-05","家务/家庭劳动","SC-S1-09","中年多重责任","SC-S3-06","生育/育儿转折","NF-N1-05","安全/信任/可预测","Gate / conditional","N3-02/N3-06","当「冲突表达」进入「中年多重责任」的「家务/家庭劳动」，遇到「生育/育儿转折」时，对重视「安全/信任/可预测」的人意味着什么？","constrained_mapping_v0.2","semantic_preflight"
"CC2-02478","PF-G05","冲突表达","SC-S2-05","家务/家庭劳动","SC-S1-09","中年多重责任","SC-S3-06","生育/育儿转折","NF-N1-07","公平/可靠/合作","Conditional / gate","N3-02/N3-03","当「冲突表达」进入「中年多重责任」的「家务/家庭劳动」，遇到「生育/育儿转折」时，对重视「公平/可靠/合作」的人意味着什么？","constrained_mapping_v0.2","semantic_preflight"
"CC2-02479","PF-G05","冲突表达","SC-S2-05","家务/家庭劳动","SC-S1-09","中年多重责任","SC-S3-10","反复小问题累积","NF-N1-03","被理解/被回应/被关心","Gate or conditional","N3-01","当「冲突表达」进入「中年多重责任」的「家务/家庭劳动」，遇到「反复小问题累积」时，对重视「被理解/被回应/被关心」的人意味着什么？","constrained_mapping_v0.2","semantic_preflight"
"CC2-02480","PF-G05","冲突表达","SC-S2-05","家务/家庭劳动","SC-S1-09","中年多重责任","SC-S3-10","反复小问题累积","NF-N1-05","安全/信任/可预测","Gate / conditional","N3-02/N3-06","当「冲突表达」进入「中年多重责任」的「家务/家庭劳动」，遇到「反复小问题累积」时，对重视「安全/信任/可预测」的人意味着什么？","constrained_mapping_v0.2","semantic_preflight"
"CC2-02481","PF-G05","冲突表达","SC-S2-05","家务/家庭劳动","SC-S1-09","中年多重责任","SC-S3-10","反复小问题累积","NF-N1-07","公平/可靠/合作","Conditional / gate","N3-02/N3-03","当「冲突表达」进入「中年多重责任」的「家务/家庭劳动」，遇到「反复小问题累积」时，对重视「公平/可靠/合作」的人意味着什么？","constrained_mapping_v0.2","semantic_preflight"
"CC2-02482","PF-G05","冲突表达","SC-S2-07","双方父母/原生家庭","SC-S1-05","结婚/建立家庭","SC-S3-07","父母责任变化","NF-N1-03","被理解/被回应/被关心","Gate or conditional","N3-01","当「冲突表达」进入「结婚/建立家庭」的「双方父母/原生家庭」，遇到「父母责任变化」时，对重视「被理解/被回应/被关心」的人意味着什么？","constrained_mapping_v0.2","semantic_preflight"
"CC2-02483","PF-G05","冲突表达","SC-S2-07","双方父母/原生家庭","SC-S1-05","结婚/建立家庭","SC-S3-07","父母责任变化","NF-N1-05","安全/信任/可预测","Gate / conditional","N3-02/N3-06","当「冲突表达」进入「结婚/建立家庭」的「双方父母/原生家庭」，遇到「父母责任变化」时，对重视「安全/信任/可预测」的人意味着什么？","constrained_mapping_v0.2","semantic_preflight"
"CC2-02484","PF-G05","冲突表达","SC-S2-07","双方父母/原生家庭","SC-S1-05","结婚/建立家庭","SC-S3-07","父母责任变化","NF-N1-07","公平/可靠/合作","Conditional / gate","N3-02/N3-03","当「冲突表达」进入「结婚/建立家庭」的「双方父母/原生家庭」，遇到「父母责任变化」时，对重视「公平/可靠/合作」的人意味着什么？","constrained_mapping_v0.2","semantic_preflight"
"CC2-02485","PF-G05","冲突表达","SC-S2-07","双方父母/原生家庭","SC-S1-05","结婚/建立家庭","SC-S3-05","居住/迁移变化","NF-N1-03","被理解/被回应/被关心","Gate or conditional","N3-01","当「冲突表达」进入「结婚/建立家庭」的「双方父母/原生家庭」，遇到「居住/迁移变化」时，对重视「被理解/被回应/被关心」的人意味着什么？","constrained_mapping_v0.2","semantic_preflight"
"CC2-02486","PF-G05","冲突表达","SC-S2-07","双方父母/原生家庭","SC-S1-05","结婚/建立家庭","SC-S3-05","居住/迁移变化","NF-N1-05","安全/信任/可预测","Gate / conditional","N3-02/N3-06","当「冲突表达」进入「结婚/建立家庭」的「双方父母/原生家庭」，遇到「居住/迁移变化」时，对重视「安全/信任/可预测」的人意味着什么？","constrained_mapping_v0.2","semantic_preflight"
"CC2-02487","PF-G05","冲突表达","SC-S2-07","双方父母/原生家庭","SC-S1-05","结婚/建立家庭","SC-S3-05","居住/迁移变化","NF-N1-07","公平/可靠/合作","Conditional / gate","N3-02/N3-03","当「冲突表达」进入「结婚/建立家庭」的「双方父母/原生家庭」，遇到「居住/迁移变化」时，对重视「公平/可靠/合作」的人意味着什么？","constrained_mapping_v0.2","semantic_preflight"
"CC2-02488","PF-G05","冲突表达","SC-S2-07","双方父母/原生家庭","SC-S1-06","备孕/怀孕/生育","SC-S3-07","父母责任变化","NF-N1-03","被理解/被回应/被关心","Gate or conditional","N3-01","当「冲突表达」进入「备孕/怀孕/生育」的「双方父母/原生家庭」，遇到「父母责任变化」时，对重视「被理解/被回应/被关心」的人意味着什么？","constrained_mapping_v0.2","semantic_preflight"
"CC2-02489","PF-G05","冲突表达","SC-S2-07","双方父母/原生家庭","SC-S1-06","备孕/怀孕/生育","SC-S3-07","父母责任变化","NF-N1-05","安全/信任/可预测","Gate / conditional","N3-02/N3-06","当「冲突表达」进入「备孕/怀孕/生育」的「双方父母/原生家庭」，遇到「父母责任变化」时，对重视「安全/信任/可预测」的人意味着什么？","constrained_mapping_v0.2","semantic_preflight"
"CC2-02490","PF-G05","冲突表达","SC-S2-07","双方父母/原生家庭","SC-S1-06","备孕/怀孕/生育","SC-S3-07","父母责任变化","NF-N1-07","公平/可靠/合作","Conditional / gate","N3-02/N3-03","当「冲突表达」进入「备孕/怀孕/生育」的「双方父母/原生家庭」，遇到「父母责任变化」时，对重视「公平/可靠/合作」的人意味着什么？","constrained_mapping_v0.2","semantic_preflight"
"CC2-02491","PF-G05","冲突表达","SC-S2-07","双方父母/原生家庭","SC-S1-06","备孕/怀孕/生育","SC-S3-05","居住/迁移变化","NF-N1-03","被理解/被回应/被关心","Gate or conditional","N3-01","当「冲突表达」进入「备孕/怀孕/生育」的「双方父母/原生家庭」，遇到「居住/迁移变化」时，对重视「被理解/被回应/被关心」的人意味着什么？","constrained_mapping_v0.2","semantic_preflight"
"CC2-02492","PF-G05","冲突表达","SC-S2-07","双方父母/原生家庭","SC-S1-06","备孕/怀孕/生育","SC-S3-05","居住/迁移变化","NF-N1-05","安全/信任/可预测","Gate / conditional","N3-02/N3-06","当「冲突表达」进入「备孕/怀孕/生育」的「双方父母/原生家庭」，遇到「居住/迁移变化」时，对重视「安全/信任/可预测」的人意味着什么？","constrained_mapping_v0.2","semantic_preflight"
"CC2-02493","PF-G05","冲突表达","SC-S2-07","双方父母/原生家庭","SC-S1-06","备孕/怀孕/生育","SC-S3-05","居住/迁移变化","NF-N1-07","公平/可靠/合作","Conditional / gate","N3-02/N3-03","当「冲突表达」进入「备孕/怀孕/生育」的「双方父母/原生家庭」，遇到「居住/迁移变化」时，对重视「公平/可靠/合作」的人意味着什么？","constrained_mapping_v0.2","semantic_preflight"
"CC2-02494","PF-G05","冲突表达","SC-S2-07","双方父母/原生家庭","SC-S1-07","婴幼儿照护","SC-S3-07","父母责任变化","NF-N1-03","被理解/被回应/被关心","Gate or conditional","N3-01","当「冲突表达」进入「婴幼儿照护」的「双方父母/原生家庭」，遇到「父母责任变化」时，对重视「被理解/被回应/被关心」的人意味着什么？","constrained_mapping_v0.2","semantic_preflight"
"CC2-02495","PF-G05","冲突表达","SC-S2-07","双方父母/原生家庭","SC-S1-07","婴幼儿照护","SC-S3-07","父母责任变化","NF-N1-05","安全/信任/可预测","Gate / conditional","N3-02/N3-06","当「冲突表达」进入「婴幼儿照护」的「双方父母/原生家庭」，遇到「父母责任变化」时，对重视「安全/信任/可预测」的人意味着什么？","constrained_mapping_v0.2","semantic_preflight"
"CC2-02496","PF-G05","冲突表达","SC-S2-07","双方父母/原生家庭","SC-S1-07","婴幼儿照护","SC-S3-07","父母责任变化","NF-N1-07","公平/可靠/合作","Conditional / gate","N3-02/N3-03","当「冲突表达」进入「婴幼儿照护」的「双方父母/原生家庭」，遇到「父母责任变化」时，对重视「公平/可靠/合作」的人意味着什么？","constrained_mapping_v0.2","semantic_preflight"
"CC2-02497","PF-G05","冲突表达","SC-S2-07","双方父母/原生家庭","SC-S1-07","婴幼儿照护","SC-S3-05","居住/迁移变化","NF-N1-03","被理解/被回应/被关心","Gate or conditional","N3-01","当「冲突表达」进入「婴幼儿照护」的「双方父母/原生家庭」，遇到「居住/迁移变化」时，对重视「被理解/被回应/被关心」的人意味着什么？","constrained_mapping_v0.2","semantic_preflight"
"CC2-02498","PF-G05","冲突表达","SC-S2-07","双方父母/原生家庭","SC-S1-07","婴幼儿照护","SC-S3-05","居住/迁移变化","NF-N1-05","安全/信任/可预测","Gate / conditional","N3-02/N3-06","当「冲突表达」进入「婴幼儿照护」的「双方父母/原生家庭」，遇到「居住/迁移变化」时，对重视「安全/信任/可预测」的人意味着什么？","constrained_mapping_v0.2","semantic_preflight"
"CC2-02499","PF-G05","冲突表达","SC-S2-07","双方父母/原生家庭","SC-S1-07","婴幼儿照护","SC-S3-05","居住/迁移变化","NF-N1-07","公平/可靠/合作","Conditional / gate","N3-02/N3-03","当「冲突表达」进入「婴幼儿照护」的「双方父母/原生家庭」，遇到「居住/迁移变化」时，对重视「公平/可靠/合作」的人意味着什么？","constrained_mapping_v0.2","semantic_preflight"
"CC2-02500","PF-G05","冲突表达","SC-S2-07","双方父母/原生家庭","SC-S1-09","中年多重责任","SC-S3-07","父母责任变化","NF-N1-03","被理解/被回应/被关心","Gate or conditional","N3-01","当「冲突表达」进入「中年多重责任」的「双方父母/原生家庭」，遇到「父母责任变化」时，对重视「被理解/被回应/被关心」的人意味着什么？","constrained_mapping_v0.2","semantic_preflight"
"CC2-02501","PF-G05","冲突表达","SC-S2-07","双方父母/原生家庭","SC-S1-09","中年多重责任","SC-S3-07","父母责任变化","NF-N1-05","安全/信任/可预测","Gate / conditional","N3-02/N3-06","当「冲突表达」进入「中年多重责任」的「双方父母/原生家庭」，遇到「父母责任变化」时，对重视「安全/信任/可预测」的人意味着什么？","constrained_mapping_v0.2","semantic_preflight"
"CC2-02502","PF-G05","冲突表达","SC-S2-07","双方父母/原生家庭","SC-S1-09","中年多重责任","SC-S3-07","父母责任变化","NF-N1-07","公平/可靠/合作","Conditional / gate","N3-02/N3-03","当「冲突表达」进入「中年多重责任」的「双方父母/原生家庭」，遇到「父母责任变化」时，对重视「公平/可靠/合作」的人意味着什么？","constrained_mapping_v0.2","semantic_preflight"
"CC2-02503","PF-G05","冲突表达","SC-S2-07","双方父母/原生家庭","SC-S1-09","中年多重责任","SC-S3-05","居住/迁移变化","NF-N1-03","被理解/被回应/被关心","Gate or conditional","N3-01","当「冲突表达」进入「中年多重责任」的「双方父母/原生家庭」，遇到「居住/迁移变化」时，对重视「被理解/被回应/被关心」的人意味着什么？","constrained_mapping_v0.2","semantic_preflight"
"CC2-02504","PF-G05","冲突表达","SC-S2-07","双方父母/原生家庭","SC-S1-09","中年多重责任","SC-S3-05","居住/迁移变化","NF-N1-05","安全/信任/可预测","Gate / conditional","N3-02/N3-06","当「冲突表达」进入「中年多重责任」的「双方父母/原生家庭」，遇到「居住/迁移变化」时，对重视「安全/信任/可预测」的人意味着什么？","constrained_mapping_v0.2","semantic_preflight"
"CC2-02505","PF-G05","冲突表达","SC-S2-07","双方父母/原生家庭","SC-S1-09","中年多重责任","SC-S3-05","居住/迁移变化","NF-N1-07","公平/可靠/合作","Conditional / gate","N3-02/N3-03","当「冲突表达」进入「中年多重责任」的「双方父母/原生家庭」，遇到「居住/迁移变化」时，对重视「公平/可靠/合作」的人意味着什么？","constrained_mapping_v0.2","semantic_preflight"
"CC2-02506","PF-G05","冲突表达","SC-S2-01","日常作息与生活管理","SC-S1-02","恋爱/磨合","SC-S3-01","工作时间突变","NF-N1-03","被理解/被回应/被关心","Gate or conditional","N3-01","当「冲突表达」进入「恋爱/磨合」的「日常作息与生活管理」，遇到「工作时间突变」时，对重视「被理解/被回应/被关心」的人意味着什么？","constrained_mapping_v0.2","semantic_preflight"
"CC2-02507","PF-G05","冲突表达","SC-S2-01","日常作息与生活管理","SC-S1-02","恋爱/磨合","SC-S3-01","工作时间突变","NF-N1-05","安全/信任/可预测","Gate / conditional","N3-02/N3-06","当「冲突表达」进入「恋爱/磨合」的「日常作息与生活管理」，遇到「工作时间突变」时，对重视「安全/信任/可预测」的人意味着什么？","constrained_mapping_v0.2","semantic_preflight"
"CC2-02508","PF-G05","冲突表达","SC-S2-01","日常作息与生活管理","SC-S1-02","恋爱/磨合","SC-S3-01","工作时间突变","NF-N1-07","公平/可靠/合作","Conditional / gate","N3-02/N3-03","当「冲突表达」进入「恋爱/磨合」的「日常作息与生活管理」，遇到「工作时间突变」时，对重视「公平/可靠/合作」的人意味着什么？","constrained_mapping_v0.2","semantic_preflight"
"CC2-02509","PF-G05","冲突表达","SC-S2-01","日常作息与生活管理","SC-S1-02","恋爱/磨合","SC-S3-10","反复小问题累积","NF-N1-03","被理解/被回应/被关心","Gate or conditional","N3-01","当「冲突表达」进入「恋爱/磨合」的「日常作息与生活管理」，遇到「反复小问题累积」时，对重视「被理解/被回应/被关心」的人意味着什么？","constrained_mapping_v0.2","semantic_preflight"
"CC2-02510","PF-G05","冲突表达","SC-S2-01","日常作息与生活管理","SC-S1-02","恋爱/磨合","SC-S3-10","反复小问题累积","NF-N1-05","安全/信任/可预测","Gate / conditional","N3-02/N3-06","当「冲突表达」进入「恋爱/磨合」的「日常作息与生活管理」，遇到「反复小问题累积」时，对重视「安全/信任/可预测」的人意味着什么？","constrained_mapping_v0.2","semantic_preflight"
"CC2-02511","PF-G05","冲突表达","SC-S2-01","日常作息与生活管理","SC-S1-02","恋爱/磨合","SC-S3-10","反复小问题累积","NF-N1-07","公平/可靠/合作","Conditional / gate","N3-02/N3-03","当「冲突表达」进入「恋爱/磨合」的「日常作息与生活管理」，遇到「反复小问题累积」时，对重视「公平/可靠/合作」的人意味着什么？","constrained_mapping_v0.2","semantic_preflight"
"CC2-02512","PF-G05","冲突表达","SC-S2-01","日常作息与生活管理","SC-S1-04","同居/婚前","SC-S3-01","工作时间突变","NF-N1-03","被理解/被回应/被关心","Gate or conditional","N3-01","当「冲突表达」进入「同居/婚前」的「日常作息与生活管理」，遇到「工作时间突变」时，对重视「被理解/被回应/被关心」的人意味着什么？","constrained_mapping_v0.2","semantic_preflight"
"CC2-02513","PF-G05","冲突表达","SC-S2-01","日常作息与生活管理","SC-S1-04","同居/婚前","SC-S3-01","工作时间突变","NF-N1-05","安全/信任/可预测","Gate / conditional","N3-02/N3-06","当「冲突表达」进入「同居/婚前」的「日常作息与生活管理」，遇到「工作时间突变」时，对重视「安全/信任/可预测」的人意味着什么？","constrained_mapping_v0.2","semantic_preflight"
"CC2-02514","PF-G05","冲突表达","SC-S2-01","日常作息与生活管理","SC-S1-04","同居/婚前","SC-S3-01","工作时间突变","NF-N1-07","公平/可靠/合作","Conditional / gate","N3-02/N3-03","当「冲突表达」进入「同居/婚前」的「日常作息与生活管理」，遇到「工作时间突变」时，对重视「公平/可靠/合作」的人意味着什么？","constrained_mapping_v0.2","semantic_preflight"
"CC2-02515","PF-G05","冲突表达","SC-S2-01","日常作息与生活管理","SC-S1-04","同居/婚前","SC-S3-10","反复小问题累积","NF-N1-03","被理解/被回应/被关心","Gate or conditional","N3-01","当「冲突表达」进入「同居/婚前」的「日常作息与生活管理」，遇到「反复小问题累积」时，对重视「被理解/被回应/被关心」的人意味着什么？","constrained_mapping_v0.2","semantic_preflight"
"CC2-02516","PF-G05","冲突表达","SC-S2-01","日常作息与生活管理","SC-S1-04","同居/婚前","SC-S3-10","反复小问题累积","NF-N1-05","安全/信任/可预测","Gate / conditional","N3-02/N3-06","当「冲突表达」进入「同居/婚前」的「日常作息与生活管理」，遇到「反复小问题累积」时，对重视「安全/信任/可预测」的人意味着什么？","constrained_mapping_v0.2","semantic_preflight"
"CC2-02517","PF-G05","冲突表达","SC-S2-01","日常作息与生活管理","SC-S1-04","同居/婚前","SC-S3-10","反复小问题累积","NF-N1-07","公平/可靠/合作","Conditional / gate","N3-02/N3-03","当「冲突表达」进入「同居/婚前」的「日常作息与生活管理」，遇到「反复小问题累积」时，对重视「公平/可靠/合作」的人意味着什么？","constrained_mapping_v0.2","semantic_preflight"
"CC2-02518","PF-G05","冲突表达","SC-S2-01","日常作息与生活管理","SC-S1-07","婴幼儿照护","SC-S3-01","工作时间突变","NF-N1-03","被理解/被回应/被关心","Gate or conditional","N3-01","当「冲突表达」进入「婴幼儿照护」的「日常作息与生活管理」，遇到「工作时间突变」时，对重视「被理解/被回应/被关心」的人意味着什么？","constrained_mapping_v0.2","semantic_preflight"
"CC2-02519","PF-G05","冲突表达","SC-S2-01","日常作息与生活管理","SC-S1-07","婴幼儿照护","SC-S3-01","工作时间突变","NF-N1-05","安全/信任/可预测","Gate / conditional","N3-02/N3-06","当「冲突表达」进入「婴幼儿照护」的「日常作息与生活管理」，遇到「工作时间突变」时，对重视「安全/信任/可预测」的人意味着什么？","constrained_mapping_v0.2","semantic_preflight"
"CC2-02520","PF-G05","冲突表达","SC-S2-01","日常作息与生活管理","SC-S1-07","婴幼儿照护","SC-S3-01","工作时间突变","NF-N1-07","公平/可靠/合作","Conditional / gate","N3-02/N3-03","当「冲突表达」进入「婴幼儿照护」的「日常作息与生活管理」，遇到「工作时间突变」时，对重视「公平/可靠/合作」的人意味着什么？","constrained_mapping_v0.2","semantic_preflight"
"CC2-02521","PF-G05","冲突表达","SC-S2-01","日常作息与生活管理","SC-S1-07","婴幼儿照护","SC-S3-10","反复小问题累积","NF-N1-03","被理解/被回应/被关心","Gate or conditional","N3-01","当「冲突表达」进入「婴幼儿照护」的「日常作息与生活管理」，遇到「反复小问题累积」时，对重视「被理解/被回应/被关心」的人意味着什么？","constrained_mapping_v0.2","semantic_preflight"
"CC2-02522","PF-G05","冲突表达","SC-S2-01","日常作息与生活管理","SC-S1-07","婴幼儿照护","SC-S3-10","反复小问题累积","NF-N1-05","安全/信任/可预测","Gate / conditional","N3-02/N3-06","当「冲突表达」进入「婴幼儿照护」的「日常作息与生活管理」，遇到「反复小问题累积」时，对重视「安全/信任/可预测」的人意味着什么？","constrained_mapping_v0.2","semantic_preflight"
"CC2-02523","PF-G05","冲突表达","SC-S2-01","日常作息与生活管理","SC-S1-07","婴幼儿照护","SC-S3-10","反复小问题累积","NF-N1-07","公平/可靠/合作","Conditional / gate","N3-02/N3-03","当「冲突表达」进入「婴幼儿照护」的「日常作息与生活管理」，遇到「反复小问题累积」时，对重视「公平/可靠/合作」的人意味着什么？","constrained_mapping_v0.2","semantic_preflight"
"CC2-02524","PF-G06","修复能力","SC-S2-01","日常作息与生活管理","SC-S1-02","恋爱/磨合","SC-S3-01","工作时间突变","NF-N1-03","被理解/被回应/被关心","Gate or conditional","N3-01","当「修复能力」进入「恋爱/磨合」的「日常作息与生活管理」，遇到「工作时间突变」时，对重视「被理解/被回应/被关心」的人意味着什么？","constrained_mapping_v0.2","semantic_preflight"
"CC2-02525","PF-G06","修复能力","SC-S2-01","日常作息与生活管理","SC-S1-02","恋爱/磨合","SC-S3-01","工作时间突变","NF-N1-07","公平/可靠/合作","Conditional / gate","N3-02/N3-03","当「修复能力」进入「恋爱/磨合」的「日常作息与生活管理」，遇到「工作时间突变」时，对重视「公平/可靠/合作」的人意味着什么？","constrained_mapping_v0.2","semantic_preflight"
"CC2-02526","PF-G06","修复能力","SC-S2-01","日常作息与生活管理","SC-S1-02","恋爱/磨合","SC-S3-01","工作时间突变","NF-N1-05","安全/信任/可预测","Gate / conditional","N3-02/N3-06","当「修复能力」进入「恋爱/磨合」的「日常作息与生活管理」，遇到「工作时间突变」时，对重视「安全/信任/可预测」的人意味着什么？","constrained_mapping_v0.2","semantic_preflight"
"CC2-02527","PF-G06","修复能力","SC-S2-01","日常作息与生活管理","SC-S1-02","恋爱/磨合","SC-S3-10","反复小问题累积","NF-N1-03","被理解/被回应/被关心","Gate or conditional","N3-01","当「修复能力」进入「恋爱/磨合」的「日常作息与生活管理」，遇到「反复小问题累积」时，对重视「被理解/被回应/被关心」的人意味着什么？","constrained_mapping_v0.2","semantic_preflight"
"CC2-02528","PF-G06","修复能力","SC-S2-01","日常作息与生活管理","SC-S1-02","恋爱/磨合","SC-S3-10","反复小问题累积","NF-N1-07","公平/可靠/合作","Conditional / gate","N3-02/N3-03","当「修复能力」进入「恋爱/磨合」的「日常作息与生活管理」，遇到「反复小问题累积」时，对重视「公平/可靠/合作」的人意味着什么？","constrained_mapping_v0.2","semantic_preflight"
"CC2-02529","PF-G06","修复能力","SC-S2-01","日常作息与生活管理","SC-S1-02","恋爱/磨合","SC-S3-10","反复小问题累积","NF-N1-05","安全/信任/可预测","Gate / conditional","N3-02/N3-06","当「修复能力」进入「恋爱/磨合」的「日常作息与生活管理」，遇到「反复小问题累积」时，对重视「安全/信任/可预测」的人意味着什么？","constrained_mapping_v0.2","semantic_preflight"
"CC2-02530","PF-G06","修复能力","SC-S2-01","日常作息与生活管理","SC-S1-04","同居/婚前","SC-S3-01","工作时间突变","NF-N1-03","被理解/被回应/被关心","Gate or conditional","N3-01","当「修复能力」进入「同居/婚前」的「日常作息与生活管理」，遇到「工作时间突变」时，对重视「被理解/被回应/被关心」的人意味着什么？","constrained_mapping_v0.2","semantic_preflight"
"CC2-02531","PF-G06","修复能力","SC-S2-01","日常作息与生活管理","SC-S1-04","同居/婚前","SC-S3-01","工作时间突变","NF-N1-07","公平/可靠/合作","Conditional / gate","N3-02/N3-03","当「修复能力」进入「同居/婚前」的「日常作息与生活管理」，遇到「工作时间突变」时，对重视「公平/可靠/合作」的人意味着什么？","constrained_mapping_v0.2","semantic_preflight"
"CC2-02532","PF-G06","修复能力","SC-S2-01","日常作息与生活管理","SC-S1-04","同居/婚前","SC-S3-01","工作时间突变","NF-N1-05","安全/信任/可预测","Gate / conditional","N3-02/N3-06","当「修复能力」进入「同居/婚前」的「日常作息与生活管理」，遇到「工作时间突变」时，对重视「安全/信任/可预测」的人意味着什么？","constrained_mapping_v0.2","semantic_preflight"
"CC2-02533","PF-G06","修复能力","SC-S2-01","日常作息与生活管理","SC-S1-04","同居/婚前","SC-S3-10","反复小问题累积","NF-N1-03","被理解/被回应/被关心","Gate or conditional","N3-01","当「修复能力」进入「同居/婚前」的「日常作息与生活管理」，遇到「反复小问题累积」时，对重视「被理解/被回应/被关心」的人意味着什么？","constrained_mapping_v0.2","semantic_preflight"
"CC2-02534","PF-G06","修复能力","SC-S2-01","日常作息与生活管理","SC-S1-04","同居/婚前","SC-S3-10","反复小问题累积","NF-N1-07","公平/可靠/合作","Conditional / gate","N3-02/N3-03","当「修复能力」进入「同居/婚前」的「日常作息与生活管理」，遇到「反复小问题累积」时，对重视「公平/可靠/合作」的人意味着什么？","constrained_mapping_v0.2","semantic_preflight"
"CC2-02535","PF-G06","修复能力","SC-S2-01","日常作息与生活管理","SC-S1-04","同居/婚前","SC-S3-10","反复小问题累积","NF-N1-05","安全/信任/可预测","Gate / conditional","N3-02/N3-06","当「修复能力」进入「同居/婚前」的「日常作息与生活管理」，遇到「反复小问题累积」时，对重视「安全/信任/可预测」的人意味着什么？","constrained_mapping_v0.2","semantic_preflight"
"CC2-02536","PF-G06","修复能力","SC-S2-01","日常作息与生活管理","SC-S1-07","婴幼儿照护","SC-S3-01","工作时间突变","NF-N1-03","被理解/被回应/被关心","Gate or conditional","N3-01","当「修复能力」进入「婴幼儿照护」的「日常作息与生活管理」，遇到「工作时间突变」时，对重视「被理解/被回应/被关心」的人意味着什么？","constrained_mapping_v0.2","semantic_preflight"
"CC2-02537","PF-G06","修复能力","SC-S2-01","日常作息与生活管理","SC-S1-07","婴幼儿照护","SC-S3-01","工作时间突变","NF-N1-07","公平/可靠/合作","Conditional / gate","N3-02/N3-03","当「修复能力」进入「婴幼儿照护」的「日常作息与生活管理」，遇到「工作时间突变」时，对重视「公平/可靠/合作」的人意味着什么？","constrained_mapping_v0.2","semantic_preflight"
"CC2-02538","PF-G06","修复能力","SC-S2-01","日常作息与生活管理","SC-S1-07","婴幼儿照护","SC-S3-01","工作时间突变","NF-N1-05","安全/信任/可预测","Gate / conditional","N3-02/N3-06","当「修复能力」进入「婴幼儿照护」的「日常作息与生活管理」，遇到「工作时间突变」时，对重视「安全/信任/可预测」的人意味着什么？","constrained_mapping_v0.2","semantic_preflight"
"CC2-02539","PF-G06","修复能力","SC-S2-01","日常作息与生活管理","SC-S1-07","婴幼儿照护","SC-S3-10","反复小问题累积","NF-N1-03","被理解/被回应/被关心","Gate or conditional","N3-01","当「修复能力」进入「婴幼儿照护」的「日常作息与生活管理」，遇到「反复小问题累积」时，对重视「被理解/被回应/被关心」的人意味着什么？","constrained_mapping_v0.2","semantic_preflight"
"CC2-02540","PF-G06","修复能力","SC-S2-01","日常作息与生活管理","SC-S1-07","婴幼儿照护","SC-S3-10","反复小问题累积","NF-N1-07","公平/可靠/合作","Conditional / gate","N3-02/N3-03","当「修复能力」进入「婴幼儿照护」的「日常作息与生活管理」，遇到「反复小问题累积」时，对重视「公平/可靠/合作」的人意味着什么？","constrained_mapping_v0.2","semantic_preflight"
"CC2-02541","PF-G06","修复能力","SC-S2-01","日常作息与生活管理","SC-S1-07","婴幼儿照护","SC-S3-10","反复小问题累积","NF-N1-05","安全/信任/可预测","Gate / conditional","N3-02/N3-06","当「修复能力」进入「婴幼儿照护」的「日常作息与生活管理」，遇到「反复小问题累积」时，对重视「安全/信任/可预测」的人意味着什么？","constrained_mapping_v0.2","semantic_preflight"
"CC2-02542","PF-G06","修复能力","SC-S2-05","家务/家庭劳动","SC-S1-04","同居/婚前","SC-S3-10","反复小问题累积","NF-N1-03","被理解/被回应/被关心","Gate or conditional","N3-01","当「修复能力」进入「同居/婚前」的「家务/家庭劳动」，遇到「反复小问题累积」时，对重视「被理解/被回应/被关心」的人意味着什么？","constrained_mapping_v0.2","semantic_preflight"
"CC2-02543","PF-G06","修复能力","SC-S2-05","家务/家庭劳动","SC-S1-04","同居/婚前","SC-S3-10","反复小问题累积","NF-N1-07","公平/可靠/合作","Conditional / gate","N3-02/N3-03","当「修复能力」进入「同居/婚前」的「家务/家庭劳动」，遇到「反复小问题累积」时，对重视「公平/可靠/合作」的人意味着什么？","constrained_mapping_v0.2","semantic_preflight"
"CC2-02544","PF-G06","修复能力","SC-S2-05","家务/家庭劳动","SC-S1-04","同居/婚前","SC-S3-10","反复小问题累积","NF-N1-05","安全/信任/可预测","Gate / conditional","N3-02/N3-06","当「修复能力」进入「同居/婚前」的「家务/家庭劳动」，遇到「反复小问题累积」时，对重视「安全/信任/可预测」的人意味着什么？","constrained_mapping_v0.2","semantic_preflight"
"CC2-02545","PF-G06","修复能力","SC-S2-05","家务/家庭劳动","SC-S1-06","备孕/怀孕/生育","SC-S3-06","生育/育儿转折","NF-N1-03","被理解/被回应/被关心","Gate or conditional","N3-01","当「修复能力」进入「备孕/怀孕/生育」的「家务/家庭劳动」，遇到「生育/育儿转折」时，对重视「被理解/被回应/被关心」的人意味着什么？","constrained_mapping_v0.2","semantic_preflight"
"CC2-02546","PF-G06","修复能力","SC-S2-05","家务/家庭劳动","SC-S1-06","备孕/怀孕/生育","SC-S3-06","生育/育儿转折","NF-N1-07","公平/可靠/合作","Conditional / gate","N3-02/N3-03","当「修复能力」进入「备孕/怀孕/生育」的「家务/家庭劳动」，遇到「生育/育儿转折」时，对重视「公平/可靠/合作」的人意味着什么？","constrained_mapping_v0.2","semantic_preflight"
"CC2-02547","PF-G06","修复能力","SC-S2-05","家务/家庭劳动","SC-S1-06","备孕/怀孕/生育","SC-S3-06","生育/育儿转折","NF-N1-05","安全/信任/可预测","Gate / conditional","N3-02/N3-06","当「修复能力」进入「备孕/怀孕/生育」的「家务/家庭劳动」，遇到「生育/育儿转折」时，对重视「安全/信任/可预测」的人意味着什么？","constrained_mapping_v0.2","semantic_preflight"
"CC2-02548","PF-G06","修复能力","SC-S2-05","家务/家庭劳动","SC-S1-06","备孕/怀孕/生育","SC-S3-10","反复小问题累积","NF-N1-03","被理解/被回应/被关心","Gate or conditional","N3-01","当「修复能力」进入「备孕/怀孕/生育」的「家务/家庭劳动」，遇到「反复小问题累积」时，对重视「被理解/被回应/被关心」的人意味着什么？","constrained_mapping_v0.2","semantic_preflight"
"CC2-02549","PF-G06","修复能力","SC-S2-05","家务/家庭劳动","SC-S1-06","备孕/怀孕/生育","SC-S3-10","反复小问题累积","NF-N1-07","公平/可靠/合作","Conditional / gate","N3-02/N3-03","当「修复能力」进入「备孕/怀孕/生育」的「家务/家庭劳动」，遇到「反复小问题累积」时，对重视「公平/可靠/合作」的人意味着什么？","constrained_mapping_v0.2","semantic_preflight"
"CC2-02550","PF-G06","修复能力","SC-S2-05","家务/家庭劳动","SC-S1-06","备孕/怀孕/生育","SC-S3-10","反复小问题累积","NF-N1-05","安全/信任/可预测","Gate / conditional","N3-02/N3-06","当「修复能力」进入「备孕/怀孕/生育」的「家务/家庭劳动」，遇到「反复小问题累积」时，对重视「安全/信任/可预测」的人意味着什么？","constrained_mapping_v0.2","semantic_preflight"
"CC2-02551","PF-G06","修复能力","SC-S2-05","家务/家庭劳动","SC-S1-07","婴幼儿照护","SC-S3-06","生育/育儿转折","NF-N1-03","被理解/被回应/被关心","Gate or conditional","N3-01","当「修复能力」进入「婴幼儿照护」的「家务/家庭劳动」，遇到「生育/育儿转折」时，对重视「被理解/被回应/被关心」的人意味着什么？","constrained_mapping_v0.2","semantic_preflight"
"CC2-02552","PF-G06","修复能力","SC-S2-05","家务/家庭劳动","SC-S1-07","婴幼儿照护","SC-S3-06","生育/育儿转折","NF-N1-07","公平/可靠/合作","Conditional / gate","N3-02/N3-03","当「修复能力」进入「婴幼儿照护」的「家务/家庭劳动」，遇到「生育/育儿转折」时，对重视「公平/可靠/合作」的人意味着什么？","constrained_mapping_v0.2","semantic_preflight"
"CC2-02553","PF-G06","修复能力","SC-S2-05","家务/家庭劳动","SC-S1-07","婴幼儿照护","SC-S3-06","生育/育儿转折","NF-N1-05","安全/信任/可预测","Gate / conditional","N3-02/N3-06","当「修复能力」进入「婴幼儿照护」的「家务/家庭劳动」，遇到「生育/育儿转折」时，对重视「安全/信任/可预测」的人意味着什么？","constrained_mapping_v0.2","semantic_preflight"
"CC2-02554","PF-G06","修复能力","SC-S2-05","家务/家庭劳动","SC-S1-07","婴幼儿照护","SC-S3-10","反复小问题累积","NF-N1-03","被理解/被回应/被关心","Gate or conditional","N3-01","当「修复能力」进入「婴幼儿照护」的「家务/家庭劳动」，遇到「反复小问题累积」时，对重视「被理解/被回应/被关心」的人意味着什么？","constrained_mapping_v0.2","semantic_preflight"
"CC2-02555","PF-G06","修复能力","SC-S2-05","家务/家庭劳动","SC-S1-07","婴幼儿照护","SC-S3-10","反复小问题累积","NF-N1-07","公平/可靠/合作","Conditional / gate","N3-02/N3-03","当「修复能力」进入「婴幼儿照护」的「家务/家庭劳动」，遇到「反复小问题累积」时，对重视「公平/可靠/合作」的人意味着什么？","constrained_mapping_v0.2","semantic_preflight"
"CC2-02556","PF-G06","修复能力","SC-S2-05","家务/家庭劳动","SC-S1-07","婴幼儿照护","SC-S3-10","反复小问题累积","NF-N1-05","安全/信任/可预测","Gate / conditional","N3-02/N3-06","当「修复能力」进入「婴幼儿照护」的「家务/家庭劳动」，遇到「反复小问题累积」时，对重视「安全/信任/可预测」的人意味着什么？","constrained_mapping_v0.2","semantic_preflight"
"CC2-02557","PF-G06","修复能力","SC-S2-05","家务/家庭劳动","SC-S1-09","中年多重责任","SC-S3-06","生育/育儿转折","NF-N1-03","被理解/被回应/被关心","Gate or conditional","N3-01","当「修复能力」进入「中年多重责任」的「家务/家庭劳动」，遇到「生育/育儿转折」时，对重视「被理解/被回应/被关心」的人意味着什么？","constrained_mapping_v0.2","semantic_preflight"
"CC2-02558","PF-G06","修复能力","SC-S2-05","家务/家庭劳动","SC-S1-09","中年多重责任","SC-S3-06","生育/育儿转折","NF-N1-07","公平/可靠/合作","Conditional / gate","N3-02/N3-03","当「修复能力」进入「中年多重责任」的「家务/家庭劳动」，遇到「生育/育儿转折」时，对重视「公平/可靠/合作」的人意味着什么？","constrained_mapping_v0.2","semantic_preflight"
"CC2-02559","PF-G06","修复能力","SC-S2-05","家务/家庭劳动","SC-S1-09","中年多重责任","SC-S3-06","生育/育儿转折","NF-N1-05","安全/信任/可预测","Gate / conditional","N3-02/N3-06","当「修复能力」进入「中年多重责任」的「家务/家庭劳动」，遇到「生育/育儿转折」时，对重视「安全/信任/可预测」的人意味着什么？","constrained_mapping_v0.2","semantic_preflight"
"CC2-02560","PF-G06","修复能力","SC-S2-05","家务/家庭劳动","SC-S1-09","中年多重责任","SC-S3-10","反复小问题累积","NF-N1-03","被理解/被回应/被关心","Gate or conditional","N3-01","当「修复能力」进入「中年多重责任」的「家务/家庭劳动」，遇到「反复小问题累积」时，对重视「被理解/被回应/被关心」的人意味着什么？","constrained_mapping_v0.2","semantic_preflight"
"CC2-02561","PF-G06","修复能力","SC-S2-05","家务/家庭劳动","SC-S1-09","中年多重责任","SC-S3-10","反复小问题累积","NF-N1-07","公平/可靠/合作","Conditional / gate","N3-02/N3-03","当「修复能力」进入「中年多重责任」的「家务/家庭劳动」，遇到「反复小问题累积」时，对重视「公平/可靠/合作」的人意味着什么？","constrained_mapping_v0.2","semantic_preflight"
"CC2-02562","PF-G06","修复能力","SC-S2-05","家务/家庭劳动","SC-S1-09","中年多重责任","SC-S3-10","反复小问题累积","NF-N1-05","安全/信任/可预测","Gate / conditional","N3-02/N3-06","当「修复能力」进入「中年多重责任」的「家务/家庭劳动」，遇到「反复小问题累积」时，对重视「安全/信任/可预测」的人意味着什么？","constrained_mapping_v0.2","semantic_preflight"
"CC2-02563","PF-G06","修复能力","SC-S2-07","双方父母/原生家庭","SC-S1-05","结婚/建立家庭","SC-S3-07","父母责任变化","NF-N1-03","被理解/被回应/被关心","Gate or conditional","N3-01","当「修复能力」进入「结婚/建立家庭」的「双方父母/原生家庭」，遇到「父母责任变化」时，对重视「被理解/被回应/被关心」的人意味着什么？","constrained_mapping_v0.2","semantic_preflight"
"CC2-02564","PF-G06","修复能力","SC-S2-07","双方父母/原生家庭","SC-S1-05","结婚/建立家庭","SC-S3-07","父母责任变化","NF-N1-07","公平/可靠/合作","Conditional / gate","N3-02/N3-03","当「修复能力」进入「结婚/建立家庭」的「双方父母/原生家庭」，遇到「父母责任变化」时，对重视「公平/可靠/合作」的人意味着什么？","constrained_mapping_v0.2","semantic_preflight"
"CC2-02565","PF-G06","修复能力","SC-S2-07","双方父母/原生家庭","SC-S1-05","结婚/建立家庭","SC-S3-07","父母责任变化","NF-N1-05","安全/信任/可预测","Gate / conditional","N3-02/N3-06","当「修复能力」进入「结婚/建立家庭」的「双方父母/原生家庭」，遇到「父母责任变化」时，对重视「安全/信任/可预测」的人意味着什么？","constrained_mapping_v0.2","semantic_preflight"
"CC2-02566","PF-G06","修复能力","SC-S2-07","双方父母/原生家庭","SC-S1-05","结婚/建立家庭","SC-S3-05","居住/迁移变化","NF-N1-03","被理解/被回应/被关心","Gate or conditional","N3-01","当「修复能力」进入「结婚/建立家庭」的「双方父母/原生家庭」，遇到「居住/迁移变化」时，对重视「被理解/被回应/被关心」的人意味着什么？","constrained_mapping_v0.2","semantic_preflight"
"CC2-02567","PF-G06","修复能力","SC-S2-07","双方父母/原生家庭","SC-S1-05","结婚/建立家庭","SC-S3-05","居住/迁移变化","NF-N1-07","公平/可靠/合作","Conditional / gate","N3-02/N3-03","当「修复能力」进入「结婚/建立家庭」的「双方父母/原生家庭」，遇到「居住/迁移变化」时，对重视「公平/可靠/合作」的人意味着什么？","constrained_mapping_v0.2","semantic_preflight"
"CC2-02568","PF-G06","修复能力","SC-S2-07","双方父母/原生家庭","SC-S1-05","结婚/建立家庭","SC-S3-05","居住/迁移变化","NF-N1-05","安全/信任/可预测","Gate / conditional","N3-02/N3-06","当「修复能力」进入「结婚/建立家庭」的「双方父母/原生家庭」，遇到「居住/迁移变化」时，对重视「安全/信任/可预测」的人意味着什么？","constrained_mapping_v0.2","semantic_preflight"
"CC2-02569","PF-G06","修复能力","SC-S2-07","双方父母/原生家庭","SC-S1-06","备孕/怀孕/生育","SC-S3-07","父母责任变化","NF-N1-03","被理解/被回应/被关心","Gate or conditional","N3-01","当「修复能力」进入「备孕/怀孕/生育」的「双方父母/原生家庭」，遇到「父母责任变化」时，对重视「被理解/被回应/被关心」的人意味着什么？","constrained_mapping_v0.2","semantic_preflight"
"CC2-02570","PF-G06","修复能力","SC-S2-07","双方父母/原生家庭","SC-S1-06","备孕/怀孕/生育","SC-S3-07","父母责任变化","NF-N1-07","公平/可靠/合作","Conditional / gate","N3-02/N3-03","当「修复能力」进入「备孕/怀孕/生育」的「双方父母/原生家庭」，遇到「父母责任变化」时，对重视「公平/可靠/合作」的人意味着什么？","constrained_mapping_v0.2","semantic_preflight"
"CC2-02571","PF-G06","修复能力","SC-S2-07","双方父母/原生家庭","SC-S1-06","备孕/怀孕/生育","SC-S3-07","父母责任变化","NF-N1-05","安全/信任/可预测","Gate / conditional","N3-02/N3-06","当「修复能力」进入「备孕/怀孕/生育」的「双方父母/原生家庭」，遇到「父母责任变化」时，对重视「安全/信任/可预测」的人意味着什么？","constrained_mapping_v0.2","semantic_preflight"
"CC2-02572","PF-G06","修复能力","SC-S2-07","双方父母/原生家庭","SC-S1-06","备孕/怀孕/生育","SC-S3-05","居住/迁移变化","NF-N1-03","被理解/被回应/被关心","Gate or conditional","N3-01","当「修复能力」进入「备孕/怀孕/生育」的「双方父母/原生家庭」，遇到「居住/迁移变化」时，对重视「被理解/被回应/被关心」的人意味着什么？","constrained_mapping_v0.2","semantic_preflight"
"CC2-02573","PF-G06","修复能力","SC-S2-07","双方父母/原生家庭","SC-S1-06","备孕/怀孕/生育","SC-S3-05","居住/迁移变化","NF-N1-07","公平/可靠/合作","Conditional / gate","N3-02/N3-03","当「修复能力」进入「备孕/怀孕/生育」的「双方父母/原生家庭」，遇到「居住/迁移变化」时，对重视「公平/可靠/合作」的人意味着什么？","constrained_mapping_v0.2","semantic_preflight"
"CC2-02574","PF-G06","修复能力","SC-S2-07","双方父母/原生家庭","SC-S1-06","备孕/怀孕/生育","SC-S3-05","居住/迁移变化","NF-N1-05","安全/信任/可预测","Gate / conditional","N3-02/N3-06","当「修复能力」进入「备孕/怀孕/生育」的「双方父母/原生家庭」，遇到「居住/迁移变化」时，对重视「安全/信任/可预测」的人意味着什么？","constrained_mapping_v0.2","semantic_preflight"
"CC2-02575","PF-G06","修复能力","SC-S2-07","双方父母/原生家庭","SC-S1-07","婴幼儿照护","SC-S3-07","父母责任变化","NF-N1-03","被理解/被回应/被关心","Gate or conditional","N3-01","当「修复能力」进入「婴幼儿照护」的「双方父母/原生家庭」，遇到「父母责任变化」时，对重视「被理解/被回应/被关心」的人意味着什么？","constrained_mapping_v0.2","semantic_preflight"
"CC2-02576","PF-G06","修复能力","SC-S2-07","双方父母/原生家庭","SC-S1-07","婴幼儿照护","SC-S3-07","父母责任变化","NF-N1-07","公平/可靠/合作","Conditional / gate","N3-02/N3-03","当「修复能力」进入「婴幼儿照护」的「双方父母/原生家庭」，遇到「父母责任变化」时，对重视「公平/可靠/合作」的人意味着什么？","constrained_mapping_v0.2","semantic_preflight"
"CC2-02577","PF-G06","修复能力","SC-S2-07","双方父母/原生家庭","SC-S1-07","婴幼儿照护","SC-S3-07","父母责任变化","NF-N1-05","安全/信任/可预测","Gate / conditional","N3-02/N3-06","当「修复能力」进入「婴幼儿照护」的「双方父母/原生家庭」，遇到「父母责任变化」时，对重视「安全/信任/可预测」的人意味着什么？","constrained_mapping_v0.2","semantic_preflight"
"CC2-02578","PF-G06","修复能力","SC-S2-07","双方父母/原生家庭","SC-S1-07","婴幼儿照护","SC-S3-05","居住/迁移变化","NF-N1-03","被理解/被回应/被关心","Gate or conditional","N3-01","当「修复能力」进入「婴幼儿照护」的「双方父母/原生家庭」，遇到「居住/迁移变化」时，对重视「被理解/被回应/被关心」的人意味着什么？","constrained_mapping_v0.2","semantic_preflight"
"CC2-02579","PF-G06","修复能力","SC-S2-07","双方父母/原生家庭","SC-S1-07","婴幼儿照护","SC-S3-05","居住/迁移变化","NF-N1-07","公平/可靠/合作","Conditional / gate","N3-02/N3-03","当「修复能力」进入「婴幼儿照护」的「双方父母/原生家庭」，遇到「居住/迁移变化」时，对重视「公平/可靠/合作」的人意味着什么？","constrained_mapping_v0.2","semantic_preflight"
"CC2-02580","PF-G06","修复能力","SC-S2-07","双方父母/原生家庭","SC-S1-07","婴幼儿照护","SC-S3-05","居住/迁移变化","NF-N1-05","安全/信任/可预测","Gate / conditional","N3-02/N3-06","当「修复能力」进入「婴幼儿照护」的「双方父母/原生家庭」，遇到「居住/迁移变化」时，对重视「安全/信任/可预测」的人意味着什么？","constrained_mapping_v0.2","semantic_preflight"
"CC2-02581","PF-G06","修复能力","SC-S2-07","双方父母/原生家庭","SC-S1-09","中年多重责任","SC-S3-07","父母责任变化","NF-N1-03","被理解/被回应/被关心","Gate or conditional","N3-01","当「修复能力」进入「中年多重责任」的「双方父母/原生家庭」，遇到「父母责任变化」时，对重视「被理解/被回应/被关心」的人意味着什么？","constrained_mapping_v0.2","semantic_preflight"
"CC2-02582","PF-G06","修复能力","SC-S2-07","双方父母/原生家庭","SC-S1-09","中年多重责任","SC-S3-07","父母责任变化","NF-N1-07","公平/可靠/合作","Conditional / gate","N3-02/N3-03","当「修复能力」进入「中年多重责任」的「双方父母/原生家庭」，遇到「父母责任变化」时，对重视「公平/可靠/合作」的人意味着什么？","constrained_mapping_v0.2","semantic_preflight"
"CC2-02583","PF-G06","修复能力","SC-S2-07","双方父母/原生家庭","SC-S1-09","中年多重责任","SC-S3-07","父母责任变化","NF-N1-05","安全/信任/可预测","Gate / conditional","N3-02/N3-06","当「修复能力」进入「中年多重责任」的「双方父母/原生家庭」，遇到「父母责任变化」时，对重视「安全/信任/可预测」的人意味着什么？","constrained_mapping_v0.2","semantic_preflight"
"CC2-02584","PF-G06","修复能力","SC-S2-07","双方父母/原生家庭","SC-S1-09","中年多重责任","SC-S3-05","居住/迁移变化","NF-N1-03","被理解/被回应/被关心","Gate or conditional","N3-01","当「修复能力」进入「中年多重责任」的「双方父母/原生家庭」，遇到「居住/迁移变化」时，对重视「被理解/被回应/被关心」的人意味着什么？","constrained_mapping_v0.2","semantic_preflight"
"CC2-02585","PF-G06","修复能力","SC-S2-07","双方父母/原生家庭","SC-S1-09","中年多重责任","SC-S3-05","居住/迁移变化","NF-N1-07","公平/可靠/合作","Conditional / gate","N3-02/N3-03","当「修复能力」进入「中年多重责任」的「双方父母/原生家庭」，遇到「居住/迁移变化」时，对重视「公平/可靠/合作」的人意味着什么？","constrained_mapping_v0.2","semantic_preflight"
"CC2-02586","PF-G06","修复能力","SC-S2-07","双方父母/原生家庭","SC-S1-09","中年多重责任","SC-S3-05","居住/迁移变化","NF-N1-05","安全/信任/可预测","Gate / conditional","N3-02/N3-06","当「修复能力」进入「中年多重责任」的「双方父母/原生家庭」，遇到「居住/迁移变化」时，对重视「安全/信任/可预测」的人意味着什么？","constrained_mapping_v0.2","semantic_preflight"
"CC2-02587","PF-G07","支持/照护","SC-S2-11","健康/疾病/照护","SC-S1-03","稳定交往","SC-S3-08","本人健康变化","NF-N1-03","被理解/被回应/被关心","Gate or conditional","N3-01","当「支持/照护」进入「稳定交往」的「健康/疾病/照护」，遇到「本人健康变化」时，对重视「被理解/被回应/被关心」的人意味着什么？","constrained_mapping_v0.2","semantic_preflight"
"CC2-02588","PF-G07","支持/照护","SC-S2-11","健康/疾病/照护","SC-S1-03","稳定交往","SC-S3-08","本人健康变化","NF-N1-07","公平/可靠/合作","Conditional / gate","N3-02/N3-03","当「支持/照护」进入「稳定交往」的「健康/疾病/照护」，遇到「本人健康变化」时，对重视「公平/可靠/合作」的人意味着什么？","constrained_mapping_v0.2","semantic_preflight"
"CC2-02589","PF-G07","支持/照护","SC-S2-11","健康/疾病/照护","SC-S1-03","稳定交往","SC-S3-08","本人健康变化","NF-N1-08","成长/能力/目标支持","Fit / trade-off","N3-09","当「支持/照护」进入「稳定交往」的「健康/疾病/照护」，遇到「本人健康变化」时，对重视「成长/能力/目标支持」的人意味着什么？","constrained_mapping_v0.2","semantic_preflight"
"CC2-02590","PF-G07","支持/照护","SC-S2-11","健康/疾病/照护","SC-S1-03","稳定交往","SC-S3-07","父母责任变化","NF-N1-03","被理解/被回应/被关心","Gate or conditional","N3-01","当「支持/照护」进入「稳定交往」的「健康/疾病/照护」，遇到「父母责任变化」时，对重视「被理解/被回应/被关心」的人意味着什么？","constrained_mapping_v0.2","semantic_preflight"
"CC2-02591","PF-G07","支持/照护","SC-S2-11","健康/疾病/照护","SC-S1-03","稳定交往","SC-S3-07","父母责任变化","NF-N1-07","公平/可靠/合作","Conditional / gate","N3-02/N3-03","当「支持/照护」进入「稳定交往」的「健康/疾病/照护」，遇到「父母责任变化」时，对重视「公平/可靠/合作」的人意味着什么？","constrained_mapping_v0.2","semantic_preflight"
"CC2-02592","PF-G07","支持/照护","SC-S2-11","健康/疾病/照护","SC-S1-03","稳定交往","SC-S3-07","父母责任变化","NF-N1-08","成长/能力/目标支持","Fit / trade-off","N3-09","当「支持/照护」进入「稳定交往」的「健康/疾病/照护」，遇到「父母责任变化」时，对重视「成长/能力/目标支持」的人意味着什么？","constrained_mapping_v0.2","semantic_preflight"
"CC2-02593","PF-G07","支持/照护","SC-S2-11","健康/疾病/照护","SC-S1-06","备孕/怀孕/生育","SC-S3-08","本人健康变化","NF-N1-03","被理解/被回应/被关心","Gate or conditional","N3-01","当「支持/照护」进入「备孕/怀孕/生育」的「健康/疾病/照护」，遇到「本人健康变化」时，对重视「被理解/被回应/被关心」的人意味着什么？","constrained_mapping_v0.2","semantic_preflight"
"CC2-02594","PF-G07","支持/照护","SC-S2-11","健康/疾病/照护","SC-S1-06","备孕/怀孕/生育","SC-S3-08","本人健康变化","NF-N1-07","公平/可靠/合作","Conditional / gate","N3-02/N3-03","当「支持/照护」进入「备孕/怀孕/生育」的「健康/疾病/照护」，遇到「本人健康变化」时，对重视「公平/可靠/合作」的人意味着什么？","constrained_mapping_v0.2","semantic_preflight"
"CC2-02595","PF-G07","支持/照护","SC-S2-11","健康/疾病/照护","SC-S1-06","备孕/怀孕/生育","SC-S3-08","本人健康变化","NF-N1-08","成长/能力/目标支持","Fit / trade-off","N3-09","当「支持/照护」进入「备孕/怀孕/生育」的「健康/疾病/照护」，遇到「本人健康变化」时，对重视「成长/能力/目标支持」的人意味着什么？","constrained_mapping_v0.2","semantic_preflight"
"CC2-02596","PF-G07","支持/照护","SC-S2-11","健康/疾病/照护","SC-S1-06","备孕/怀孕/生育","SC-S3-07","父母责任变化","NF-N1-03","被理解/被回应/被关心","Gate or conditional","N3-01","当「支持/照护」进入「备孕/怀孕/生育」的「健康/疾病/照护」，遇到「父母责任变化」时，对重视「被理解/被回应/被关心」的人意味着什么？","constrained_mapping_v0.2","semantic_preflight"
"CC2-02597","PF-G07","支持/照护","SC-S2-11","健康/疾病/照护","SC-S1-06","备孕/怀孕/生育","SC-S3-07","父母责任变化","NF-N1-07","公平/可靠/合作","Conditional / gate","N3-02/N3-03","当「支持/照护」进入「备孕/怀孕/生育」的「健康/疾病/照护」，遇到「父母责任变化」时，对重视「公平/可靠/合作」的人意味着什么？","constrained_mapping_v0.2","semantic_preflight"
"CC2-02598","PF-G07","支持/照护","SC-S2-11","健康/疾病/照护","SC-S1-06","备孕/怀孕/生育","SC-S3-07","父母责任变化","NF-N1-08","成长/能力/目标支持","Fit / trade-off","N3-09","当「支持/照护」进入「备孕/怀孕/生育」的「健康/疾病/照护」，遇到「父母责任变化」时，对重视「成长/能力/目标支持」的人意味着什么？","constrained_mapping_v0.2","semantic_preflight"
"CC2-02599","PF-G07","支持/照护","SC-S2-11","健康/疾病/照护","SC-S1-07","婴幼儿照护","SC-S3-08","本人健康变化","NF-N1-03","被理解/被回应/被关心","Gate or conditional","N3-01","当「支持/照护」进入「婴幼儿照护」的「健康/疾病/照护」，遇到「本人健康变化」时，对重视「被理解/被回应/被关心」的人意味着什么？","constrained_mapping_v0.2","semantic_preflight"
"CC2-02600","PF-G07","支持/照护","SC-S2-11","健康/疾病/照护","SC-S1-07","婴幼儿照护","SC-S3-08","本人健康变化","NF-N1-07","公平/可靠/合作","Conditional / gate","N3-02/N3-03","当「支持/照护」进入「婴幼儿照护」的「健康/疾病/照护」，遇到「本人健康变化」时，对重视「公平/可靠/合作」的人意味着什么？","constrained_mapping_v0.2","semantic_preflight"
"CC2-02601","PF-G07","支持/照护","SC-S2-11","健康/疾病/照护","SC-S1-07","婴幼儿照护","SC-S3-08","本人健康变化","NF-N1-08","成长/能力/目标支持","Fit / trade-off","N3-09","当「支持/照护」进入「婴幼儿照护」的「健康/疾病/照护」，遇到「本人健康变化」时，对重视「成长/能力/目标支持」的人意味着什么？","constrained_mapping_v0.2","semantic_preflight"
"CC2-02602","PF-G07","支持/照护","SC-S2-11","健康/疾病/照护","SC-S1-07","婴幼儿照护","SC-S3-07","父母责任变化","NF-N1-03","被理解/被回应/被关心","Gate or conditional","N3-01","当「支持/照护」进入「婴幼儿照护」的「健康/疾病/照护」，遇到「父母责任变化」时，对重视「被理解/被回应/被关心」的人意味着什么？","constrained_mapping_v0.2","semantic_preflight"
"CC2-02603","PF-G07","支持/照护","SC-S2-11","健康/疾病/照护","SC-S1-07","婴幼儿照护","SC-S3-07","父母责任变化","NF-N1-07","公平/可靠/合作","Conditional / gate","N3-02/N3-03","当「支持/照护」进入「婴幼儿照护」的「健康/疾病/照护」，遇到「父母责任变化」时，对重视「公平/可靠/合作」的人意味着什么？","constrained_mapping_v0.2","semantic_preflight"
"CC2-02604","PF-G07","支持/照护","SC-S2-11","健康/疾病/照护","SC-S1-07","婴幼儿照护","SC-S3-07","父母责任变化","NF-N1-08","成长/能力/目标支持","Fit / trade-off","N3-09","当「支持/照护」进入「婴幼儿照护」的「健康/疾病/照护」，遇到「父母责任变化」时，对重视「成长/能力/目标支持」的人意味着什么？","constrained_mapping_v0.2","semantic_preflight"
"CC2-02605","PF-G07","支持/照护","SC-S2-11","健康/疾病/照护","SC-S1-10","退休/老年/长期照护","SC-S3-08","本人健康变化","NF-N1-03","被理解/被回应/被关心","Gate or conditional","N3-01","当「支持/照护」进入「退休/老年/长期照护」的「健康/疾病/照护」，遇到「本人健康变化」时，对重视「被理解/被回应/被关心」的人意味着什么？","constrained_mapping_v0.2","semantic_preflight"
"CC2-02606","PF-G07","支持/照护","SC-S2-11","健康/疾病/照护","SC-S1-10","退休/老年/长期照护","SC-S3-08","本人健康变化","NF-N1-07","公平/可靠/合作","Conditional / gate","N3-02/N3-03","当「支持/照护」进入「退休/老年/长期照护」的「健康/疾病/照护」，遇到「本人健康变化」时，对重视「公平/可靠/合作」的人意味着什么？","constrained_mapping_v0.2","semantic_preflight"
"CC2-02607","PF-G07","支持/照护","SC-S2-11","健康/疾病/照护","SC-S1-10","退休/老年/长期照护","SC-S3-08","本人健康变化","NF-N1-08","成长/能力/目标支持","Fit / trade-off","N3-09","当「支持/照护」进入「退休/老年/长期照护」的「健康/疾病/照护」，遇到「本人健康变化」时，对重视「成长/能力/目标支持」的人意味着什么？","constrained_mapping_v0.2","semantic_preflight"
"CC2-02608","PF-G07","支持/照护","SC-S2-11","健康/疾病/照护","SC-S1-10","退休/老年/长期照护","SC-S3-07","父母责任变化","NF-N1-03","被理解/被回应/被关心","Gate or conditional","N3-01","当「支持/照护」进入「退休/老年/长期照护」的「健康/疾病/照护」，遇到「父母责任变化」时，对重视「被理解/被回应/被关心」的人意味着什么？","constrained_mapping_v0.2","semantic_preflight"
"CC2-02609","PF-G07","支持/照护","SC-S2-11","健康/疾病/照护","SC-S1-10","退休/老年/长期照护","SC-S3-07","父母责任变化","NF-N1-07","公平/可靠/合作","Conditional / gate","N3-02/N3-03","当「支持/照护」进入「退休/老年/长期照护」的「健康/疾病/照护」，遇到「父母责任变化」时，对重视「公平/可靠/合作」的人意味着什么？","constrained_mapping_v0.2","semantic_preflight"
"CC2-02610","PF-G07","支持/照护","SC-S2-11","健康/疾病/照护","SC-S1-10","退休/老年/长期照护","SC-S3-07","父母责任变化","NF-N1-08","成长/能力/目标支持","Fit / trade-off","N3-09","当「支持/照护」进入「退休/老年/长期照护」的「健康/疾病/照护」，遇到「父母责任变化」时，对重视「成长/能力/目标支持」的人意味着什么？","constrained_mapping_v0.2","semantic_preflight"
"CC2-02611","PF-G07","支持/照护","SC-S2-02","工作/事业/学习","SC-S1-02","恋爱/磨合","SC-S3-01","工作时间突变","NF-N1-03","被理解/被回应/被关心","Gate or conditional","N3-01","当「支持/照护」进入「恋爱/磨合」的「工作/事业/学习」，遇到「工作时间突变」时，对重视「被理解/被回应/被关心」的人意味着什么？","constrained_mapping_v0.2","semantic_preflight"
"CC2-02612","PF-G07","支持/照护","SC-S2-02","工作/事业/学习","SC-S1-02","恋爱/磨合","SC-S3-01","工作时间突变","NF-N1-07","公平/可靠/合作","Conditional / gate","N3-02/N3-03","当「支持/照护」进入「恋爱/磨合」的「工作/事业/学习」，遇到「工作时间突变」时，对重视「公平/可靠/合作」的人意味着什么？","constrained_mapping_v0.2","semantic_preflight"
"CC2-02613","PF-G07","支持/照护","SC-S2-02","工作/事业/学习","SC-S1-02","恋爱/磨合","SC-S3-01","工作时间突变","NF-N1-08","成长/能力/目标支持","Fit / trade-off","N3-09","当「支持/照护」进入「恋爱/磨合」的「工作/事业/学习」，遇到「工作时间突变」时，对重视「成长/能力/目标支持」的人意味着什么？","constrained_mapping_v0.2","semantic_preflight"
"CC2-02614","PF-G07","支持/照护","SC-S2-02","工作/事业/学习","SC-S1-02","恋爱/磨合","SC-S3-02","事业机会/职业转折","NF-N1-03","被理解/被回应/被关心","Gate or conditional","N3-01","当「支持/照护」进入「恋爱/磨合」的「工作/事业/学习」，遇到「事业机会/职业转折」时，对重视「被理解/被回应/被关心」的人意味着什么？","constrained_mapping_v0.2","semantic_preflight"
"CC2-02615","PF-G07","支持/照护","SC-S2-02","工作/事业/学习","SC-S1-02","恋爱/磨合","SC-S3-02","事业机会/职业转折","NF-N1-07","公平/可靠/合作","Conditional / gate","N3-02/N3-03","当「支持/照护」进入「恋爱/磨合」的「工作/事业/学习」，遇到「事业机会/职业转折」时，对重视「公平/可靠/合作」的人意味着什么？","constrained_mapping_v0.2","semantic_preflight"
"CC2-02616","PF-G07","支持/照护","SC-S2-02","工作/事业/学习","SC-S1-02","恋爱/磨合","SC-S3-02","事业机会/职业转折","NF-N1-08","成长/能力/目标支持","Fit / trade-off","N3-09","当「支持/照护」进入「恋爱/磨合」的「工作/事业/学习」，遇到「事业机会/职业转折」时，对重视「成长/能力/目标支持」的人意味着什么？","constrained_mapping_v0.2","semantic_preflight"
"CC2-02617","PF-G07","支持/照护","SC-S2-02","工作/事业/学习","SC-S1-05","结婚/建立家庭","SC-S3-01","工作时间突变","NF-N1-03","被理解/被回应/被关心","Gate or conditional","N3-01","当「支持/照护」进入「结婚/建立家庭」的「工作/事业/学习」，遇到「工作时间突变」时，对重视「被理解/被回应/被关心」的人意味着什么？","constrained_mapping_v0.2","semantic_preflight"
"CC2-02618","PF-G07","支持/照护","SC-S2-02","工作/事业/学习","SC-S1-05","结婚/建立家庭","SC-S3-01","工作时间突变","NF-N1-07","公平/可靠/合作","Conditional / gate","N3-02/N3-03","当「支持/照护」进入「结婚/建立家庭」的「工作/事业/学习」，遇到「工作时间突变」时，对重视「公平/可靠/合作」的人意味着什么？","constrained_mapping_v0.2","semantic_preflight"
"CC2-02619","PF-G07","支持/照护","SC-S2-02","工作/事业/学习","SC-S1-05","结婚/建立家庭","SC-S3-01","工作时间突变","NF-N1-08","成长/能力/目标支持","Fit / trade-off","N3-09","当「支持/照护」进入「结婚/建立家庭」的「工作/事业/学习」，遇到「工作时间突变」时，对重视「成长/能力/目标支持」的人意味着什么？","constrained_mapping_v0.2","semantic_preflight"
"CC2-02620","PF-G07","支持/照护","SC-S2-02","工作/事业/学习","SC-S1-05","结婚/建立家庭","SC-S3-02","事业机会/职业转折","NF-N1-03","被理解/被回应/被关心","Gate or conditional","N3-01","当「支持/照护」进入「结婚/建立家庭」的「工作/事业/学习」，遇到「事业机会/职业转折」时，对重视「被理解/被回应/被关心」的人意味着什么？","constrained_mapping_v0.2","semantic_preflight"
"CC2-02621","PF-G07","支持/照护","SC-S2-02","工作/事业/学习","SC-S1-05","结婚/建立家庭","SC-S3-02","事业机会/职业转折","NF-N1-07","公平/可靠/合作","Conditional / gate","N3-02/N3-03","当「支持/照护」进入「结婚/建立家庭」的「工作/事业/学习」，遇到「事业机会/职业转折」时，对重视「公平/可靠/合作」的人意味着什么？","constrained_mapping_v0.2","semantic_preflight"
"CC2-02622","PF-G07","支持/照护","SC-S2-02","工作/事业/学习","SC-S1-05","结婚/建立家庭","SC-S3-02","事业机会/职业转折","NF-N1-08","成长/能力/目标支持","Fit / trade-off","N3-09","当「支持/照护」进入「结婚/建立家庭」的「工作/事业/学习」，遇到「事业机会/职业转折」时，对重视「成长/能力/目标支持」的人意味着什么？","constrained_mapping_v0.2","semantic_preflight"
"CC2-02623","PF-G07","支持/照护","SC-S2-02","工作/事业/学习","SC-S1-09","中年多重责任","SC-S3-01","工作时间突变","NF-N1-03","被理解/被回应/被关心","Gate or conditional","N3-01","当「支持/照护」进入「中年多重责任」的「工作/事业/学习」，遇到「工作时间突变」时，对重视「被理解/被回应/被关心」的人意味着什么？","constrained_mapping_v0.2","semantic_preflight"
"CC2-02624","PF-G07","支持/照护","SC-S2-02","工作/事业/学习","SC-S1-09","中年多重责任","SC-S3-01","工作时间突变","NF-N1-07","公平/可靠/合作","Conditional / gate","N3-02/N3-03","当「支持/照护」进入「中年多重责任」的「工作/事业/学习」，遇到「工作时间突变」时，对重视「公平/可靠/合作」的人意味着什么？","constrained_mapping_v0.2","semantic_preflight"
"CC2-02625","PF-G07","支持/照护","SC-S2-02","工作/事业/学习","SC-S1-09","中年多重责任","SC-S3-01","工作时间突变","NF-N1-08","成长/能力/目标支持","Fit / trade-off","N3-09","当「支持/照护」进入「中年多重责任」的「工作/事业/学习」，遇到「工作时间突变」时，对重视「成长/能力/目标支持」的人意味着什么？","constrained_mapping_v0.2","semantic_preflight"
"CC2-02626","PF-G07","支持/照护","SC-S2-02","工作/事业/学习","SC-S1-09","中年多重责任","SC-S3-02","事业机会/职业转折","NF-N1-03","被理解/被回应/被关心","Gate or conditional","N3-01","当「支持/照护」进入「中年多重责任」的「工作/事业/学习」，遇到「事业机会/职业转折」时，对重视「被理解/被回应/被关心」的人意味着什么？","constrained_mapping_v0.2","semantic_preflight"
"CC2-02627","PF-G07","支持/照护","SC-S2-02","工作/事业/学习","SC-S1-09","中年多重责任","SC-S3-02","事业机会/职业转折","NF-N1-07","公平/可靠/合作","Conditional / gate","N3-02/N3-03","当「支持/照护」进入「中年多重责任」的「工作/事业/学习」，遇到「事业机会/职业转折」时，对重视「公平/可靠/合作」的人意味着什么？","constrained_mapping_v0.2","semantic_preflight"
"CC2-02628","PF-G07","支持/照护","SC-S2-02","工作/事业/学习","SC-S1-09","中年多重责任","SC-S3-02","事业机会/职业转折","NF-N1-08","成长/能力/目标支持","Fit / trade-off","N3-09","当「支持/照护」进入「中年多重责任」的「工作/事业/学习」，遇到「事业机会/职业转折」时，对重视「成长/能力/目标支持」的人意味着什么？","constrained_mapping_v0.2","semantic_preflight"
"CC2-02629","PF-G07","支持/照护","SC-S2-06","孩子/生育/教育","SC-S1-05","结婚/建立家庭","SC-S3-06","生育/育儿转折","NF-N1-03","被理解/被回应/被关心","Gate or conditional","N3-01","当「支持/照护」进入「结婚/建立家庭」的「孩子/生育/教育」，遇到「生育/育儿转折」时，对重视「被理解/被回应/被关心」的人意味着什么？","constrained_mapping_v0.2","semantic_preflight"
"CC2-02630","PF-G07","支持/照护","SC-S2-06","孩子/生育/教育","SC-S1-05","结婚/建立家庭","SC-S3-06","生育/育儿转折","NF-N1-07","公平/可靠/合作","Conditional / gate","N3-02/N3-03","当「支持/照护」进入「结婚/建立家庭」的「孩子/生育/教育」，遇到「生育/育儿转折」时，对重视「公平/可靠/合作」的人意味着什么？","constrained_mapping_v0.2","semantic_preflight"
"CC2-02631","PF-G07","支持/照护","SC-S2-06","孩子/生育/教育","SC-S1-05","结婚/建立家庭","SC-S3-06","生育/育儿转折","NF-N1-08","成长/能力/目标支持","Fit / trade-off","N3-09","当「支持/照护」进入「结婚/建立家庭」的「孩子/生育/教育」，遇到「生育/育儿转折」时，对重视「成长/能力/目标支持」的人意味着什么？","constrained_mapping_v0.2","semantic_preflight"
"CC2-02632","PF-G07","支持/照护","SC-S2-06","孩子/生育/教育","SC-S1-05","结婚/建立家庭","SC-S3-01","工作时间突变","NF-N1-03","被理解/被回应/被关心","Gate or conditional","N3-01","当「支持/照护」进入「结婚/建立家庭」的「孩子/生育/教育」，遇到「工作时间突变」时，对重视「被理解/被回应/被关心」的人意味着什么？","constrained_mapping_v0.2","semantic_preflight"
"CC2-02633","PF-G07","支持/照护","SC-S2-06","孩子/生育/教育","SC-S1-05","结婚/建立家庭","SC-S3-01","工作时间突变","NF-N1-07","公平/可靠/合作","Conditional / gate","N3-02/N3-03","当「支持/照护」进入「结婚/建立家庭」的「孩子/生育/教育」，遇到「工作时间突变」时，对重视「公平/可靠/合作」的人意味着什么？","constrained_mapping_v0.2","semantic_preflight"
"CC2-02634","PF-G07","支持/照护","SC-S2-06","孩子/生育/教育","SC-S1-05","结婚/建立家庭","SC-S3-01","工作时间突变","NF-N1-08","成长/能力/目标支持","Fit / trade-off","N3-09","当「支持/照护」进入「结婚/建立家庭」的「孩子/生育/教育」，遇到「工作时间突变」时，对重视「成长/能力/目标支持」的人意味着什么？","constrained_mapping_v0.2","semantic_preflight"
"CC2-02635","PF-G07","支持/照护","SC-S2-06","孩子/生育/教育","SC-S1-06","备孕/怀孕/生育","SC-S3-06","生育/育儿转折","NF-N1-03","被理解/被回应/被关心","Gate or conditional","N3-01","当「支持/照护」进入「备孕/怀孕/生育」的「孩子/生育/教育」，遇到「生育/育儿转折」时，对重视「被理解/被回应/被关心」的人意味着什么？","constrained_mapping_v0.2","semantic_preflight"
"CC2-02636","PF-G07","支持/照护","SC-S2-06","孩子/生育/教育","SC-S1-06","备孕/怀孕/生育","SC-S3-06","生育/育儿转折","NF-N1-07","公平/可靠/合作","Conditional / gate","N3-02/N3-03","当「支持/照护」进入「备孕/怀孕/生育」的「孩子/生育/教育」，遇到「生育/育儿转折」时，对重视「公平/可靠/合作」的人意味着什么？","constrained_mapping_v0.2","semantic_preflight"
"CC2-02637","PF-G07","支持/照护","SC-S2-06","孩子/生育/教育","SC-S1-06","备孕/怀孕/生育","SC-S3-06","生育/育儿转折","NF-N1-08","成长/能力/目标支持","Fit / trade-off","N3-09","当「支持/照护」进入「备孕/怀孕/生育」的「孩子/生育/教育」，遇到「生育/育儿转折」时，对重视「成长/能力/目标支持」的人意味着什么？","constrained_mapping_v0.2","semantic_preflight"
"CC2-02638","PF-G07","支持/照护","SC-S2-06","孩子/生育/教育","SC-S1-06","备孕/怀孕/生育","SC-S3-01","工作时间突变","NF-N1-03","被理解/被回应/被关心","Gate or conditional","N3-01","当「支持/照护」进入「备孕/怀孕/生育」的「孩子/生育/教育」，遇到「工作时间突变」时，对重视「被理解/被回应/被关心」的人意味着什么？","constrained_mapping_v0.2","semantic_preflight"
"CC2-02639","PF-G07","支持/照护","SC-S2-06","孩子/生育/教育","SC-S1-06","备孕/怀孕/生育","SC-S3-01","工作时间突变","NF-N1-07","公平/可靠/合作","Conditional / gate","N3-02/N3-03","当「支持/照护」进入「备孕/怀孕/生育」的「孩子/生育/教育」，遇到「工作时间突变」时，对重视「公平/可靠/合作」的人意味着什么？","constrained_mapping_v0.2","semantic_preflight"
"CC2-02640","PF-G07","支持/照护","SC-S2-06","孩子/生育/教育","SC-S1-06","备孕/怀孕/生育","SC-S3-01","工作时间突变","NF-N1-08","成长/能力/目标支持","Fit / trade-off","N3-09","当「支持/照护」进入「备孕/怀孕/生育」的「孩子/生育/教育」，遇到「工作时间突变」时，对重视「成长/能力/目标支持」的人意味着什么？","constrained_mapping_v0.2","semantic_preflight"
"CC2-02641","PF-G07","支持/照护","SC-S2-06","孩子/生育/教育","SC-S1-07","婴幼儿照护","SC-S3-06","生育/育儿转折","NF-N1-03","被理解/被回应/被关心","Gate or conditional","N3-01","当「支持/照护」进入「婴幼儿照护」的「孩子/生育/教育」，遇到「生育/育儿转折」时，对重视「被理解/被回应/被关心」的人意味着什么？","constrained_mapping_v0.2","semantic_preflight"
"CC2-02642","PF-G07","支持/照护","SC-S2-06","孩子/生育/教育","SC-S1-07","婴幼儿照护","SC-S3-06","生育/育儿转折","NF-N1-07","公平/可靠/合作","Conditional / gate","N3-02/N3-03","当「支持/照护」进入「婴幼儿照护」的「孩子/生育/教育」，遇到「生育/育儿转折」时，对重视「公平/可靠/合作」的人意味着什么？","constrained_mapping_v0.2","semantic_preflight"
"CC2-02643","PF-G07","支持/照护","SC-S2-06","孩子/生育/教育","SC-S1-07","婴幼儿照护","SC-S3-06","生育/育儿转折","NF-N1-08","成长/能力/目标支持","Fit / trade-off","N3-09","当「支持/照护」进入「婴幼儿照护」的「孩子/生育/教育」，遇到「生育/育儿转折」时，对重视「成长/能力/目标支持」的人意味着什么？","constrained_mapping_v0.2","semantic_preflight"
"CC2-02644","PF-G07","支持/照护","SC-S2-06","孩子/生育/教育","SC-S1-07","婴幼儿照护","SC-S3-01","工作时间突变","NF-N1-03","被理解/被回应/被关心","Gate or conditional","N3-01","当「支持/照护」进入「婴幼儿照护」的「孩子/生育/教育」，遇到「工作时间突变」时，对重视「被理解/被回应/被关心」的人意味着什么？","constrained_mapping_v0.2","semantic_preflight"
"CC2-02645","PF-G07","支持/照护","SC-S2-06","孩子/生育/教育","SC-S1-07","婴幼儿照护","SC-S3-01","工作时间突变","NF-N1-07","公平/可靠/合作","Conditional / gate","N3-02/N3-03","当「支持/照护」进入「婴幼儿照护」的「孩子/生育/教育」，遇到「工作时间突变」时，对重视「公平/可靠/合作」的人意味着什么？","constrained_mapping_v0.2","semantic_preflight"
"CC2-02646","PF-G07","支持/照护","SC-S2-06","孩子/生育/教育","SC-S1-07","婴幼儿照护","SC-S3-01","工作时间突变","NF-N1-08","成长/能力/目标支持","Fit / trade-off","N3-09","当「支持/照护」进入「婴幼儿照护」的「孩子/生育/教育」，遇到「工作时间突变」时，对重视「成长/能力/目标支持」的人意味着什么？","constrained_mapping_v0.2","semantic_preflight"
"CC2-02647","PF-G07","支持/照护","SC-S2-06","孩子/生育/教育","SC-S1-08","孩子成长/教育","SC-S3-06","生育/育儿转折","NF-N1-03","被理解/被回应/被关心","Gate or conditional","N3-01","当「支持/照护」进入「孩子成长/教育」的「孩子/生育/教育」，遇到「生育/育儿转折」时，对重视「被理解/被回应/被关心」的人意味着什么？","constrained_mapping_v0.2","semantic_preflight"
"CC2-02648","PF-G07","支持/照护","SC-S2-06","孩子/生育/教育","SC-S1-08","孩子成长/教育","SC-S3-06","生育/育儿转折","NF-N1-07","公平/可靠/合作","Conditional / gate","N3-02/N3-03","当「支持/照护」进入「孩子成长/教育」的「孩子/生育/教育」，遇到「生育/育儿转折」时，对重视「公平/可靠/合作」的人意味着什么？","constrained_mapping_v0.2","semantic_preflight"
"CC2-02649","PF-G07","支持/照护","SC-S2-06","孩子/生育/教育","SC-S1-08","孩子成长/教育","SC-S3-06","生育/育儿转折","NF-N1-08","成长/能力/目标支持","Fit / trade-off","N3-09","当「支持/照护」进入「孩子成长/教育」的「孩子/生育/教育」，遇到「生育/育儿转折」时，对重视「成长/能力/目标支持」的人意味着什么？","constrained_mapping_v0.2","semantic_preflight"
"CC2-02650","PF-G07","支持/照护","SC-S2-06","孩子/生育/教育","SC-S1-08","孩子成长/教育","SC-S3-01","工作时间突变","NF-N1-03","被理解/被回应/被关心","Gate or conditional","N3-01","当「支持/照护」进入「孩子成长/教育」的「孩子/生育/教育」，遇到「工作时间突变」时，对重视「被理解/被回应/被关心」的人意味着什么？","constrained_mapping_v0.2","semantic_preflight"
"CC2-02651","PF-G07","支持/照护","SC-S2-06","孩子/生育/教育","SC-S1-08","孩子成长/教育","SC-S3-01","工作时间突变","NF-N1-07","公平/可靠/合作","Conditional / gate","N3-02/N3-03","当「支持/照护」进入「孩子成长/教育」的「孩子/生育/教育」，遇到「工作时间突变」时，对重视「公平/可靠/合作」的人意味着什么？","constrained_mapping_v0.2","semantic_preflight"
"CC2-02652","PF-G07","支持/照护","SC-S2-06","孩子/生育/教育","SC-S1-08","孩子成长/教育","SC-S3-01","工作时间突变","NF-N1-08","成长/能力/目标支持","Fit / trade-off","N3-09","当「支持/照护」进入「孩子成长/教育」的「孩子/生育/教育」，遇到「工作时间突变」时，对重视「成长/能力/目标支持」的人意味着什么？","constrained_mapping_v0.2","semantic_preflight"
"CC2-02653","PF-G07","支持/照护","SC-S2-07","双方父母/原生家庭","SC-S1-05","结婚/建立家庭","SC-S3-07","父母责任变化","NF-N1-03","被理解/被回应/被关心","Gate or conditional","N3-01","当「支持/照护」进入「结婚/建立家庭」的「双方父母/原生家庭」，遇到「父母责任变化」时，对重视「被理解/被回应/被关心」的人意味着什么？","constrained_mapping_v0.2","semantic_preflight"
"CC2-02654","PF-G07","支持/照护","SC-S2-07","双方父母/原生家庭","SC-S1-05","结婚/建立家庭","SC-S3-07","父母责任变化","NF-N1-07","公平/可靠/合作","Conditional / gate","N3-02/N3-03","当「支持/照护」进入「结婚/建立家庭」的「双方父母/原生家庭」，遇到「父母责任变化」时，对重视「公平/可靠/合作」的人意味着什么？","constrained_mapping_v0.2","semantic_preflight"
"CC2-02655","PF-G07","支持/照护","SC-S2-07","双方父母/原生家庭","SC-S1-05","结婚/建立家庭","SC-S3-07","父母责任变化","NF-N1-08","成长/能力/目标支持","Fit / trade-off","N3-09","当「支持/照护」进入「结婚/建立家庭」的「双方父母/原生家庭」，遇到「父母责任变化」时，对重视「成长/能力/目标支持」的人意味着什么？","constrained_mapping_v0.2","semantic_preflight"
"CC2-02656","PF-G07","支持/照护","SC-S2-07","双方父母/原生家庭","SC-S1-05","结婚/建立家庭","SC-S3-05","居住/迁移变化","NF-N1-03","被理解/被回应/被关心","Gate or conditional","N3-01","当「支持/照护」进入「结婚/建立家庭」的「双方父母/原生家庭」，遇到「居住/迁移变化」时，对重视「被理解/被回应/被关心」的人意味着什么？","constrained_mapping_v0.2","semantic_preflight"
"CC2-02657","PF-G07","支持/照护","SC-S2-07","双方父母/原生家庭","SC-S1-05","结婚/建立家庭","SC-S3-05","居住/迁移变化","NF-N1-07","公平/可靠/合作","Conditional / gate","N3-02/N3-03","当「支持/照护」进入「结婚/建立家庭」的「双方父母/原生家庭」，遇到「居住/迁移变化」时，对重视「公平/可靠/合作」的人意味着什么？","constrained_mapping_v0.2","semantic_preflight"
"CC2-02658","PF-G07","支持/照护","SC-S2-07","双方父母/原生家庭","SC-S1-05","结婚/建立家庭","SC-S3-05","居住/迁移变化","NF-N1-08","成长/能力/目标支持","Fit / trade-off","N3-09","当「支持/照护」进入「结婚/建立家庭」的「双方父母/原生家庭」，遇到「居住/迁移变化」时，对重视「成长/能力/目标支持」的人意味着什么？","constrained_mapping_v0.2","semantic_preflight"
"CC2-02659","PF-G07","支持/照护","SC-S2-07","双方父母/原生家庭","SC-S1-06","备孕/怀孕/生育","SC-S3-07","父母责任变化","NF-N1-03","被理解/被回应/被关心","Gate or conditional","N3-01","当「支持/照护」进入「备孕/怀孕/生育」的「双方父母/原生家庭」，遇到「父母责任变化」时，对重视「被理解/被回应/被关心」的人意味着什么？","constrained_mapping_v0.2","semantic_preflight"
"CC2-02660","PF-G07","支持/照护","SC-S2-07","双方父母/原生家庭","SC-S1-06","备孕/怀孕/生育","SC-S3-07","父母责任变化","NF-N1-07","公平/可靠/合作","Conditional / gate","N3-02/N3-03","当「支持/照护」进入「备孕/怀孕/生育」的「双方父母/原生家庭」，遇到「父母责任变化」时，对重视「公平/可靠/合作」的人意味着什么？","constrained_mapping_v0.2","semantic_preflight"
"CC2-02661","PF-G07","支持/照护","SC-S2-07","双方父母/原生家庭","SC-S1-06","备孕/怀孕/生育","SC-S3-07","父母责任变化","NF-N1-08","成长/能力/目标支持","Fit / trade-off","N3-09","当「支持/照护」进入「备孕/怀孕/生育」的「双方父母/原生家庭」，遇到「父母责任变化」时，对重视「成长/能力/目标支持」的人意味着什么？","constrained_mapping_v0.2","semantic_preflight"
"CC2-02662","PF-G07","支持/照护","SC-S2-07","双方父母/原生家庭","SC-S1-06","备孕/怀孕/生育","SC-S3-05","居住/迁移变化","NF-N1-03","被理解/被回应/被关心","Gate or conditional","N3-01","当「支持/照护」进入「备孕/怀孕/生育」的「双方父母/原生家庭」，遇到「居住/迁移变化」时，对重视「被理解/被回应/被关心」的人意味着什么？","constrained_mapping_v0.2","semantic_preflight"
"CC2-02663","PF-G07","支持/照护","SC-S2-07","双方父母/原生家庭","SC-S1-06","备孕/怀孕/生育","SC-S3-05","居住/迁移变化","NF-N1-07","公平/可靠/合作","Conditional / gate","N3-02/N3-03","当「支持/照护」进入「备孕/怀孕/生育」的「双方父母/原生家庭」，遇到「居住/迁移变化」时，对重视「公平/可靠/合作」的人意味着什么？","constrained_mapping_v0.2","semantic_preflight"
"CC2-02664","PF-G07","支持/照护","SC-S2-07","双方父母/原生家庭","SC-S1-06","备孕/怀孕/生育","SC-S3-05","居住/迁移变化","NF-N1-08","成长/能力/目标支持","Fit / trade-off","N3-09","当「支持/照护」进入「备孕/怀孕/生育」的「双方父母/原生家庭」，遇到「居住/迁移变化」时，对重视「成长/能力/目标支持」的人意味着什么？","constrained_mapping_v0.2","semantic_preflight"
"CC2-02665","PF-G07","支持/照护","SC-S2-07","双方父母/原生家庭","SC-S1-07","婴幼儿照护","SC-S3-07","父母责任变化","NF-N1-03","被理解/被回应/被关心","Gate or conditional","N3-01","当「支持/照护」进入「婴幼儿照护」的「双方父母/原生家庭」，遇到「父母责任变化」时，对重视「被理解/被回应/被关心」的人意味着什么？","constrained_mapping_v0.2","semantic_preflight"
"CC2-02666","PF-G07","支持/照护","SC-S2-07","双方父母/原生家庭","SC-S1-07","婴幼儿照护","SC-S3-07","父母责任变化","NF-N1-07","公平/可靠/合作","Conditional / gate","N3-02/N3-03","当「支持/照护」进入「婴幼儿照护」的「双方父母/原生家庭」，遇到「父母责任变化」时，对重视「公平/可靠/合作」的人意味着什么？","constrained_mapping_v0.2","semantic_preflight"
"CC2-02667","PF-G07","支持/照护","SC-S2-07","双方父母/原生家庭","SC-S1-07","婴幼儿照护","SC-S3-07","父母责任变化","NF-N1-08","成长/能力/目标支持","Fit / trade-off","N3-09","当「支持/照护」进入「婴幼儿照护」的「双方父母/原生家庭」，遇到「父母责任变化」时，对重视「成长/能力/目标支持」的人意味着什么？","constrained_mapping_v0.2","semantic_preflight"
"CC2-02668","PF-G07","支持/照护","SC-S2-07","双方父母/原生家庭","SC-S1-07","婴幼儿照护","SC-S3-05","居住/迁移变化","NF-N1-03","被理解/被回应/被关心","Gate or conditional","N3-01","当「支持/照护」进入「婴幼儿照护」的「双方父母/原生家庭」，遇到「居住/迁移变化」时，对重视「被理解/被回应/被关心」的人意味着什么？","constrained_mapping_v0.2","semantic_preflight"
"CC2-02669","PF-G07","支持/照护","SC-S2-07","双方父母/原生家庭","SC-S1-07","婴幼儿照护","SC-S3-05","居住/迁移变化","NF-N1-07","公平/可靠/合作","Conditional / gate","N3-02/N3-03","当「支持/照护」进入「婴幼儿照护」的「双方父母/原生家庭」，遇到「居住/迁移变化」时，对重视「公平/可靠/合作」的人意味着什么？","constrained_mapping_v0.2","semantic_preflight"
"CC2-02670","PF-G07","支持/照护","SC-S2-07","双方父母/原生家庭","SC-S1-07","婴幼儿照护","SC-S3-05","居住/迁移变化","NF-N1-08","成长/能力/目标支持","Fit / trade-off","N3-09","当「支持/照护」进入「婴幼儿照护」的「双方父母/原生家庭」，遇到「居住/迁移变化」时，对重视「成长/能力/目标支持」的人意味着什么？","constrained_mapping_v0.2","semantic_preflight"
"CC2-02671","PF-G07","支持/照护","SC-S2-07","双方父母/原生家庭","SC-S1-09","中年多重责任","SC-S3-07","父母责任变化","NF-N1-03","被理解/被回应/被关心","Gate or conditional","N3-01","当「支持/照护」进入「中年多重责任」的「双方父母/原生家庭」，遇到「父母责任变化」时，对重视「被理解/被回应/被关心」的人意味着什么？","constrained_mapping_v0.2","semantic_preflight"
"CC2-02672","PF-G07","支持/照护","SC-S2-07","双方父母/原生家庭","SC-S1-09","中年多重责任","SC-S3-07","父母责任变化","NF-N1-07","公平/可靠/合作","Conditional / gate","N3-02/N3-03","当「支持/照护」进入「中年多重责任」的「双方父母/原生家庭」，遇到「父母责任变化」时，对重视「公平/可靠/合作」的人意味着什么？","constrained_mapping_v0.2","semantic_preflight"
"CC2-02673","PF-G07","支持/照护","SC-S2-07","双方父母/原生家庭","SC-S1-09","中年多重责任","SC-S3-07","父母责任变化","NF-N1-08","成长/能力/目标支持","Fit / trade-off","N3-09","当「支持/照护」进入「中年多重责任」的「双方父母/原生家庭」，遇到「父母责任变化」时，对重视「成长/能力/目标支持」的人意味着什么？","constrained_mapping_v0.2","semantic_preflight"
"CC2-02674","PF-G07","支持/照护","SC-S2-07","双方父母/原生家庭","SC-S1-09","中年多重责任","SC-S3-05","居住/迁移变化","NF-N1-03","被理解/被回应/被关心","Gate or conditional","N3-01","当「支持/照护」进入「中年多重责任」的「双方父母/原生家庭」，遇到「居住/迁移变化」时，对重视「被理解/被回应/被关心」的人意味着什么？","constrained_mapping_v0.2","semantic_preflight"
"CC2-02675","PF-G07","支持/照护","SC-S2-07","双方父母/原生家庭","SC-S1-09","中年多重责任","SC-S3-05","居住/迁移变化","NF-N1-07","公平/可靠/合作","Conditional / gate","N3-02/N3-03","当「支持/照护」进入「中年多重责任」的「双方父母/原生家庭」，遇到「居住/迁移变化」时，对重视「公平/可靠/合作」的人意味着什么？","constrained_mapping_v0.2","semantic_preflight"
"CC2-02676","PF-G07","支持/照护","SC-S2-07","双方父母/原生家庭","SC-S1-09","中年多重责任","SC-S3-05","居住/迁移变化","NF-N1-08","成长/能力/目标支持","Fit / trade-off","N3-09","当「支持/照护」进入「中年多重责任」的「双方父母/原生家庭」，遇到「居住/迁移变化」时，对重视「成长/能力/目标支持」的人意味着什么？","constrained_mapping_v0.2","semantic_preflight"
"CC2-02677","PF-G08","忠诚执行","SC-S2-08","社交/朋友/个人空间","SC-S1-01","认识/相亲","SC-S3-09","社交/边界事件","NF-N1-05","安全/信任/可预测","Gate / conditional","N3-02/N3-06","当「忠诚执行」进入「认识/相亲」的「社交/朋友/个人空间」，遇到「社交/边界事件」时，对重视「安全/信任/可预测」的人意味着什么？","constrained_mapping_v0.2","semantic_preflight"
"CC2-02678","PF-G08","忠诚执行","SC-S2-08","社交/朋友/个人空间","SC-S1-01","认识/相亲","SC-S3-09","社交/边界事件","NF-N1-10","性/身体亲密","Gate / fit","N3-10","当「忠诚执行」进入「认识/相亲」的「社交/朋友/个人空间」，遇到「社交/边界事件」时，对重视「性/身体亲密」的人意味着什么？","constrained_mapping_v0.2","semantic_preflight"
"CC2-02679","PF-G08","忠诚执行","SC-S2-08","社交/朋友/个人空间","SC-S1-01","认识/相亲","SC-S3-09","社交/边界事件","NF-N1-03","被理解/被回应/被关心","Gate or conditional","N3-01","当「忠诚执行」进入「认识/相亲」的「社交/朋友/个人空间」，遇到「社交/边界事件」时，对重视「被理解/被回应/被关心」的人意味着什么？","constrained_mapping_v0.2","semantic_preflight"
"CC2-02680","PF-G08","忠诚执行","SC-S2-08","社交/朋友/个人空间","SC-S1-03","稳定交往","SC-S3-09","社交/边界事件","NF-N1-05","安全/信任/可预测","Gate / conditional","N3-02/N3-06","当「忠诚执行」进入「稳定交往」的「社交/朋友/个人空间」，遇到「社交/边界事件」时，对重视「安全/信任/可预测」的人意味着什么？","constrained_mapping_v0.2","semantic_preflight"
"CC2-02681","PF-G08","忠诚执行","SC-S2-08","社交/朋友/个人空间","SC-S1-03","稳定交往","SC-S3-09","社交/边界事件","NF-N1-10","性/身体亲密","Gate / fit","N3-10","当「忠诚执行」进入「稳定交往」的「社交/朋友/个人空间」，遇到「社交/边界事件」时，对重视「性/身体亲密」的人意味着什么？","constrained_mapping_v0.2","semantic_preflight"
"CC2-02682","PF-G08","忠诚执行","SC-S2-08","社交/朋友/个人空间","SC-S1-03","稳定交往","SC-S3-09","社交/边界事件","NF-N1-03","被理解/被回应/被关心","Gate or conditional","N3-01","当「忠诚执行」进入「稳定交往」的「社交/朋友/个人空间」，遇到「社交/边界事件」时，对重视「被理解/被回应/被关心」的人意味着什么？","constrained_mapping_v0.2","semantic_preflight"
"CC2-02683","PF-G08","忠诚执行","SC-S2-08","社交/朋友/个人空间","SC-S1-03","稳定交往","SC-S3-10","反复小问题累积","NF-N1-05","安全/信任/可预测","Gate / conditional","N3-02/N3-06","当「忠诚执行」进入「稳定交往」的「社交/朋友/个人空间」，遇到「反复小问题累积」时，对重视「安全/信任/可预测」的人意味着什么？","constrained_mapping_v0.2","semantic_preflight"
"CC2-02684","PF-G08","忠诚执行","SC-S2-08","社交/朋友/个人空间","SC-S1-03","稳定交往","SC-S3-10","反复小问题累积","NF-N1-10","性/身体亲密","Gate / fit","N3-10","当「忠诚执行」进入「稳定交往」的「社交/朋友/个人空间」，遇到「反复小问题累积」时，对重视「性/身体亲密」的人意味着什么？","constrained_mapping_v0.2","semantic_preflight"
"CC2-02685","PF-G08","忠诚执行","SC-S2-08","社交/朋友/个人空间","SC-S1-03","稳定交往","SC-S3-10","反复小问题累积","NF-N1-03","被理解/被回应/被关心","Gate or conditional","N3-01","当「忠诚执行」进入「稳定交往」的「社交/朋友/个人空间」，遇到「反复小问题累积」时，对重视「被理解/被回应/被关心」的人意味着什么？","constrained_mapping_v0.2","semantic_preflight"
"CC2-02686","PF-G08","忠诚执行","SC-S2-08","社交/朋友/个人空间","SC-S1-05","结婚/建立家庭","SC-S3-09","社交/边界事件","NF-N1-05","安全/信任/可预测","Gate / conditional","N3-02/N3-06","当「忠诚执行」进入「结婚/建立家庭」的「社交/朋友/个人空间」，遇到「社交/边界事件」时，对重视「安全/信任/可预测」的人意味着什么？","constrained_mapping_v0.2","semantic_preflight"
"CC2-02687","PF-G08","忠诚执行","SC-S2-08","社交/朋友/个人空间","SC-S1-05","结婚/建立家庭","SC-S3-09","社交/边界事件","NF-N1-10","性/身体亲密","Gate / fit","N3-10","当「忠诚执行」进入「结婚/建立家庭」的「社交/朋友/个人空间」，遇到「社交/边界事件」时，对重视「性/身体亲密」的人意味着什么？","constrained_mapping_v0.2","semantic_preflight"
"CC2-02688","PF-G08","忠诚执行","SC-S2-08","社交/朋友/个人空间","SC-S1-05","结婚/建立家庭","SC-S3-09","社交/边界事件","NF-N1-03","被理解/被回应/被关心","Gate or conditional","N3-01","当「忠诚执行」进入「结婚/建立家庭」的「社交/朋友/个人空间」，遇到「社交/边界事件」时，对重视「被理解/被回应/被关心」的人意味着什么？","constrained_mapping_v0.2","semantic_preflight"
"CC2-02689","PF-G08","忠诚执行","SC-S2-08","社交/朋友/个人空间","SC-S1-05","结婚/建立家庭","SC-S3-10","反复小问题累积","NF-N1-05","安全/信任/可预测","Gate / conditional","N3-02/N3-06","当「忠诚执行」进入「结婚/建立家庭」的「社交/朋友/个人空间」，遇到「反复小问题累积」时，对重视「安全/信任/可预测」的人意味着什么？","constrained_mapping_v0.2","semantic_preflight"
"CC2-02690","PF-G08","忠诚执行","SC-S2-08","社交/朋友/个人空间","SC-S1-05","结婚/建立家庭","SC-S3-10","反复小问题累积","NF-N1-10","性/身体亲密","Gate / fit","N3-10","当「忠诚执行」进入「结婚/建立家庭」的「社交/朋友/个人空间」，遇到「反复小问题累积」时，对重视「性/身体亲密」的人意味着什么？","constrained_mapping_v0.2","semantic_preflight"
"CC2-02691","PF-G08","忠诚执行","SC-S2-08","社交/朋友/个人空间","SC-S1-05","结婚/建立家庭","SC-S3-10","反复小问题累积","NF-N1-03","被理解/被回应/被关心","Gate or conditional","N3-01","当「忠诚执行」进入「结婚/建立家庭」的「社交/朋友/个人空间」，遇到「反复小问题累积」时，对重视「被理解/被回应/被关心」的人意味着什么？","constrained_mapping_v0.2","semantic_preflight"
"CC2-02692","PF-G08","忠诚执行","SC-S2-10","性/身体亲密","SC-S1-02","恋爱/磨合","SC-S3-08","本人健康变化","NF-N1-05","安全/信任/可预测","Gate / conditional","N3-02/N3-06","当「忠诚执行」进入「恋爱/磨合」的「性/身体亲密」，遇到「本人健康变化」时，对重视「安全/信任/可预测」的人意味着什么？","constrained_mapping_v0.2","semantic_preflight"
"CC2-02693","PF-G08","忠诚执行","SC-S2-10","性/身体亲密","SC-S1-02","恋爱/磨合","SC-S3-08","本人健康变化","NF-N1-10","性/身体亲密","Gate / fit","N3-10","当「忠诚执行」进入「恋爱/磨合」的「性/身体亲密」，遇到「本人健康变化」时，对重视「性/身体亲密」的人意味着什么？","constrained_mapping_v0.2","semantic_preflight"
"CC2-02694","PF-G08","忠诚执行","SC-S2-10","性/身体亲密","SC-S1-02","恋爱/磨合","SC-S3-08","本人健康变化","NF-N1-03","被理解/被回应/被关心","Gate or conditional","N3-01","当「忠诚执行」进入「恋爱/磨合」的「性/身体亲密」，遇到「本人健康变化」时，对重视「被理解/被回应/被关心」的人意味着什么？","constrained_mapping_v0.2","semantic_preflight"
"CC2-02695","PF-G08","忠诚执行","SC-S2-10","性/身体亲密","SC-S1-02","恋爱/磨合","SC-S3-10","反复小问题累积","NF-N1-05","安全/信任/可预测","Gate / conditional","N3-02/N3-06","当「忠诚执行」进入「恋爱/磨合」的「性/身体亲密」，遇到「反复小问题累积」时，对重视「安全/信任/可预测」的人意味着什么？","constrained_mapping_v0.2","semantic_preflight"
"CC2-02696","PF-G08","忠诚执行","SC-S2-10","性/身体亲密","SC-S1-02","恋爱/磨合","SC-S3-10","反复小问题累积","NF-N1-10","性/身体亲密","Gate / fit","N3-10","当「忠诚执行」进入「恋爱/磨合」的「性/身体亲密」，遇到「反复小问题累积」时，对重视「性/身体亲密」的人意味着什么？","constrained_mapping_v0.2","semantic_preflight"
"CC2-02697","PF-G08","忠诚执行","SC-S2-10","性/身体亲密","SC-S1-02","恋爱/磨合","SC-S3-10","反复小问题累积","NF-N1-03","被理解/被回应/被关心","Gate or conditional","N3-01","当「忠诚执行」进入「恋爱/磨合」的「性/身体亲密」，遇到「反复小问题累积」时，对重视「被理解/被回应/被关心」的人意味着什么？","constrained_mapping_v0.2","semantic_preflight"
"CC2-02698","PF-G08","忠诚执行","SC-S2-10","性/身体亲密","SC-S1-05","结婚/建立家庭","SC-S3-08","本人健康变化","NF-N1-05","安全/信任/可预测","Gate / conditional","N3-02/N3-06","当「忠诚执行」进入「结婚/建立家庭」的「性/身体亲密」，遇到「本人健康变化」时，对重视「安全/信任/可预测」的人意味着什么？","constrained_mapping_v0.2","semantic_preflight"
"CC2-02699","PF-G08","忠诚执行","SC-S2-10","性/身体亲密","SC-S1-05","结婚/建立家庭","SC-S3-08","本人健康变化","NF-N1-10","性/身体亲密","Gate / fit","N3-10","当「忠诚执行」进入「结婚/建立家庭」的「性/身体亲密」，遇到「本人健康变化」时，对重视「性/身体亲密」的人意味着什么？","constrained_mapping_v0.2","semantic_preflight"
"CC2-02700","PF-G08","忠诚执行","SC-S2-10","性/身体亲密","SC-S1-05","结婚/建立家庭","SC-S3-08","本人健康变化","NF-N1-03","被理解/被回应/被关心","Gate or conditional","N3-01","当「忠诚执行」进入「结婚/建立家庭」的「性/身体亲密」，遇到「本人健康变化」时，对重视「被理解/被回应/被关心」的人意味着什么？","constrained_mapping_v0.2","semantic_preflight"
"CC2-02701","PF-G08","忠诚执行","SC-S2-10","性/身体亲密","SC-S1-05","结婚/建立家庭","SC-S3-10","反复小问题累积","NF-N1-05","安全/信任/可预测","Gate / conditional","N3-02/N3-06","当「忠诚执行」进入「结婚/建立家庭」的「性/身体亲密」，遇到「反复小问题累积」时，对重视「安全/信任/可预测」的人意味着什么？","constrained_mapping_v0.2","semantic_preflight"
"CC2-02702","PF-G08","忠诚执行","SC-S2-10","性/身体亲密","SC-S1-05","结婚/建立家庭","SC-S3-10","反复小问题累积","NF-N1-10","性/身体亲密","Gate / fit","N3-10","当「忠诚执行」进入「结婚/建立家庭」的「性/身体亲密」，遇到「反复小问题累积」时，对重视「性/身体亲密」的人意味着什么？","constrained_mapping_v0.2","semantic_preflight"
"CC2-02703","PF-G08","忠诚执行","SC-S2-10","性/身体亲密","SC-S1-05","结婚/建立家庭","SC-S3-10","反复小问题累积","NF-N1-03","被理解/被回应/被关心","Gate or conditional","N3-01","当「忠诚执行」进入「结婚/建立家庭」的「性/身体亲密」，遇到「反复小问题累积」时，对重视「被理解/被回应/被关心」的人意味着什么？","constrained_mapping_v0.2","semantic_preflight"
"CC2-02704","PF-G08","忠诚执行","SC-S2-10","性/身体亲密","SC-S1-06","备孕/怀孕/生育","SC-S3-08","本人健康变化","NF-N1-05","安全/信任/可预测","Gate / conditional","N3-02/N3-06","当「忠诚执行」进入「备孕/怀孕/生育」的「性/身体亲密」，遇到「本人健康变化」时，对重视「安全/信任/可预测」的人意味着什么？","constrained_mapping_v0.2","semantic_preflight"
"CC2-02705","PF-G08","忠诚执行","SC-S2-10","性/身体亲密","SC-S1-06","备孕/怀孕/生育","SC-S3-08","本人健康变化","NF-N1-10","性/身体亲密","Gate / fit","N3-10","当「忠诚执行」进入「备孕/怀孕/生育」的「性/身体亲密」，遇到「本人健康变化」时，对重视「性/身体亲密」的人意味着什么？","constrained_mapping_v0.2","semantic_preflight"
"CC2-02706","PF-G08","忠诚执行","SC-S2-10","性/身体亲密","SC-S1-06","备孕/怀孕/生育","SC-S3-08","本人健康变化","NF-N1-03","被理解/被回应/被关心","Gate or conditional","N3-01","当「忠诚执行」进入「备孕/怀孕/生育」的「性/身体亲密」，遇到「本人健康变化」时，对重视「被理解/被回应/被关心」的人意味着什么？","constrained_mapping_v0.2","semantic_preflight"
"CC2-02707","PF-G08","忠诚执行","SC-S2-10","性/身体亲密","SC-S1-06","备孕/怀孕/生育","SC-S3-10","反复小问题累积","NF-N1-05","安全/信任/可预测","Gate / conditional","N3-02/N3-06","当「忠诚执行」进入「备孕/怀孕/生育」的「性/身体亲密」，遇到「反复小问题累积」时，对重视「安全/信任/可预测」的人意味着什么？","constrained_mapping_v0.2","semantic_preflight"
"CC2-02708","PF-G08","忠诚执行","SC-S2-10","性/身体亲密","SC-S1-06","备孕/怀孕/生育","SC-S3-10","反复小问题累积","NF-N1-10","性/身体亲密","Gate / fit","N3-10","当「忠诚执行」进入「备孕/怀孕/生育」的「性/身体亲密」，遇到「反复小问题累积」时，对重视「性/身体亲密」的人意味着什么？","constrained_mapping_v0.2","semantic_preflight"
"CC2-02709","PF-G08","忠诚执行","SC-S2-10","性/身体亲密","SC-S1-06","备孕/怀孕/生育","SC-S3-10","反复小问题累积","NF-N1-03","被理解/被回应/被关心","Gate or conditional","N3-01","当「忠诚执行」进入「备孕/怀孕/生育」的「性/身体亲密」，遇到「反复小问题累积」时，对重视「被理解/被回应/被关心」的人意味着什么？","constrained_mapping_v0.2","semantic_preflight"
"CC2-02710","PF-G08","忠诚执行","SC-S2-10","性/身体亲密","SC-S1-07","婴幼儿照护","SC-S3-08","本人健康变化","NF-N1-05","安全/信任/可预测","Gate / conditional","N3-02/N3-06","当「忠诚执行」进入「婴幼儿照护」的「性/身体亲密」，遇到「本人健康变化」时，对重视「安全/信任/可预测」的人意味着什么？","constrained_mapping_v0.2","semantic_preflight"
"CC2-02711","PF-G08","忠诚执行","SC-S2-10","性/身体亲密","SC-S1-07","婴幼儿照护","SC-S3-08","本人健康变化","NF-N1-10","性/身体亲密","Gate / fit","N3-10","当「忠诚执行」进入「婴幼儿照护」的「性/身体亲密」，遇到「本人健康变化」时，对重视「性/身体亲密」的人意味着什么？","constrained_mapping_v0.2","semantic_preflight"
"CC2-02712","PF-G08","忠诚执行","SC-S2-10","性/身体亲密","SC-S1-07","婴幼儿照护","SC-S3-08","本人健康变化","NF-N1-03","被理解/被回应/被关心","Gate or conditional","N3-01","当「忠诚执行」进入「婴幼儿照护」的「性/身体亲密」，遇到「本人健康变化」时，对重视「被理解/被回应/被关心」的人意味着什么？","constrained_mapping_v0.2","semantic_preflight"
"CC2-02713","PF-G08","忠诚执行","SC-S2-10","性/身体亲密","SC-S1-07","婴幼儿照护","SC-S3-10","反复小问题累积","NF-N1-05","安全/信任/可预测","Gate / conditional","N3-02/N3-06","当「忠诚执行」进入「婴幼儿照护」的「性/身体亲密」，遇到「反复小问题累积」时，对重视「安全/信任/可预测」的人意味着什么？","constrained_mapping_v0.2","semantic_preflight"
"CC2-02714","PF-G08","忠诚执行","SC-S2-10","性/身体亲密","SC-S1-07","婴幼儿照护","SC-S3-10","反复小问题累积","NF-N1-10","性/身体亲密","Gate / fit","N3-10","当「忠诚执行」进入「婴幼儿照护」的「性/身体亲密」，遇到「反复小问题累积」时，对重视「性/身体亲密」的人意味着什么？","constrained_mapping_v0.2","semantic_preflight"
"CC2-02715","PF-G08","忠诚执行","SC-S2-10","性/身体亲密","SC-S1-07","婴幼儿照护","SC-S3-10","反复小问题累积","NF-N1-03","被理解/被回应/被关心","Gate or conditional","N3-01","当「忠诚执行」进入「婴幼儿照护」的「性/身体亲密」，遇到「反复小问题累积」时，对重视「被理解/被回应/被关心」的人意味着什么？","constrained_mapping_v0.2","semantic_preflight"
"CC2-02716","PF-G08","忠诚执行","SC-S2-01","日常作息与生活管理","SC-S1-02","恋爱/磨合","SC-S3-01","工作时间突变","NF-N1-05","安全/信任/可预测","Gate / conditional","N3-02/N3-06","当「忠诚执行」进入「恋爱/磨合」的「日常作息与生活管理」，遇到「工作时间突变」时，对重视「安全/信任/可预测」的人意味着什么？","constrained_mapping_v0.2","semantic_preflight"
"CC2-02717","PF-G08","忠诚执行","SC-S2-01","日常作息与生活管理","SC-S1-02","恋爱/磨合","SC-S3-01","工作时间突变","NF-N1-10","性/身体亲密","Gate / fit","N3-10","当「忠诚执行」进入「恋爱/磨合」的「日常作息与生活管理」，遇到「工作时间突变」时，对重视「性/身体亲密」的人意味着什么？","constrained_mapping_v0.2","semantic_preflight"
"CC2-02718","PF-G08","忠诚执行","SC-S2-01","日常作息与生活管理","SC-S1-02","恋爱/磨合","SC-S3-01","工作时间突变","NF-N1-03","被理解/被回应/被关心","Gate or conditional","N3-01","当「忠诚执行」进入「恋爱/磨合」的「日常作息与生活管理」，遇到「工作时间突变」时，对重视「被理解/被回应/被关心」的人意味着什么？","constrained_mapping_v0.2","semantic_preflight"
"CC2-02719","PF-G08","忠诚执行","SC-S2-01","日常作息与生活管理","SC-S1-02","恋爱/磨合","SC-S3-10","反复小问题累积","NF-N1-05","安全/信任/可预测","Gate / conditional","N3-02/N3-06","当「忠诚执行」进入「恋爱/磨合」的「日常作息与生活管理」，遇到「反复小问题累积」时，对重视「安全/信任/可预测」的人意味着什么？","constrained_mapping_v0.2","semantic_preflight"
"CC2-02720","PF-G08","忠诚执行","SC-S2-01","日常作息与生活管理","SC-S1-02","恋爱/磨合","SC-S3-10","反复小问题累积","NF-N1-10","性/身体亲密","Gate / fit","N3-10","当「忠诚执行」进入「恋爱/磨合」的「日常作息与生活管理」，遇到「反复小问题累积」时，对重视「性/身体亲密」的人意味着什么？","constrained_mapping_v0.2","semantic_preflight"
"CC2-02721","PF-G08","忠诚执行","SC-S2-01","日常作息与生活管理","SC-S1-02","恋爱/磨合","SC-S3-10","反复小问题累积","NF-N1-03","被理解/被回应/被关心","Gate or conditional","N3-01","当「忠诚执行」进入「恋爱/磨合」的「日常作息与生活管理」，遇到「反复小问题累积」时，对重视「被理解/被回应/被关心」的人意味着什么？","constrained_mapping_v0.2","semantic_preflight"
"CC2-02722","PF-G08","忠诚执行","SC-S2-01","日常作息与生活管理","SC-S1-04","同居/婚前","SC-S3-01","工作时间突变","NF-N1-05","安全/信任/可预测","Gate / conditional","N3-02/N3-06","当「忠诚执行」进入「同居/婚前」的「日常作息与生活管理」，遇到「工作时间突变」时，对重视「安全/信任/可预测」的人意味着什么？","constrained_mapping_v0.2","semantic_preflight"
"CC2-02723","PF-G08","忠诚执行","SC-S2-01","日常作息与生活管理","SC-S1-04","同居/婚前","SC-S3-01","工作时间突变","NF-N1-10","性/身体亲密","Gate / fit","N3-10","当「忠诚执行」进入「同居/婚前」的「日常作息与生活管理」，遇到「工作时间突变」时，对重视「性/身体亲密」的人意味着什么？","constrained_mapping_v0.2","semantic_preflight"
"CC2-02724","PF-G08","忠诚执行","SC-S2-01","日常作息与生活管理","SC-S1-04","同居/婚前","SC-S3-01","工作时间突变","NF-N1-03","被理解/被回应/被关心","Gate or conditional","N3-01","当「忠诚执行」进入「同居/婚前」的「日常作息与生活管理」，遇到「工作时间突变」时，对重视「被理解/被回应/被关心」的人意味着什么？","constrained_mapping_v0.2","semantic_preflight"
"CC2-02725","PF-G08","忠诚执行","SC-S2-01","日常作息与生活管理","SC-S1-04","同居/婚前","SC-S3-10","反复小问题累积","NF-N1-05","安全/信任/可预测","Gate / conditional","N3-02/N3-06","当「忠诚执行」进入「同居/婚前」的「日常作息与生活管理」，遇到「反复小问题累积」时，对重视「安全/信任/可预测」的人意味着什么？","constrained_mapping_v0.2","semantic_preflight"
"CC2-02726","PF-G08","忠诚执行","SC-S2-01","日常作息与生活管理","SC-S1-04","同居/婚前","SC-S3-10","反复小问题累积","NF-N1-10","性/身体亲密","Gate / fit","N3-10","当「忠诚执行」进入「同居/婚前」的「日常作息与生活管理」，遇到「反复小问题累积」时，对重视「性/身体亲密」的人意味着什么？","constrained_mapping_v0.2","semantic_preflight"
"CC2-02727","PF-G08","忠诚执行","SC-S2-01","日常作息与生活管理","SC-S1-04","同居/婚前","SC-S3-10","反复小问题累积","NF-N1-03","被理解/被回应/被关心","Gate or conditional","N3-01","当「忠诚执行」进入「同居/婚前」的「日常作息与生活管理」，遇到「反复小问题累积」时，对重视「被理解/被回应/被关心」的人意味着什么？","constrained_mapping_v0.2","semantic_preflight"
"CC2-02728","PF-G08","忠诚执行","SC-S2-01","日常作息与生活管理","SC-S1-07","婴幼儿照护","SC-S3-01","工作时间突变","NF-N1-05","安全/信任/可预测","Gate / conditional","N3-02/N3-06","当「忠诚执行」进入「婴幼儿照护」的「日常作息与生活管理」，遇到「工作时间突变」时，对重视「安全/信任/可预测」的人意味着什么？","constrained_mapping_v0.2","semantic_preflight"
"CC2-02729","PF-G08","忠诚执行","SC-S2-01","日常作息与生活管理","SC-S1-07","婴幼儿照护","SC-S3-01","工作时间突变","NF-N1-10","性/身体亲密","Gate / fit","N3-10","当「忠诚执行」进入「婴幼儿照护」的「日常作息与生活管理」，遇到「工作时间突变」时，对重视「性/身体亲密」的人意味着什么？","constrained_mapping_v0.2","semantic_preflight"
"CC2-02730","PF-G08","忠诚执行","SC-S2-01","日常作息与生活管理","SC-S1-07","婴幼儿照护","SC-S3-01","工作时间突变","NF-N1-03","被理解/被回应/被关心","Gate or conditional","N3-01","当「忠诚执行」进入「婴幼儿照护」的「日常作息与生活管理」，遇到「工作时间突变」时，对重视「被理解/被回应/被关心」的人意味着什么？","constrained_mapping_v0.2","semantic_preflight"
"CC2-02731","PF-G08","忠诚执行","SC-S2-01","日常作息与生活管理","SC-S1-07","婴幼儿照护","SC-S3-10","反复小问题累积","NF-N1-05","安全/信任/可预测","Gate / conditional","N3-02/N3-06","当「忠诚执行」进入「婴幼儿照护」的「日常作息与生活管理」，遇到「反复小问题累积」时，对重视「安全/信任/可预测」的人意味着什么？","constrained_mapping_v0.2","semantic_preflight"
"CC2-02732","PF-G08","忠诚执行","SC-S2-01","日常作息与生活管理","SC-S1-07","婴幼儿照护","SC-S3-10","反复小问题累积","NF-N1-10","性/身体亲密","Gate / fit","N3-10","当「忠诚执行」进入「婴幼儿照护」的「日常作息与生活管理」，遇到「反复小问题累积」时，对重视「性/身体亲密」的人意味着什么？","constrained_mapping_v0.2","semantic_preflight"
"CC2-02733","PF-G08","忠诚执行","SC-S2-01","日常作息与生活管理","SC-S1-07","婴幼儿照护","SC-S3-10","反复小问题累积","NF-N1-03","被理解/被回应/被关心","Gate or conditional","N3-01","当「忠诚执行」进入「婴幼儿照护」的「日常作息与生活管理」，遇到「反复小问题累积」时，对重视「被理解/被回应/被关心」的人意味着什么？","constrained_mapping_v0.2","semantic_preflight"